Size,IsRooted,Metric,Variant,PairIndex,Success,Distance,TotalTimeMs,NniTimeNs,Ecr2TimeNs,Ecr3TimeNs,SprTimeNs,AllocBytes,PeakRamBytes
30,false,RF,"1. NNI (Classic)",1,false,Infinity,6.3241,0,0,0,0,3191792,4226200
30,false,RF,"1. NNI (Classic)",2,false,Infinity,1.0404,0,0,0,0,1946512,4226200
30,false,RF,"1. NNI (Classic)",3,false,Infinity,1.0098,0,0,0,0,1984152,4226200
30,false,RF,"1. NNI (Classic)",4,false,Infinity,1.0554,0,0,0,0,1962936,4226200
30,false,RF,"1. NNI (Classic)",5,false,Infinity,2.2621,0,0,0,0,4372448,4226200
30,false,RF,"1. NNI (Classic)",6,false,Infinity,1.0606,0,0,0,0,1974184,4226200
30,false,RF,"1. NNI (Classic)",7,false,Infinity,1.0494,0,0,0,0,1968752,4226200
30,false,RF,"1. NNI (Classic)",8,false,Infinity,1.0276,0,0,0,0,1968304,4226200
30,false,RF,"1. NNI (Classic)",9,false,Infinity,1.5894,0,0,0,0,3139440,4226200
30,false,RF,"1. NNI (Classic)",10,false,Infinity,1.5684,0,0,0,0,3165848,4226200
30,false,RF,"1. NNI (Classic)",11,false,Infinity,1.0180,0,0,0,0,1964552,4226200
30,false,RF,"1. NNI (Classic)",12,false,Infinity,1.6093,0,0,0,0,3169328,4226200
30,false,RF,"1. NNI (Classic)",13,false,Infinity,1.0147,0,0,0,0,1944432,4226200
30,false,RF,"1. NNI (Classic)",14,false,Infinity,1.4734,0,0,0,0,3184544,37780632
30,false,RF,"1. NNI (Classic)",15,false,Infinity,0.8935,0,0,0,0,1980512,37780632
30,false,RF,"1. NNI (Classic)",16,false,Infinity,0.9023,0,0,0,0,1967696,37780632
30,false,RF,"1. NNI (Classic)",17,false,Infinity,1.3713,0,0,0,0,3168624,37780632
30,false,RF,"1. NNI (Classic)",18,false,Infinity,0.8599,0,0,0,0,1901064,37780632
30,false,RF,"1. NNI (Classic)",19,false,Infinity,0.8325,0,0,0,0,1962872,37780632
30,false,RF,"1. NNI (Classic)",20,false,Infinity,0.7958,0,0,0,0,1938736,37780632
30,false,RF,"1. NNI (Classic)",21,false,Infinity,1.2606,0,0,0,0,3175792,37780632
30,false,RF,"1. NNI (Classic)",22,false,Infinity,0.7916,0,0,0,0,1974408,37780632
30,false,RF,"1. NNI (Classic)",23,false,Infinity,0.7985,0,0,0,0,1952000,37780632
30,false,RF,"1. NNI (Classic)",24,false,Infinity,1.2748,0,0,0,0,3161432,37780632
30,false,RF,"1. NNI (Classic)",25,false,Infinity,0.7705,0,0,0,0,1934432,37780632
30,false,RF,"1. NNI (Classic)",26,false,Infinity,0.7802,0,0,0,0,1983168,37780632
30,false,RF,"1. NNI (Classic)",27,false,Infinity,1.1941,0,0,0,0,3187064,37780632
30,false,RF,"1. NNI (Classic)",28,false,Infinity,0.7636,0,0,0,0,1971968,71335064
30,false,RF,"1. NNI (Classic)",29,false,Infinity,0.7562,0,0,0,0,1964296,71335064
30,false,RF,"1. NNI (Classic)",30,false,Infinity,0.7412,0,0,0,0,1971520,71335064
30,false,RF,"1. NNI (Classic)",31,false,Infinity,0.7318,0,0,0,0,1943680,71335064
30,false,RF,"1. NNI (Classic)",32,false,Infinity,0.7451,0,0,0,0,1980480,71335064
30,false,RF,"1. NNI (Classic)",33,false,Infinity,0.7493,0,0,0,0,1964568,71335064
30,false,RF,"1. NNI (Classic)",34,false,Infinity,1.1706,0,0,0,0,3137224,71335064
30,false,RF,"1. NNI (Classic)",35,false,Infinity,1.1815,0,0,0,0,3160480,71335064
30,false,RF,"1. NNI (Classic)",36,false,Infinity,0.7457,0,0,0,0,1969224,71335064
30,false,RF,"1. NNI (Classic)",37,false,Infinity,0.7339,0,0,0,0,1957984,71335064
30,false,RF,"1. NNI (Classic)",38,false,Infinity,0.7429,0,0,0,0,1960824,71335064
30,false,RF,"1. NNI (Classic)",39,false,Infinity,0.7506,0,0,0,0,1966424,71335064
30,false,RF,"1. NNI (Classic)",40,false,Infinity,0.7415,0,0,0,0,1966424,71335064
30,false,RF,"1. NNI (Classic)",41,false,Infinity,0.7388,0,0,0,0,1961776,71335064
30,false,RF,"1. NNI (Classic)",42,false,Infinity,0.7276,0,0,0,0,1880728,71335064
30,false,RF,"1. NNI (Classic)",43,false,Infinity,0.8318,0,0,0,0,1971632,104889496
30,false,RF,"1. NNI (Classic)",44,false,Infinity,0.7470,0,0,0,0,1942272,104889496
30,false,RF,"1. NNI (Classic)",45,false,Infinity,0.7682,0,0,0,0,1953072,104889496
30,false,RF,"1. NNI (Classic)",46,false,Infinity,0.7649,0,0,0,0,1965976,104889496
30,false,RF,"1. NNI (Classic)",47,false,Infinity,0.7534,0,0,0,0,1970736,104889496
30,false,RF,"1. NNI (Classic)",48,false,Infinity,0.7600,0,0,0,0,1964968,104889496
30,false,RF,"1. NNI (Classic)",49,false,Infinity,0.7664,0,0,0,0,1976392,104889496
30,false,RF,"1. NNI (Classic)",50,false,Infinity,0.7609,0,0,0,0,1966088,104889496
30,false,RF,"1. NNI (Classic)",51,false,Infinity,0.7646,0,0,0,0,1971704,104889496
30,false,RF,"1. NNI (Classic)",52,false,Infinity,0.7730,0,0,0,0,1962904,104889496
30,false,RF,"1. NNI (Classic)",53,false,Infinity,0.7585,0,0,0,0,1982384,104889496
30,false,RF,"1. NNI (Classic)",54,false,Infinity,0.7676,0,0,0,0,1981712,104889496
30,false,RF,"1. NNI (Classic)",55,false,Infinity,0.7742,0,0,0,0,1966648,104889496
30,false,RF,"1. NNI (Classic)",56,false,Infinity,0.7550,0,0,0,0,1932640,104889496
30,false,RF,"1. NNI (Classic)",57,false,Infinity,1.1829,0,0,0,0,3116320,104889496
30,false,RF,"1. NNI (Classic)",58,false,Infinity,1.2062,0,0,0,0,3196952,104889496
30,false,RF,"1. NNI (Classic)",59,false,Infinity,0.7654,0,0,0,0,1951384,138443928
30,false,RF,"1. NNI (Classic)",60,false,Infinity,0.7373,0,0,0,0,1911624,138443928
30,false,RF,"1. NNI (Classic)",61,false,Infinity,0.7562,0,0,0,0,1964136,138443928
30,false,RF,"1. NNI (Classic)",62,false,Infinity,1.6530,0,0,0,0,4372104,138443928
30,false,RF,"1. NNI (Classic)",63,false,Infinity,1.2090,0,0,0,0,3125256,138443928
30,false,RF,"1. NNI (Classic)",64,false,Infinity,0.7610,0,0,0,0,1947480,138443928
30,false,RF,"1. NNI (Classic)",65,false,Infinity,1.1729,0,0,0,0,3152744,138443928
30,false,RF,"1. NNI (Classic)",66,false,Infinity,0.7614,0,0,0,0,1961512,138443928
30,false,RF,"1. NNI (Classic)",67,false,Infinity,1.2050,0,0,0,0,3137928,138443928
30,false,RF,"1. NNI (Classic)",68,false,Infinity,0.7805,0,0,0,0,1971744,138443928
30,false,RF,"1. NNI (Classic)",69,false,Infinity,1.2272,0,0,0,0,3188280,138443928
30,false,RF,"1. NNI (Classic)",70,false,Infinity,0.7549,0,0,0,0,1953472,138443928
30,false,RF,"1. NNI (Classic)",71,false,Infinity,1.2347,0,0,0,0,3180368,138443928
30,false,RF,"1. NNI (Classic)",72,false,Infinity,1.2188,0,0,0,0,3168880,171998360
30,false,RF,"1. NNI (Classic)",73,false,Infinity,1.6466,0,0,0,0,4378952,171998360
30,false,RF,"1. NNI (Classic)",74,false,Infinity,0.7663,0,0,0,0,1967440,171998360
30,false,RF,"1. NNI (Classic)",75,false,Infinity,1.2025,0,0,0,0,3188096,171998360
30,false,RF,"1. NNI (Classic)",76,false,Infinity,0.7671,0,0,0,0,1963960,171998360
30,false,RF,"1. NNI (Classic)",77,false,Infinity,1.2091,0,0,0,0,3204112,171998360
30,false,RF,"1. NNI (Classic)",78,false,Infinity,1.1751,0,0,0,0,3165584,171998360
30,false,RF,"1. NNI (Classic)",79,false,Infinity,0.7722,0,0,0,0,1969344,171998360
30,false,RF,"1. NNI (Classic)",80,false,Infinity,1.1884,0,0,0,0,3150280,171998360
30,false,RF,"1. NNI (Classic)",81,false,Infinity,0.7640,0,0,0,0,1943672,171998360
30,false,RF,"1. NNI (Classic)",82,false,Infinity,1.2084,0,0,0,0,3171616,171998360
30,false,RF,"1. NNI (Classic)",83,false,Infinity,1.2353,0,0,0,0,3188944,205552792
30,false,RF,"1. NNI (Classic)",84,false,Infinity,0.7339,0,0,0,0,1967056,205552792
30,false,RF,"1. NNI (Classic)",85,false,Infinity,0.7649,0,0,0,0,1972192,205552792
30,false,RF,"1. NNI (Classic)",86,false,Infinity,0.7497,0,0,0,0,1965600,205552792
30,false,RF,"1. NNI (Classic)",87,false,Infinity,0.7478,0,0,0,0,1941056,205552792
30,false,RF,"1. NNI (Classic)",88,false,Infinity,1.2660,0,0,0,0,3183392,205552792
30,false,RF,"1. NNI (Classic)",89,false,Infinity,0.8751,0,0,0,0,1947704,205552792
30,false,RF,"1. NNI (Classic)",90,false,Infinity,0.7888,0,0,0,0,1965808,205552792
30,false,RF,"1. NNI (Classic)",91,false,Infinity,0.7310,0,0,0,0,1939080,205552792
30,false,RF,"1. NNI (Classic)",92,false,Infinity,1.2511,0,0,0,0,3188440,205552792
30,false,RF,"1. NNI (Classic)",93,false,Infinity,0.7801,0,0,0,0,1966088,205552792
30,false,RF,"1. NNI (Classic)",94,false,Infinity,1.1966,0,0,0,0,3138608,205552792
30,false,RF,"1. NNI (Classic)",95,false,Infinity,1.2494,0,0,0,0,3187736,205552792
30,false,RF,"1. NNI (Classic)",96,false,Infinity,1.2438,0,0,0,0,3126552,205552792
30,false,RF,"1. NNI (Classic)",97,false,Infinity,1.2378,0,0,0,0,3141632,239107224
30,false,RF,"1. NNI (Classic)",98,false,Infinity,1.2228,0,0,0,0,3148224,239107224
30,false,RF,"1. NNI (Classic)",99,false,Infinity,0.7720,0,0,0,0,1936504,239107224
30,false,RF,"1. NNI (Classic)",100,false,Infinity,1.2202,0,0,0,0,3199816,239107224
30,false,RF,"2. NNI (Incremental)",1,false,Infinity,0.2925,0,0,0,0,40368,4242136
30,false,RF,"2. NNI (Incremental)",2,false,Infinity,0.1119,0,0,0,0,26920,4242136
30,false,RF,"2. NNI (Incremental)",3,false,Infinity,0.0926,0,0,0,0,25680,4242136
30,false,RF,"2. NNI (Incremental)",4,false,Infinity,0.0971,0,0,0,0,27200,4242136
30,false,RF,"2. NNI (Incremental)",5,false,Infinity,0.2171,0,0,0,0,41200,4242136
30,false,RF,"2. NNI (Incremental)",6,false,Infinity,0.0931,0,0,0,0,27744,4242136
30,false,RF,"2. NNI (Incremental)",7,false,Infinity,0.0968,0,0,0,0,26656,4242136
30,false,RF,"2. NNI (Incremental)",8,false,Infinity,0.0906,0,0,0,0,24840,4242136
30,false,RF,"2. NNI (Incremental)",9,false,Infinity,0.1537,0,0,0,0,35064,4242136
30,false,RF,"2. NNI (Incremental)",10,false,Infinity,0.1476,0,0,0,0,34880,4242136
30,false,RF,"2. NNI (Incremental)",11,false,Infinity,0.0941,0,0,0,0,26416,4242136
30,false,RF,"2. NNI (Incremental)",12,false,Infinity,0.1496,0,0,0,0,34840,4242136
30,false,RF,"2. NNI (Incremental)",13,false,Infinity,0.0924,0,0,0,0,26920,4242136
30,false,RF,"2. NNI (Incremental)",14,false,Infinity,0.1492,0,0,0,0,33824,4242136
30,false,RF,"2. NNI (Incremental)",15,false,Infinity,0.0954,0,0,0,0,27256,4242136
30,false,RF,"2. NNI (Incremental)",16,false,Infinity,0.0936,0,0,0,0,26752,4242136
30,false,RF,"2. NNI (Incremental)",17,false,Infinity,0.1457,0,0,0,0,32296,4242136
30,false,RF,"2. NNI (Incremental)",18,false,Infinity,0.0965,0,0,0,0,25688,4242136
30,false,RF,"2. NNI (Incremental)",19,false,Infinity,0.0953,0,0,0,0,27728,4242136
30,false,RF,"2. NNI (Incremental)",20,false,Infinity,0.0975,0,0,0,0,27352,4242136
30,false,RF,"2. NNI (Incremental)",21,false,Infinity,0.1531,0,0,0,0,31864,4242136
30,false,RF,"2. NNI (Incremental)",22,false,Infinity,0.0990,0,0,0,0,27312,4242136
30,false,RF,"2. NNI (Incremental)",23,false,Infinity,0.0947,0,0,0,0,26544,4242136
30,false,RF,"2. NNI (Incremental)",24,false,Infinity,0.1497,0,0,0,0,32240,4242136
30,false,RF,"2. NNI (Incremental)",25,false,Infinity,0.0962,0,0,0,0,27840,4242136
30,false,RF,"2. NNI (Incremental)",26,false,Infinity,0.0948,0,0,0,0,27032,4242136
30,false,RF,"2. NNI (Incremental)",27,false,Infinity,0.1494,0,0,0,0,34160,4242136
30,false,RF,"2. NNI (Incremental)",28,false,Infinity,0.0945,0,0,0,0,26640,4242136
30,false,RF,"2. NNI (Incremental)",29,false,Infinity,0.1211,0,0,0,0,26880,4242136
30,false,RF,"2. NNI (Incremental)",30,false,Infinity,0.0955,0,0,0,0,26584,4242136
30,false,RF,"2. NNI (Incremental)",31,false,Infinity,0.0943,0,0,0,0,27536,4242136
30,false,RF,"2. NNI (Incremental)",32,false,Infinity,0.0992,0,0,0,0,25800,4242136
30,false,RF,"2. NNI (Incremental)",33,false,Infinity,0.0941,0,0,0,0,25760,4242136
30,false,RF,"2. NNI (Incremental)",34,false,Infinity,0.1475,0,0,0,0,34536,4242136
30,false,RF,"2. NNI (Incremental)",35,false,Infinity,0.1511,0,0,0,0,33864,4242136
30,false,RF,"2. NNI (Incremental)",36,false,Infinity,0.0974,0,0,0,0,27272,4242136
30,false,RF,"2. NNI (Incremental)",37,false,Infinity,0.1019,0,0,0,0,27088,4242136
30,false,RF,"2. NNI (Incremental)",38,false,Infinity,0.0939,0,0,0,0,26920,4242136
30,false,RF,"2. NNI (Incremental)",39,false,Infinity,0.0906,0,0,0,0,26880,4242136
30,false,RF,"2. NNI (Incremental)",40,false,Infinity,0.0944,0,0,0,0,27272,4242136
30,false,RF,"2. NNI (Incremental)",41,false,Infinity,0.0994,0,0,0,0,27504,4242136
30,false,RF,"2. NNI (Incremental)",42,false,Infinity,0.0939,0,0,0,0,27552,4242136
30,false,RF,"2. NNI (Incremental)",43,false,Infinity,0.0936,0,0,0,0,27328,4242136
30,false,RF,"2. NNI (Incremental)",44,false,Infinity,0.0944,0,0,0,0,27144,4242136
30,false,RF,"2. NNI (Incremental)",45,false,Infinity,0.0952,0,0,0,0,27464,4242136
30,false,RF,"2. NNI (Incremental)",46,false,Infinity,0.0933,0,0,0,0,26752,4242136
30,false,RF,"2. NNI (Incremental)",47,false,Infinity,0.0970,0,0,0,0,27160,4242136
30,false,RF,"2. NNI (Incremental)",48,false,Infinity,0.0952,0,0,0,0,26976,4242136
30,false,RF,"2. NNI (Incremental)",49,false,Infinity,0.0950,0,0,0,0,25800,4242136
30,false,RF,"2. NNI (Incremental)",50,false,Infinity,0.0969,0,0,0,0,27560,4242136
30,false,RF,"2. NNI (Incremental)",51,false,Infinity,0.0928,0,0,0,0,26488,4242136
30,false,RF,"2. NNI (Incremental)",52,false,Infinity,0.0940,0,0,0,0,26264,4242136
30,false,RF,"2. NNI (Incremental)",53,false,Infinity,0.0921,0,0,0,0,26584,4242136
30,false,RF,"2. NNI (Incremental)",54,false,Infinity,0.0938,0,0,0,0,26824,4242136
30,false,RF,"2. NNI (Incremental)",55,false,Infinity,0.0930,0,0,0,0,27160,4242136
30,false,RF,"2. NNI (Incremental)",56,false,Infinity,0.0995,0,0,0,0,26864,4242136
30,false,RF,"2. NNI (Incremental)",57,false,Infinity,0.1451,0,0,0,0,33688,4242136
30,false,RF,"2. NNI (Incremental)",58,false,Infinity,0.1473,0,0,0,0,35392,4242136
30,false,RF,"2. NNI (Incremental)",59,false,Infinity,0.1049,0,0,0,0,27256,4242136
30,false,RF,"2. NNI (Incremental)",60,false,Infinity,0.0954,0,0,0,0,27296,4242136
30,false,RF,"2. NNI (Incremental)",61,false,Infinity,0.0936,0,0,0,0,26808,4242136
30,false,RF,"2. NNI (Incremental)",62,false,Infinity,0.1970,0,0,0,0,44008,4242136
30,false,RF,"2. NNI (Incremental)",63,false,Infinity,0.1481,0,0,0,0,33488,4242136
30,false,RF,"2. NNI (Incremental)",64,false,Infinity,0.0965,0,0,0,0,26936,4242136
30,false,RF,"2. NNI (Incremental)",65,false,Infinity,0.1465,0,0,0,0,34480,4242136
30,false,RF,"2. NNI (Incremental)",66,false,Infinity,0.0913,0,0,0,0,26376,4242136
30,false,RF,"2. NNI (Incremental)",67,false,Infinity,0.1445,0,0,0,0,33808,4242136
30,false,RF,"2. NNI (Incremental)",68,false,Infinity,0.0958,0,0,0,0,28400,4242136
30,false,RF,"2. NNI (Incremental)",69,false,Infinity,0.1449,0,0,0,0,33912,4242136
30,false,RF,"2. NNI (Incremental)",70,false,Infinity,0.0929,0,0,0,0,26544,4242136
30,false,RF,"2. NNI (Incremental)",71,false,Infinity,0.1426,0,0,0,0,33528,4242136
30,false,RF,"2. NNI (Incremental)",72,false,Infinity,0.1433,0,0,0,0,36104,4242136
30,false,RF,"2. NNI (Incremental)",73,false,Infinity,0.1994,0,0,0,0,41032,4242136
30,false,RF,"2. NNI (Incremental)",74,false,Infinity,0.0899,0,0,0,0,25288,4242136
30,false,RF,"2. NNI (Incremental)",75,false,Infinity,0.1445,0,0,0,0,34216,4242136
30,false,RF,"2. NNI (Incremental)",76,false,Infinity,0.0919,0,0,0,0,25848,4242136
30,false,RF,"2. NNI (Incremental)",77,false,Infinity,0.1430,0,0,0,0,34088,4242136
30,false,RF,"2. NNI (Incremental)",78,false,Infinity,0.1449,0,0,0,0,34328,4242136
30,false,RF,"2. NNI (Incremental)",79,false,Infinity,0.0931,0,0,0,0,26472,4242136
30,false,RF,"2. NNI (Incremental)",80,false,Infinity,0.1392,0,0,0,0,34480,4242136
30,false,RF,"2. NNI (Incremental)",81,false,Infinity,0.0933,0,0,0,0,26320,4242136
30,false,RF,"2. NNI (Incremental)",82,false,Infinity,0.1477,0,0,0,0,33072,4242136
30,false,RF,"2. NNI (Incremental)",83,false,Infinity,0.1458,0,0,0,0,35376,4242136
30,false,RF,"2. NNI (Incremental)",84,false,Infinity,0.0907,0,0,0,0,26976,4242136
30,false,RF,"2. NNI (Incremental)",85,false,Infinity,0.0965,0,0,0,0,28064,4242136
30,false,RF,"2. NNI (Incremental)",86,false,Infinity,0.0922,0,0,0,0,27672,4242136
30,false,RF,"2. NNI (Incremental)",87,false,Infinity,0.0952,0,0,0,0,27144,4242136
30,false,RF,"2. NNI (Incremental)",88,false,Infinity,0.1438,0,0,0,0,34776,4242136
30,false,RF,"2. NNI (Incremental)",89,false,Infinity,0.0916,0,0,0,0,25576,4242136
30,false,RF,"2. NNI (Incremental)",90,false,Infinity,0.0926,0,0,0,0,25904,4242136
30,false,RF,"2. NNI (Incremental)",91,false,Infinity,0.0977,0,0,0,0,26656,4242136
30,false,RF,"2. NNI (Incremental)",92,false,Infinity,0.1414,0,0,0,0,34496,4242136
30,false,RF,"2. NNI (Incremental)",93,false,Infinity,0.0918,0,0,0,0,25704,4242136
30,false,RF,"2. NNI (Incremental)",94,false,Infinity,0.1582,0,0,0,0,34352,4242136
30,false,RF,"2. NNI (Incremental)",95,false,Infinity,0.1455,0,0,0,0,34704,4242136
30,false,RF,"2. NNI (Incremental)",96,false,Infinity,0.1473,0,0,0,0,32984,4242136
30,false,RF,"2. NNI (Incremental)",97,false,Infinity,0.1434,0,0,0,0,33152,4242136
30,false,RF,"2. NNI (Incremental)",98,false,Infinity,0.1447,0,0,0,0,33752,4242136
30,false,RF,"2. NNI (Incremental)",99,false,Infinity,0.0926,0,0,0,0,26640,4242136
30,false,RF,"2. NNI (Incremental)",100,false,Infinity,0.1451,0,0,0,0,34560,4242136
30,false,RF,"3. VND NNI->ECR->SPR (Classic)",1,true,99.0000,2340.2258,1592621,11566532,75534720,2248130150,7508228984,7486905288
30,false,RF,"3. VND NNI->ECR->SPR (Classic)",2,true,91.0000,1961.9410,1282931,14016442,210325937,1735910688,6349302096,10440318776
30,false,RF,"3. VND NNI->ECR->SPR (Classic)",3,true,99.0000,2089.8388,1197448,21289086,41835809,2024986430,6774462248,10543732360
30,false,RF,"3. VND NNI->ECR->SPR (Classic)",4,true,90.0000,2210.8657,606293,6199122,61373513,2142334878,7275789080,7892932232
30,false,RF,"3. VND NNI->ECR->SPR (Classic)",5,true,86.0000,1698.7681,1855179,6655580,47039919,1642846885,5598127200,10275296904
30,false,RF,"3. VND NNI->ECR->SPR (Classic)",6,true,91.0000,1960.6799,1793581,22208314,133264182,1802975617,6461525472,9860645240
30,false,RF,"3. VND NNI->ECR->SPR (Classic)",7,true,93.0000,2050.9583,1748966,24171970,138028685,1886574878,6744695712,10296852856
30,false,RF,"3. VND NNI->ECR->SPR (Classic)",8,true,97.0000,2230.7666,1261640,12716940,133420278,2082954385,7281201088,10461649624
30,false,RF,"3. VND NNI->ECR->SPR (Classic)",9,true,97.0000,1873.7145,2079977,16336425,45789971,1809107861,6177437232,9757006552
30,false,RF,"3. VND NNI->ECR->SPR (Classic)",10,true,90.0000,2145.4774,2024140,16982894,62426286,2063610240,7065704144,10293877464
30,false,RF,"3. VND NNI->ECR->SPR (Classic)",11,true,91.0000,1972.0514,1805925,25303842,203827687,1740752097,6385453736,10436407592
30,false,RF,"3. VND NNI->ECR->SPR (Classic)",12,true,92.0000,2016.6005,1504982,6550911,44026176,1964044248,6674805328,9563992360
30,false,RF,"3. VND NNI->ECR->SPR (Classic)",13,true,106.0000,2130.2002,616803,6728909,56785305,2065581710,7069907512,10302189864
30,false,RF,"3. VND NNI->ECR->SPR (Classic)",14,true,86.0000,1898.5366,2098813,12406249,155958821,1727630688,6186299800,10460531528
30,false,RF,"3. VND NNI->ECR->SPR (Classic)",15,true,90.0000,1851.3269,1731264,27395331,194186938,1627603979,6077580952,8581483336
30,false,RF,"3. VND NNI->ECR->SPR (Classic)",16,true,107.0000,2151.0779,1214009,12555282,160590822,1976265986,7056247208,10292759368
30,false,RF,"3. VND NNI->ECR->SPR (Classic)",17,true,112.0000,2156.0074,1509422,6163524,63083797,2084787463,7015341696,10506437720
30,false,RF,"3. VND NNI->ECR->SPR (Classic)",18,true,93.0000,1973.7779,1128867,16636435,57603612,1898018956,6517850704,8962933848
30,false,RF,"3. VND NNI->ECR->SPR (Classic)",19,true,100.0000,2107.8312,626893,6587480,52945662,2047303130,6981076944,10305111128
30,false,RF,"3. VND NNI->ECR->SPR (Classic)",20,true,103.0000,1977.0879,1202888,16942537,51108307,1907426581,6508964912,10486357792
30,false,RF,"3. VND NNI->ECR->SPR (Classic)",21,true,80.0000,1815.2227,2576222,22265323,171176628,1618854597,5982991896,8238210848
30,false,RF,"3. VND NNI->ECR->SPR (Classic)",22,true,94.0000,2035.4429,1174023,12403063,147864414,1873673698,6691714936,10285031200
30,false,RF,"3. VND NNI->ECR->SPR (Classic)",23,true,95.0000,1966.6715,1201986,16752104,43019000,1905283214,6450975536,10518255608
30,false,RF,"3. VND NNI->ECR->SPR (Classic)",24,true,93.0000,1948.0445,1464335,6324360,56193951,1883701782,6474335424,7733237752
30,false,RF,"3. VND NNI->ECR->SPR (Classic)",25,true,97.0000,2209.9131,1150499,12297102,138767490,2057387443,7278186424,10283406840
30,false,RF,"3. VND NNI->ECR->SPR (Classic)",26,true,97.0000,2217.9713,1193661,13286073,120511343,2082566047,7269052288,10465973256
30,false,RF,"3. VND NNI->ECR->SPR (Classic)",27,true,110.0000,2184.7824,1473332,6301878,54053419,2122510899,7245026392,9459340296
30,false,RF,"3. VND NNI->ECR->SPR (Classic)",28,true,105.0000,2027.7960,1200855,17128982,49320466,1959728709,6726900176,10298201096
30,false,RF,"3. VND NNI->ECR->SPR (Classic)",29,true,103.0000,2224.1506,616924,6328458,51181416,2165605533,7320842240,10507687656
30,false,RF,"3. VND NNI->ECR->SPR (Classic)",30,true,103.0000,2230.9368,600463,6453535,42619801,2180858527,7277493216,10453018752
30,false,RF,"3. VND NNI->ECR->SPR (Classic)",31,true,104.0000,1943.0558,1115141,16441645,49365852,1875667359,6469860096,7198238848
30,false,RF,"3. VND NNI->ECR->SPR (Classic)",32,true,96.0000,2222.6577,636741,6944219,60280935,2154372556,7284133216,10285246592
30,false,RF,"3. VND NNI->ECR->SPR (Classic)",33,true,100.0000,2018.6633,1755218,24426304,162222295,1829855717,6545541736,10426221048
30,false,RF,"3. VND NNI->ECR->SPR (Classic)",34,true,100.0000,1918.7769,1420601,6010192,45981766,1865021649,6412991760,7439876600
30,false,RF,"3. VND NNI->ECR->SPR (Classic)",35,true,98.0000,1943.5895,1489734,6556732,55384922,1879793538,6387530264,10292003320
30,false,RF,"3. VND NNI->ECR->SPR (Classic)",36,true,99.0000,2180.8310,1826053,23124507,146190140,2009277748,7078381224,10466175280
30,false,RF,"3. VND NNI->ECR->SPR (Classic)",37,true,104.0000,2109.1139,589591,6172842,59063469,2042960751,7018331904,7949592880
30,false,RF,"3. VND NNI->ECR->SPR (Classic)",38,true,99.0000,2135.6316,1160307,17222431,49672616,2067220217,7052049816,10298403120
30,false,RF,"3. VND NNI->ECR->SPR (Classic)",39,true,102.0000,2242.7590,623516,6530563,70965007,2164271315,7348713720,10481180872
30,false,RF,"3. VND NNI->ECR->SPR (Classic)",40,true,81.0000,2190.6031,1083721,16037968,45947210,2127250255,7297120312,9575211208
30,false,RF,"3. VND NNI->ECR->SPR (Classic)",41,true,87.0000,1974.4838,1753876,23301705,150064119,1799071260,6503688752,10279854280
30,false,RF,"3. VND NNI->ECR->SPR (Classic)",42,true,105.0000,2109.1821,591395,6194092,46171797,2055896056,6945243024,10515155048
30,false,RF,"3. VND NNI->ECR->SPR (Classic)",43,true,113.0000,2367.6374,1123397,11904484,167658416,2186542849,7665264768,10458865320
30,false,RF,"3. VND NNI->ECR->SPR (Classic)",44,true,89.0000,1993.9408,1693271,24044766,189066878,1778821131,6593909472,7237639848
30,false,RF,"3. VND NNI->ECR->SPR (Classic)",45,true,93.0000,1989.4513,1170576,18080372,60402767,1909506057,6529459424,10291093160
30,false,RF,"3. VND NNI->ECR->SPR (Classic)",46,true,99.0000,1949.4785,1177339,17108253,46983621,1883810749,6498570536,10177860328
30,false,RF,"3. VND NNI->ECR->SPR (Classic)",47,true,113.0000,2256.8478,1172450,12577304,113893797,2128772781,7516510296,10278523624
30,false,RF,"3. VND NNI->ECR->SPR (Classic)",48,true,105.0000,2050.6109,1176828,17393335,56954988,1974729673,6795735728,10406178248
30,false,RF,"3. VND NNI->ECR->SPR (Classic)",49,true,99.0000,2193.5552,1141923,12842379,173003784,2006196158,7096734912,10504358360
30,false,RF,"3. VND NNI->ECR->SPR (Classic)",50,true,89.0000,1957.0172,1152302,21567275,55187917,1878824265,6504822648,7820003800
30,false,RF,"3. VND NNI->ECR->SPR (Classic)",51,true,96.0000,1926.1289,1700605,27014297,102452702,1794545091,6354111544,10303031768
30,false,RF,"3. VND NNI->ECR->SPR (Classic)",52,true,80.0000,1990.9850,1133736,12883677,222258244,1754393615,6401887696,10508338536
30,false,RF,"3. VND NNI->ECR->SPR (Classic)",53,true,109.0000,2094.7363,594200,5905453,39828972,2048070280,6974202168,7488439656
30,false,RF,"3. VND NNI->ECR->SPR (Classic)",54,true,102.0000,2120.1889,604910,6436583,50921131,2061878966,6991618512,10273464168
30,false,RF,"3. VND NNI->ECR->SPR (Classic)",55,true,95.0000,2089.3083,628716,6684585,69825731,2011857457,6758564792,10480182504
30,false,RF,"3. VND NNI->ECR->SPR (Classic)",56,true,97.0000,2181.0582,591405,6511435,48525474,2125068864,7279634600,8534025448
30,false,RF,"3. VND NNI->ECR->SPR (Classic)",57,true,87.0000,1850.7366,1479694,6336673,52946804,1789645641,6109424360,10278855912
30,false,RF,"3. VND NNI->ECR->SPR (Classic)",58,true,103.0000,2223.0803,1373072,6010313,42550829,2172721138,7269812984,10544421600
30,false,RF,"3. VND NNI->ECR->SPR (Classic)",59,true,82.0000,2022.3650,608768,6421915,51482439,1963497498,6725631280,8564710112
30,false,RF,"3. VND NNI->ECR->SPR (Classic)",60,true,72.0000,1873.4413,1699733,23352822,142272087,1705864133,6175151008,10275986144
30,false,RF,"3. VND NNI->ECR->SPR (Classic)",61,true,79.0000,1868.1963,1704572,25571631,107117916,1733491957,6068115728,10520611048
30,false,RF,"3. VND NNI->ECR->SPR (Classic)",62,true,74.0000,1947.0056,2198482,11689777,140307961,1792541880,6478749928,7198722280
30,false,RF,"3. VND NNI->ECR->SPR (Classic)",63,true,95.0000,2042.2804,2084485,12826087,146800330,1880225951,6698975056,10285730024
30,false,RF,"3. VND NNI->ECR->SPR (Classic)",64,true,102.0000,1790.7645,1161098,21040874,47391888,1720820774,5944391792,9759607304
30,false,RF,"3. VND NNI->ECR->SPR (Classic)",65,true,73.0000,1849.2290,2526916,22079358,203835921,1620474027,6127083656,10296478216
30,false,RF,"3. VND NNI->ECR->SPR (Classic)",66,true,91.0000,2137.3517,1173102,17269449,57735233,2060867863,7022848512,10459768456
30,false,RF,"3. VND NNI->ECR->SPR (Classic)",67,true,97.0000,2060.1766,2025112,12984889,169921861,1874929664,6802437168,9553798792
30,false,RF,"3. VND NNI->ECR->SPR (Classic)",68,true,87.0000,2130.6014,1157992,12459901,153375367,1963317255,7079235280,10291996296
30,false,RF,"3. VND NNI->ECR->SPR (Classic)",69,true,99.0000,2029.9983,2629011,22207824,99305908,1905435975,6667072552,10464863480
30,false,RF,"3. VND NNI->ECR->SPR (Classic)",70,true,94.0000,2031.2301,573310,6248185,58441496,1965655002,6748812232,9726665976
30,false,RF,"3. VND NNI->ECR->SPR (Classic)",71,true,83.0000,1836.8534,2022477,12730505,299603779,1522205062,6003374024,10297844472
30,false,RF,"3. VND NNI->ECR->SPR (Classic)",72,true,90.0000,1896.7893,1977652,11804585,148176367,1734525082,6161167896,10452442976
30,false,RF,"3. VND NNI->ECR->SPR (Classic)",73,true,94.0000,2019.4388,1824641,6370197,53122108,1957809549,6706090408,8439177056
30,false,RF,"3. VND NNI->ECR->SPR (Classic)",74,true,95.0000,2219.0672,1232355,12868177,149872424,2054763111,7309499568,10284670816
30,false,RF,"3. VND NNI->ECR->SPR (Classic)",75,true,82.0000,1969.8746,2047756,12262306,135170388,1820083439,6427921392,10451223448
30,false,RF,"3. VND NNI->ECR->SPR (Classic)",76,true,88.0000,2141.1170,1097207,12709737,157063903,1969859539,7114726600,9109046168
30,false,RF,"3. VND NNI->ECR->SPR (Classic)",77,true,105.0000,1881.0404,2130783,18653963,61182089,1798730442,6228586840,10283451288
30,false,RF,"3. VND NNI->ECR->SPR (Classic)",78,true,90.0000,1998.1640,2031164,12591952,156706703,1826511045,6506457920,10505477512
30,false,RF,"3. VND NNI->ECR->SPR (Classic)",79,true,87.0000,2075.2259,1743336,23355406,161740439,1888056035,6855129320,8525766024
30,false,RF,"3. VND NNI->ECR->SPR (Classic)",80,true,95.0000,1873.3826,2053026,16883415,58555403,1795566604,6179705848,10304150920
30,false,RF,"3. VND NNI->ECR->SPR (Classic)",81,true,93.0000,2170.5496,1177009,12961113,163599585,1992440543,7040235208,10519137752
30,false,RF,"3. VND NNI->ECR->SPR (Classic)",82,true,83.0000,1800.5629,2017607,12158918,155056525,1631055825,5938830832,7566347736
30,false,RF,"3. VND NNI->ECR->SPR (Classic)",83,true,100.0000,1959.1822,2022838,16474367,53043959,1887303133,6454683680,10284259288
30,false,RF,"3. VND NNI->ECR->SPR (Classic)",84,true,100.0000,2080.4149,1191887,16035943,49276713,2013497065,6790252392,10512530416
30,false,RF,"3. VND NNI->ECR->SPR (Classic)",85,true,86.0000,2174.8459,1114630,12687023,277908561,1882823371,7203895680,8063056880
30,false,RF,"3. VND NNI->ECR->SPR (Classic)",86,true,99.0000,1955.5291,1208820,16935185,56065155,1880991547,6446480944,10277649392
30,false,RF,"3. VND NNI->ECR->SPR (Classic)",87,true,95.0000,2153.7194,1159896,13072395,144417217,1994688799,6990756416,10501720088
30,false,RF,"3. VND NNI->ECR->SPR (Classic)",88,true,99.0000,2033.3068,1463012,6057152,54954484,1970505518,6717444376,8152909848
30,false,RF,"3. VND NNI->ECR->SPR (Classic)",89,true,91.0000,1992.9398,1220942,22561677,63007842,1905804816,6526715136,10300393496
30,false,RF,"3. VND NNI->ECR->SPR (Classic)",90,true,108.0000,2322.4545,1219460,13526299,153525553,2153677534,7541414752,10488274840
30,false,RF,"3. VND NNI->ECR->SPR (Classic)",91,true,69.0000,1645.6559,1343365,12515867,173504075,1457949387,5455232592,7602593688
30,false,RF,"3. VND NNI->ECR->SPR (Classic)",92,true,89.0000,1921.8596,2644490,24184373,326556197,1568132434,6200431992,10286948248
30,false,RF,"3. VND NNI->ECR->SPR (Classic)",93,true,86.0000,1879.6261,1725772,31807154,120885195,1724840180,6146855488,9799441256
30,false,RF,"3. VND NNI->ECR->SPR (Classic)",94,true,94.0000,1789.0935,2536034,21220465,127099205,1637894193,5897782352,10302757736
30,false,RF,"3. VND NNI->ECR->SPR (Classic)",95,true,93.0000,2097.8397,2038276,12869671,196367787,1886247966,6825476352,10543463472
30,false,RF,"3. VND NNI->ECR->SPR (Classic)",96,true,90.0000,2084.9469,1957214,12685010,182399325,1887568908,6835357264,9067068464
30,false,RF,"3. VND NNI->ECR->SPR (Classic)",97,true,94.0000,1951.1077,1490686,6353155,49634714,1893309508,6449799472,10275028016
30,false,RF,"3. VND NNI->ECR->SPR (Classic)",98,true,83.0000,1795.0154,2602651,22631599,109051445,1660396306,5835877864,10501305424
30,false,RF,"3. VND NNI->ECR->SPR (Classic)",99,true,111.0000,2011.9072,598538,6601928,44910338,1959358615,6695294952,7884059728
30,false,RF,"3. VND NNI->ECR->SPR (Classic)",100,true,101.0000,2029.1447,2661682,23002374,104049270,1899015622,6681975752,10299978832
30,false,RF,"4. VND NNI->SPR (Classic)",1,true,99.0000,2206.9939,3031837,0,0,2203548886,7359924776,7353376288
30,false,RF,"4. VND NNI->SPR (Classic)",2,true,92.0000,1895.7508,612265,0,0,1894839108,6261825328,10502223112
30,false,RF,"4. VND NNI->SPR (Classic)",3,true,99.0000,2203.7917,625751,0,0,2202810854,7153106520,10548756688
30,false,RF,"4. VND NNI->SPR (Classic)",4,true,90.0000,2136.7840,588029,0,0,2135909215,7068669032,7864402128
30,false,RF,"4. VND NNI->SPR (Classic)",5,true,86.0000,1649.0726,1791347,0,0,1646963655,5434819344,10280321232
30,false,RF,"4. VND NNI->SPR (Classic)",6,true,93.0000,2202.8657,608788,0,0,2201876497,7159451184,10565677696
30,false,RF,"4. VND NNI->SPR (Classic)",7,true,90.0000,2154.5893,606694,0,0,2153678275,7108639208,7679996544
30,false,RF,"4. VND NNI->SPR (Classic)",8,true,99.0000,2171.8585,635839,0,0,2170899463,7138727216,10297242240
30,false,RF,"4. VND NNI->SPR (Classic)",9,true,97.0000,1937.1989,1496676,0,0,1935368852,6275199656,10477709584
30,false,RF,"4. VND NNI->SPR (Classic)",10,true,97.0000,2058.2386,1465558,0,0,2056378093,6814139848,7860463888
30,false,RF,"4. VND NNI->SPR (Classic)",11,true,89.0000,2078.9208,623516,0,0,2077999831,6836864408,10276382992
30,false,RF,"4. VND NNI->SPR (Classic)",12,true,92.0000,2008.2087,1537414,0,0,2006331055,6518124072,10478935264
30,false,RF,"4. VND NNI->SPR (Classic)",13,true,106.0000,2056.6894,621081,0,0,2055712096,6877748560,8096570592
30,false,RF,"4. VND NNI->SPR (Classic)",14,true,100.0000,1895.9909,1518258,0,0,1894104749,6277758200,10277608672
30,false,RF,"4. VND NNI->SPR (Classic)",15,true,86.0000,2013.8646,550257,0,0,2013011432,6544485728,10533979712
30,false,RF,"4. VND NNI->SPR (Classic)",16,true,108.0000,2058.9589,595583,0,0,2058008665,6807375312,7715407424
30,false,RF,"4. VND NNI->SPR (Classic)",17,true,112.0000,2068.4279,1561178,0,0,2066485940,6807539088,10299098688
30,false,RF,"4. VND NNI->SPR (Classic)",18,true,96.0000,2016.1918,581547,0,0,2015252646,6541886112,10496819400
30,false,RF,"4. VND NNI->SPR (Classic)",19,true,100.0000,2050.6391,599921,0,0,2049723025,6800619568,7879573704
30,false,RF,"4. VND NNI->SPR (Classic)",20,true,103.0000,1998.1766,602476,0,0,1997233670,6586072608,10295492808
30,false,RF,"4. VND NNI->SPR (Classic)",21,true,84.0000,1838.9364,1527685,0,0,1837090329,5949745104,10499307904
30,false,RF,"4. VND NNI->SPR (Classic)",22,true,105.0000,2050.9853,611383,0,0,2050062490,6811446312,7244528000
30,false,RF,"4. VND NNI->SPR (Classic)",23,true,93.0000,1989.1426,615380,0,0,1988162956,6548503560,10297981312
30,false,RF,"4. VND NNI->SPR (Classic)",24,true,93.0000,1899.2031,1522286,0,0,1897350655,6282114856,9993334752
30,false,RF,"4. VND NNI->SPR (Classic)",25,true,97.0000,2060.8272,583330,0,0,2059974634,6813279472,10295345632
30,false,RF,"4. VND NNI->SPR (Classic)",26,true,101.0000,2081.2318,639266,0,0,2080247176,6842314832,10477090976
30,false,RF,"4. VND NNI->SPR (Classic)",27,true,110.0000,2176.3840,1510603,0,0,2174485594,7054267040,10490492336
30,false,RF,"4. VND NNI->SPR (Classic)",28,true,104.0000,1966.3342,607425,0,0,1965387383,6513619960,7101494704
30,false,RF,"4. VND NNI->SPR (Classic)",29,true,103.0000,2166.9764,626592,0,0,2165953305,7147520392,10289165744
30,false,RF,"4. VND NNI->SPR (Classic)",30,true,103.0000,2192.0079,621311,0,0,2191028852,7124137976,10473959456
30,false,RF,"4. VND NNI->SPR (Classic)",31,true,107.0000,1981.9865,572379,0,0,1981051639,6556870632,7990931488
30,false,RF,"4. VND NNI->SPR (Classic)",32,true,96.0000,2173.4327,637512,0,0,2172465511,7086204472,10306187296
30,false,RF,"4. VND NNI->SPR (Classic)",33,true,109.0000,2021.4639,629658,0,0,2020440865,6556027448,10453968288
30,false,RF,"4. VND NNI->SPR (Classic)",34,true,100.0000,1886.4515,1433176,0,0,1884699010,6248532552,7836722592
30,false,RF,"4. VND NNI->SPR (Classic)",35,true,98.0000,1890.1830,1507606,0,0,1888374430,6200359808,10286196128
30,false,RF,"4. VND NNI->SPR (Classic)",36,true,101.0000,2181.8650,646500,0,0,2180911357,7085661992,10519101968
30,false,RF,"4. VND NNI->SPR (Classic)",37,true,104.0000,2057.4176,594040,0,0,2056522478,6817084600,7968965136
30,false,RF,"4. VND NNI->SPR (Classic)",38,true,99.0000,2172.8022,611232,0,0,2171856503,7132666680,10284220944
30,false,RF,"4. VND NNI->SPR (Classic)",39,true,102.0000,2162.5593,603638,0,0,2161615483,7113828872,10490953376
30,false,RF,"4. VND NNI->SPR (Classic)",40,true,82.0000,2228.7605,587117,0,0,2227948440,7376079264,9551429280
30,false,RF,"4. VND NNI->SPR (Classic)",41,true,90.0000,2068.0638,614709,0,0,2067185450,6811932472,10289626784
30,false,RF,"4. VND NNI->SPR (Classic)",42,true,105.0000,2074.9488,596605,0,0,2074040590,6787442384,10474915840
30,false,RF,"4. VND NNI->SPR (Classic)",43,true,118.0000,2276.6219,596404,0,0,2275633565,7367311504,10489425184
30,false,RF,"4. VND NNI->SPR (Classic)",44,true,92.0000,1961.5167,635508,0,0,1960599435,6487220768,6999764256
30,false,RF,"4. VND NNI->SPR (Classic)",45,true,94.0000,2100.8123,616052,0,0,2099924937,6863284952,10288098592
30,false,RF,"4. VND NNI->SPR (Classic)",46,true,100.0000,2029.5585,621342,0,0,2028585627,6585468920,10464697864
30,false,RF,"4. VND NNI->SPR (Classic)",47,true,109.0000,2235.0726,604349,0,0,2234092166,7438957544,7981669896
30,false,RF,"4. VND NNI->SPR (Classic)",48,true,106.0000,2080.0309,628656,0,0,2079063896,6846203808,10296925704
30,false,RF,"4. VND NNI->SPR (Classic)",49,true,95.0000,2011.0536,631301,0,0,2010107007,6494745256,10477430480
30,false,RF,"4. VND NNI->SPR (Classic)",50,true,90.0000,2069.2139,602947,0,0,2068362921,6843789600,8162174672
30,false,RF,"4. VND NNI->SPR (Classic)",51,true,100.0000,2235.5388,618787,0,0,2234547152,7357064664,10276103888
30,false,RF,"4. VND NNI->SPR (Classic)",52,true,86.0000,1923.1614,607976,0,0,1922260178,6246690336,10465160864
30,false,RF,"4. VND NNI->SPR (Classic)",53,true,109.0000,2063.9097,579833,0,0,2063008586,6830838176,8519003808
30,false,RF,"4. VND NNI->SPR (Classic)",54,true,102.0000,2067.9280,619338,0,0,2066980190,6816024976,10297388704
30,false,RF,"4. VND NNI->SPR (Classic)",55,true,95.0000,2017.6409,615010,0,0,2016733472,6527781112,10507513888
30,false,RF,"4. VND NNI->SPR (Classic)",56,true,97.0000,2141.1487,627654,0,0,2140181962,7108561032,8829792288
30,false,RF,"4. VND NNI->SPR (Classic)",57,true,87.0000,1800.9574,1592349,0,0,1799053396,5926649200,10306187296
30,false,RF,"4. VND NNI->SPR (Classic)",58,true,103.0000,2186.6030,1508540,0,0,2184734890,7117925048,10545866752
30,false,RF,"4. VND NNI->SPR (Classic)",59,true,82.0000,1977.6654,621592,0,0,1976741401,6547273112,8331274240
30,false,RF,"4. VND NNI->SPR (Classic)",60,true,86.0000,1896.2979,602647,0,0,1895440372,6245493688,10277431296
30,false,RF,"4. VND NNI->SPR (Classic)",61,true,82.0000,2006.8475,601474,0,0,2005959869,6494033792,10524844480
30,false,RF,"4. VND NNI->SPR (Classic)",62,true,76.0000,1803.5216,1775298,0,0,1801509328,5995855064,7068737984
30,false,RF,"4. VND NNI->SPR (Classic)",63,true,97.0000,1986.2795,1509942,0,0,1984438521,6493330488,10289963456
30,false,RF,"4. VND NNI->SPR (Classic)",64,true,96.0000,1984.8332,610251,0,0,1983898694,6577712696,10062289008
30,false,RF,"4. VND NNI->SPR (Classic)",65,true,86.0000,2059.9185,1456020,0,0,2058170533,6845798168,10297170032
30,false,RF,"4. VND NNI->SPR (Classic)",66,true,92.0000,2154.1979,606383,0,0,2153295617,7073775064,10473959456
30,false,RF,"4. VND NNI->SPR (Classic)",67,true,95.0000,1888.0182,1519280,0,0,1886213901,6242117240,9937088544
30,false,RF,"4. VND NNI->SPR (Classic)",68,true,89.0000,2154.0142,600833,0,0,2153135542,7126721736,10306187296
30,false,RF,"4. VND NNI->SPR (Classic)",69,true,106.0000,2077.8249,1542786,0,0,2075879118,6805848320,10461780144
30,false,RF,"4. VND NNI->SPR (Classic)",70,true,94.0000,1979.4491,623316,0,0,1978514153,6551159560,10126235824
30,false,RF,"4. VND NNI->SPR (Classic)",71,true,91.0000,1878.2681,1466649,0,0,1876517466,6233631136,10294007984
30,false,RF,"4. VND NNI->SPR (Classic)",72,true,93.0000,1831.3741,1511004,0,0,1829571537,5949174576,10509352352
30,false,RF,"4. VND NNI->SPR (Classic)",73,true,94.0000,1970.1907,1800775,0,0,1968074474,6523308616,8563195296
30,false,RF,"4. VND NNI->SPR (Classic)",74,true,108.0000,2056.1417,620290,0,0,2055193079,6788240160,10274471328
30,false,RF,"4. VND NNI->SPR (Classic)",75,true,87.0000,1927.2965,1499251,0,0,1925491494,6266423672,10469566224
30,false,RF,"4. VND NNI->SPR (Classic)",76,true,94.0000,2140.1030,593198,0,0,2139131305,7085266096,8624072464
30,false,RF,"4. VND NNI->SPR (Classic)",77,true,105.0000,1883.1634,1573343,0,0,1881246261,6270052072,10301794064
30,false,RF,"4. VND NNI->SPR (Classic)",78,true,88.0000,1908.4680,1514751,0,0,1906668279,6232519168,10539169288
30,false,RF,"4. VND NNI->SPR (Classic)",79,true,88.0000,2042.3347,596895,0,0,2041469464,6820359800,7854814728
30,false,RF,"4. VND NNI->SPR (Classic)",80,true,96.0000,1883.6571,1503229,0,0,1881853346,6227438736,10304288264
30,false,RF,"4. VND NNI->SPR (Classic)",81,true,97.0000,2074.7597,612334,0,0,2073818187,6773862144,10517412448
30,false,RF,"4. VND NNI->SPR (Classic)",82,true,85.0000,1712.1962,1471780,0,0,1710481226,5696484416,6591543904
30,false,RF,"4. VND NNI->SPR (Classic)",83,true,95.0000,1799.7796,1507547,0,0,1797993640,5930476080,10282531424
30,false,RF,"4. VND NNI->SPR (Classic)",84,true,100.0000,2051.6130,585855,0,0,2050662321,6863898440,9362937728
30,false,RF,"4. VND NNI->SPR (Classic)",85,true,89.0000,2049.6380,600562,0,0,2048775612,6801598600,10302461824
30,false,RF,"4. VND NNI->SPR (Classic)",86,true,100.0000,1997.0276,633525,0,0,1996082941,6512370576,10491976472
30,false,RF,"4. VND NNI->SPR (Classic)",87,true,92.0000,1976.0012,589943,0,0,1975122380,6533919520,9015581464
30,false,RF,"4. VND NNI->SPR (Classic)",88,true,99.0000,1983.4698,1511786,0,0,1981646230,6527463096,10290649880
30,false,RF,"4. VND NNI->SPR (Classic)",89,true,92.0000,2011.5877,624999,0,0,2010637617,6554041304,10492542800
30,false,RF,"4. VND NNI->SPR (Classic)",90,true,113.0000,2205.5251,607736,0,0,2204534933,7312621600,9251028816
30,false,RF,"4. VND NNI->SPR (Classic)",91,true,71.0000,1701.7410,624738,0,0,1700846700,5684548328,10291216208
30,false,RF,"4. VND NNI->SPR (Classic)",92,true,82.0000,2083.4570,1497438,0,0,2081671659,6809377608,10565671320
30,false,RF,"4. VND NNI->SPR (Classic)",93,true,85.0000,1964.2440,592377,0,0,1963345839,6554276000,8183306648
30,false,RF,"4. VND NNI->SPR (Classic)",94,true,93.0000,1726.5083,1462702,0,0,1724727425,5698339440,10297235864
30,false,RF,"4. VND NNI->SPR (Classic)",95,true,102.0000,1874.5256,1516233,0,0,1872690176,6216838864,9954595040
30,false,RF,"4. VND NNI->SPR (Classic)",96,true,92.0000,2063.4431,1443717,0,0,2061694005,6832761872,10290139360
30,false,RF,"4. VND NNI->SPR (Classic)",97,true,94.0000,1905.5456,1507878,0,0,1903714160,6283624040,10512559088
30,false,RF,"4. VND NNI->SPR (Classic)",98,true,94.0000,1978.2281,1475738,0,0,1976410240,6597907976,9371708400
30,false,RF,"4. VND NNI->SPR (Classic)",99,true,111.0000,1966.1685,616022,0,0,1965133009,6530025408,10277678064
30,false,RF,"4. VND NNI->SPR (Classic)",100,true,101.0000,2009.2782,1538627,0,0,2007349902,6558695000,10505460896
30,false,RF,"5. VND NNI->ECR->SPR (Inc)",1,true,99.0000,242.3832,94481,964395,9415290,231616396,546328400,542517568
30,false,RF,"5. VND NNI->ECR->SPR (Inc)",2,true,103.0000,241.1352,33513,603007,8089798,232381100,575207664,1112942912
30,false,RF,"5. VND NNI->ECR->SPR (Inc)",3,true,100.0000,220.7141,29527,336821,715992,219609947,533060048,1649813824
30,false,RF,"5. VND NNI->ECR->SPR (Inc)",4,true,96.0000,238.1433,14036,78749,978481,237051754,576754544,2220239168
30,false,RF,"5. VND NNI->ECR->SPR (Inc)",5,true,86.0000,176.3132,55216,87165,816253,175333265,427865568,2656446784
30,false,RF,"5. VND NNI->ECR->SPR (Inc)",6,true,87.0000,183.9646,53992,315921,3241867,180329588,452783576,3092654400
30,false,RF,"5. VND NNI->ECR->SPR (Inc)",7,true,76.0000,212.5001,46558,339685,2325063,209767194,516896128,3629525312
30,false,RF,"5. VND NNI->ECR->SPR (Inc)",8,true,94.0000,210.8356,30027,143422,2209172,208429099,513920352,4132841792
30,false,RF,"5. VND NNI->ECR->SPR (Inc)",9,true,95.0000,210.7964,57830,237612,750558,209730264,508943704,4636158272
30,false,RF,"5. VND NNI->ECR->SPR (Inc)",10,true,99.0000,210.5436,58161,259724,1019269,209184626,508457384,5139474752
30,false,RF,"5. VND NNI->ECR->SPR (Inc)",11,true,104.0000,237.7340,45605,307025,3138059,234213225,582144808,5743454528
30,false,RF,"5. VND NNI->ECR->SPR (Inc)",12,true,87.0000,180.7849,45466,89289,713917,179909791,434781640,6179662144
30,false,RF,"5. VND NNI->ECR->SPR (Inc)",13,true,108.0000,227.2796,15099,84351,906494,226243405,547872152,6716533056
30,false,RF,"5. VND NNI->ECR->SPR (Inc)",14,true,102.0000,206.7856,66547,161707,3849753,202665505,506269976,7219849536
30,false,RF,"5. VND NNI->ECR->SPR (Inc)",15,true,92.0000,201.8391,51178,519918,3670291,197558101,495238296,7723166016
30,false,RF,"5. VND NNI->ECR->SPR (Inc)",16,true,107.0000,239.8323,34686,164764,3845254,235751651,585281056,8293591360
30,false,RF,"5. VND NNI->ECR->SPR (Inc)",17,true,112.0000,239.3133,45588,73730,916994,238241878,571429184,8864016704
30,false,RF,"5. VND NNI->ECR->SPR (Inc)",18,true,94.0000,199.0563,29987,240357,891005,197863371,479710416,9367333184
30,false,RF,"5. VND NNI->ECR->SPR (Inc)",19,true,92.0000,226.4856,16171,84962,856480,225479732,546264184,9904204096
30,false,RF,"5. VND NNI->ECR->SPR (Inc)",20,true,99.0000,223.2122,29366,270164,909660,221959556,536618752,10319188000
30,false,RF,"5. VND NNI->ECR->SPR (Inc)",21,true,88.0000,203.4711,98377,379412,7716427,195232487,515537472,655511584
30,false,RF,"5. VND NNI->ECR->SPR (Inc)",22,true,88.0000,227.0470,34626,170004,2785628,224020897,557328648,1225936928
30,false,RF,"5. VND NNI->ECR->SPR (Inc)",23,true,89.0000,190.8038,29757,251739,667149,189822836,461640880,1695698976
30,false,RF,"5. VND NNI->ECR->SPR (Inc)",24,true,98.0000,208.9289,43584,74913,838044,207941401,507219880,2199015456
30,false,RF,"5. VND NNI->ECR->SPR (Inc)",25,true,87.0000,209.3679,36900,168440,2568386,206557238,511836872,2702331936
30,false,RF,"5. VND NNI->ECR->SPR (Inc)",26,true,86.0000,240.6000,35187,166337,2881892,237479438,588014896,3272757280
30,false,RF,"5. VND NNI->ECR->SPR (Inc)",27,true,107.0000,238.3368,42762,86164,928516,237247186,573768136,3876737056
30,false,RF,"5. VND NNI->ECR->SPR (Inc)",28,true,99.0000,213.1296,27953,267499,806063,211995403,514304312,4380053536
30,false,RF,"5. VND NNI->ECR->SPR (Inc)",29,true,90.0000,217.6710,15409,77247,753313,216794150,524117320,4916924448
30,false,RF,"5. VND NNI->ECR->SPR (Inc)",30,true,104.0000,217.0115,16482,84511,673862,216199329,523417840,5420240928
30,false,RF,"5. VND NNI->ECR->SPR (Inc)",31,true,104.0000,221.0620,29848,248543,762139,219984689,534615000,5957111840
30,false,RF,"5. VND NNI->ECR->SPR (Inc)",32,true,94.0000,234.0806,15360,74873,843885,233113923,563399664,6527537184
30,false,RF,"5. VND NNI->ECR->SPR (Inc)",33,true,103.0000,217.4465,52961,397386,5357932,211594390,535739784,7064408096
30,false,RF,"5. VND NNI->ECR->SPR (Inc)",34,true,94.0000,243.2214,45647,86524,821382,242234532,586012552,7634833440
30,false,RF,"5. VND NNI->ECR->SPR (Inc)",35,true,97.0000,213.7155,45836,86144,902116,212647834,514724536,8171704352
30,false,RF,"5. VND NNI->ECR->SPR (Inc)",36,true,99.0000,219.5237,48522,354395,3611099,215471314,537276392,8708575264
30,false,RF,"5. VND NNI->ECR->SPR (Inc)",37,true,104.0000,248.2076,15229,88979,951770,247118783,596671248,9279000608
30,false,RF,"5. VND NNI->ECR->SPR (Inc)",38,true,116.0000,235.2516,34075,256548,762500,234162458,569346224,9849425952
30,false,RF,"5. VND NNI->ECR->SPR (Inc)",39,true,105.0000,223.5024,16401,83579,1148605,222221464,537833360,10285633568
30,false,RF,"5. VND NNI->ECR->SPR (Inc)",40,true,84.0000,260.0629,29386,269954,853574,258874906,630948488,755711608
30,false,RF,"5. VND NNI->ECR->SPR (Inc)",41,true,90.0000,232.6277,47840,323625,2709214,229513635,570970024,1326136952
30,false,RF,"5. VND NNI->ECR->SPR (Inc)",42,true,96.0000,256.7410,13626,82817,784853,255839142,622856792,1963671160
30,false,RF,"5. VND NNI->ECR->SPR (Inc)",43,true,101.0000,258.1157,31530,164883,4179971,253716664,638350184,2601205368
30,false,RF,"5. VND NNI->ECR->SPR (Inc)",44,true,94.0000,240.7934,43172,340838,3411870,236973044,592596560,3205185144
30,false,RF,"5. VND NNI->ECR->SPR (Inc)",45,true,93.0000,245.6132,28895,250297,873531,244440248,593797552,3775610488
30,false,RF,"5. VND NNI->ECR->SPR (Inc)",46,true,102.0000,219.5029,28353,249785,776837,218429481,529388072,4312481400
30,false,RF,"5. VND NNI->ECR->SPR (Inc)",47,true,110.0000,226.9949,31419,166848,2779487,223997613,555301464,4882906744
30,false,RF,"5. VND NNI->ECR->SPR (Inc)",48,true,104.0000,211.0272,28004,255606,956870,209768266,509671184,5386223224
30,false,RF,"5. VND NNI->ECR->SPR (Inc)",49,true,110.0000,229.3799,29276,146018,2724753,226459225,557914976,5923094136
30,false,RF,"5. VND NNI->ECR->SPR (Inc)",50,true,91.0000,250.9767,35678,327182,831222,249761660,604440048,6527073912
30,false,RF,"5. VND NNI->ECR->SPR (Inc)",51,true,97.0000,204.6906,45296,577018,3726269,200315475,503101168,7030390392
30,false,RF,"5. VND NNI->ECR->SPR (Inc)",52,true,90.0000,228.0877,49103,242720,4208075,223560882,561224288,7600815736
30,false,RF,"5. VND NNI->ECR->SPR (Inc)",53,true,111.0000,234.9683,17023,78710,676376,234161567,565225656,8171241080
30,false,RF,"5. VND NNI->ECR->SPR (Inc)",54,true,118.0000,251.4640,15890,83298,802537,250529952,604138416,8775220856
30,false,RF,"5. VND NNI->ECR->SPR (Inc)",55,true,103.0000,224.0002,16762,90081,1154255,222707599,540167544,9312091768
30,false,RF,"5. VND NNI->ECR->SPR (Inc)",56,true,105.0000,216.2734,16671,83519,845668,215296502,521502608,9848962680
30,false,RF,"5. VND NNI->ECR->SPR (Inc)",57,true,89.0000,209.9254,44104,86154,904170,208863525,506360992,10285170296
30,false,RF,"5. VND NNI->ECR->SPR (Inc)",58,true,97.0000,205.6851,41419,81846,705962,204832338,499347208,579097696
30,false,RF,"5. VND NNI->ECR->SPR (Inc)",59,true,84.0000,237.8512,13225,76425,844125,236895698,576147720,1149523040
30,false,RF,"5. VND NNI->ECR->SPR (Inc)",60,true,79.0000,214.1589,48432,641910,3963809,209482643,530887472,1686393952
30,false,RF,"5. VND NNI->ECR->SPR (Inc)",61,true,76.0000,179.0586,44184,376447,1984214,176633247,439403280,2122601568
30,false,RF,"5. VND NNI->ECR->SPR (Inc)",62,true,92.0000,207.4614,74993,176807,2810457,204374736,509466760,2625918048
30,false,RF,"5. VND NNI->ECR->SPR (Inc)",63,true,96.0000,222.0355,57460,162720,2598303,219193215,539934328,3162788960
30,false,RF,"5. VND NNI->ECR->SPR (Inc)",64,true,88.0000,216.9414,30799,352691,841060,215687706,522151376,3666105440
30,false,RF,"5. VND NNI->ECR->SPR (Inc)",65,true,79.0000,184.2713,78077,347110,4958281,178853140,457560576,4135867488
30,false,RF,"5. VND NNI->ECR->SPR (Inc)",66,true,88.0000,202.4811,29877,338675,831301,201254231,488776240,4639183968
30,false,RF,"5. VND NNI->ECR->SPR (Inc)",67,true,95.0000,233.1720,60745,359264,2070298,230647743,568330272,5209609312
30,false,RF,"5. VND NNI->ECR->SPR (Inc)",68,true,91.0000,230.9879,36359,165054,2694506,228051754,565339648,5746480224
30,false,RF,"5. VND NNI->ECR->SPR (Inc)",69,true,104.0000,203.9780,58743,258632,665246,202957140,493493232,6249796704
30,false,RF,"5. VND NNI->ECR->SPR (Inc)",70,true,87.0000,234.9237,15029,83699,937523,233857898,565893296,6820222048
30,false,RF,"5. VND NNI->ECR->SPR (Inc)",71,true,94.0000,222.9162,65815,164533,5280263,217367211,550596352,7357092960
30,false,RF,"5. VND NNI->ECR->SPR (Inc)",72,true,92.0000,209.2881,66697,177027,2912009,206092973,510793464,7893963872
30,false,RF,"5. VND NNI->ECR->SPR (Inc)",73,true,89.0000,227.7101,57740,82427,890173,226642174,546615880,8430834784
30,false,RF,"5. VND NNI->ECR->SPR (Inc)",74,true,103.0000,224.9512,37281,250837,4151206,220475614,552218280,8967705696
30,false,RF,"5. VND NNI->ECR->SPR (Inc)",75,true,88.0000,238.7668,66747,174952,4278098,234207304,585632624,9571685472
30,false,RF,"5. VND NNI->ECR->SPR (Inc)",76,true,88.0000,203.7888,39666,170074,2773776,200767445,497062752,10075001952
30,false,RF,"5. VND NNI->ECR->SPR (Inc)",77,true,109.0000,243.7723,61407,272618,968643,242433020,586524336,10276328544
30,false,RF,"5. VND NNI->ECR->SPR (Inc)",78,true,86.0000,194.8531,64432,165585,2751764,191837058,479309216,845537664
30,false,RF,"5. VND NNI->ECR->SPR (Inc)",79,true,85.0000,233.7688,31760,323707,910782,232470509,567371664,1415963008
30,false,RF,"5. VND NNI->ECR->SPR (Inc)",80,true,96.0000,199.7702,59412,268630,1067009,198341411,484818024,1919279488
30,false,RF,"5. VND NNI->ECR->SPR (Inc)",81,true,92.0000,215.1787,35066,161538,4747441,210199266,531943384,2456150400
30,false,RF,"5. VND NNI->ECR->SPR (Inc)",82,true,77.0000,190.0410,64141,163691,2741816,187035534,466554224,2925912448
30,false,RF,"5. VND NNI->ECR->SPR (Inc)",83,true,97.0000,243.4064,58591,267990,973692,242072404,587550504,3496337792
30,false,RF,"5. VND NNI->ECR->SPR (Inc)",84,true,99.0000,220.1759,33744,236470,784903,219089267,530809880,4033208704
30,false,RF,"5. VND NNI->ECR->SPR (Inc)",85,true,93.0000,224.1746,48843,369223,4501753,219216048,551052520,4570079616
30,false,RF,"5. VND NNI->ECR->SPR (Inc)",86,true,91.0000,219.1118,35387,249835,859445,217935342,527701720,5106950528
30,false,RF,"5. VND NNI->ECR->SPR (Inc)",87,true,89.0000,231.5888,36238,177558,2683264,228654161,564643808,5677375872
30,false,RF,"5. VND NNI->ECR->SPR (Inc)",88,true,111.0000,237.7028,44896,90191,900844,236634641,573404832,6247801216
30,false,RF,"5. VND NNI->ECR->SPR (Inc)",89,true,88.0000,210.4426,32211,310060,914580,209154539,507184480,6751117696
30,false,RF,"5. VND NNI->ECR->SPR (Inc)",90,true,109.0000,253.5652,34324,164343,2626095,250703282,614133456,7355097472
30,false,RF,"5. VND NNI->ECR->SPR (Inc)",91,true,79.0000,205.9703,54204,261757,4394650,201217271,507137640,7891968384
30,false,RF,"5. VND NNI->ECR->SPR (Inc)",92,true,93.0000,183.4492,94781,432292,7553538,175329477,462438408,8328176000
30,false,RF,"5. VND NNI->ECR->SPR (Inc)",93,true,86.0000,173.5825,44624,446950,2824172,170235558,424404248,8764383616
30,false,RF,"5. VND NNI->ECR->SPR (Inc)",94,true,85.0000,191.4142,72430,315811,2073754,188921613,465915408,9234145664
30,false,RF,"5. VND NNI->ECR->SPR (Inc)",95,true,93.0000,216.2332,62800,173621,4657058,211304559,533858360,9771016576
30,false,RF,"5. VND NNI->ECR->SPR (Inc)",96,true,102.0000,259.0072,64072,159985,2933921,255810667,627794400,10274333056
30,false,RF,"5. VND NNI->ECR->SPR (Inc)",97,true,93.0000,219.0627,45376,81875,753604,218148387,529263552,643684296
30,false,RF,"5. VND NNI->ECR->SPR (Inc)",98,true,85.0000,196.0104,74640,333223,2163686,193402025,478322008,1147000776
30,false,RF,"5. VND NNI->ECR->SPR (Inc)",99,true,114.0000,224.2354,14839,84540,782398,223325254,542410416,1683871688
30,false,RF,"5. VND NNI->ECR->SPR (Inc)",100,true,104.0000,236.0620,79011,321702,1820182,233800419,573714904,2254297032
30,false,RF,"6. VND NNI->SPR (Inc)",1,true,99.0000,227.0000,99229,0,0,226827502,542265032,542758760
30,false,RF,"6. VND NNI->SPR (Inc)",2,true,96.0000,253.4344,14007,0,0,253403919,613021280,1146738536
30,false,RF,"6. VND NNI->SPR (Inc)",3,true,100.0000,238.3047,14277,0,0,238273348,574348360,1717163880
30,false,RF,"6. VND NNI->SPR (Inc)",4,true,96.0000,236.6453,13205,0,0,236617969,570945248,2287589224
30,false,RF,"6. VND NNI->SPR (Inc)",5,true,86.0000,175.2472,55226,0,0,175174162,423108712,2723796840
30,false,RF,"6. VND NNI->SPR (Inc)",6,true,83.0000,232.1568,13957,0,0,232128228,557775944,3260667752
30,false,RF,"6. VND NNI->SPR (Inc)",7,true,89.0000,224.0264,14537,0,0,223993525,535565896,3797538664
30,false,RF,"6. VND NNI->SPR (Inc)",8,true,96.0000,219.2961,19788,0,0,219251325,525361824,4334409576
30,false,RF,"6. VND NNI->SPR (Inc)",9,true,95.0000,220.0322,49544,0,0,219954422,527525184,4871280488
30,false,RF,"6. VND NNI->SPR (Inc)",10,true,99.0000,219.7528,46960,0,0,219673468,528355416,5374596968
30,false,RF,"6. VND NNI->SPR (Inc)",11,true,103.0000,258.9630,15520,0,0,258918268,622189752,6012131176
30,false,RF,"6. VND NNI->SPR (Inc)",12,true,87.0000,180.1225,49044,0,0,180045228,430423952,6448338792
30,false,RF,"6. VND NNI->SPR (Inc)",13,true,108.0000,226.1685,14908,0,0,226128005,542567216,6985209704
30,false,RF,"6. VND NNI->SPR (Inc)",14,true,100.0000,216.2361,45987,0,0,216159744,516808816,7488526184
30,false,RF,"6. VND NNI->SPR (Inc)",15,true,100.0000,223.9385,16471,0,0,223894156,536377104,8025397096
30,false,RF,"6. VND NNI->SPR (Inc)",16,true,110.0000,244.8388,16170,0,0,244792969,585723528,8629376872
30,false,RF,"6. VND NNI->SPR (Inc)",17,true,112.0000,237.9929,46047,0,0,237912602,566014544,9199802216
30,false,RF,"6. VND NNI->SPR (Inc)",18,true,94.0000,207.3210,15620,0,0,207276416,498328800,9703118696
30,false,RF,"6. VND NNI->SPR (Inc)",19,true,92.0000,224.9012,17132,0,0,224855094,541171400,10239989608
30,false,RF,"6. VND NNI->SPR (Inc)",20,true,99.0000,232.1561,16010,0,0,232107248,553495984,10307218688
30,false,RF,"6. VND NNI->SPR (Inc)",21,true,99.0000,228.7215,43252,0,0,228644222,550603296,1046195456
30,false,RF,"6. VND NNI->SPR (Inc)",22,true,99.0000,236.1810,16231,0,0,236135982,568203528,1583066368
30,false,RF,"6. VND NNI->SPR (Inc)",23,true,89.0000,198.8198,15189,0,0,198778391,478982776,2086382848
30,false,RF,"6. VND NNI->SPR (Inc)",24,true,98.0000,208.3192,44274,0,0,208250198,502232272,2589699328
30,false,RF,"6. VND NNI->SPR (Inc)",25,true,84.0000,213.9927,15790,0,0,213954409,513313888,3093015808
30,false,RF,"6. VND NNI->SPR (Inc)",26,true,93.0000,236.5073,14938,0,0,236470879,568151496,3663441152
30,false,RF,"6. VND NNI->SPR (Inc)",27,true,107.0000,236.9294,44175,0,0,236861352,568350568,4233866496
30,false,RF,"6. VND NNI->SPR (Inc)",28,true,98.0000,221.1163,14688,0,0,221079532,530921544,4770737408
30,false,RF,"6. VND NNI->SPR (Inc)",29,true,90.0000,216.5722,13926,0,0,216538895,519450240,5274053888
30,false,RF,"6. VND NNI->SPR (Inc)",30,true,104.0000,216.3062,14668,0,0,216273581,519322632,5810924800
30,false,RF,"6. VND NNI->SPR (Inc)",31,true,104.0000,229.2585,14237,0,0,229227000,551348672,6347795712
30,false,RF,"6. VND NNI->SPR (Inc)",32,true,94.0000,233.7197,14377,0,0,233685020,558417904,6918221056
30,false,RF,"6. VND NNI->SPR (Inc)",33,true,105.0000,225.4298,13696,0,0,225399379,536365040,7455091968
30,false,RF,"6. VND NNI->SPR (Inc)",34,true,94.0000,242.5247,43201,0,0,242455853,581090888,8025517312
30,false,RF,"6. VND NNI->SPR (Inc)",35,true,97.0000,213.0909,46639,0,0,213012828,509543704,8528833792
30,false,RF,"6. VND NNI->SPR (Inc)",36,true,98.0000,235.7237,16270,0,0,235679784,563335408,9099259136
30,false,RF,"6. VND NNI->SPR (Inc)",37,true,104.0000,246.6373,16131,0,0,246592152,591221776,9703238912
30,false,RF,"6. VND NNI->SPR (Inc)",38,true,116.0000,245.7944,15370,0,0,245747384,588169104,10273664256
30,false,RF,"6. VND NNI->SPR (Inc)",39,true,105.0000,221.2306,16151,0,0,221184192,531372856,542870288
30,false,RF,"6. VND NNI->SPR (Inc)",40,true,84.0000,268.2985,16171,0,0,268252634,646632184,1180404496
30,false,RF,"6. VND NNI->SPR (Inc)",41,true,95.0000,253.7454,15589,0,0,253698920,609496008,1784384272
30,false,RF,"6. VND NNI->SPR (Inc)",42,true,96.0000,256.7670,15470,0,0,256723754,618138448,2421918480
30,false,RF,"6. VND NNI->SPR (Inc)",43,true,121.0000,234.0087,15279,0,0,233969661,560950184,2992343824
30,false,RF,"6. VND NNI->SPR (Inc)",44,true,94.0000,259.6635,14979,0,0,259628258,621866672,3596323600
30,false,RF,"6. VND NNI->SPR (Inc)",45,true,94.0000,266.7708,15340,0,0,266734927,637783512,4233857808
30,false,RF,"6. VND NNI->SPR (Inc)",46,true,103.0000,227.8088,13866,0,0,227772924,544417320,4770728720
30,false,RF,"6. VND NNI->SPR (Inc)",47,true,114.0000,232.2587,15730,0,0,232215364,556960168,5341154064
30,false,RF,"6. VND NNI->SPR (Inc)",48,true,104.0000,219.8325,16231,0,0,219788546,525540824,5878024976
30,false,RF,"6. VND NNI->SPR (Inc)",49,true,100.0000,225.5863,15269,0,0,225541199,537842432,6414895888
30,false,RF,"6. VND NNI->SPR (Inc)",50,true,90.0000,270.3048,17945,0,0,270256746,645569848,7052430096
30,false,RF,"6. VND NNI->SPR (Inc)",51,true,93.0000,228.2562,16181,0,0,228210366,545484832,7589301008
30,false,RF,"6. VND NNI->SPR (Inc)",52,true,94.0000,247.7984,16412,0,0,247752398,591970784,8193280784
30,false,RF,"6. VND NNI->SPR (Inc)",53,true,111.0000,234.7266,16361,0,0,234681806,561300936,8763706128
30,false,RF,"6. VND NNI->SPR (Inc)",54,true,118.0000,250.2644,15710,0,0,250218379,599322176,9334131472
30,false,RF,"6. VND NNI->SPR (Inc)",55,true,103.0000,222.9331,15820,0,0,222887621,533669384,9871002384
30,false,RF,"6. VND NNI->SPR (Inc)",56,true,105.0000,216.3388,16101,0,0,216291024,516590400,10273655568
30,false,RF,"6. VND NNI->SPR (Inc)",57,true,89.0000,208.6711,45568,0,0,208596938,501014664,643525264
30,false,RF,"6. VND NNI->SPR (Inc)",58,true,97.0000,205.8383,43292,0,0,205765172,495066728,1113287312
30,false,RF,"6. VND NNI->SPR (Inc)",59,true,84.0000,238.2210,15980,0,0,238175382,570851624,1683712656
30,false,RF,"6. VND NNI->SPR (Inc)",60,true,81.0000,190.2747,17173,0,0,190226614,457308928,2153474704
30,false,RF,"6. VND NNI->SPR (Inc)",61,true,82.0000,217.4234,15109,0,0,217379174,523672040,2690345616
30,false,RF,"6. VND NNI->SPR (Inc)",62,true,86.0000,214.3638,60395,0,0,214272494,513510072,3193662096
30,false,RF,"6. VND NNI->SPR (Inc)",63,true,96.0000,229.3521,44434,0,0,229277736,547429488,3730533008
30,false,RF,"6. VND NNI->SPR (Inc)",64,true,87.0000,235.7134,16180,0,0,235667872,563112656,4300958352
30,false,RF,"6. VND NNI->SPR (Inc)",65,true,78.0000,212.8014,44184,0,0,212733366,509799984,4804274832
30,false,RF,"6. VND NNI->SPR (Inc)",66,true,89.0000,220.7452,14367,0,0,220710931,528457464,5341145744
30,false,RF,"6. VND NNI->SPR (Inc)",67,true,89.0000,221.9789,42401,0,0,221917115,532770744,5878016656
30,false,RF,"6. VND NNI->SPR (Inc)",68,true,94.0000,239.7335,14858,0,0,239701054,573979512,6448442000
30,false,RF,"6. VND NNI->SPR (Inc)",69,true,104.0000,213.9990,42040,0,0,213934230,510399160,6951758480
30,false,RF,"6. VND NNI->SPR (Inc)",70,true,87.0000,233.8633,16872,0,0,233822201,560535664,7522183824
30,false,RF,"6. VND NNI->SPR (Inc)",71,true,101.0000,258.4702,43062,0,0,258405383,622307480,8126163600
30,false,RF,"6. VND NNI->SPR (Inc)",72,true,93.0000,217.5151,41520,0,0,217452793,521810320,8663034512
30,false,RF,"6. VND NNI->SPR (Inc)",73,true,89.0000,226.3407,55045,0,0,226266649,541557328,9199905424
30,false,RF,"6. VND NNI->SPR (Inc)",74,true,112.0000,234.9534,13466,0,0,234924909,564390608,9770330768
30,false,RF,"6. VND NNI->SPR (Inc)",75,true,85.0000,201.7956,42540,0,0,201730397,486164632,10240092816
30,false,RF,"6. VND NNI->SPR (Inc)",76,true,97.0000,213.4286,13565,0,0,213400586,509948208,10273668760
30,false,RF,"6. VND NNI->SPR (Inc)",77,true,109.0000,250.7053,41680,0,0,250646774,603534504,1113308824
30,false,RF,"6. VND NNI->SPR (Inc)",78,true,93.0000,193.5329,40508,0,0,193474994,464975328,1583070872
30,false,RF,"6. VND NNI->SPR (Inc)",79,true,85.0000,254.2785,13696,0,0,254249908,613505720,2187050648
30,false,RF,"6. VND NNI->SPR (Inc)",80,true,96.0000,208.4324,41560,0,0,208374675,501867560,2690367128
30,false,RF,"6. VND NNI->SPR (Inc)",81,true,99.0000,224.0843,14227,0,0,224049121,534794240,3227238040
30,false,RF,"6. VND NNI->SPR (Inc)",82,true,79.0000,198.2386,45176,0,0,198166477,475461632,3697000088
30,false,RF,"6. VND NNI->SPR (Inc)",83,true,97.0000,252.2412,45307,0,0,252164561,605559288,4300979864
30,false,RF,"6. VND NNI->SPR (Inc)",84,true,99.0000,228.5678,15639,0,0,228522390,547796680,4837850776
30,false,RF,"6. VND NNI->SPR (Inc)",85,true,91.0000,241.0201,15750,0,0,240975268,577960976,5408276120
30,false,RF,"6. VND NNI->SPR (Inc)",86,true,91.0000,228.2694,16291,0,0,228224614,548054944,5978701464
30,false,RF,"6. VND NNI->SPR (Inc)",87,true,92.0000,246.8120,16221,0,0,246761975,591974856,6549126808
30,false,RF,"6. VND NNI->SPR (Inc)",88,true,111.0000,237.2090,45437,0,0,237129662,568102856,7119552152
30,false,RF,"6. VND NNI->SPR (Inc)",89,true,90.0000,219.9607,16071,0,0,219917081,525762040,7656423064
30,false,RF,"6. VND NNI->SPR (Inc)",90,true,108.0000,234.2894,15490,0,0,234245135,559728696,8226848408
30,false,RF,"6. VND NNI->SPR (Inc)",91,true,72.0000,176.2856,16161,0,0,176240741,421020448,8629501592
30,false,RF,"6. VND NNI->SPR (Inc)",92,true,96.0000,221.4241,45487,0,0,221347713,528148160,9166372504
30,false,RF,"6. VND NNI->SPR (Inc)",93,true,88.0000,206.1686,14979,0,0,206126509,492236352,9669688984
30,false,RF,"6. VND NNI->SPR (Inc)",94,true,84.0000,203.2622,43923,0,0,203190194,487395904,10139451032
30,false,RF,"6. VND NNI->SPR (Inc)",95,true,104.0000,219.5173,46779,0,0,219439603,522326024,10273668760
30,false,RF,"6. VND NNI->SPR (Inc)",96,true,105.0000,286.3797,46138,0,0,286301726,685762688,1079729520
30,false,RF,"6. VND NNI->SPR (Inc)",97,true,93.0000,218.7940,43412,0,0,218718622,524694960,1616600432
30,false,RF,"6. VND NNI->SPR (Inc)",98,true,96.0000,223.1303,43734,0,0,223055250,536527344,2153471344
30,false,RF,"6. VND NNI->SPR (Inc)",99,true,114.0000,224.0725,14518,0,0,224028882,537789032,2690342256
30,false,RF,"6. VND NNI->SPR (Inc)",100,true,105.0000,232.9356,46449,0,0,232852917,555956904,3227213168
30,false,MS,"1. NNI (Classic)",1,false,Infinity,45.2243,0,0,0,0,46811904,39494512
30,false,MS,"1. NNI (Classic)",2,false,Infinity,31.1345,0,0,0,0,37258216,73048944
30,false,MS,"1. NNI (Classic)",3,false,Infinity,17.4137,0,0,0,0,21019368,106603376
30,false,MS,"1. NNI (Classic)",4,false,Infinity,19.8510,0,0,0,0,24510600,106603376
30,false,MS,"1. NNI (Classic)",5,false,Infinity,20.1834,0,0,0,0,15068416,140157808
30,false,MS,"1. NNI (Classic)",6,false,Infinity,15.3394,0,0,0,0,18864160,140157808
30,false,MS,"1. NNI (Classic)",7,false,Infinity,20.1574,0,0,0,0,24411224,173712240
30,false,MS,"1. NNI (Classic)",8,false,Infinity,12.6713,0,0,0,0,15334008,207266672
30,false,MS,"1. NNI (Classic)",9,false,Infinity,24.2861,0,0,0,0,30139696,207266672
30,false,MS,"1. NNI (Classic)",10,false,Infinity,19.5596,0,0,0,0,24338224,240821104
30,false,MS,"1. NNI (Classic)",11,false,Infinity,35.0559,0,0,0,0,43329944,274375536
30,false,MS,"1. NNI (Classic)",12,false,Infinity,18.2662,0,0,0,0,22692288,307929968
30,false,MS,"1. NNI (Classic)",13,false,Infinity,14.0522,0,0,0,0,17358272,341484400
30,false,MS,"1. NNI (Classic)",14,false,Infinity,24.3331,0,0,0,0,30068488,375038832
30,false,MS,"1. NNI (Classic)",15,false,Infinity,16.7561,0,0,0,0,20690984,375038832
30,false,MS,"1. NNI (Classic)",16,false,Infinity,16.6831,0,0,0,0,20815432,408593264
30,false,MS,"1. NNI (Classic)",17,false,Infinity,34.1797,0,0,0,0,42467096,442147696
30,false,MS,"1. NNI (Classic)",18,false,Infinity,20.9647,0,0,0,0,26198304,475702128
30,false,MS,"1. NNI (Classic)",19,false,Infinity,16.4994,0,0,0,0,20717352,475702128
30,false,MS,"1. NNI (Classic)",20,false,Infinity,32.3835,0,0,0,0,40045952,542810992
30,false,MS,"1. NNI (Classic)",21,false,Infinity,13.7160,0,0,0,0,17144576,542810992
30,false,MS,"1. NNI (Classic)",22,false,Infinity,15.1360,0,0,0,0,18762736,576365424
30,false,MS,"1. NNI (Classic)",23,false,Infinity,13.4623,0,0,0,0,16992480,576365424
30,false,MS,"1. NNI (Classic)",24,false,Infinity,22.9409,0,0,0,0,28305504,609919856
30,false,MS,"1. NNI (Classic)",25,false,Infinity,24.0353,0,0,0,0,30031608,643474288
30,false,MS,"1. NNI (Classic)",26,false,Infinity,21.2332,0,0,0,0,26330496,677028720
30,false,MS,"1. NNI (Classic)",27,false,Infinity,17.5867,0,0,0,0,20898392,677028720
30,false,MS,"1. NNI (Classic)",28,false,Infinity,13.6590,0,0,0,0,17045952,710583152
30,false,MS,"1. NNI (Classic)",29,false,Infinity,19.9743,0,0,0,0,24659144,744137584
30,false,MS,"1. NNI (Classic)",30,false,Infinity,14.0961,0,0,0,0,17333696,744137584
30,false,MS,"1. NNI (Classic)",31,false,Infinity,28.9612,0,0,0,0,35333488,777692016
30,false,MS,"1. NNI (Classic)",32,false,Infinity,18.3686,0,0,0,0,22543536,811246448
30,false,MS,"1. NNI (Classic)",33,false,Infinity,39.3848,0,0,0,0,48794480,844800880
30,false,MS,"1. NNI (Classic)",34,false,Infinity,15.2866,0,0,0,0,18694224,878355312
30,false,MS,"1. NNI (Classic)",35,false,Infinity,16.9355,0,0,0,0,20445040,911909744
30,false,MS,"1. NNI (Classic)",36,false,Infinity,25.3152,0,0,0,0,31793872,911909744
30,false,MS,"1. NNI (Classic)",37,false,Infinity,13.6714,0,0,0,0,17012768,945464176
30,false,MS,"1. NNI (Classic)",38,false,Infinity,13.7893,0,0,0,0,17037616,945464176
30,false,MS,"1. NNI (Classic)",39,false,Infinity,21.5563,0,0,0,0,26436400,979018608
30,false,MS,"1. NNI (Classic)",40,false,Infinity,19.2992,0,0,0,0,24364728,1012573040
30,false,MS,"1. NNI (Classic)",41,false,Infinity,16.6925,0,0,0,0,20840064,1046127472
30,false,MS,"1. NNI (Classic)",42,false,Infinity,15.2880,0,0,0,0,18839392,1046127472
30,false,MS,"1. NNI (Classic)",43,false,Infinity,16.7856,0,0,0,0,20815432,1079681904
30,false,MS,"1. NNI (Classic)",44,false,Infinity,25.9684,0,0,0,0,32175920,1113236336
30,false,MS,"1. NNI (Classic)",45,false,Infinity,26.2476,0,0,0,0,32519368,1146790768
30,false,MS,"1. NNI (Classic)",46,false,Infinity,10.8834,0,0,0,0,13481336,1146790768
30,false,MS,"1. NNI (Classic)",47,false,Infinity,15.4054,0,0,0,0,19111496,1180345200
30,false,MS,"1. NNI (Classic)",48,false,Infinity,15.6865,0,0,0,0,19284328,1180345200
30,false,MS,"1. NNI (Classic)",49,false,Infinity,23.3125,0,0,0,0,28832544,1213899632
30,false,MS,"1. NNI (Classic)",50,false,Infinity,15.5702,0,0,0,0,19073504,1247454064
30,false,MS,"1. NNI (Classic)",51,false,Infinity,18.3958,0,0,0,0,22618656,1247454064
30,false,MS,"1. NNI (Classic)",52,false,Infinity,16.7108,0,0,0,0,20716584,1281008496
30,false,MS,"1. NNI (Classic)",53,false,Infinity,15.2591,0,0,0,0,18889088,1314562928
30,false,MS,"1. NNI (Classic)",54,false,Infinity,16.8508,0,0,0,0,20716040,1314562928
30,false,MS,"1. NNI (Classic)",55,false,Infinity,16.5986,0,0,0,0,20592888,1348117360
30,false,MS,"1. NNI (Classic)",56,false,Infinity,19.4032,0,0,0,0,24259776,1381671792
30,false,MS,"1. NNI (Classic)",57,false,Infinity,18.1847,0,0,0,0,22708512,1381671792
30,false,MS,"1. NNI (Classic)",58,false,Infinity,13.7581,0,0,0,0,16987520,1415226224
30,false,MS,"1. NNI (Classic)",59,false,Infinity,27.4569,0,0,0,0,33547600,1448780656
30,false,MS,"1. NNI (Classic)",60,false,Infinity,25.3057,0,0,0,0,31661400,1482335088
30,false,MS,"1. NNI (Classic)",61,false,Infinity,12.4584,0,0,0,0,15209840,1482335088
30,false,MS,"1. NNI (Classic)",62,false,Infinity,33.2159,0,0,0,0,41266352,1515889520
30,false,MS,"1. NNI (Classic)",63,false,Infinity,23.7924,0,0,0,0,29734816,1549443952
30,false,MS,"1. NNI (Classic)",64,false,Infinity,20.8421,0,0,0,0,26280824,1582998384
30,false,MS,"1. NNI (Classic)",65,false,Infinity,18.3337,0,0,0,0,22464728,1616552816
30,false,MS,"1. NNI (Classic)",66,false,Infinity,21.2098,0,0,0,0,26287968,1616552816
30,false,MS,"1. NNI (Classic)",67,false,Infinity,28.4784,0,0,0,0,35456240,1683661680
30,false,MS,"1. NNI (Classic)",68,false,Infinity,25.8393,0,0,0,0,32151608,1683661680
30,false,MS,"1. NNI (Classic)",69,false,Infinity,30.2651,0,0,0,0,37219032,1750770544
30,false,MS,"1. NNI (Classic)",70,false,Infinity,16.6890,0,0,0,0,20716704,1750770544
30,false,MS,"1. NNI (Classic)",71,false,Infinity,22.7357,0,0,0,0,28238536,1784324976
30,false,MS,"1. NNI (Classic)",72,false,Infinity,22.3589,0,0,0,0,27934984,1817879408
30,false,MS,"1. NNI (Classic)",73,false,Infinity,15.3972,0,0,0,0,18751576,1817879408
30,false,MS,"1. NNI (Classic)",74,false,Infinity,20.3907,0,0,0,0,25252128,1851433840
30,false,MS,"1. NNI (Classic)",75,false,Infinity,6.3009,0,0,0,0,7744664,1851433840
30,false,MS,"1. NNI (Classic)",76,false,Infinity,25.8226,0,0,0,0,31967176,1884988272
30,false,MS,"1. NNI (Classic)",77,false,Infinity,9.1917,0,0,0,0,11317808,1918542704
30,false,MS,"1. NNI (Classic)",78,false,Infinity,12.2618,0,0,0,0,15005424,1918542704
30,false,MS,"1. NNI (Classic)",79,false,Infinity,20.2084,0,0,0,0,24609448,1952097136
30,false,MS,"1. NNI (Classic)",80,false,Infinity,21.2139,0,0,0,0,26316808,1985651568
30,false,MS,"1. NNI (Classic)",81,false,Infinity,20.9335,0,0,0,0,26109416,1985651568
30,false,MS,"1. NNI (Classic)",82,false,Infinity,20.9288,0,0,0,0,26097168,2019206000
30,false,MS,"1. NNI (Classic)",83,false,Infinity,23.9947,0,0,0,0,30167264,2052760432
30,false,MS,"1. NNI (Classic)",84,false,Infinity,20.0237,0,0,0,0,24633752,2086314864
30,false,MS,"1. NNI (Classic)",85,false,Infinity,16.6853,0,0,0,0,20610416,2119869296
30,false,MS,"1. NNI (Classic)",86,false,Infinity,21.3382,0,0,0,0,26288264,2119869296
30,false,MS,"1. NNI (Classic)",87,false,Infinity,25.6421,0,0,0,0,31914880,2153423728
30,false,MS,"1. NNI (Classic)",88,false,Infinity,19.7017,0,0,0,0,24428672,2186978160
30,false,MS,"1. NNI (Classic)",89,false,Infinity,13.9643,0,0,0,0,17264224,2186978160
30,false,MS,"1. NNI (Classic)",90,false,Infinity,31.4626,0,0,0,0,39350712,2254087024
30,false,MS,"1. NNI (Classic)",91,false,Infinity,25.7583,0,0,0,0,32185832,2287641456
30,false,MS,"1. NNI (Classic)",92,false,Infinity,12.4175,0,0,0,0,15234616,2287641456
30,false,MS,"1. NNI (Classic)",93,false,Infinity,22.8857,0,0,0,0,28413672,2321195888
30,false,MS,"1. NNI (Classic)",94,false,Infinity,30.6069,0,0,0,0,37923792,2354750320
30,false,MS,"1. NNI (Classic)",95,false,Infinity,13.6689,0,0,0,0,16949456,2388304752
30,false,MS,"1. NNI (Classic)",96,false,Infinity,20.9284,0,0,0,0,26070456,2388304752
30,false,MS,"1. NNI (Classic)",97,false,Infinity,18.4305,0,0,0,0,22766928,2421859184
30,false,MS,"1. NNI (Classic)",98,false,Infinity,12.3410,0,0,0,0,15136168,2421859184
30,false,MS,"1. NNI (Classic)",99,false,Infinity,14.9535,0,0,0,0,18595264,2455413616
30,false,MS,"1. NNI (Classic)",100,false,Infinity,18.1322,0,0,0,0,22593096,2488968048
30,false,MS,"2. NNI (Incremental)",1,false,Infinity,3.4192,0,0,0,0,4645240,6080880
30,false,MS,"2. NNI (Incremental)",2,false,Infinity,1.1036,0,0,0,0,3494336,6080880
30,false,MS,"2. NNI (Incremental)",3,false,Infinity,0.8389,0,0,0,0,2585280,6080880
30,false,MS,"2. NNI (Incremental)",4,false,Infinity,1.5091,0,0,0,0,4636984,6080880
30,false,MS,"2. NNI (Incremental)",5,false,Infinity,0.6659,0,0,0,0,1874280,6080880
30,false,MS,"2. NNI (Incremental)",6,false,Infinity,0.6427,0,0,0,0,1878144,6080880
30,false,MS,"2. NNI (Incremental)",7,false,Infinity,1.0513,0,0,0,0,3238424,6080880
30,false,MS,"2. NNI (Incremental)",8,false,Infinity,1.0647,0,0,0,0,3471456,6080880
30,false,MS,"2. NNI (Incremental)",9,false,Infinity,1.1233,0,0,0,0,3476888,6080880
30,false,MS,"2. NNI (Incremental)",10,false,Infinity,0.9461,0,0,0,0,3015864,6080880
30,false,MS,"2. NNI (Incremental)",11,false,Infinity,1.8943,0,0,0,0,5976232,39635312
30,false,MS,"2. NNI (Incremental)",12,false,Infinity,1.2856,0,0,0,0,4147592,39635312
30,false,MS,"2. NNI (Incremental)",13,false,Infinity,0.6638,0,0,0,0,2102216,39635312
30,false,MS,"2. NNI (Incremental)",14,false,Infinity,1.2784,0,0,0,0,4154032,39635312
30,false,MS,"2. NNI (Incremental)",15,false,Infinity,0.7379,0,0,0,0,2331888,39635312
30,false,MS,"2. NNI (Incremental)",16,false,Infinity,0.9200,0,0,0,0,3017936,39635312
30,false,MS,"2. NNI (Incremental)",17,false,Infinity,1.5992,0,0,0,0,5294832,39635312
30,false,MS,"2. NNI (Incremental)",18,false,Infinity,1.7217,0,0,0,0,5521256,39635312
30,false,MS,"2. NNI (Incremental)",19,false,Infinity,0.8348,0,0,0,0,2558032,73189744
30,false,MS,"2. NNI (Incremental)",20,false,Infinity,1.0121,0,0,0,0,3241336,73189744
30,false,MS,"2. NNI (Incremental)",21,false,Infinity,0.6959,0,0,0,0,2104680,73189744
30,false,MS,"2. NNI (Incremental)",22,false,Infinity,0.7429,0,0,0,0,2330264,73189744
30,false,MS,"2. NNI (Incremental)",23,false,Infinity,0.6316,0,0,0,0,1878816,73189744
30,false,MS,"2. NNI (Incremental)",24,false,Infinity,1.0440,0,0,0,0,3241952,73189744
30,false,MS,"2. NNI (Incremental)",25,false,Infinity,1.0221,0,0,0,0,3245032,73189744
30,false,MS,"2. NNI (Incremental)",26,false,Infinity,0.9372,0,0,0,0,3010768,73189744
30,false,MS,"2. NNI (Incremental)",27,false,Infinity,1.1220,0,0,0,0,3693456,73189744
30,false,MS,"2. NNI (Incremental)",28,false,Infinity,0.5982,0,0,0,0,1874952,73189744
30,false,MS,"2. NNI (Incremental)",29,false,Infinity,1.0590,0,0,0,0,3472632,73189744
30,false,MS,"2. NNI (Incremental)",30,false,Infinity,0.6586,0,0,0,0,2104008,73189744
30,false,MS,"2. NNI (Incremental)",31,false,Infinity,1.4244,0,0,0,0,4844840,106744176
30,false,MS,"2. NNI (Incremental)",32,false,Infinity,0.8989,0,0,0,0,2784848,106744176
30,false,MS,"2. NNI (Incremental)",33,false,Infinity,1.3891,0,0,0,0,4829496,106744176
30,false,MS,"2. NNI (Incremental)",34,false,Infinity,0.6996,0,0,0,0,2332168,106744176
30,false,MS,"2. NNI (Incremental)",35,false,Infinity,0.7740,0,0,0,0,2556688,106744176
30,false,MS,"2. NNI (Incremental)",36,false,Infinity,1.1127,0,0,0,0,3699840,106744176
30,false,MS,"2. NNI (Incremental)",37,false,Infinity,0.6427,0,0,0,0,2104568,106744176
30,false,MS,"2. NNI (Incremental)",38,false,Infinity,0.7092,0,0,0,0,2331720,106744176
30,false,MS,"2. NNI (Incremental)",39,false,Infinity,0.6896,0,0,0,0,2332448,106744176
30,false,MS,"2. NNI (Incremental)",40,false,Infinity,0.9019,0,0,0,0,3016928,106744176
30,false,MS,"2. NNI (Incremental)",41,false,Infinity,0.9497,0,0,0,0,3242512,106744176
30,false,MS,"2. NNI (Incremental)",42,false,Infinity,0.7045,0,0,0,0,2330320,140298608
30,false,MS,"2. NNI (Incremental)",43,false,Infinity,1.3101,0,0,0,0,4613656,140298608
30,false,MS,"2. NNI (Incremental)",44,false,Infinity,1.3793,0,0,0,0,4834144,140298608
30,false,MS,"2. NNI (Incremental)",45,false,Infinity,1.2965,0,0,0,0,4380064,140298608
30,false,MS,"2. NNI (Incremental)",46,false,Infinity,0.5177,0,0,0,0,1649144,140298608
30,false,MS,"2. NNI (Incremental)",47,false,Infinity,0.7525,0,0,0,0,2558872,140298608
30,false,MS,"2. NNI (Incremental)",48,false,Infinity,0.8154,0,0,0,0,2784008,140298608
30,false,MS,"2. NNI (Incremental)",49,false,Infinity,1.1316,0,0,0,0,3922344,140298608
30,false,MS,"2. NNI (Incremental)",50,false,Infinity,0.8185,0,0,0,0,2788208,140298608
30,false,MS,"2. NNI (Incremental)",51,false,Infinity,0.9286,0,0,0,0,3014352,140298608
30,false,MS,"2. NNI (Incremental)",52,false,Infinity,0.7346,0,0,0,0,2331272,173853040
30,false,MS,"2. NNI (Incremental)",53,false,Infinity,0.6856,0,0,0,0,2334968,173853040
30,false,MS,"2. NNI (Incremental)",54,false,Infinity,0.7000,0,0,0,0,2332168,173853040
30,false,MS,"2. NNI (Incremental)",55,false,Infinity,0.7747,0,0,0,0,2557192,173853040
30,false,MS,"2. NNI (Incremental)",56,false,Infinity,1.2230,0,0,0,0,4377768,173853040
30,false,MS,"2. NNI (Incremental)",57,false,Infinity,0.6273,0,0,0,0,2103672,173853040
30,false,MS,"2. NNI (Incremental)",58,false,Infinity,0.6151,0,0,0,0,2105184,173853040
30,false,MS,"2. NNI (Incremental)",59,false,Infinity,0.7595,0,0,0,0,2559264,173853040
30,false,MS,"2. NNI (Incremental)",60,false,Infinity,0.9880,0,0,0,0,3467984,173853040
30,false,MS,"2. NNI (Incremental)",61,false,Infinity,0.5787,0,0,0,0,1879432,173853040
30,false,MS,"2. NNI (Incremental)",62,false,Infinity,1.0968,0,0,0,0,3948152,173853040
30,false,MS,"2. NNI (Incremental)",63,false,Infinity,0.8461,0,0,0,0,3008800,173853040
30,false,MS,"2. NNI (Incremental)",64,false,Infinity,0.7280,0,0,0,0,2489672,207407472
30,false,MS,"2. NNI (Incremental)",65,false,Infinity,0.7350,0,0,0,0,2845072,207407472
30,false,MS,"2. NNI (Incremental)",66,false,Infinity,0.7547,0,0,0,0,2840144,207407472
30,false,MS,"2. NNI (Incremental)",67,false,Infinity,0.9664,0,0,0,0,3531624,207407472
30,false,MS,"2. NNI (Incremental)",68,false,Infinity,0.8351,0,0,0,0,3018096,207407472
30,false,MS,"2. NNI (Incremental)",69,false,Infinity,1.0035,0,0,0,0,3715512,207407472
30,false,MS,"2. NNI (Incremental)",70,false,Infinity,0.6474,0,0,0,0,2317544,207407472
30,false,MS,"2. NNI (Incremental)",71,false,Infinity,0.7427,0,0,0,0,2841712,207407472
30,false,MS,"2. NNI (Incremental)",72,false,Infinity,0.7468,0,0,0,0,2669584,207407472
30,false,MS,"2. NNI (Incremental)",73,false,Infinity,0.5207,0,0,0,0,1796288,207407472
30,false,MS,"2. NNI (Incremental)",74,false,Infinity,0.5877,0,0,0,0,2146368,207407472
30,false,MS,"2. NNI (Incremental)",75,false,Infinity,0.2676,0,0,0,0,752544,207407472
30,false,MS,"2. NNI (Incremental)",76,false,Infinity,0.9538,0,0,0,0,3352944,207407472
30,false,MS,"2. NNI (Incremental)",77,false,Infinity,0.3531,0,0,0,0,1097696,240961904
30,false,MS,"2. NNI (Incremental)",78,false,Infinity,0.4008,0,0,0,0,1447440,240961904
30,false,MS,"2. NNI (Incremental)",79,false,Infinity,0.5979,0,0,0,0,2146704,240961904
30,false,MS,"2. NNI (Incremental)",80,false,Infinity,0.4058,0,0,0,0,1450240,240961904
30,false,MS,"2. NNI (Incremental)",81,false,Infinity,0.9312,0,0,0,0,3537728,240961904
30,false,MS,"2. NNI (Incremental)",82,false,Infinity,0.6837,0,0,0,0,2508296,240961904
30,false,MS,"2. NNI (Incremental)",83,false,Infinity,0.7201,0,0,0,0,2692800,240961904
30,false,MS,"2. NNI (Incremental)",84,false,Infinity,0.9333,0,0,0,0,3732904,240961904
30,false,MS,"2. NNI (Incremental)",85,false,Infinity,0.4894,0,0,0,0,1994992,240961904
30,false,MS,"2. NNI (Incremental)",86,false,Infinity,0.5294,0,0,0,0,1995888,240961904
30,false,MS,"2. NNI (Incremental)",87,false,Infinity,0.6445,0,0,0,0,2512104,240961904
30,false,MS,"2. NNI (Incremental)",88,false,Infinity,0.8150,0,0,0,0,3212488,240961904
30,false,MS,"2. NNI (Incremental)",89,false,Infinity,0.4197,0,0,0,0,1642952,240961904
30,false,MS,"2. NNI (Incremental)",90,false,Infinity,0.8441,0,0,0,0,3558704,240961904
30,false,MS,"2. NNI (Incremental)",91,false,Infinity,0.8244,0,0,0,0,3210640,274516336
30,false,MS,"2. NNI (Incremental)",92,false,Infinity,0.3429,0,0,0,0,1296960,274516336
30,false,MS,"2. NNI (Incremental)",93,false,Infinity,0.7116,0,0,0,0,2864032,274516336
30,false,MS,"2. NNI (Incremental)",94,false,Infinity,0.5995,0,0,0,0,2519608,274516336
30,false,MS,"2. NNI (Incremental)",95,false,Infinity,0.4318,0,0,0,0,1646088,274516336
30,false,MS,"2. NNI (Incremental)",96,false,Infinity,0.4805,0,0,0,0,1819280,274516336
30,false,MS,"2. NNI (Incremental)",97,false,Infinity,0.6729,0,0,0,0,2690056,274516336
30,false,MS,"2. NNI (Incremental)",98,false,Infinity,0.3243,0,0,0,0,1122984,274516336
30,false,MS,"2. NNI (Incremental)",99,false,Infinity,0.7237,0,0,0,0,2860000,274516336
30,false,MS,"2. NNI (Incremental)",100,false,Infinity,0.7233,0,0,0,0,2691400,274516336
30,false,MS,"3. VND NNI->ECR->SPR (Classic)",1,true,99.0000,2207.2359,47745402,293198977,1028115868,837717826,4015408128,3999095120
30,false,MS,"3. VND NNI->ECR->SPR (Classic)",2,true,71.0000,3069.2748,35312732,239802576,2793857479,0,4672895560,8663161168
30,false,MS,"3. VND NNI->ECR->SPR (Classic)",3,true,76.0000,2450.3296,22469331,274834423,1453169224,699521623,4253710280,10499321264
30,false,MS,"3. VND NNI->ECR->SPR (Classic)",4,true,87.0000,2478.1565,29814934,325093455,1130195081,992706473,4453908064,7278095792
30,false,MS,"3. VND NNI->ECR->SPR (Classic)",5,true,95.0000,2389.4178,18702035,248082125,1136946333,985308600,4350602576,10297994672
30,false,MS,"3. VND NNI->ECR->SPR (Classic)",6,true,74.0000,1786.4270,19859846,221072508,698604198,846569254,3365815504,4769674912
30,false,MS,"3. VND NNI->ECR->SPR (Classic)",7,true,91.0000,1533.8560,24996267,345378671,313332634,849758400,2933003920,7688910496
30,false,MS,"3. VND NNI->ECR->SPR (Classic)",8,true,98.0000,2893.8262,18125788,244489152,1084799870,1546003220,5455776704,10306156192
30,false,MS,"3. VND NNI->ECR->SPR (Classic)",9,true,86.0000,2715.3323,31022751,158717840,1395621247,1129562977,4962869064,7866051456
30,false,MS,"3. VND NNI->ECR->SPR (Classic)",10,true,79.0000,3592.4404,24839941,178382905,2823784915,565112674,5812370256,10573776680
30,false,MS,"3. VND NNI->ECR->SPR (Classic)",11,true,84.0000,2807.2941,46751649,194066078,1999494240,566588050,4685160840,8426293032
30,false,MS,"3. VND NNI->ECR->SPR (Classic)",12,true,83.0000,2516.6619,31076412,349200811,1575378898,560639385,4230172432,10305341224
30,false,MS,"3. VND NNI->ECR->SPR (Classic)",13,true,88.0000,2742.1377,22314546,260053788,1466722563,992648823,4866190952,7468524544
30,false,MS,"3. VND NNI->ECR->SPR (Classic)",14,true,88.0000,2361.7851,29954088,236948528,960183568,1134330997,4371158600,10287096832
30,false,MS,"3. VND NNI->ECR->SPR (Classic)",15,false,Infinity,1424.6318,26254112,502925313,752408795,142758481,2275147176,3912789048
30,false,MS,"3. VND NNI->ECR->SPR (Classic)",16,true,98.0000,2539.1758,25637818,152330269,787916857,1572890585,4928583088,8845290552
30,false,MS,"3. VND NNI->ECR->SPR (Classic)",17,true,85.0000,2008.0067,39702421,303374863,819824691,844780631,3598455688,10374437200
30,false,MS,"3. VND NNI->ECR->SPR (Classic)",18,true,81.0000,2540.1398,25961424,273235272,1674061089,566575847,4267200608,6582786384
30,false,MS,"3. VND NNI->ECR->SPR (Classic)",19,true,93.0000,2412.3510,21857617,131290137,827020979,1431769808,4686927664,10307328336
30,false,MS,"3. VND NNI->ECR->SPR (Classic)",20,true,84.0000,2142.8380,49659270,179513397,1205588672,707729145,3758883248,4875240144
30,false,MS,"3. VND NNI->ECR->SPR (Classic)",21,true,85.0000,2020.9246,18946380,290479469,581100708,1130039186,3834803232,8700445392
30,false,MS,"3. VND NNI->ECR->SPR (Classic)",22,true,91.0000,2941.7070,20211762,111740997,1107864048,1701518464,5667110328,10369171568
30,false,MS,"3. VND NNI->ECR->SPR (Classic)",23,true,61.0000,2173.6514,23418010,336855533,1532899828,280166965,3534450544,7886143600
30,false,MS,"3. VND NNI->ECR->SPR (Classic)",24,true,88.0000,3269.2311,28313111,325415846,2494334205,420833848,5205029664,10387964816
30,false,MS,"3. VND NNI->ECR->SPR (Classic)",25,true,108.0000,2390.2184,29325546,276985163,255336388,1828162104,4950351160,8039154576
30,false,MS,"3. VND NNI->ECR->SPR (Classic)",26,true,90.0000,1941.4498,26217796,315661284,599711125,999504273,3663423832,10287301520
30,false,MS,"3. VND NNI->ECR->SPR (Classic)",27,true,70.0000,1659.4991,25213234,471945709,877281982,284755042,2766269384,4264186792
30,false,MS,"3. VND NNI->ECR->SPR (Classic)",28,true,86.0000,1942.2025,20308085,345724303,447228819,1128597553,3722601064,7988728744
30,false,MS,"3. VND NNI->ECR->SPR (Classic)",29,true,79.0000,2533.0290,25180734,415986367,1950205494,141302170,3967868080,10506747664
30,false,MS,"3. VND NNI->ECR->SPR (Classic)",30,true,102.0000,2376.9748,19307631,300962888,480851388,1575469013,4704961728,6614433552
30,false,MS,"3. VND NNI->ECR->SPR (Classic)",31,true,92.0000,1506.2182,35757247,426325281,615278504,428492804,2590528144,9198124816
30,false,MS,"3. VND NNI->ECR->SPR (Classic)",32,true,81.0000,2862.6012,25206882,328414141,2080440026,428213493,4572402088,10305421072
30,false,MS,"3. VND NNI->ECR->SPR (Classic)",33,true,99.0000,1913.6977,44915517,222743188,654972138,990730616,3597674352,7201713040
30,false,MS,"3. VND NNI->ECR->SPR (Classic)",34,true,72.0000,2077.3843,21947223,340978857,1284313689,429811814,3458321120,10288720784
30,false,MS,"3. VND NNI->ECR->SPR (Classic)",35,true,73.0000,2540.5006,24639042,226040900,1577824594,711710712,4378863568,4822301392
30,false,MS,"3. VND NNI->ECR->SPR (Classic)",36,true,81.0000,2105.2063,32597178,329987351,755616940,986662439,3881079144,8681061072
30,false,MS,"3. VND NNI->ECR->SPR (Classic)",37,true,82.0000,3121.1666,28058087,234538312,2286652793,571589168,5041469704,10447085224
30,false,MS,"3. VND NNI->ECR->SPR (Classic)",38,true,91.0000,3406.1596,24210226,189907196,2041705374,1149962879,5841311008,9507561128
30,false,MS,"3. VND NNI->ECR->SPR (Classic)",39,true,88.0000,3246.3789,27184765,292765968,1803044042,1123025264,5704994464,10279336104
30,false,MS,"3. VND NNI->ECR->SPR (Classic)",40,true,88.0000,2569.6620,27634429,183104406,1082747305,1275800907,4830620688,9848992848
30,false,MS,"3. VND NNI->ECR->SPR (Classic)",41,true,96.0000,3427.7960,21624687,146730745,1706402483,1552687183,6324003208,10285200464
30,false,MS,"3. VND NNI->ECR->SPR (Classic)",42,true,102.0000,2615.9197,20378208,271203928,887581662,1436335658,4918537344,10391026224
30,false,MS,"3. VND NNI->ECR->SPR (Classic)",43,true,94.0000,2405.4835,21909791,272563945,829313588,1281329102,4547853984,5257198128
30,false,MS,"3. VND NNI->ECR->SPR (Classic)",44,true,84.0000,2354.2667,31350847,353283240,1685023511,284307821,3795112416,9048848944
30,false,MS,"3. VND NNI->ECR->SPR (Classic)",45,true,98.0000,2918.3078,35187898,165975608,1431720589,1285040400,5299764040,10327128416
30,false,MS,"3. VND NNI->ECR->SPR (Classic)",46,true,89.0000,2330.4267,19477707,414015379,1327845364,568704160,3916627064,8179644768
30,false,MS,"3. VND NNI->ECR->SPR (Classic)",47,true,88.0000,3691.1929,26675856,239111638,2580230885,844748073,6229362536,10416278784
30,false,MS,"3. VND NNI->ECR->SPR (Classic)",48,true,89.0000,2131.9414,22445340,496562861,1043251458,569340090,3634909648,8067468544
30,false,MS,"3. VND NNI->ECR->SPR (Classic)",49,true,88.0000,2291.0705,28948981,368895603,1320618168,572254564,3806766272,10282061056
30,false,MS,"3. VND NNI->ECR->SPR (Classic)",50,true,86.0000,2513.1286,20609467,347568751,1298616081,845986670,4422062448,6292000952
30,false,MS,"3. VND NNI->ECR->SPR (Classic)",51,true,101.0000,2170.9172,23668076,261264734,1030557295,855040750,3919208744,10217869496
30,false,MS,"3. VND NNI->ECR->SPR (Classic)",52,true,86.0000,2732.6257,21811043,163259813,1277878458,1269334498,5093827384,10284980920
30,false,MS,"3. VND NNI->ECR->SPR (Classic)",53,true,82.0000,2448.4484,20652711,288932377,733625713,1404904717,4741473000,9821925584
30,false,MS,"3. VND NNI->ECR->SPR (Classic)",54,true,89.0000,2580.5414,31999773,426474526,1699496868,422153678,4270368432,10313894312
30,false,MS,"3. VND NNI->ECR->SPR (Classic)",55,true,74.0000,3353.0377,26480816,286235476,2898846490,141172213,5200832160,9072380328
30,false,MS,"3. VND NNI->ECR->SPR (Classic)",56,true,79.0000,3191.4765,36280123,245511722,2628795301,280514256,5121127400,10368126448
30,false,MS,"3. VND NNI->ECR->SPR (Classic)",57,true,70.0000,2073.5548,23368977,255805039,1510215383,283857334,3387546496,7482445296
30,false,MS,"3. VND NNI->ECR->SPR (Classic)",58,true,85.0000,1837.3211,18851174,522023786,724641547,571430887,3215671208,10301017584
30,false,MS,"3. VND NNI->ECR->SPR (Classic)",59,true,72.0000,3120.6211,39268907,131196971,2524441427,425387078,5004904536,5470773032
30,false,MS,"3. VND NNI->ECR->SPR (Classic)",60,true,65.0000,2077.1916,34314682,239748481,1379502824,423306470,3480723400,8960433960
30,false,MS,"3. VND NNI->ECR->SPR (Classic)",61,true,72.0000,2286.9879,19032918,329968436,1657227383,280448321,3704423160,10383775136
30,false,MS,"3. VND NNI->ECR->SPR (Classic)",62,true,89.0000,3240.3613,40278719,126431305,2060214287,1013127374,5389985480,7900747168
30,false,MS,"3. VND NNI->ECR->SPR (Classic)",63,true,65.0000,2392.3488,28650775,173313265,1630577166,559503722,4043152856,10487700848
30,false,MS,"3. VND NNI->ECR->SPR (Classic)",64,true,89.0000,1557.6292,25495873,320154330,359200563,852444932,3002308640,5018328432
30,false,MS,"3. VND NNI->ECR->SPR (Classic)",65,true,82.0000,2479.3715,24890570,188622822,1418282642,847242248,4391799712,9413959024
30,false,MS,"3. VND NNI->ECR->SPR (Classic)",66,true,81.0000,1955.2066,30641098,287667330,939022660,697550079,3481924776,10286374256
30,false,MS,"3. VND NNI->ECR->SPR (Classic)",67,true,90.0000,2791.5928,33055289,133002826,1216615430,1408573305,5279766664,8004257824
30,false,MS,"3. VND NNI->ECR->SPR (Classic)",68,true,96.0000,2119.4590,31002826,350932248,1033073781,704095178,3716301232,10285959200
30,false,MS,"3. VND NNI->ECR->SPR (Classic)",69,true,88.0000,2402.5918,35407153,214116290,1175027902,977691877,4390766568,5837157384
30,false,MS,"3. VND NNI->ECR->SPR (Classic)",70,true,93.0000,1954.0629,21698600,242294272,698949321,990730235,3661426960,9528144904
30,false,MS,"3. VND NNI->ECR->SPR (Classic)",71,true,73.0000,2767.8152,28905537,374970489,2223207514,140448928,4351169656,10332483240
30,false,MS,"3. VND NNI->ECR->SPR (Classic)",72,true,79.0000,3251.6246,30728194,197445512,2454219887,568875236,5333803056,8956751528
30,false,MS,"3. VND NNI->ECR->SPR (Classic)",73,false,Infinity,2371.8421,24662758,241556279,846134119,1259150048,4520043400,10298928808
30,false,MS,"3. VND NNI->ECR->SPR (Classic)",74,true,92.0000,2965.8284,25895553,317332944,1912375434,709840075,4991932720,8203524176
30,false,MS,"3. VND NNI->ECR->SPR (Classic)",75,true,80.0000,2466.3902,14559242,287509512,1181265907,982682319,4481603000,10337751376
30,false,MS,"3. VND NNI->ECR->SPR (Classic)",76,true,89.0000,1770.1259,30739015,353502747,535609315,849919380,3299813376,5774348624
30,false,MS,"3. VND NNI->ECR->SPR (Classic)",77,true,78.0000,2217.8535,14161715,276936091,1356216074,570213100,3750454888,9498890576
30,false,MS,"3. VND NNI->ECR->SPR (Classic)",78,true,87.0000,1909.7924,17316627,322846828,582935908,986290351,3644393688,10304196944
30,false,MS,"3. VND NNI->ECR->SPR (Classic)",79,true,88.0000,3373.2155,31385613,118925653,1947838023,1274680717,6023076760,8946795000
30,false,MS,"3. VND NNI->ECR->SPR (Classic)",80,true,77.0000,2955.8724,33312150,285376074,2213869543,422967816,4838565776,10403745840
30,false,MS,"3. VND NNI->ECR->SPR (Classic)",81,true,76.0000,3572.6258,29617162,299202839,3100674307,142772427,5534484104,9195786288
30,false,MS,"3. VND NNI->ECR->SPR (Classic)",82,true,74.0000,2377.4269,28978325,267248326,1658580208,422301339,3925639120,10303082544
30,false,MS,"3. VND NNI->ECR->SPR (Classic)",83,true,86.0000,3135.9854,29320746,147753130,1968853093,989717940,5466499824,8439514880
30,false,MS,"3. VND NNI->ECR->SPR (Classic)",84,true,92.0000,1330.7164,23740001,374799883,76274661,855552634,2619658208,10285430528
30,false,MS,"3. VND NNI->ECR->SPR (Classic)",85,true,86.0000,2056.2933,21870186,192844512,568072239,1273194009,4023112856,4886746200
30,false,MS,"3. VND NNI->ECR->SPR (Classic)",86,true,63.0000,1935.4925,26403848,220423535,1266988057,421399353,3267785888,8141526104
30,false,MS,"3. VND NNI->ECR->SPR (Classic)",87,true,70.0000,1871.0466,30648584,228153508,908365932,703595388,3355949752,10289009752
30,false,MS,"3. VND NNI->ECR->SPR (Classic)",88,true,82.0000,2889.1013,24670551,211251161,2087525272,565303082,4809275960,6040402096
30,false,MS,"3. VND NNI->ECR->SPR (Classic)",89,true,72.0000,2891.6651,19128520,270302664,2037527878,564360228,4712050688,10322611664
30,false,MS,"3. VND NNI->ECR->SPR (Classic)",90,true,79.0000,3689.8034,34843650,213127329,3441548234,0,5498072616,6027644368
30,false,MS,"3. VND NNI->ECR->SPR (Classic)",91,true,76.0000,1750.6058,30969792,218600387,651977413,848745577,3270667904,9282424272
30,false,MS,"3. VND NNI->ECR->SPR (Classic)",92,true,72.0000,2462.8423,17649850,336990911,1405285933,702615323,4264400728,10323455792
30,false,MS,"3. VND NNI->ECR->SPR (Classic)",93,true,90.0000,2511.8090,31077126,283413179,1632300394,564678884,4202362128,7538437936
30,false,MS,"3. VND NNI->ECR->SPR (Classic)",94,true,98.0000,1806.6607,35789512,323816154,449421550,997257721,3426286904,10299231408
30,false,MS,"3. VND NNI->ECR->SPR (Classic)",95,true,74.0000,2580.0158,19653048,261824230,1565637453,732628387,4234086464,5031185584
30,false,MS,"3. VND NNI->ECR->SPR (Classic)",96,true,64.0000,3388.6972,31625930,51976077,2880133348,424658782,5436357936,10299231408
30,false,MS,"3. VND NNI->ECR->SPR (Classic)",97,true,87.0000,3280.0757,27155027,212720545,2040146008,999696939,5638580608,5865783808
30,false,MS,"3. VND NNI->ECR->SPR (Classic)",98,true,80.0000,2805.1399,20308767,314611117,1748494961,721394080,4780203136,10318158576
30,false,MS,"3. VND NNI->ECR->SPR (Classic)",99,true,91.0000,2328.5975,19768878,207715125,527811655,1572948559,4659621136,5083667184
30,false,MS,"3. VND NNI->ECR->SPR (Classic)",100,true,83.0000,2091.2311,23535194,206314391,434613717,1426428324,4175559840,9277971184
30,false,MS,"4. VND NNI->SPR (Classic)",1,false,Infinity,2152.6535,44346244,0,0,2107839560,4726572992,4704144832
30,false,MS,"4. VND NNI->SPR (Classic)",2,true,88.0000,2323.1155,32277550,0,0,2290515981,5063768728,9770864064
30,false,MS,"4. VND NNI->SPR (Classic)",3,false,Infinity,3164.7748,20568110,0,0,3143840615,6997971816,10342451264
30,false,MS,"4. VND NNI->SPR (Classic)",4,true,103.0000,2921.5614,21937134,0,0,2899340989,6345527416,10457105104
30,false,MS,"4. VND NNI->SPR (Classic)",5,true,108.0000,2302.7452,13809416,0,0,2288536867,5066581104,7873413840
30,false,MS,"4. VND NNI->SPR (Classic)",6,true,92.0000,2888.7439,17173233,0,0,2871200116,6345342328,10289332944
30,false,MS,"4. VND NNI->SPR (Classic)",7,true,106.0000,2727.8010,21954105,0,0,2705509621,5981605928,10058257992
30,false,MS,"4. VND NNI->SPR (Classic)",8,true,95.0000,2592.6485,14657197,0,0,2577657732,5654079704,10293139016
30,false,MS,"4. VND NNI->SPR (Classic)",9,true,100.0000,2333.1307,26272198,0,0,2306477509,5076851664,10550095008
30,false,MS,"4. VND NNI->SPR (Classic)",10,true,101.0000,2459.8592,21487689,0,0,2438102815,5416029352,5953137824
30,false,MS,"4. VND NNI->SPR (Classic)",11,true,99.0000,2357.8591,37331233,0,0,2320171174,5103387920,10281659552
30,false,MS,"4. VND NNI->SPR (Classic)",12,true,106.0000,2861.8233,20081615,0,0,2841349422,6325587344,7351026112
30,false,MS,"4. VND NNI->SPR (Classic)",13,true,115.0000,3172.9954,16082689,0,0,3156475358,6993254744,10303816128
30,false,MS,"4. VND NNI->SPR (Classic)",14,true,90.0000,2742.7343,26650188,0,0,2715749244,6011625856,10254924256
30,false,MS,"4. VND NNI->SPR (Classic)",15,true,100.0000,2316.0075,19946548,0,0,2295776456,5102005616,10288478688
30,false,MS,"4. VND NNI->SPR (Classic)",16,true,114.0000,2899.9990,18663758,0,0,2880923931,6259279408,10576572936
30,false,MS,"4. VND NNI->SPR (Classic)",17,true,109.0000,2467.7619,36000061,0,0,2431429713,5396550928,6751367688
30,false,MS,"4. VND NNI->SPR (Classic)",18,false,Infinity,2756.0245,24749101,0,0,2730940008,6055960120,10274583048
30,false,MS,"4. VND NNI->SPR (Classic)",19,true,105.0000,2999.6058,18470409,0,0,2980735789,6646625248,9419905856
30,false,MS,"4. VND NNI->SPR (Classic)",20,true,105.0000,2606.6375,34675912,0,0,2571642481,5714902536,10292321088
30,false,MS,"4. VND NNI->SPR (Classic)",21,true,102.0000,2624.3975,15705761,0,0,2608285425,5732823224,10554792640
30,false,MS,"4. VND NNI->SPR (Classic)",22,true,103.0000,2860.9878,16799513,0,0,2843836853,6358611576,7031577280
30,false,MS,"4. VND NNI->SPR (Classic)",23,true,118.0000,2743.1915,15593979,0,0,2727154809,6045202408,10286357184
30,false,MS,"4. VND NNI->SPR (Classic)",24,false,Infinity,2876.5314,26720601,0,0,2849443255,6279966592,9276158080
30,false,MS,"4. VND NNI->SPR (Classic)",25,true,105.0000,2453.2544,26282720,0,0,2426622710,5368778272,10282791040
30,false,MS,"4. VND NNI->SPR (Classic)",26,true,105.0000,2789.6992,23263576,0,0,2766070925,6051886184,10543407320
30,false,MS,"4. VND NNI->SPR (Classic)",27,true,117.0000,3480.2231,18981652,0,0,3460814467,7640668936,8194597080
30,false,MS,"4. VND NNI->SPR (Classic)",28,true,101.0000,3010.8158,15630990,0,0,2994799798,6592565000,10274990808
30,false,MS,"4. VND NNI->SPR (Classic)",29,false,Infinity,2779.0678,24035574,0,0,2754641317,6022613888,10472985584
30,false,MS,"4. VND NNI->SPR (Classic)",30,false,Infinity,3174.4271,17798702,0,0,3156243988,6974916952,7721522160
30,false,MS,"4. VND NNI->SPR (Classic)",31,false,Infinity,3199.4407,32821585,0,0,3166197729,6957153208,10305213424
30,false,MS,"4. VND NNI->SPR (Classic)",32,true,99.0000,2650.4046,20589240,0,0,2629455119,5723255160,10448128544
30,false,MS,"4. VND NNI->SPR (Classic)",33,false,Infinity,2764.3473,43580498,0,0,2720436090,6047030880,6388042272
30,false,MS,"4. VND NNI->SPR (Classic)",34,true,87.0000,2473.1823,17134098,0,0,2455720793,5408705904,10280356384
30,false,MS,"4. VND NNI->SPR (Classic)",35,true,95.0000,2436.6657,18504756,0,0,2417852179,5379474896,7168477136
30,false,MS,"4. VND NNI->SPR (Classic)",36,true,102.0000,2606.3860,27460689,0,0,2578523699,5666714112,10289039312
30,false,MS,"4. VND NNI->SPR (Classic)",37,true,108.0000,3165.8974,15596534,0,0,3149921755,6888468856,9638700912
30,false,MS,"4. VND NNI->SPR (Classic)",38,true,99.0000,2456.7656,15903557,0,0,2440566561,5406805904,10276235120
30,false,MS,"4. VND NNI->SPR (Classic)",39,true,122.0000,2925.2890,23754671,0,0,2901118611,6348891840,10558504320
30,false,MS,"4. VND NNI->SPR (Classic)",40,true,91.0000,2294.8990,21351660,0,0,2273213182,5025708512,6229982592
30,false,MS,"4. VND NNI->SPR (Classic)",41,true,109.0000,2754.1281,18766403,0,0,2735031390,5988049848,10290068864
30,false,MS,"4. VND NNI->SPR (Classic)",42,true,110.0000,2760.7953,17053735,0,0,2743348189,6054594616,8248851536
30,false,MS,"4. VND NNI->SPR (Classic)",43,true,115.0000,3320.3440,18917630,0,0,3301047728,7304905728,10295671888
30,false,MS,"4. VND NNI->SPR (Classic)",44,true,106.0000,2777.6844,27609763,0,0,2749749243,6045690992,10429822936
30,false,MS,"4. VND NNI->SPR (Classic)",45,true,105.0000,2181.6340,28151102,0,0,2153136692,4806574264,6269073368
30,false,MS,"4. VND NNI->SPR (Classic)",46,false,Infinity,3048.5967,14388697,0,0,3033832778,6659243384,10295605208
30,false,MS,"4. VND NNI->SPR (Classic)",47,true,120.0000,3029.4333,17390335,0,0,3011594681,6684710512,9584114568
30,false,MS,"4. VND NNI->SPR (Classic)",48,true,107.0000,2747.7355,17954388,0,0,2729409117,6048032072,10288757640
30,false,MS,"4. VND NNI->SPR (Classic)",49,false,Infinity,2643.6897,26776658,0,0,2616536117,5690306648,10529406136
30,false,MS,"4. VND NNI->SPR (Classic)",50,true,104.0000,2734.6638,17487140,0,0,2716788783,6016711824,7106854072
30,false,MS,"4. VND NNI->SPR (Classic)",51,true,117.0000,3471.5339,20660105,0,0,3450482787,7596313840,10294525112
30,false,MS,"4. VND NNI->SPR (Classic)",52,true,99.0000,2313.6625,18702401,0,0,2294629365,5098545304,9707732240
30,false,MS,"4. VND NNI->SPR (Classic)",53,true,107.0000,3010.5674,17202528,0,0,2993019251,6580051624,10278157584
30,false,MS,"4. VND NNI->SPR (Classic)",54,true,111.0000,2763.2825,18716238,0,0,2744148951,6037238376,10484301696
30,false,MS,"4. VND NNI->SPR (Classic)",55,true,102.0000,2869.6052,18336264,0,0,2850942839,6288522184,8370372480
30,false,MS,"4. VND NNI->SPR (Classic)",56,true,104.0000,2878.7136,21575345,0,0,2856744112,6285249008,10282975104
30,false,MS,"4. VND NNI->SPR (Classic)",57,true,104.0000,3051.0571,20310410,0,0,3030350424,6646446512,10515881056
30,false,MS,"4. VND NNI->SPR (Classic)",58,false,Infinity,2876.2053,17022306,0,0,2858801666,6377577480,7563091040
30,false,MS,"4. VND NNI->SPR (Classic)",59,true,103.0000,2595.8393,29373657,0,0,2566094559,5659149640,10281000032
30,false,MS,"4. VND NNI->SPR (Classic)",60,true,90.0000,2014.4104,27155099,0,0,1986919363,4454465688,7609001792
30,false,MS,"4. VND NNI->SPR (Classic)",61,true,89.0000,3007.7053,14463890,0,0,2992884034,6603435688,10293356352
30,false,MS,"4. VND NNI->SPR (Classic)",62,true,98.0000,1741.2261,35190712,0,0,1705739953,3835710688,7931796320
30,false,MS,"4. VND NNI->SPR (Classic)",63,true,84.0000,2174.7830,25791996,0,0,2148662832,4786916120,10280606560
30,false,MS,"4. VND NNI->SPR (Classic)",64,true,91.0000,2582.0574,22536163,0,0,2559181721,5655991256,8241447152
30,false,MS,"4. VND NNI->SPR (Classic)",65,true,101.0000,2297.4292,20243582,0,0,2276816715,5096122872,10288267504
30,false,MS,"4. VND NNI->SPR (Classic)",66,true,102.0000,2449.6216,23220113,0,0,2425999715,5383817512,8559449560
30,false,MS,"4. VND NNI->SPR (Classic)",67,true,98.0000,2316.8169,30486845,0,0,2285992939,5117445000,10304280024
30,false,MS,"4. VND NNI->SPR (Classic)",68,true,111.0000,2306.4638,27980207,0,0,2278142387,5020757744,8505212272
30,false,MS,"4. VND NNI->SPR (Classic)",69,false,Infinity,2747.5182,33907920,0,0,2713256895,6019847184,10283597168
30,false,MS,"4. VND NNI->SPR (Classic)",70,true,107.0000,2778.1990,18761323,0,0,2759119945,6027004240,10518520840
30,false,MS,"4. VND NNI->SPR (Classic)",71,true,91.0000,2728.5210,24641878,0,0,2703605519,6017500784,6491989000
30,false,MS,"4. VND NNI->SPR (Classic)",72,true,99.0000,2488.1158,24438049,0,0,2463323233,5426028968,10283639816
30,false,MS,"4. VND NNI->SPR (Classic)",73,false,Infinity,2435.2470,18672965,0,0,2416214665,5325688496,7189560472
30,false,MS,"4. VND NNI->SPR (Classic)",74,true,117.0000,2906.3450,22667032,0,0,2883289460,6370359848,10276568216
30,false,MS,"4. VND NNI->SPR (Classic)",75,false,Infinity,2596.3172,9778859,0,0,2586169110,5706302064,9192574880
30,false,MS,"4. VND NNI->SPR (Classic)",76,false,Infinity,2608.2641,29439123,0,0,2578458023,5699738600,10299871136
30,false,MS,"4. VND NNI->SPR (Classic)",77,false,Infinity,3611.0325,12519751,0,0,3598170883,7901826352,10536391664
30,false,MS,"4. VND NNI->SPR (Classic)",78,true,99.0000,2740.2334,13925737,0,0,2725916193,6041184080,8690897904
30,false,MS,"4. VND NNI->SPR (Classic)",79,true,116.0000,3156.8656,22125741,0,0,3134328826,6881960528,10301510640
30,false,MS,"4. VND NNI->SPR (Classic)",80,true,96.0000,2763.7288,22788242,0,0,2740579823,6055659424,10466144856
30,false,MS,"4. VND NNI->SPR (Classic)",81,true,103.0000,3023.6116,22653826,0,0,3000595141,6624871712,8083780184
30,false,MS,"4. VND NNI->SPR (Classic)",82,true,95.0000,2444.0680,22791618,0,0,2420955751,5417418376,10298372696
30,false,MS,"4. VND NNI->SPR (Classic)",83,true,98.0000,2453.4330,26116352,0,0,2426990830,5411558248,8751264192
30,false,MS,"4. VND NNI->SPR (Classic)",84,true,110.0000,3048.2529,22148526,0,0,3025666605,6680358976,10294768064
30,false,MS,"4. VND NNI->SPR (Classic)",85,true,93.0000,2471.9284,18815607,0,0,2452826187,5343011776,10472390944
30,false,MS,"4. VND NNI->SPR (Classic)",86,true,90.0000,2866.6090,23203602,0,0,2843135198,6319273360,6949175584
30,false,MS,"4. VND NNI->SPR (Classic)",87,true,95.0000,2343.2927,27565318,0,0,2315380723,5119663984,10304618784
30,false,MS,"4. VND NNI->SPR (Classic)",88,true,112.0000,2596.2257,21658433,0,0,2574222318,5684210616,7667316128
30,false,MS,"4. VND NNI->SPR (Classic)",89,true,105.0000,2764.2794,16118197,0,0,2747835052,6037999912,10284561824
30,false,MS,"4. VND NNI->SPR (Classic)",90,true,111.0000,2782.9886,33958968,0,0,2748643800,6042198624,9634373488
30,false,MS,"4. VND NNI->SPR (Classic)",91,false,Infinity,2303.2508,29394207,0,0,2273545744,5102048776,10305462128
30,false,MS,"4. VND NNI->SPR (Classic)",92,true,100.0000,3349.1557,14413634,0,0,3334432024,7282109216,10574051912
30,false,MS,"4. VND NNI->SPR (Classic)",93,true,117.0000,2909.3521,24840786,0,0,2884136902,6385750768,8225241672
30,false,MS,"4. VND NNI->SPR (Classic)",94,true,110.0000,2461.6324,32743607,0,0,2428476015,5389846464,10305616456
30,false,MS,"4. VND NNI->SPR (Classic)",95,true,103.0000,2728.0053,15647401,0,0,2712001518,5984593528,9426568528
30,false,MS,"4. VND NNI->SPR (Classic)",96,true,90.0000,2009.7141,22744439,0,0,1986682052,4458142680,10298983760
30,false,MS,"4. VND NNI->SPR (Classic)",97,true,104.0000,2589.7606,20501482,0,0,2568945882,5682271824,9334676928
30,false,MS,"4. VND NNI->SPR (Classic)",98,true,103.0000,2720.6151,14377546,0,0,2705850649,6035141344,10307755456
30,false,MS,"4. VND NNI->SPR (Classic)",99,true,107.0000,2765.4605,16743635,0,0,2748307290,6045270048,10537798848
30,false,MS,"4. VND NNI->SPR (Classic)",100,true,108.0000,2451.6850,20206884,0,0,2431111328,5430890936,6611930304
30,false,MS,"5. VND NNI->ECR->SPR (Inc)",1,true,89.0000,220.1827,3747116,15613354,182352416,18324753,617438120,611198112
30,false,MS,"5. VND NNI->ECR->SPR (Inc)",2,true,71.0000,173.3937,1784163,14208655,129769967,27574346,475882232,1080960160
30,false,MS,"5. VND NNI->ECR->SPR (Inc)",3,true,74.0000,126.4188,1084131,18825295,75879369,30547961,354842592,1450058912
30,false,MS,"5. VND NNI->ECR->SPR (Inc)",4,true,83.0000,171.7797,1547894,13959119,119289884,36935079,494797936,1919820960
30,false,MS,"5. VND NNI->ECR->SPR (Inc)",5,true,96.0000,128.8935,822654,13562685,54038689,60423593,362671472,2288919712
30,false,MS,"5. VND NNI->ECR->SPR (Inc)",6,true,77.0000,109.0819,771267,13121627,42423177,52721053,298129040,2590909600
30,false,MS,"5. VND NNI->ECR->SPR (Inc)",7,true,104.0000,162.6461,1322036,11556058,81864322,67853645,445289528,3027117216
30,false,MS,"5. VND NNI->ECR->SPR (Inc)",8,true,80.0000,194.4275,1215371,8309795,148085041,36772770,540894072,3597542560
30,false,MS,"5. VND NNI->ECR->SPR (Inc)",9,true,90.0000,114.8709,1251790,10879964,26321533,76374731,296589984,3865978016
30,false,MS,"5. VND NNI->ECR->SPR (Inc)",10,true,77.0000,147.9191,1071738,13986541,111007481,21810102,423343336,4302185632
30,false,MS,"5. VND NNI->ECR->SPR (Inc)",11,true,79.0000,277.0475,2160297,8240974,259180700,7412468,823701432,5141046432
30,false,MS,"5. VND NNI->ECR->SPR (Inc)",12,true,82.0000,199.4083,1427837,11280316,156992363,29650163,582618136,5711471776
30,false,MS,"5. VND NNI->ECR->SPR (Inc)",13,true,98.0000,155.8155,779692,8555002,63304653,83126703,417767672,6114124960
30,false,MS,"5. VND NNI->ECR->SPR (Inc)",14,true,104.0000,120.7946,1460668,13151173,44257476,61871266,322750032,6449669280
30,false,MS,"5. VND NNI->ECR->SPR (Inc)",15,true,94.0000,123.0746,870137,13050301,40793207,68307277,330203712,6785213600
30,false,MS,"5. VND NNI->ECR->SPR (Inc)",16,true,106.0000,212.8601,1295543,7133338,129688271,74681952,604491016,7389193376
30,false,MS,"5. VND NNI->ECR->SPR (Inc)",17,false,Infinity,208.1280,1840348,11548746,157763200,36894932,597110504,7993173152
30,false,MS,"5. VND NNI->ECR->SPR (Inc)",18,true,97.0000,150.0132,1769244,5959033,68673533,73561420,407158080,8395826336
30,false,MS,"5. VND NNI->ECR->SPR (Inc)",19,true,81.0000,155.2194,1138616,12391138,81497214,60136076,439654248,8832033952
30,false,MS,"5. VND NNI->ECR->SPR (Inc)",20,true,81.0000,199.7219,1500024,11354014,134952332,51860306,561513104,9402459296
30,false,MS,"5. VND NNI->ECR->SPR (Inc)",21,true,74.0000,189.6400,937222,11645849,147942962,29059830,548327040,9939330208
30,false,MS,"5. VND NNI->ECR->SPR (Inc)",22,true,86.0000,162.7121,861369,5368650,81038993,75397734,450189136,10320436592
30,false,MS,"5. VND NNI->ECR->SPR (Inc)",23,true,73.0000,129.7610,950687,19119023,87451420,22188281,397065024,488988016
30,false,MS,"5. VND NNI->ECR->SPR (Inc)",24,true,100.0000,196.2874,1326904,21868463,158605912,14438140,596195608,1092967792
30,false,MS,"5. VND NNI->ECR->SPR (Inc)",25,true,105.0000,152.3988,1093009,13558718,77796635,59908874,414927688,1495620976
30,false,MS,"5. VND NNI->ECR->SPR (Inc)",26,true,89.0000,120.2837,1072591,13578115,38266652,67326111,323822096,1831165296
30,false,MS,"5. VND NNI->ECR->SPR (Inc)",27,true,94.0000,134.7381,1193351,21604340,75806761,36088469,396012120,2233818480
30,false,MS,"5. VND NNI->ECR->SPR (Inc)",28,true,81.0000,127.1795,679883,9926870,34290129,82243043,338037208,2569362800
30,false,MS,"5. VND NNI->ECR->SPR (Inc)",29,true,88.0000,118.6185,1255697,24535525,70151655,22632787,343852552,2904907120
30,false,MS,"5. VND NNI->ECR->SPR (Inc)",30,true,105.0000,142.7089,967980,24935706,71377427,45380291,400701728,3307560304
30,false,MS,"5. VND NNI->ECR->SPR (Inc)",31,true,96.0000,161.2318,1838465,12457133,124137184,22750821,480170576,3777322352
30,false,MS,"5. VND NNI->ECR->SPR (Inc)",32,true,76.0000,179.5288,1032123,12687642,136047326,29715438,534589656,4314193264
30,false,MS,"5. VND NNI->ECR->SPR (Inc)",33,true,90.0000,197.2238,1686118,11842674,146359209,37283011,565350848,4884618608
30,false,MS,"5. VND NNI->ECR->SPR (Inc)",34,true,66.0000,141.0608,953893,17482782,107717655,14857168,413576056,5287271792
30,false,MS,"5. VND NNI->ECR->SPR (Inc)",35,true,90.0000,116.1108,965046,14017210,41695112,59388233,315182144,5622816112
30,false,MS,"5. VND NNI->ECR->SPR (Inc)",36,true,85.0000,136.7056,1253263,13831256,76655315,44922300,383085848,5991914864
30,false,MS,"5. VND NNI->ECR->SPR (Inc)",37,true,82.0000,184.0453,1246681,12283843,140721236,29744532,527229792,6528785776
30,false,MS,"5. VND NNI->ECR->SPR (Inc)",38,true,102.0000,117.3038,954936,18726217,29096441,68479786,308810328,6830775664
30,false,MS,"5. VND NNI->ECR->SPR (Inc)",39,true,87.0000,241.6712,955987,15300160,188890913,36464294,701637816,7535418736
30,false,MS,"5. VND NNI->ECR->SPR (Inc)",40,true,90.0000,154.4374,1061739,5561547,40158068,107605672,398191184,7938071920
30,false,MS,"5. VND NNI->ECR->SPR (Inc)",41,true,101.0000,137.1957,1164665,11503700,41796646,82680795,362871024,8307170672
30,false,MS,"5. VND NNI->ECR->SPR (Inc)",42,true,101.0000,193.8989,1170666,14006239,133499039,45159371,567502136,8877596016
30,false,MS,"5. VND NNI->ECR->SPR (Inc)",43,true,82.0000,222.4230,1523108,12792010,186246803,21804041,544319240,9414466928
30,false,MS,"5. VND NNI->ECR->SPR (Inc)",44,true,85.0000,155.2016,1579484,15924107,123046970,14602954,451878776,9850674544
30,false,MS,"5. VND NNI->ECR->SPR (Inc)",45,true,94.0000,157.6515,1521153,7997963,87060947,61020869,439559144,10286882160
30,false,MS,"5. VND NNI->ECR->SPR (Inc)",46,true,88.0000,97.7777,682358,16816996,35496051,44734783,280257248,320741160
30,false,MS,"5. VND NNI->ECR->SPR (Inc)",47,true,98.0000,217.8051,1260398,13928070,150887802,51659153,639304592,958275368
30,false,MS,"5. VND NNI->ECR->SPR (Inc)",48,true,92.0000,94.0918,1002707,14716981,26005682,52321152,259026000,1226710824
30,false,MS,"5. VND NNI->ECR->SPR (Inc)",49,true,94.0000,147.6780,1336432,15459614,87020439,43811858,408051056,1629364008
30,false,MS,"5. VND NNI->ECR->SPR (Inc)",50,true,91.0000,162.1834,995625,10666187,91205058,59268326,465836048,2099126056
30,false,MS,"5. VND NNI->ECR->SPR (Inc)",51,true,104.0000,144.8564,1178222,18289686,87714439,37624470,419934104,2501779240
30,false,MS,"5. VND NNI->ECR->SPR (Inc)",52,true,84.0000,279.1129,967251,8005908,248134320,21939929,864340400,3374194472
30,false,MS,"5. VND NNI->ECR->SPR (Inc)",53,true,77.0000,215.8953,1062844,8474668,169155627,37139507,621126744,3978174248
30,false,MS,"5. VND NNI->ECR->SPR (Inc)",54,true,78.0000,149.9751,1309862,17145761,116485550,14970604,450843128,4447936296
30,false,MS,"5. VND NNI->ECR->SPR (Inc)",55,true,83.0000,218.0856,1024299,13652767,188665805,14675722,635232920,5085470504
30,false,MS,"5. VND NNI->ECR->SPR (Inc)",56,true,109.0000,175.7450,1938849,12391146,100837759,60503826,491711184,5555232552
30,false,MS,"5. VND NNI->ECR->SPR (Inc)",57,true,88.0000,169.9905,1161901,21019560,109773975,37975117,491215264,6058549032
30,false,MS,"5. VND NNI->ECR->SPR (Inc)",58,true,104.0000,122.4050,802266,19294868,41435989,60827301,337928296,6394093352
30,false,MS,"5. VND NNI->ECR->SPR (Inc)",59,true,91.0000,181.7305,1129988,16417305,119422185,44708805,503413176,6897409832
30,false,MS,"5. VND NNI->ECR->SPR (Inc)",60,true,71.0000,112.4035,1211574,9770765,64672594,36704189,315069816,7232954152
30,false,MS,"5. VND NNI->ECR->SPR (Inc)",61,true,72.0000,116.3101,753433,17430482,68191507,29892344,338555160,7568498472
30,false,MS,"5. VND NNI->ECR->SPR (Inc)",62,true,90.0000,97.9542,1386487,10391083,41707136,44427269,268059512,7836933928
30,false,MS,"5. VND NNI->ECR->SPR (Inc)",63,true,73.0000,107.2656,1316325,9353280,44656575,51897216,293769632,8105369384
30,false,MS,"5. VND NNI->ECR->SPR (Inc)",64,true,94.0000,117.0078,1099062,10177367,29801842,75886423,315052864,8440913704
30,false,MS,"5. VND NNI->ECR->SPR (Inc)",65,true,80.0000,168.0114,1513761,10296083,118559966,37578563,504300504,8944230184
30,false,MS,"5. VND NNI->ECR->SPR (Inc)",66,true,80.0000,194.1073,1477821,19691753,158468892,14413454,575307984,9514655528
30,false,MS,"5. VND NNI->ECR->SPR (Inc)",67,true,104.0000,127.4918,1454086,4916681,9129724,111944764,315210944,9816645416
30,false,MS,"5. VND NNI->ECR->SPR (Inc)",68,true,109.0000,188.9694,1356731,8692402,111230856,67631622,523138832,10286407464
30,false,MS,"5. VND NNI->ECR->SPR (Inc)",69,true,83.0000,96.1758,1852073,23611097,63308059,7346442,291670856,377075728
30,false,MS,"5. VND NNI->ECR->SPR (Inc)",70,true,97.0000,193.3495,1086947,10441610,122581995,59190667,545660408,913946640
30,false,MS,"5. VND NNI->ECR->SPR (Inc)",71,true,89.0000,259.7989,1213457,9666557,220024717,28840734,761982624,1685698576
30,false,MS,"5. VND NNI->ECR->SPR (Inc)",72,true,87.0000,165.3209,1284021,7242324,105394025,51348011,475518496,2155460624
30,false,MS,"5. VND NNI->ECR->SPR (Inc)",73,true,82.0000,147.2727,889302,12405143,82083519,51844435,414495704,2558113808
30,false,MS,"5. VND NNI->ECR->SPR (Inc)",74,true,83.0000,131.0159,980947,18988795,88736302,22263955,397876352,2960766992
30,false,MS,"5. VND NNI->ECR->SPR (Inc)",75,true,84.0000,155.8995,640249,14956567,87198066,53051422,431084744,3396974608
30,false,MS,"5. VND NNI->ECR->SPR (Inc)",76,true,99.0000,135.8564,1561810,18731506,77794482,37720443,394921216,3799627792
30,false,MS,"5. VND NNI->ECR->SPR (Inc)",77,true,81.0000,137.9457,601946,14154811,93417526,29727560,403172936,4202280976
30,false,MS,"5. VND NNI->ECR->SPR (Inc)",78,true,81.0000,135.5607,1063103,23648019,88173114,22620242,400372568,4604934160
30,false,MS,"5. VND NNI->ECR->SPR (Inc)",79,true,91.0000,190.7405,1533307,17144457,164585665,7421816,574857368,5175359504
30,false,MS,"5. VND NNI->ECR->SPR (Inc)",80,true,71.0000,175.3099,993118,10399238,127763782,36101994,509445080,5678675984
30,false,MS,"5. VND NNI->ECR->SPR (Inc)",81,true,72.0000,217.6113,1640420,6105963,194980745,14826950,620707368,6282655760
30,false,MS,"5. VND NNI->ECR->SPR (Inc)",82,true,77.0000,157.2582,1300653,14826349,118711083,22362944,453483320,6752417808
30,false,MS,"5. VND NNI->ECR->SPR (Inc)",83,true,95.0000,149.0657,1224450,8342768,57710843,81729466,396361624,7155070992
30,false,MS,"5. VND NNI->ECR->SPR (Inc)",84,true,101.0000,217.8782,2095216,17508990,161705005,36477859,624849288,7759050768
30,false,MS,"5. VND NNI->ECR->SPR (Inc)",85,true,93.0000,140.4986,934908,10784772,69062845,59670741,384712832,8161703952
30,false,MS,"5. VND NNI->ECR->SPR (Inc)",86,true,92.0000,120.5281,966708,13891071,44945975,60680121,326992256,8497248272
30,false,MS,"5. VND NNI->ECR->SPR (Inc)",87,true,73.0000,122.6489,1436704,14196812,76758502,30201702,347929896,8832792592
30,false,MS,"5. VND NNI->ECR->SPR (Inc)",88,true,85.0000,268.3348,1672522,11167902,233808072,21631973,767960784,9604544528
30,false,MS,"5. VND NNI->ECR->SPR (Inc)",89,true,76.0000,191.4696,785274,13102450,148609930,28924754,568038544,10174969872
30,false,MS,"5. VND NNI->ECR->SPR (Inc)",90,true,98.0000,165.7624,1707167,20034766,107371515,36593890,478304056,10275633168
30,false,MS,"5. VND NNI->ECR->SPR (Inc)",91,true,75.0000,99.3739,1372149,9955646,43077492,44921669,284551184,678536632
30,false,MS,"5. VND NNI->ECR->SPR (Inc)",92,true,85.0000,131.3856,668011,12771121,51588148,66313365,355613232,1014080952
30,false,MS,"5. VND NNI->ECR->SPR (Inc)",93,true,92.0000,161.4268,1238397,14186642,109227777,36727414,455402768,1483843000
30,false,MS,"5. VND NNI->ECR->SPR (Inc)",94,true,95.0000,147.7094,1601124,22777301,101042309,22234429,437555584,1920050616
30,false,MS,"5. VND NNI->ECR->SPR (Inc)",95,true,86.0000,185.8138,795293,12249638,121517411,51208496,524432640,2423367096
30,false,MS,"5. VND NNI->ECR->SPR (Inc)",96,true,72.0000,197.2594,926512,8325086,150921596,37043625,580027816,3027346872
30,false,MS,"5. VND NNI->ECR->SPR (Inc)",97,true,93.0000,177.3207,1200684,8966784,85553139,81554814,467020096,3497108920
30,false,MS,"5. VND NNI->ECR->SPR (Inc)",98,true,76.0000,207.7595,649374,16637365,175702880,14720738,614239920,4101088696
30,false,MS,"5. VND NNI->ECR->SPR (Inc)",99,true,113.0000,147.2013,1302287,8495236,30706823,106650114,380020888,4470187448
30,false,MS,"5. VND NNI->ECR->SPR (Inc)",100,true,98.0000,116.8044,1243896,8510928,38466121,68539128,304545304,4772177336
30,false,MS,"6. VND NNI->SPR (Inc)",1,false,Infinity,130.7205,1462211,0,0,129205955,310569960,309313400
30,false,MS,"6. VND NNI->SPR (Inc)",2,true,92.0000,114.5639,1061959,0,0,113468843,272898424,577748856
30,false,MS,"6. VND NNI->SPR (Inc)",3,false,Infinity,161.5451,867561,0,0,160641784,380197672,946847608
30,false,MS,"6. VND NNI->SPR (Inc)",4,true,107.0000,135.8287,1343424,0,0,134453315,326566728,1282391928
30,false,MS,"6. VND NNI->SPR (Inc)",5,true,108.0000,122.4127,594241,0,0,121788286,288974464,1584381816
30,false,MS,"6. VND NNI->SPR (Inc)",6,true,105.0000,169.2680,584772,0,0,168651187,399528912,1953480568
30,false,MS,"6. VND NNI->SPR (Inc)",7,true,99.0000,137.5845,997908,0,0,136556014,328481832,2289024888
30,false,MS,"6. VND NNI->SPR (Inc)",8,false,Infinity,141.9297,1063874,0,0,140833249,341145448,2624569208
30,false,MS,"6. VND NNI->SPR (Inc)",9,true,99.0000,123.6822,1082798,0,0,122568570,293467280,2926559096
30,false,MS,"6. VND NNI->SPR (Inc)",10,true,102.0000,134.9775,893540,0,0,134050247,314936216,3262103416
30,false,MS,"6. VND NNI->SPR (Inc)",11,true,93.0000,115.7320,1813408,0,0,113880105,273139152,3530538872
30,false,MS,"6. VND NNI->SPR (Inc)",12,true,110.0000,137.6957,1221994,0,0,136433701,326189144,3832528760
30,false,MS,"6. VND NNI->SPR (Inc)",13,true,115.0000,170.5425,633725,0,0,169865607,399070904,4235181944
30,false,MS,"6. VND NNI->SPR (Inc)",14,true,106.0000,125.0541,1257952,0,0,123755328,293188040,4537171832
30,false,MS,"6. VND NNI->SPR (Inc)",15,true,103.0000,144.6284,706944,0,0,143883590,339990776,4872716152
30,false,MS,"6. VND NNI->SPR (Inc)",16,true,108.0000,137.6940,903668,0,0,136755132,324594448,5208260472
30,false,MS,"6. VND NNI->SPR (Inc)",17,true,107.0000,128.4308,1555007,0,0,126835466,307343464,5510250360
30,false,MS,"6. VND NNI->SPR (Inc)",18,true,99.0000,122.4531,1613598,0,0,120800287,291094360,5812240248
30,false,MS,"6. VND NNI->SPR (Inc)",19,true,108.0000,161.6793,822745,0,0,160820283,383380936,6181339000
30,false,MS,"6. VND NNI->SPR (Inc)",20,true,113.0000,162.1729,998550,0,0,161136845,380900160,6550437752
30,false,MS,"6. VND NNI->SPR (Inc)",21,true,101.0000,138.6504,645237,0,0,137969422,326876192,6885982072
30,false,MS,"6. VND NNI->SPR (Inc)",22,true,103.0000,152.0290,699541,0,0,151294235,361258440,7255080824
30,false,MS,"6. VND NNI->SPR (Inc)",23,true,108.0000,148.2420,597938,0,0,147606662,345938512,7590625144
30,false,MS,"6. VND NNI->SPR (Inc)",24,false,Infinity,152.7262,1044005,0,0,151634823,359967544,7959723896
30,false,MS,"6. VND NNI->SPR (Inc)",25,true,113.0000,137.7847,966008,0,0,136781623,327398880,8295268216
30,false,MS,"6. VND NNI->SPR (Inc)",26,true,103.0000,139.1767,916132,0,0,138225489,327377376,8630812536
30,false,MS,"6. VND NNI->SPR (Inc)",27,true,110.0000,154.3422,1066669,0,0,153240387,364429808,8966356856
30,false,MS,"6. VND NNI->SPR (Inc)",28,true,102.0000,161.5682,539927,0,0,160993733,380368848,9369010040
30,false,MS,"6. VND NNI->SPR (Inc)",29,false,Infinity,138.8565,1126904,0,0,137686934,327940256,9704554360
30,false,MS,"6. VND NNI->SPR (Inc)",30,true,99.0000,169.0201,649887,0,0,168332491,382762288,10073653112
30,false,MS,"6. VND NNI->SPR (Inc)",31,true,114.0000,147.7569,1454276,0,0,146260040,343390352,10308768744
30,false,MS,"6. VND NNI->SPR (Inc)",32,true,98.0000,136.7284,860436,0,0,135828670,321835952,443765736
30,false,MS,"6. VND NNI->SPR (Inc)",33,false,Infinity,120.2486,1502067,0,0,118703941,289328000,712201192
30,false,MS,"6. VND NNI->SPR (Inc)",34,true,87.0000,130.5140,696645,0,0,129781158,308939344,1047745512
30,false,MS,"6. VND NNI->SPR (Inc)",35,true,95.0000,128.8695,790894,0,0,128041529,306804312,1349735400
30,false,MS,"6. VND NNI->SPR (Inc)",36,true,102.0000,147.4413,1078902,0,0,146328770,347672632,1685279720
30,false,MS,"6. VND NNI->SPR (Inc)",37,true,108.0000,168.4539,635830,0,0,167781052,397000928,2087932904
30,false,MS,"6. VND NNI->SPR (Inc)",38,true,109.0000,158.0883,727303,0,0,157322561,376939384,2457031656
30,false,MS,"6. VND NNI->SPR (Inc)",39,true,123.0000,163.6159,703298,0,0,162875082,376224752,2826130408
30,false,MS,"6. VND NNI->SPR (Inc)",40,true,91.0000,124.6113,897276,0,0,123679894,292330440,3128120296
30,false,MS,"6. VND NNI->SPR (Inc)",41,true,118.0000,139.8275,994272,0,0,138799290,327289616,3463664616
30,false,MS,"6. VND NNI->SPR (Inc)",42,true,105.0000,156.5612,711945,0,0,155812268,364199872,3832763368
30,false,MS,"6. VND NNI->SPR (Inc)",43,true,113.0000,168.9085,1358274,0,0,167511430,400625336,4235416552
30,false,MS,"6. VND NNI->SPR (Inc)",44,true,108.0000,135.7972,1411134,0,0,134347062,323678752,4537406440
30,false,MS,"6. VND NNI->SPR (Inc)",45,true,97.0000,107.5653,1283561,0,0,106239072,255664504,4805841896
30,false,MS,"6. VND NNI->SPR (Inc)",46,false,Infinity,176.8018,599421,0,0,176157605,415613616,5208495080
30,false,MS,"6. VND NNI->SPR (Inc)",47,true,122.0000,161.2638,767609,0,0,160455399,383190080,5611148264
30,false,MS,"6. VND NNI->SPR (Inc)",48,false,Infinity,156.5189,941851,0,0,155530512,364236304,5980247016
30,false,MS,"6. VND NNI->SPR (Inc)",49,false,Infinity,142.6730,1195834,0,0,141437859,338425920,6315791336
30,false,MS,"6. VND NNI->SPR (Inc)",50,true,111.0000,148.4277,856468,0,0,147534033,346015448,6651335656
30,false,MS,"6. VND NNI->SPR (Inc)",51,true,113.0000,176.0273,950809,0,0,175039959,411214944,7053988840
30,false,MS,"6. VND NNI->SPR (Inc)",52,true,105.0000,136.0566,747271,0,0,135270789,320572832,7389533160
30,false,MS,"6. VND NNI->SPR (Inc)",53,true,105.0000,168.5514,692887,0,0,167820858,397880328,7792186344
30,false,MS,"6. VND NNI->SPR (Inc)",54,false,Infinity,154.8773,798087,0,0,154034887,359295344,8127730664
30,false,MS,"6. VND NNI->SPR (Inc)",55,true,102.0000,150.7603,790544,0,0,149933086,359497336,8496829416
30,false,MS,"6. VND NNI->SPR (Inc)",56,true,110.0000,148.2887,1304701,0,0,146946276,347290688,8832373736
30,false,MS,"6. VND NNI->SPR (Inc)",57,false,Infinity,124.0463,765596,0,0,123234256,290712512,9134363624
30,false,MS,"6. VND NNI->SPR (Inc)",58,false,Infinity,153.7859,728134,0,0,153014186,361402664,9503462376
30,false,MS,"6. VND NNI->SPR (Inc)",59,false,Infinity,153.2792,880905,0,0,152353840,360987192,9872561128
30,false,MS,"6. VND NNI->SPR (Inc)",60,true,93.0000,106.5339,1037462,0,0,105460862,255046688,10107442152
30,false,MS,"6. VND NNI->SPR (Inc)",61,true,89.0000,163.7640,581947,0,0,163141498,382236104,10275214312
30,false,MS,"6. VND NNI->SPR (Inc)",62,true,95.0000,114.3160,1218628,0,0,113058152,271830744,510793768
30,false,MS,"6. VND NNI->SPR (Inc)",63,true,83.0000,105.5728,1161690,0,0,104377001,253266632,745674792
30,false,MS,"6. VND NNI->SPR (Inc)",64,true,100.0000,137.2390,940118,0,0,136263798,327228080,1081219112
30,false,MS,"6. VND NNI->SPR (Inc)",65,true,112.0000,124.4290,1073000,0,0,123314779,294098128,1383209000
30,false,MS,"6. VND NNI->SPR (Inc)",66,false,Infinity,145.3782,1144036,0,0,144192428,347524536,1718753320
30,false,MS,"6. VND NNI->SPR (Inc)",67,true,100.0000,115.1543,1360438,0,0,113757942,274550960,1987188776
30,false,MS,"6. VND NNI->SPR (Inc)",68,true,105.0000,122.7514,1155157,0,0,121562436,291052512,2289178664
30,false,MS,"6. VND NNI->SPR (Inc)",69,true,97.0000,114.7051,1448865,0,0,113222946,272453256,2557614120
30,false,MS,"6. VND NNI->SPR (Inc)",70,true,115.0000,151.6199,928206,0,0,150659007,360124392,2926712872
30,false,MS,"6. VND NNI->SPR (Inc)",71,true,96.0000,127.6926,1079072,0,0,126581362,302827504,3228702760
30,false,MS,"6. VND NNI->SPR (Inc)",72,true,98.0000,129.6860,1045569,0,0,128604110,306688912,3530692648
30,false,MS,"6. VND NNI->SPR (Inc)",73,false,Infinity,129.7486,811333,0,0,128892037,308699992,3832682536
30,false,MS,"6. VND NNI->SPR (Inc)",74,true,113.0000,161.6319,825921,0,0,160768204,379520424,4235335720
30,false,MS,"6. VND NNI->SPR (Inc)",75,false,Infinity,138.9689,414078,0,0,138510622,324766232,4537325608
30,false,MS,"6. VND NNI->SPR (Inc)",76,true,107.0000,148.0599,1335801,0,0,146687584,347813272,4906424360
30,false,MS,"6. VND NNI->SPR (Inc)",77,false,Infinity,189.1702,531711,0,0,188596542,448489888,5342631976
30,false,MS,"6. VND NNI->SPR (Inc)",78,true,99.0000,147.1414,591024,0,0,146510987,344855008,5678176296
30,false,MS,"6. VND NNI->SPR (Inc)",79,true,110.0000,151.8148,843284,0,0,150933439,360302664,6047275048
30,false,MS,"6. VND NNI->SPR (Inc)",80,true,98.0000,160.6745,576717,0,0,160061450,380100256,6416373800
30,false,MS,"6. VND NNI->SPR (Inc)",81,true,99.0000,115.1358,1373442,0,0,113719920,271410960,6684809256
30,false,MS,"6. VND NNI->SPR (Inc)",82,true,95.0000,128.5449,974944,0,0,127532151,306791528,7020353576
30,false,MS,"6. VND NNI->SPR (Inc)",83,true,101.0000,142.9678,1060608,0,0,141866003,343960768,7355897896
30,false,MS,"6. VND NNI->SPR (Inc)",84,true,119.0000,186.2702,1394171,0,0,184817465,436144768,7792105512
30,false,MS,"6. VND NNI->SPR (Inc)",85,true,95.0000,130.2748,780585,0,0,129456891,307710328,8094095400
30,false,MS,"6. VND NNI->SPR (Inc)",86,true,86.0000,133.5385,797467,0,0,132701002,308986024,8396085288
30,false,MS,"6. VND NNI->SPR (Inc)",87,false,Infinity,131.7069,1038595,0,0,130623109,310435440,8698075176
30,false,MS,"6. VND NNI->SPR (Inc)",88,true,112.0000,138.0360,1240529,0,0,136757777,324844568,9033619496
30,false,MS,"6. VND NNI->SPR (Inc)",89,true,105.0000,143.9719,640188,0,0,143296473,341449016,9369163816
30,false,MS,"6. VND NNI->SPR (Inc)",90,true,106.0000,130.1238,1348716,0,0,128739748,307348176,9671153704
30,false,MS,"6. VND NNI->SPR (Inc)",91,false,Infinity,114.6139,1301646,0,0,113271757,274846616,9973143592
30,false,MS,"6. VND NNI->SPR (Inc)",92,true,93.0000,135.8293,497637,0,0,135293222,319310936,10275170864
30,false,MS,"6. VND NNI->SPR (Inc)",93,true,98.0000,121.0045,1086397,0,0,119880307,287287960,309504560
30,false,MS,"6. VND NNI->SPR (Inc)",94,false,Infinity,153.8745,1005612,0,0,152826250,364332464,678603312
30,false,MS,"6. VND NNI->SPR (Inc)",95,true,103.0000,142.8820,638333,0,0,142206701,341746880,1014147632
30,false,MS,"6. VND NNI->SPR (Inc)",96,true,86.0000,127.3588,698869,0,0,126626678,304585056,1316137520
30,false,MS,"6. VND NNI->SPR (Inc)",97,true,109.0000,157.1916,1017516,0,0,156137006,370765408,1685236272
30,false,MS,"6. VND NNI->SPR (Inc)",98,false,Infinity,158.4447,552461,0,0,157850043,361894616,2054335024
30,false,MS,"6. VND NNI->SPR (Inc)",99,true,114.0000,139.2802,1100884,0,0,138144535,329295656,2389879344
30,false,MS,"6. VND NNI->SPR (Inc)",100,true,103.0000,115.1242,1068002,0,0,114022486,274524208,2658314800
30,false,M3,"1. NNI (Classic)",1,false,Infinity,308.1088,0,0,0,0,845420216,846266136
30,false,M3,"1. NNI (Classic)",2,true,115.0000,347.0954,0,0,0,0,1248476928,2087780120
30,false,M3,"1. NNI (Classic)",3,false,Infinity,204.5139,0,0,0,0,714268808,2792423192
30,false,M3,"1. NNI (Classic)",4,true,127.0000,394.5250,0,0,0,0,1391959144,4201709336
30,false,M3,"1. NNI (Classic)",5,true,116.0000,347.8674,0,0,0,0,1253731176,5443223320
30,false,M3,"1. NNI (Classic)",6,true,90.0000,271.7017,0,0,0,0,976639768,6416301848
30,false,M3,"1. NNI (Classic)",7,true,122.0000,365.3357,0,0,0,0,1308841344,7724924696
30,false,M3,"1. NNI (Classic)",8,true,107.0000,336.4086,0,0,0,0,1185576016,8932884248
30,false,M3,"1. NNI (Classic)",9,false,Infinity,243.8441,0,0,0,0,864472144,9771745048
30,false,M3,"1. NNI (Classic)",10,true,107.0000,329.6963,0,0,0,0,1164399888,10325304144
30,false,M3,"1. NNI (Classic)",11,false,Infinity,280.4360,0,0,0,0,962974968,1634706256
30,false,M3,"1. NNI (Classic)",12,false,Infinity,249.1430,0,0,0,0,868435904,2507121488
30,false,M3,"1. NNI (Classic)",13,false,Infinity,219.9074,0,0,0,0,961574176,3446645584
30,false,M3,"1. NNI (Classic)",14,true,119.0000,291.0132,0,0,0,0,1281047432,4721714000
30,false,M3,"1. NNI (Classic)",15,true,92.0000,228.2349,0,0,0,0,1010944664,5761901392
30,false,M3,"1. NNI (Classic)",16,true,109.0000,275.1717,0,0,0,0,1191793264,6936306512
30,false,M3,"1. NNI (Classic)",17,false,Infinity,218.8548,0,0,0,0,943639128,7875830608
30,false,M3,"1. NNI (Classic)",18,true,114.0000,294.4612,0,0,0,0,1246779512,9117344592
30,false,M3,"1. NNI (Classic)",19,true,109.0000,273.0188,0,0,0,0,1168035968,10314085112
30,false,M3,"1. NNI (Classic)",20,false,Infinity,211.5514,0,0,0,0,923046320,985953016
30,false,M3,"1. NNI (Classic)",21,true,83.0000,207.5599,0,0,0,0,919876488,1891922680
30,false,M3,"1. NNI (Classic)",22,false,Infinity,164.6574,0,0,0,0,714374776,2596565752
30,false,M3,"1. NNI (Classic)",23,true,100.0000,250.2856,0,0,0,0,1091147760,3703862008
30,false,M3,"1. NNI (Classic)",24,false,Infinity,191.9855,0,0,0,0,816740744,4509168376
30,false,M3,"1. NNI (Classic)",25,false,Infinity,154.8811,0,0,0,0,671756312,5180257016
30,false,M3,"1. NNI (Classic)",26,false,Infinity,235.0798,0,0,0,0,1034784864,6220444408
30,false,M3,"1. NNI (Classic)",27,false,Infinity,220.4899,0,0,0,0,952459368,7159968504
30,false,M3,"1. NNI (Classic)",28,true,102.0000,249.9782,0,0,0,0,1093047032,8267264760
30,false,M3,"1. NNI (Classic)",29,true,112.0000,277.1528,0,0,0,0,1224133720,9508778744
30,false,M3,"1. NNI (Classic)",30,true,149.0000,374.9005,0,0,0,0,1621814528,10280530680
30,false,M3,"1. NNI (Classic)",31,true,148.0000,367.0397,0,0,0,0,1626429360,2485137312
30,false,M3,"1. NNI (Classic)",32,true,110.0000,274.8936,0,0,0,0,1209958224,3693096864
30,false,M3,"1. NNI (Classic)",33,false,Infinity,156.5154,0,0,0,0,665824112,4364185504
30,false,M3,"1. NNI (Classic)",34,true,113.0000,276.3854,0,0,0,0,1233178312,5605699488
30,false,M3,"1. NNI (Classic)",35,true,104.0000,257.6895,0,0,0,0,1118666176,6712995744
30,false,M3,"1. NNI (Classic)",36,true,95.0000,230.0061,0,0,0,0,1023800784,7753183136
30,false,M3,"1. NNI (Classic)",37,true,121.0000,314.3167,0,0,0,0,1355890072,9095360416
30,false,M3,"1. NNI (Classic)",38,true,146.0000,367.4645,0,0,0,0,1582695240,10316417464
30,false,M3,"1. NNI (Classic)",39,false,Infinity,189.9696,0,0,0,0,816751592,1256720824
30,false,M3,"1. NNI (Classic)",40,true,110.0000,269.7465,0,0,0,0,1195134352,2431125944
30,false,M3,"1. NNI (Classic)",41,true,105.0000,267.4298,0,0,0,0,1153481608,3605531064
30,false,M3,"1. NNI (Classic)",42,true,155.0000,386.8197,0,0,0,0,1691852000,5283252664
30,false,M3,"1. NNI (Classic)",43,false,Infinity,157.6791,0,0,0,0,672120976,5954341304
30,false,M3,"1. NNI (Classic)",44,false,Infinity,246.1353,0,0,0,0,1074700216,7028083128
30,false,M3,"1. NNI (Classic)",45,true,102.0000,256.9914,0,0,0,0,1111266616,8135379384
30,false,M3,"1. NNI (Classic)",46,true,114.0000,277.3376,0,0,0,0,1225807680,9376893368
30,false,M3,"1. NNI (Classic)",47,false,Infinity,148.3920,0,0,0,0,628759984,10014427576
30,false,M3,"1. NNI (Classic)",48,true,133.0000,333.7456,0,0,0,0,1452484656,10282863032
30,false,M3,"1. NNI (Classic)",49,true,137.0000,343.3368,0,0,0,0,1496342640,2703017960
30,false,M3,"1. NNI (Classic)",50,true,109.0000,276.2044,0,0,0,0,1195966176,3877423080
30,false,M3,"1. NNI (Classic)",51,true,113.0000,283.3772,0,0,0,0,1229793848,5118937064
30,false,M3,"1. NNI (Classic)",52,true,107.0000,268.4061,0,0,0,0,1162734256,6293342184
30,false,M3,"1. NNI (Classic)",53,true,118.0000,294.3587,0,0,0,0,1275927512,7568410600
30,false,M3,"1. NNI (Classic)",54,false,Infinity,123.4141,0,0,0,0,526050208,8071727080
30,false,M3,"1. NNI (Classic)",55,false,Infinity,138.0947,0,0,0,0,579379840,8642152424
30,false,M3,"1. NNI (Classic)",56,true,142.0000,353.5015,0,0,0,0,1537305856,10185656296
30,false,M3,"1. NNI (Classic)",57,false,Infinity,211.6648,0,0,0,0,920178736,10286319592
30,false,M3,"1. NNI (Classic)",58,true,139.0000,339.7910,0,0,0,0,1510344016,2359375128
30,false,M3,"1. NNI (Classic)",59,true,123.0000,303.0848,0,0,0,0,1335224288,3701552408
30,false,M3,"1. NNI (Classic)",60,true,94.0000,235.5092,0,0,0,0,1025538248,4708185368
30,false,M3,"1. NNI (Classic)",61,true,94.0000,230.5607,0,0,0,0,1018903568,5714818328
30,false,M3,"1. NNI (Classic)",62,true,106.0000,272.2004,0,0,0,0,1166023296,6889223448
30,false,M3,"1. NNI (Classic)",63,true,109.0000,272.8384,0,0,0,0,1195344576,8097183000
30,false,M3,"1. NNI (Classic)",64,true,132.0000,327.1747,0,0,0,0,1432057752,9540023576
30,false,M3,"1. NNI (Classic)",65,true,96.0000,237.1161,0,0,0,0,1032035872,10299883456
30,false,M3,"1. NNI (Classic)",66,true,123.0000,298.9793,0,0,0,0,1322136760,1642840000
30,false,M3,"1. NNI (Classic)",67,true,117.0000,286.0289,0,0,0,0,1266380888,2884353984
30,false,M3,"1. NNI (Classic)",68,false,Infinity,144.3233,0,0,0,0,619319368,3521888192
30,false,M3,"1. NNI (Classic)",69,true,118.0000,292.0782,0,0,0,0,1280762584,4796956608
30,false,M3,"1. NNI (Classic)",70,true,118.0000,304.6957,0,0,0,0,1311974240,6105579456
30,false,M3,"1. NNI (Classic)",71,true,105.0000,271.9574,0,0,0,0,1159220120,7279984576
30,false,M3,"1. NNI (Classic)",72,true,119.0000,301.5065,0,0,0,0,1311413384,8588607424
30,false,M3,"1. NNI (Classic)",73,true,103.0000,255.8272,0,0,0,0,1119201608,9695903680
30,false,M3,"1. NNI (Classic)",74,true,126.0000,312.3849,0,0,0,0,1355396352,10299883456
30,false,M3,"1. NNI (Classic)",75,true,105.0000,255.2681,0,0,0,0,1129812752,1906980760
30,false,M3,"1. NNI (Classic)",76,true,126.0000,316.6193,0,0,0,0,1399186040,3316266904
30,false,M3,"1. NNI (Classic)",77,true,127.0000,317.3958,0,0,0,0,1380782488,4691998616
30,false,M3,"1. NNI (Classic)",78,true,117.0000,290.2542,0,0,0,0,1272205608,5967067032
30,false,M3,"1. NNI (Classic)",79,true,118.0000,296.8774,0,0,0,0,1289025816,7242135448
30,false,M3,"1. NNI (Classic)",80,true,100.0000,250.2702,0,0,0,0,1079872944,8349431704
30,false,M3,"1. NNI (Classic)",81,true,125.0000,308.4328,0,0,0,0,1360666512,9691608984
30,false,M3,"1. NNI (Classic)",82,true,97.0000,244.1340,0,0,0,0,1066110128,10295588760
30,false,M3,"1. NNI (Classic)",83,false,Infinity,167.7691,0,0,0,0,740652768,1235887848
30,false,M3,"1. NNI (Classic)",84,true,110.0000,267.9202,0,0,0,0,1189149888,2410292968
30,false,M3,"1. NNI (Classic)",85,true,94.0000,236.9911,0,0,0,0,1026128512,3450480360
30,false,M3,"1. NNI (Classic)",86,true,90.0000,218.6966,0,0,0,0,969189080,4423558888
30,false,M3,"1. NNI (Classic)",87,true,97.0000,240.9161,0,0,0,0,1066143512,5497300712
30,false,M3,"1. NNI (Classic)",88,true,112.0000,275.7028,0,0,0,0,1202598072,6705260264
30,false,M3,"1. NNI (Classic)",89,true,120.0000,302.1450,0,0,0,0,1302200288,7980328680
30,false,M3,"1. NNI (Classic)",90,false,Infinity,136.1489,0,0,0,0,574396488,8550754024
30,false,M3,"1. NNI (Classic)",91,true,81.0000,194.6365,0,0,0,0,871853080,9423169256
30,false,M3,"1. NNI (Classic)",92,true,102.0000,255.6887,0,0,0,0,1110818184,10303933128
30,false,M3,"1. NNI (Classic)",93,true,91.0000,223.2405,0,0,0,0,988489816,1277790920
30,false,M3,"1. NNI (Classic)",94,true,124.0000,300.8986,0,0,0,0,1340261496,2619968200
30,false,M3,"1. NNI (Classic)",95,true,120.0000,296.2429,0,0,0,0,1294319736,3928591048
30,false,M3,"1. NNI (Classic)",96,true,105.0000,261.8475,0,0,0,0,1151756808,5069441736
30,false,M3,"1. NNI (Classic)",97,true,117.0000,285.3878,0,0,0,0,1263509944,6344510152
30,false,M3,"1. NNI (Classic)",98,true,117.0000,289.7203,0,0,0,0,1273459400,7619578568
30,false,M3,"1. NNI (Classic)",99,false,Infinity,154.1841,0,0,0,0,653929456,8257112776
30,false,M3,"1. NNI (Classic)",100,false,Infinity,232.9988,0,0,0,0,1032188896,9297300168
30,false,M3,"2. NNI (Incremental)",1,false,Infinity,90.6498,0,0,0,0,158482160,142506192
30,false,M3,"2. NNI (Incremental)",2,true,103.0000,107.3564,0,0,0,0,261175984,410941648
30,false,M3,"2. NNI (Incremental)",3,false,Infinity,68.1343,0,0,0,0,165790720,578713808
30,false,M3,"2. NNI (Incremental)",4,true,140.0000,141.6050,0,0,0,0,349443848,914258128
30,false,M3,"2. NNI (Incremental)",5,true,107.0000,109.9927,0,0,0,0,270653752,1182693584
30,false,M3,"2. NNI (Incremental)",6,true,89.0000,90.9444,0,0,0,0,224773792,1417574608
30,false,M3,"2. NNI (Incremental)",7,true,110.0000,112.5628,0,0,0,0,277882176,1686010064
30,false,M3,"2. NNI (Incremental)",8,true,101.0000,105.9095,0,0,0,0,257178816,1954445520
30,false,M3,"2. NNI (Incremental)",9,false,Infinity,90.6572,0,0,0,0,222636264,2189326544
30,false,M3,"2. NNI (Incremental)",10,true,114.0000,115.1000,0,0,0,0,286709928,2457762000
30,false,M3,"2. NNI (Incremental)",11,false,Infinity,90.8291,0,0,0,0,218249464,2692643024
30,false,M3,"2. NNI (Incremental)",12,false,Infinity,78.8024,0,0,0,0,192975992,2893969616
30,false,M3,"2. NNI (Incremental)",13,false,Infinity,90.0474,0,0,0,0,216943200,3095296208
30,false,M3,"2. NNI (Incremental)",14,true,101.0000,105.0010,0,0,0,0,254929792,3363731664
30,false,M3,"2. NNI (Incremental)",15,true,90.0000,91.9263,0,0,0,0,226719296,3565058256
30,false,M3,"2. NNI (Incremental)",16,true,109.0000,113.5727,0,0,0,0,275848976,3867048144
30,false,M3,"2. NNI (Incremental)",17,false,Infinity,52.2288,0,0,0,0,125712096,3967711440
30,false,M3,"2. NNI (Incremental)",18,true,115.0000,121.4129,0,0,0,0,289784896,4269701328
30,false,M3,"2. NNI (Incremental)",19,true,107.0000,108.6274,0,0,0,0,270131240,4538136784
30,false,M3,"2. NNI (Incremental)",20,false,Infinity,65.5376,0,0,0,0,159782808,4705908944
30,false,M3,"2. NNI (Incremental)",21,true,84.0000,89.6131,0,0,0,0,211739432,4907235536
30,false,M3,"2. NNI (Incremental)",22,true,130.0000,133.1796,0,0,0,0,327784352,5242779856
30,false,M3,"2. NNI (Incremental)",23,true,102.0000,105.0388,0,0,0,0,259097600,5511215312
30,false,M3,"2. NNI (Incremental)",24,false,Infinity,92.0248,0,0,0,0,217642624,5712541904
30,false,M3,"2. NNI (Incremental)",25,false,Infinity,65.5139,0,0,0,0,159908080,5880314064
30,false,M3,"2. NNI (Incremental)",26,true,129.0000,132.9634,0,0,0,0,324453248,6215858384
30,false,M3,"2. NNI (Incremental)",27,false,Infinity,97.0156,0,0,0,0,231356576,6417184976
30,false,M3,"2. NNI (Incremental)",28,true,102.0000,105.2989,0,0,0,0,258148976,6685620432
30,false,M3,"2. NNI (Incremental)",29,true,111.0000,115.9881,0,0,0,0,280298928,6954055888
30,false,M3,"2. NNI (Incremental)",30,true,140.0000,143.9845,0,0,0,0,350090400,7323154640
30,false,M3,"2. NNI (Incremental)",31,true,144.0000,146.2143,0,0,0,0,360590520,7692253392
30,false,M3,"2. NNI (Incremental)",32,true,110.0000,116.5725,0,0,0,0,279912528,7960688848
30,false,M3,"2. NNI (Incremental)",33,false,Infinity,51.0038,0,0,0,0,121879416,8094906576
30,false,M3,"2. NNI (Incremental)",34,true,109.0000,111.6802,0,0,0,0,274678952,8363342032
30,false,M3,"2. NNI (Incremental)",35,true,97.0000,101.4246,0,0,0,0,246905784,8598223056
30,false,M3,"2. NNI (Incremental)",36,true,94.0000,96.0055,0,0,0,0,235974128,8833104080
30,false,M3,"2. NNI (Incremental)",37,true,119.0000,122.8631,0,0,0,0,299435792,9135093968
30,false,M3,"2. NNI (Incremental)",38,false,Infinity,75.9606,0,0,0,0,185297984,9336420560
30,false,M3,"2. NNI (Incremental)",39,true,121.0000,123.9297,0,0,0,0,306211296,9638410448
30,false,M3,"2. NNI (Incremental)",40,true,105.0000,107.5944,0,0,0,0,263693912,9906845904
30,false,M3,"2. NNI (Incremental)",41,true,105.0000,107.5143,0,0,0,0,264779808,10175281360
30,false,M3,"2. NNI (Incremental)",42,false,Infinity,62.2423,0,0,0,0,147829112,10310367920
30,false,M3,"2. NNI (Incremental)",43,false,Infinity,67.5303,0,0,0,0,161706032,176929456
30,false,M3,"2. NNI (Incremental)",44,true,126.0000,128.0725,0,0,0,0,315665880,478919344
30,false,M3,"2. NNI (Incremental)",45,true,101.0000,104.4712,0,0,0,0,255045448,747354800
30,false,M3,"2. NNI (Incremental)",46,true,114.0000,115.7841,0,0,0,0,286454000,1015790256
30,false,M3,"2. NNI (Incremental)",47,false,Infinity,58.5949,0,0,0,0,143873840,1183562416
30,false,M3,"2. NNI (Incremental)",48,true,125.0000,129.4404,0,0,0,0,316071936,1485552304
30,false,M3,"2. NNI (Incremental)",49,true,135.0000,140.1053,0,0,0,0,339382968,1821096624
30,false,M3,"2. NNI (Incremental)",50,true,103.0000,105.8472,0,0,0,0,259679632,2089532080
30,false,M3,"2. NNI (Incremental)",51,true,122.0000,125.5753,0,0,0,0,307219632,2391521968
30,false,M3,"2. NNI (Incremental)",52,true,109.0000,111.4061,0,0,0,0,275955568,2659957424
30,false,M3,"2. NNI (Incremental)",53,true,104.0000,107.1191,0,0,0,0,262647272,2928392880
30,false,M3,"2. NNI (Incremental)",54,false,Infinity,49.2250,0,0,0,0,120159544,3062610608
30,false,M3,"2. NNI (Incremental)",55,false,Infinity,57.0881,0,0,0,0,138178736,3196828336
30,false,M3,"2. NNI (Incremental)",56,true,142.0000,147.1222,0,0,0,0,355526392,3532372656
30,false,M3,"2. NNI (Incremental)",57,true,111.0000,115.8430,0,0,0,0,278410776,3834362544
30,false,M3,"2. NNI (Incremental)",58,true,137.0000,140.7626,0,0,0,0,340188720,4169906864
30,false,M3,"2. NNI (Incremental)",59,false,Infinity,105.2569,0,0,0,0,255439808,4404787888
30,false,M3,"2. NNI (Incremental)",60,true,92.0000,97.0294,0,0,0,0,235172864,4639668912
30,false,M3,"2. NNI (Incremental)",61,true,91.0000,94.5068,0,0,0,0,230490928,4874549936
30,false,M3,"2. NNI (Incremental)",62,true,104.0000,110.4604,0,0,0,0,263874752,5142985392
30,false,M3,"2. NNI (Incremental)",63,true,95.0000,96.9039,0,0,0,0,240917696,5377866416
30,false,M3,"2. NNI (Incremental)",64,false,Infinity,67.8427,0,0,0,0,165794776,5545638576
30,false,M3,"2. NNI (Incremental)",65,true,95.0000,98.5468,0,0,0,0,240182904,5780519600
30,false,M3,"2. NNI (Incremental)",66,true,123.0000,127.7413,0,0,0,0,312827048,6116063920
30,false,M3,"2. NNI (Incremental)",67,true,116.0000,121.8221,0,0,0,0,297350824,6418053808
30,false,M3,"2. NNI (Incremental)",68,true,150.0000,155.8999,0,0,0,0,376648384,6787152560
30,false,M3,"2. NNI (Incremental)",69,true,116.0000,118.4362,0,0,0,0,289049400,7089142448
30,false,M3,"2. NNI (Incremental)",70,true,115.0000,120.9428,0,0,0,0,288718720,7357577904
30,false,M3,"2. NNI (Incremental)",71,true,108.0000,113.5251,0,0,0,0,274195336,7626013360
30,false,M3,"2. NNI (Incremental)",72,true,115.0000,119.7930,0,0,0,0,289842256,7928003248
30,false,M3,"2. NNI (Incremental)",73,true,100.0000,103.5644,0,0,0,0,251135424,8162884272
30,false,M3,"2. NNI (Incremental)",74,true,118.0000,121.9195,0,0,0,0,298638088,8464874160
30,false,M3,"2. NNI (Incremental)",75,true,105.0000,108.9082,0,0,0,0,266666736,8733309616
30,false,M3,"2. NNI (Incremental)",76,true,115.0000,119.7215,0,0,0,0,289532080,9035299504
30,false,M3,"2. NNI (Incremental)",77,true,115.0000,120.2352,0,0,0,0,291357512,9337289392
30,false,M3,"2. NNI (Incremental)",78,true,110.0000,113.1713,0,0,0,0,276077520,9605724848
30,false,M3,"2. NNI (Incremental)",79,true,114.0000,116.6608,0,0,0,0,286885752,9874160304
30,false,M3,"2. NNI (Incremental)",80,true,100.0000,102.2283,0,0,0,0,253152288,10142595760
30,false,M3,"2. NNI (Incremental)",81,true,124.0000,132.0565,0,0,0,0,311844624,10276813488
30,false,M3,"2. NNI (Incremental)",82,true,94.0000,96.2206,0,0,0,0,234666288,411326088
30,false,M3,"2. NNI (Incremental)",83,false,Infinity,70.2016,0,0,0,0,174664968,579098248
30,false,M3,"2. NNI (Incremental)",84,true,113.0000,115.5808,0,0,0,0,285063456,881088136
30,false,M3,"2. NNI (Incremental)",85,false,Infinity,62.2580,0,0,0,0,153177984,1015305864
30,false,M3,"2. NNI (Incremental)",86,true,90.0000,93.4163,0,0,0,0,227585328,1250186888
30,false,M3,"2. NNI (Incremental)",87,true,108.0000,111.7739,0,0,0,0,274264472,1518622344
30,false,M3,"2. NNI (Incremental)",88,false,Infinity,86.9784,0,0,0,0,214516128,1753503368
30,false,M3,"2. NNI (Incremental)",89,true,125.0000,133.3704,0,0,0,0,320060704,2055493256
30,false,M3,"2. NNI (Incremental)",90,true,141.0000,148.2406,0,0,0,0,355214864,2424592008
30,false,M3,"2. NNI (Incremental)",91,true,81.0000,83.1991,0,0,0,0,205777144,2625918600
30,false,M3,"2. NNI (Incremental)",92,true,102.0000,104.5256,0,0,0,0,257254280,2894354056
30,false,M3,"2. NNI (Incremental)",93,true,91.0000,96.1357,0,0,0,0,232044368,3129235080
30,false,M3,"2. NNI (Incremental)",94,true,124.0000,127.5051,0,0,0,0,310950360,3431224968
30,false,M3,"2. NNI (Incremental)",95,true,124.0000,128.2678,0,0,0,0,312882344,3733214856
30,false,M3,"2. NNI (Incremental)",96,true,98.0000,101.2092,0,0,0,0,248295168,4001650312
30,false,M3,"2. NNI (Incremental)",97,true,106.0000,109.9139,0,0,0,0,270064288,4270085768
30,false,M3,"2. NNI (Incremental)",98,true,117.0000,122.1190,0,0,0,0,297946088,4572075656
30,false,M3,"2. NNI (Incremental)",99,false,Infinity,42.0767,0,0,0,0,100229744,4672738952
30,false,M3,"2. NNI (Incremental)",100,false,Infinity,102.0053,0,0,0,0,249154096,4907619976
30,false,M3,"3. VND NNI->ECR->SPR (Classic)",1,true,130.0000,759.1870,195276747,563495564,0,0,3261783672,3263144024
30,false,M3,"3. VND NNI->ECR->SPR (Classic)",2,true,115.0000,280.0623,279669799,0,0,0,1248734392,4504658008
30,false,M3,"3. VND NNI->ECR->SPR (Classic)",3,true,97.0000,518.6139,168023343,350227167,0,0,2245185168,6752804952
30,false,M3,"3. VND NNI->ECR->SPR (Classic)",4,true,127.0000,319.7600,319364587,0,0,0,1392220904,8128536664
30,false,M3,"3. VND NNI->ECR->SPR (Classic)",5,true,116.0000,282.8028,282440018,0,0,0,1253982992,9403605080
30,false,M3,"3. VND NNI->ECR->SPR (Classic)",6,true,90.0000,224.1454,223796792,0,0,0,976879880,10339293360
30,false,M3,"3. VND NNI->ECR->SPR (Classic)",7,true,122.0000,295.2670,294893394,0,0,0,1309097256,1413814448
30,false,M3,"3. VND NNI->ECR->SPR (Classic)",8,true,107.0000,271.9779,271650818,0,0,0,1185825704,2588219568
30,false,M3,"3. VND NNI->ECR->SPR (Classic)",9,true,110.0000,547.4941,200955570,346173727,0,0,2382386008,4970584240
30,false,M3,"3. VND NNI->ECR->SPR (Classic)",10,true,107.0000,267.4949,267160257,0,0,0,1164651248,6144989360
30,false,M3,"3. VND NNI->ECR->SPR (Classic)",11,true,111.0000,562.5289,232795457,329385247,0,0,2346675400,8493799600
30,false,M3,"3. VND NNI->ECR->SPR (Classic)",12,true,131.0000,811.8195,205028856,606360160,0,0,3473882928,10311896408
30,false,M3,"3. VND NNI->ECR->SPR (Classic)",13,true,124.0000,617.5510,223839022,393325237,0,0,2647236504,4339207512
30,false,M3,"3. VND NNI->ECR->SPR (Classic)",14,true,119.0000,289.9852,289610938,0,0,0,1281300224,5614275928
30,false,M3,"3. VND NNI->ECR->SPR (Classic)",15,true,92.0000,227.3546,227046903,0,0,0,1011188968,6654463320
30,false,M3,"3. VND NNI->ECR->SPR (Classic)",16,true,109.0000,277.5103,277138415,0,0,0,1192043192,7828868440
30,false,M3,"3. VND NNI->ECR->SPR (Classic)",17,true,130.0000,694.3809,220179512,473775190,0,0,2928848048,10296927432
30,false,M3,"3. VND NNI->ECR->SPR (Classic)",18,true,114.0000,278.8378,278474105,0,0,0,1244436000,1807656136
30,false,M3,"3. VND NNI->ECR->SPR (Classic)",19,true,109.0000,264.1022,263776441,0,0,0,1167786920,2948506824
30,false,M3,"3. VND NNI->ECR->SPR (Classic)",20,true,129.0000,686.2809,214669031,471204601,0,0,2953971384,5901296840
30,false,M3,"3. VND NNI->ECR->SPR (Classic)",21,true,83.0000,210.1182,209824126,0,0,0,920115504,6840820936
30,false,M3,"3. VND NNI->ECR->SPR (Classic)",22,true,93.0000,471.6857,166096308,305270881,0,0,2055475472,8887641288
30,false,M3,"3. VND NNI->ECR->SPR (Classic)",23,true,100.0000,254.3394,254039923,0,0,0,1091391880,9994937544
30,false,M3,"3. VND NNI->ECR->SPR (Classic)",24,true,119.0000,3460.8919,200038464,250298096,3010122290,0,14256450984,10587756056
30,false,M3,"3. VND NNI->ECR->SPR (Classic)",25,true,101.0000,586.3359,157897223,428109255,0,0,2531365136,6527669784
30,false,M3,"3. VND NNI->ECR->SPR (Classic)",26,true,127.0000,583.3810,238241125,344752945,0,0,2534496384,9044252184
30,false,M3,"3. VND NNI->ECR->SPR (Classic)",27,true,155.0000,1217.7671,294448148,463635644,459186142,0,5228034696,10285766168
30,false,M3,"3. VND NNI->ECR->SPR (Classic)",28,true,102.0000,247.3351,247010403,0,0,0,1093278568,5152356216
30,false,M3,"3. VND NNI->ECR->SPR (Classic)",29,true,112.0000,277.5789,277196175,0,0,0,1224372048,6360315768
30,false,M3,"3. VND NNI->ECR->SPR (Classic)",30,true,149.0000,372.8073,372329484,0,0,0,1622066456,8004482936
30,false,M3,"3. VND NNI->ECR->SPR (Classic)",31,true,148.0000,370.7568,370306848,0,0,0,1626701816,9615095672
30,false,M3,"3. VND NNI->ECR->SPR (Classic)",32,true,110.0000,278.4037,278039526,0,0,0,1210211624,10286184312
30,false,M3,"3. VND NNI->ECR->SPR (Classic)",33,true,123.0000,837.2584,156495847,680364794,0,0,3587118368,4165084024
30,false,M3,"3. VND NNI->ECR->SPR (Classic)",34,true,113.0000,277.2539,276873481,0,0,0,1233430888,5406598008
30,false,M3,"3. VND NNI->ECR->SPR (Classic)",35,true,104.0000,256.9155,256584332,0,0,0,1118912280,6513894264
30,false,M3,"3. VND NNI->ECR->SPR (Classic)",36,true,95.0000,231.4164,231098429,0,0,0,1024044832,7554081656
30,false,M3,"3. VND NNI->ECR->SPR (Classic)",37,true,121.0000,314.0285,313666370,0,0,0,1356149912,8896258936
30,false,M3,"3. VND NNI->ECR->SPR (Classic)",38,true,146.0000,368.3552,367886584,0,0,0,1582965376,10324968144
30,false,M3,"3. VND NNI->ECR->SPR (Classic)",39,true,113.0000,566.2490,192112860,373776687,0,0,2460759880,2708112080
30,false,M3,"3. VND NNI->ECR->SPR (Classic)",40,true,110.0000,270.7682,270420548,0,0,0,1195383544,3882517200
30,false,M3,"3. VND NNI->ECR->SPR (Classic)",41,true,105.0000,267.2280,266884092,0,0,0,1153731096,5056922320
30,false,M3,"3. VND NNI->ECR->SPR (Classic)",42,true,155.0000,385.5565,385090425,0,0,0,1692125176,6734643920
30,false,M3,"3. VND NNI->ECR->SPR (Classic)",43,true,129.0000,922.8925,160415043,762055987,0,0,3875893856,10347850880
30,false,M3,"3. VND NNI->ECR->SPR (Classic)",44,true,116.0000,470.4475,246235078,223863509,0,0,2057835056,2496113792
30,false,M3,"3. VND NNI->ECR->SPR (Classic)",45,true,102.0000,254.1303,253798293,0,0,0,1111513136,3603410048
30,false,M3,"3. VND NNI->ECR->SPR (Classic)",46,true,114.0000,276.5319,276171656,0,0,0,1226058272,4844924032
30,false,M3,"3. VND NNI->ECR->SPR (Classic)",47,true,112.0000,816.6556,150572423,665712637,0,0,3424748816,8267476096
30,false,M3,"3. VND NNI->ECR->SPR (Classic)",48,true,133.0000,332.0860,331687575,0,0,0,1452747216,9710316672
30,false,M3,"3. VND NNI->ECR->SPR (Classic)",49,true,137.0000,345.7383,345314232,0,0,0,1496606864,10280742016
30,false,M3,"3. VND NNI->ECR->SPR (Classic)",50,true,109.0000,274.2975,274000807,0,0,0,1196216704,2150579320
30,false,M3,"3. VND NNI->ECR->SPR (Classic)",51,true,113.0000,279.8683,279515206,0,0,0,1230044640,3392093304
30,false,M3,"3. VND NNI->ECR->SPR (Classic)",52,true,107.0000,266.9268,266576677,0,0,0,1162982000,4566498424
30,false,M3,"3. VND NNI->ECR->SPR (Classic)",53,true,118.0000,291.4300,291073068,0,0,0,1276181104,5841566840
30,false,M3,"3. VND NNI->ECR->SPR (Classic)",54,true,114.0000,834.1679,125096157,708678456,0,0,3580742480,9398336632
30,false,M3,"3. VND NNI->ECR->SPR (Classic)",55,true,121.0000,841.8764,139108779,702415173,0,0,3595379400,10304306296
30,false,M3,"3. VND NNI->ECR->SPR (Classic)",56,true,142.0000,352.4838,352026439,0,0,0,1537571960,4251555752
30,false,M3,"3. VND NNI->ECR->SPR (Classic)",57,true,97.0000,362.7194,211238958,151163096,0,0,1588018368,5862168488
30,false,M3,"3. VND NNI->ECR->SPR (Classic)",58,true,139.0000,341.2965,340864730,0,0,0,1510608456,7372117928
30,false,M3,"3. VND NNI->ECR->SPR (Classic)",59,true,123.0000,304.8265,304442917,0,0,0,1335480992,8714295208
30,false,M3,"3. VND NNI->ECR->SPR (Classic)",60,true,94.0000,234.3035,233952859,0,0,0,1025781312,9720928168
30,false,M3,"3. VND NNI->ECR->SPR (Classic)",61,true,94.0000,231.4623,231130470,0,0,0,1019145912,10295450408
30,false,M3,"3. VND NNI->ECR->SPR (Classic)",62,true,106.0000,269.2021,268893434,0,0,0,1166273184,1638406952
30,false,M3,"3. VND NNI->ECR->SPR (Classic)",63,true,109.0000,269.6966,269393354,0,0,0,1195596000,2846366504
30,false,M3,"3. VND NNI->ECR->SPR (Classic)",64,true,132.0000,323.6582,323261990,0,0,0,1432317416,4289207080
30,false,M3,"3. VND NNI->ECR->SPR (Classic)",65,true,96.0000,235.3086,234992365,0,0,0,1032276904,5295840040
30,false,M3,"3. VND NNI->ECR->SPR (Classic)",66,true,123.0000,298.0315,297620050,0,0,0,1322392912,6638017320
30,false,M3,"3. VND NNI->ECR->SPR (Classic)",67,true,117.0000,288.9114,288517147,0,0,0,1266636856,7879531304
30,false,M3,"3. VND NNI->ECR->SPR (Classic)",68,true,149.0000,1122.1140,147080620,974583194,0,0,4777384536,10339833896
30,false,M3,"3. VND NNI->ECR->SPR (Classic)",69,true,118.0000,287.5805,287210081,0,0,0,1281016744,3729610792
30,false,M3,"3. VND NNI->ECR->SPR (Classic)",70,true,118.0000,301.9517,301605170,0,0,0,1312229064,5038233640
30,false,M3,"3. VND NNI->ECR->SPR (Classic)",71,true,105.0000,269.4242,269089316,0,0,0,1159470992,6212638760
30,false,M3,"3. VND NNI->ECR->SPR (Classic)",72,true,119.0000,301.2535,300867807,0,0,0,1311669704,7521261608
30,false,M3,"3. VND NNI->ECR->SPR (Classic)",73,true,103.0000,256.6421,256304380,0,0,0,1119449104,8628557864
30,false,M3,"3. VND NNI->ECR->SPR (Classic)",74,true,126.0000,312.6073,312232222,0,0,0,1355654104,10004289576
30,false,M3,"3. VND NNI->ECR->SPR (Classic)",75,true,105.0000,258.5071,258180828,0,0,0,1130059752,10306279464
30,false,M3,"3. VND NNI->ECR->SPR (Classic)",76,true,126.0000,316.9540,316603836,0,0,0,1399447560,2237913640
30,false,M3,"3. VND NNI->ECR->SPR (Classic)",77,true,127.0000,314.7707,314409683,0,0,0,1381042680,3613645352
30,false,M3,"3. VND NNI->ECR->SPR (Classic)",78,true,117.0000,289.7184,289348779,0,0,0,1272459440,4888713768
30,false,M3,"3. VND NNI->ECR->SPR (Classic)",79,true,118.0000,296.5063,296143703,0,0,0,1289282320,6163782184
30,false,M3,"3. VND NNI->ECR->SPR (Classic)",80,true,100.0000,248.5388,248201348,0,0,0,1080117752,7271078440
30,false,M3,"3. VND NNI->ECR->SPR (Classic)",81,true,125.0000,309.3745,308964176,0,0,0,1360924168,8613255720
30,false,M3,"3. VND NNI->ECR->SPR (Classic)",82,true,97.0000,241.6966,241380014,0,0,0,1066356720,9686997544
30,false,M3,"3. VND NNI->ECR->SPR (Classic)",83,true,98.0000,497.1966,173447088,323390664,0,0,2161479152,10297917848
30,false,M3,"3. VND NNI->ECR->SPR (Classic)",84,true,110.0000,268.9144,268594896,0,0,0,1189400248,2781725080
30,false,M3,"3. VND NNI->ECR->SPR (Classic)",85,true,94.0000,235.7531,235449946,0,0,0,1026371320,3788358040
30,false,M3,"3. VND NNI->ECR->SPR (Classic)",86,true,90.0000,217.9101,217617990,0,0,0,969430368,4761436568
30,false,M3,"3. VND NNI->ECR->SPR (Classic)",87,true,97.0000,241.2225,240905552,0,0,0,1066389912,5835178392
30,false,M3,"3. VND NNI->ECR->SPR (Classic)",88,true,112.0000,275.8169,275457047,0,0,0,1202849552,7043137944
30,false,M3,"3. VND NNI->ECR->SPR (Classic)",89,true,120.0000,301.8384,301450135,0,0,0,1302455320,8351760792
30,false,M3,"3. VND NNI->ECR->SPR (Classic)",90,true,138.0000,1089.3589,138104579,950832211,0,0,4571284176,10326313656
30,false,M3,"3. VND NNI->ECR->SPR (Classic)",91,true,81.0000,194.3324,194037671,0,0,0,872087824,3548318392
30,false,M3,"3. VND NNI->ECR->SPR (Classic)",92,true,102.0000,254.6093,254235505,0,0,0,1111069104,4655614648
30,false,M3,"3. VND NNI->ECR->SPR (Classic)",93,true,91.0000,225.2647,224941108,0,0,0,988730160,5662247608
30,false,M3,"3. VND NNI->ECR->SPR (Classic)",94,true,124.0000,302.6104,302207025,0,0,0,1340518720,7004424888
30,false,M3,"3. VND NNI->ECR->SPR (Classic)",95,true,120.0000,296.8033,296407445,0,0,0,1294577288,8279493304
30,false,M3,"3. VND NNI->ECR->SPR (Classic)",96,true,105.0000,260.9141,260581344,0,0,0,1152011320,9453898424
30,false,M3,"3. VND NNI->ECR->SPR (Classic)",97,true,117.0000,289.7146,289321146,0,0,0,1263764176,10292759224
30,false,M3,"3. VND NNI->ECR->SPR (Classic)",98,true,117.0000,287.1896,286838825,0,0,0,1273714336,1717504352
30,false,M3,"3. VND NNI->ECR->SPR (Classic)",99,true,90.0000,2220.2870,164230971,145642666,1910062606,0,9308242136,10543377688
30,false,M3,"3. VND NNI->ECR->SPR (Classic)",100,true,109.0000,400.2421,233524893,166383394,0,0,1776581848,2792303896
30,false,M3,"4. VND NNI->SPR (Classic)",1,true,142.0000,1924.1312,196574806,0,0,1726985050,7878807328,7860437728
30,false,M3,"4. VND NNI->SPR (Classic)",2,true,115.0000,280.9944,280617142,0,0,0,1248734392,9135506144
30,false,M3,"4. VND NNI->SPR (Classic)",3,true,113.0000,1530.8278,169189511,0,0,1361238626,6208031104,10350584352
30,false,M3,"4. VND NNI->SPR (Classic)",4,true,127.0000,321.3166,320925226,0,0,0,1392220904,6458270240
30,false,M3,"4. VND NNI->SPR (Classic)",5,true,116.0000,284.6508,284284356,0,0,0,1253982992,7699784224
30,false,M3,"4. VND NNI->SPR (Classic)",6,true,90.0000,220.0903,219761908,0,0,0,976879880,8706417184
30,false,M3,"4. VND NNI->SPR (Classic)",7,true,122.0000,295.2163,294831677,0,0,0,1309097224,10015040032
30,false,M3,"4. VND NNI->SPR (Classic)",8,true,107.0000,274.8358,274489206,0,0,0,1185825672,10283475488
30,false,M3,"4. VND NNI->SPR (Classic)",9,true,110.0000,1322.6801,197527948,0,0,1124778981,5492305128,6430660552
30,false,M3,"4. VND NNI->SPR (Classic)",10,true,107.0000,266.2440,265864122,0,0,0,1164651216,7571511240
30,false,M3,"4. VND NNI->SPR (Classic)",11,true,141.0000,1635.5318,232010284,0,0,1403118059,6576513848,10317462944
30,false,M3,"4. VND NNI->SPR (Classic)",12,true,140.0000,2188.0055,205195603,0,0,1982350684,8782875232,10372432224
30,false,M3,"4. VND NNI->SPR (Classic)",13,true,130.0000,1394.1681,222178674,0,0,1171548043,5697495896,8258503008
30,false,M3,"4. VND NNI->SPR (Classic)",14,true,119.0000,290.9130,290532050,0,0,0,1281300192,9533571424
30,false,M3,"4. VND NNI->SPR (Classic)",15,true,92.0000,232.8349,232510224,0,0,0,1011188936,10305323360
30,false,M3,"4. VND NNI->SPR (Classic)",16,true,109.0000,273.6072,273252113,0,0,0,1192043160,1484487200
30,false,M3,"4. VND NNI->SPR (Classic)",17,true,135.0000,1417.5045,219592044,0,0,1197481658,5758689392,7222295072
30,false,M3,"4. VND NNI->SPR (Classic)",18,true,114.0000,282.7839,282398880,0,0,0,1244435968,8463809056
30,false,M3,"4. VND NNI->SPR (Classic)",19,true,109.0000,265.3940,265032430,0,0,0,1167786888,9638214176
30,false,M3,"4. VND NNI->SPR (Classic)",20,true,125.0000,1379.3685,218392563,0,0,1160534445,5631250136,10309302816
30,false,M3,"4. VND NNI->SPR (Classic)",21,true,83.0000,209.3616,209076204,0,0,0,920115472,5940983152
30,false,M3,"4. VND NNI->SPR (Classic)",22,true,114.0000,1711.4373,166580518,0,0,1544459534,6963640616,10364269624
30,false,M3,"4. VND NNI->SPR (Classic)",23,true,100.0000,248.1401,247829732,0,0,0,1091391848,3787600952
30,false,M3,"4. VND NNI->SPR (Classic)",24,true,151.0000,2380.7355,195170766,0,0,2185017417,9501147608,10344074112
30,false,M3,"4. VND NNI->SPR (Classic)",25,true,129.0000,1940.3399,158438533,0,0,1781481780,7739376720,10301990336
30,false,M3,"4. VND NNI->SPR (Classic)",26,true,130.0000,1579.2200,236310382,0,0,1342499555,6495044064,7248537024
30,false,M3,"4. VND NNI->SPR (Classic)",27,true,180.0000,2745.4613,222211376,0,0,2522624872,11093473752,10301990336
30,false,M3,"4. VND NNI->SPR (Classic)",28,true,102.0000,246.2216,245903618,0,0,0,1093278536,9199062176
30,false,M3,"4. VND NNI->SPR (Classic)",29,true,112.0000,282.5044,282173953,0,0,0,1224372016,10306358432
30,false,M3,"4. VND NNI->SPR (Classic)",30,true,149.0000,366.9719,366535254,0,0,0,1622066424,1795777296
30,false,M3,"4. VND NNI->SPR (Classic)",31,true,148.0000,365.1312,364703681,0,0,0,1626701784,3439944464
30,false,M3,"4. VND NNI->SPR (Classic)",32,true,110.0000,276.4440,276075613,0,0,0,1210211592,4647904016
30,false,M3,"4. VND NNI->SPR (Classic)",33,true,136.0000,2321.2987,158181684,0,0,2162658100,9311669072,10360453920
30,false,M3,"4. VND NNI->SPR (Classic)",34,true,113.0000,277.1808,276789071,0,0,0,1233430856,5025299232
30,false,M3,"4. VND NNI->SPR (Classic)",35,true,104.0000,256.2785,255924607,0,0,0,1118912248,6132595488
30,false,M3,"4. VND NNI->SPR (Classic)",36,true,95.0000,228.4490,228138349,0,0,0,1024044800,7172782880
30,false,M3,"4. VND NNI->SPR (Classic)",37,true,121.0000,315.5673,315202601,0,0,0,1356149880,8514960160
30,false,M3,"4. VND NNI->SPR (Classic)",38,true,146.0000,363.3011,362867739,0,0,0,1582965344,10092018464
30,false,M3,"4. VND NNI->SPR (Classic)",39,true,117.0000,1933.6783,195232113,0,0,1738034465,7836799608,10293345056
30,false,M3,"4. VND NNI->SPR (Classic)",40,true,110.0000,269.5948,269261213,0,0,0,1195383512,8886142288
30,false,M3,"4. VND NNI->SPR (Classic)",41,true,105.0000,268.1415,267847014,0,0,0,1153731064,10026992976
30,false,M3,"4. VND NNI->SPR (Classic)",42,true,155.0000,390.4431,389982219,0,0,0,1692125144,10295428432
30,false,M3,"4. VND NNI->SPR (Classic)",43,true,155.0000,2553.7613,159823757,0,0,2393512003,10198626944,10461949408
30,false,M3,"4. VND NNI->SPR (Classic)",44,true,122.0000,822.9343,245185864,0,0,577397525,3427148952,4959022560
30,false,M3,"4. VND NNI->SPR (Classic)",45,true,102.0000,255.1539,254832871,0,0,0,1111513104,6099873248
30,false,M3,"4. VND NNI->SPR (Classic)",46,true,114.0000,276.4399,276064182,0,0,0,1226058240,7307832800
30,false,M3,"4. VND NNI->SPR (Classic)",47,true,134.0000,2315.0799,148896323,0,0,2165702321,9353534088,10294199264
30,false,M3,"4. VND NNI->SPR (Classic)",48,true,133.0000,329.3408,328917998,0,0,0,1452747184,7890945544
30,false,M3,"4. VND NNI->SPR (Classic)",49,true,137.0000,340.8138,340344169,0,0,0,1496606832,9400894984
30,false,M3,"4. VND NNI->SPR (Classic)",50,true,109.0000,279.5832,279206398,0,0,0,1196216672,10306864648
30,false,M3,"4. VND NNI->SPR (Classic)",51,true,113.0000,279.3833,279045482,0,0,0,1230044608,1555541128
30,false,M3,"4. VND NNI->SPR (Classic)",52,true,107.0000,264.5343,264240704,0,0,0,1162981968,2729946248
30,false,M3,"4. VND NNI->SPR (Classic)",53,true,118.0000,293.9721,293623109,0,0,0,1276181072,4005014664
30,false,M3,"4. VND NNI->SPR (Classic)",54,true,133.0000,2929.2652,124997561,0,0,2803854398,11814757968,10373755872
30,false,M3,"4. VND NNI->SPR (Classic)",55,true,135.0000,2332.1019,139960358,0,0,2191751135,9344829528,10306647008
30,false,M3,"4. VND NNI->SPR (Classic)",56,true,142.0000,350.5188,350068375,0,0,0,1537571928,6352327824
30,false,M3,"4. VND NNI->SPR (Classic)",57,true,100.0000,1001.3298,214687096,0,0,786286503,4064335672,10278196368
30,false,M3,"4. VND NNI->SPR (Classic)",58,true,139.0000,340.5263,340118520,0,0,0,1510608424,1733937464
30,false,M3,"4. VND NNI->SPR (Classic)",59,true,123.0000,299.3347,298949349,0,0,0,1335480960,3076114744
30,false,M3,"4. VND NNI->SPR (Classic)",60,true,94.0000,235.3665,235016711,0,0,0,1025781280,4116302136
30,false,M3,"4. VND NNI->SPR (Classic)",61,true,94.0000,230.2309,229904488,0,0,0,1019145880,5122935096
30,false,M3,"4. VND NNI->SPR (Classic)",62,true,106.0000,269.6392,269283085,0,0,0,1166273152,6297340216
30,false,M3,"4. VND NNI->SPR (Classic)",63,true,109.0000,271.4128,271078019,0,0,0,1195595968,7505299768
30,false,M3,"4. VND NNI->SPR (Classic)",64,true,132.0000,331.2516,330833701,0,0,0,1432317384,8914585912
30,false,M3,"4. VND NNI->SPR (Classic)",65,true,96.0000,234.4930,234158348,0,0,0,1032276872,9954773304
30,false,M3,"4. VND NNI->SPR (Classic)",66,true,123.0000,301.0385,300651436,0,0,0,1322392880,10290317624
30,false,M3,"4. VND NNI->SPR (Classic)",67,true,117.0000,287.1391,286767619,0,0,0,1266636824,2272724384
30,false,M3,"4. VND NNI->SPR (Classic)",68,true,144.0000,2528.9510,145825994,0,0,2382654665,10102470496,10446726680
30,false,M3,"4. VND NNI->SPR (Classic)",69,true,118.0000,285.6427,285270893,0,0,0,1281016712,3534513688
30,false,M3,"4. VND NNI->SPR (Classic)",70,true,118.0000,305.1918,304828440,0,0,0,1312229032,4876690968
30,false,M3,"4. VND NNI->SPR (Classic)",71,true,105.0000,270.6475,270301361,0,0,0,1159470960,6017541656
30,false,M3,"4. VND NNI->SPR (Classic)",72,true,119.0000,299.6704,299283544,0,0,0,1311669672,7326164504
30,false,M3,"4. VND NNI->SPR (Classic)",73,true,103.0000,252.6698,252347514,0,0,0,1119449072,8467015192
30,false,M3,"4. VND NNI->SPR (Classic)",74,true,126.0000,311.4360,311038661,0,0,0,1355654072,9809192472
30,false,M3,"4. VND NNI->SPR (Classic)",75,true,105.0000,256.9943,256630140,0,0,0,1130059720,10278954520
30,false,M3,"4. VND NNI->SPR (Classic)",76,true,126.0000,317.6470,317296975,0,0,0,1399447528,2081747000
30,false,M3,"4. VND NNI->SPR (Classic)",77,true,127.0000,318.5064,318125230,0,0,0,1381042648,3491033144
30,false,M3,"4. VND NNI->SPR (Classic)",78,true,117.0000,290.9012,290515447,0,0,0,1272459408,4732547128
30,false,M3,"4. VND NNI->SPR (Classic)",79,true,118.0000,298.6511,298275607,0,0,0,1289282288,6041169976
30,false,M3,"4. VND NNI->SPR (Classic)",80,true,100.0000,250.2677,249920257,0,0,0,1080117720,7114911800
30,false,M3,"4. VND NNI->SPR (Classic)",81,true,125.0000,312.2656,311876085,0,0,0,1360924136,8490643512
30,false,M3,"4. VND NNI->SPR (Classic)",82,true,97.0000,242.5906,242277151,0,0,0,1066356688,9530830904
30,false,M3,"4. VND NNI->SPR (Classic)",83,true,109.0000,1328.4111,173969012,0,0,1153871363,5414242832,10305682432
30,false,M3,"4. VND NNI->SPR (Classic)",84,true,110.0000,269.7534,269402552,0,0,0,1189400216,5876497408
30,false,M3,"4. VND NNI->SPR (Classic)",85,true,94.0000,235.2334,234905040,0,0,0,1026371288,6916684800
30,false,M3,"4. VND NNI->SPR (Classic)",86,true,90.0000,217.2380,216919641,0,0,0,969430336,7889763328
30,false,M3,"4. VND NNI->SPR (Classic)",87,true,97.0000,239.4091,239064881,0,0,0,1066389880,8963505152
30,false,M3,"4. VND NNI->SPR (Classic)",88,true,112.0000,276.0751,275718284,0,0,0,1202849520,10137910272
30,false,M3,"4. VND NNI->SPR (Classic)",89,true,120.0000,301.3733,300997785,0,0,0,1302455288,10305682432
30,false,M3,"4. VND NNI->SPR (Classic)",90,true,151.0000,2317.6993,135667775,0,0,2181519414,9302290032,10472023192
30,false,M3,"4. VND NNI->SPR (Classic)",91,true,81.0000,194.9040,194647972,0,0,0,872087792,1244554392
30,false,M3,"4. VND NNI->SPR (Classic)",92,true,102.0000,251.1225,250822804,0,0,0,1111069072,2385405080
30,false,M3,"4. VND NNI->SPR (Classic)",93,true,91.0000,224.5788,224293145,0,0,0,988730128,3358483608
30,false,M3,"4. VND NNI->SPR (Classic)",94,true,124.0000,302.2516,301872318,0,0,0,1340518688,4700660888
30,false,M3,"4. VND NNI->SPR (Classic)",95,true,120.0000,293.3899,292999212,0,0,0,1294577256,6009283736
30,false,M3,"4. VND NNI->SPR (Classic)",96,true,105.0000,264.3135,263964048,0,0,0,1152011288,7150134424
30,false,M3,"4. VND NNI->SPR (Classic)",97,true,117.0000,286.3052,285921821,0,0,0,1263764144,8425202840
30,false,M3,"4. VND NNI->SPR (Classic)",98,true,117.0000,288.8912,288524210,0,0,0,1273714304,9666716824
30,false,M3,"4. VND NNI->SPR (Classic)",99,true,115.0000,1910.3210,158504248,0,0,1751427839,7729999312,10304251032
30,false,M3,"4. VND NNI->SPR (Classic)",100,true,116.0000,816.6075,234195920,0,0,582039032,3388474616,10331159504
30,false,M3,"5. VND NNI->ECR->SPR (Inc)",1,true,121.0000,599.6741,70736709,528768805,0,0,1342676040,1351036944
30,false,M3,"5. VND NNI->ECR->SPR (Inc)",2,true,103.0000,118.3576,118238324,0,0,0,283682272,1619472400
30,false,M3,"5. VND NNI->ECR->SPR (Inc)",3,true,98.0000,333.1037,75985161,257012286,0,0,892052104,2525442064
30,false,M3,"5. VND NNI->ECR->SPR (Inc)",4,true,140.0000,158.2722,158169211,0,0,0,381155584,2894540816
30,false,M3,"5. VND NNI->ECR->SPR (Inc)",5,true,107.0000,123.4883,123400382,0,0,0,292724944,3196530704
30,false,M3,"5. VND NNI->ECR->SPR (Inc)",6,true,89.0000,101.3562,101265052,0,0,0,243637120,3431411728
30,false,M3,"5. VND NNI->ECR->SPR (Inc)",7,true,110.0000,127.0807,126984369,0,0,0,302243760,3733401616
30,false,M3,"5. VND NNI->ECR->SPR (Inc)",8,true,101.0000,120.7874,120687432,0,0,0,278505096,4001837072
30,false,M3,"5. VND NNI->ECR->SPR (Inc)",9,true,118.0000,336.0503,102717544,233233420,0,0,862856384,4874252304
30,false,M3,"5. VND NNI->ECR->SPR (Inc)",10,true,114.0000,130.0232,129925493,0,0,0,310798576,5176242192
30,false,M3,"5. VND NNI->ECR->SPR (Inc)",11,true,113.0000,348.1939,102153302,245938054,0,0,863021912,6048657424
30,false,M3,"5. VND NNI->ECR->SPR (Inc)",12,true,129.0000,531.7259,88739389,442888284,0,0,1405357656,7457943568
30,false,M3,"5. VND NNI->ECR->SPR (Inc)",13,true,125.0000,393.8563,100010666,293747775,0,0,1019978368,8464576528
30,false,M3,"5. VND NNI->ECR->SPR (Inc)",14,true,101.0000,116.1899,116092954,0,0,0,278413648,8766566416
30,false,M3,"5. VND NNI->ECR->SPR (Inc)",15,true,90.0000,103.4658,103368232,0,0,0,245705864,9001447440
30,false,M3,"5. VND NNI->ECR->SPR (Inc)",16,true,109.0000,126.6467,126554451,0,0,0,298552168,9303437328
30,false,M3,"5. VND NNI->ECR->SPR (Inc)",17,true,96.0000,2435.3607,60438151,292209109,2082593501,0,6189792848,10312269408
30,false,M3,"5. VND NNI->ECR->SPR (Inc)",18,true,115.0000,134.3515,134231252,0,0,0,315892560,5513985632
30,false,M3,"5. VND NNI->ECR->SPR (Inc)",19,true,107.0000,122.0020,121908715,0,0,0,293742112,5782421088
30,false,M3,"5. VND NNI->ECR->SPR (Inc)",20,true,129.0000,584.3796,74055009,510224024,0,0,1533847608,7325924960
30,false,M3,"5. VND NNI->ECR->SPR (Inc)",21,true,84.0000,97.8736,97769744,0,0,0,230245968,7560805984
30,false,M3,"5. VND NNI->ECR->SPR (Inc)",22,true,130.0000,147.4415,147346196,0,0,0,354583712,7929904736
30,false,M3,"5. VND NNI->ECR->SPR (Inc)",23,true,102.0000,117.9519,117860595,0,0,0,279956888,8198340192
30,false,M3,"5. VND NNI->ECR->SPR (Inc)",24,true,141.0000,516.8965,104012737,412776543,0,0,1260826136,9439854176
30,false,M3,"5. VND NNI->ECR->SPR (Inc)",25,true,109.0000,426.0319,73356000,352570594,0,0,1126559536,10278714976
30,false,M3,"5. VND NNI->ECR->SPR (Inc)",26,true,129.0000,144.6460,144553555,0,0,0,352553272,680723960
30,false,M3,"5. VND NNI->ECR->SPR (Inc)",27,true,148.0000,1995.6588,153696455,57003277,1784842903,0,5119417312,5780997624
30,false,M3,"5. VND NNI->ECR->SPR (Inc)",28,true,102.0000,117.5290,117432642,0,0,0,280797904,6049433080
30,false,M3,"5. VND NNI->ECR->SPR (Inc)",29,true,111.0000,128.5567,128459765,0,0,0,303228336,6384977400
30,false,M3,"5. VND NNI->ECR->SPR (Inc)",30,true,140.0000,161.7066,161611257,0,0,0,381667984,6754076152
30,false,M3,"5. VND NNI->ECR->SPR (Inc)",31,true,144.0000,164.1399,164044755,0,0,0,391189128,7156729336
30,false,M3,"5. VND NNI->ECR->SPR (Inc)",32,true,110.0000,128.5326,128435990,0,0,0,302330192,7458719224
30,false,M3,"5. VND NNI->ECR->SPR (Inc)",33,true,120.0000,638.5072,56979933,581421739,0,0,1622383800,9069331960
30,false,M3,"5. VND NNI->ECR->SPR (Inc)",34,true,109.0000,124.6022,124507618,0,0,0,298177040,9371321848
30,false,M3,"5. VND NNI->ECR->SPR (Inc)",35,true,97.0000,112.4222,112328584,0,0,0,267973920,9639757304
30,false,M3,"5. VND NNI->ECR->SPR (Inc)",36,true,94.0000,105.8154,105724153,0,0,0,256807656,9874638328
30,false,M3,"5. VND NNI->ECR->SPR (Inc)",37,true,119.0000,135.6817,135589375,0,0,0,324950696,10210182648
30,false,M3,"5. VND NNI->ECR->SPR (Inc)",38,true,130.0000,549.3413,87192496,462048216,0,0,1396338896,10277715496
30,false,M3,"5. VND NNI->ECR->SPR (Inc)",39,true,121.0000,138.1020,138003797,0,0,0,332560896,1687780904
30,false,M3,"5. VND NNI->ECR->SPR (Inc)",40,true,105.0000,121.0815,120988555,0,0,0,287568664,1956216360
30,false,M3,"5. VND NNI->ECR->SPR (Inc)",41,true,105.0000,119.7825,119687760,0,0,0,287709408,2258206248
30,false,M3,"5. VND NNI->ECR->SPR (Inc)",42,true,113.0000,510.6502,69031324,441519771,0,0,1359924752,3600383528
30,false,M3,"5. VND NNI->ECR->SPR (Inc)",43,true,119.0000,524.2601,75389258,448759060,0,0,1380961256,5009669672
30,false,M3,"5. VND NNI->ECR->SPR (Inc)",44,true,126.0000,143.9819,143880224,0,0,0,342063040,5345213992
30,false,M3,"5. VND NNI->ECR->SPR (Inc)",45,true,101.0000,117.3584,117260053,0,0,0,276752216,5613649448
30,false,M3,"5. VND NNI->ECR->SPR (Inc)",46,true,114.0000,130.0503,129962874,0,0,0,310372584,5915639336
30,false,M3,"5. VND NNI->ECR->SPR (Inc)",47,true,112.0000,548.5192,66646378,481779454,0,0,1413994096,7324925480
30,false,M3,"5. VND NNI->ECR->SPR (Inc)",48,true,125.0000,144.3801,144283791,0,0,0,340484792,7694024232
30,false,M3,"5. VND NNI->ECR->SPR (Inc)",49,true,135.0000,156.9373,156840534,0,0,0,369890352,8063122984
30,false,M3,"5. VND NNI->ECR->SPR (Inc)",50,true,103.0000,119.5581,119459096,0,0,0,283307032,8331558440
30,false,M3,"5. VND NNI->ECR->SPR (Inc)",51,true,122.0000,141.1047,140999735,0,0,0,333510088,8667102760
30,false,M3,"5. VND NNI->ECR->SPR (Inc)",52,true,109.0000,125.9669,125874738,0,0,0,298860648,8969092648
30,false,M3,"5. VND NNI->ECR->SPR (Inc)",53,true,104.0000,119.9956,119895997,0,0,0,284594840,9237528104
30,false,M3,"5. VND NNI->ECR->SPR (Inc)",54,true,118.0000,603.3616,56023485,547238333,0,0,1588001008,10277715496
30,false,M3,"5. VND NNI->ECR->SPR (Inc)",55,true,114.0000,944.8088,87643854,312147883,544900166,0,2527108944,3096518192
30,false,M3,"5. VND NNI->ECR->SPR (Inc)",56,true,142.0000,164.9154,164821052,0,0,0,387516320,3499171376
30,false,M3,"5. VND NNI->ECR->SPR (Inc)",57,true,111.0000,127.9041,127804318,0,0,0,301883536,3801161264
30,false,M3,"5. VND NNI->ECR->SPR (Inc)",58,true,137.0000,157.1719,157079158,0,0,0,371401928,4170260016
30,false,M3,"5. VND NNI->ECR->SPR (Inc)",59,true,117.0000,223.9816,116797073,107089239,0,0,568630088,4740685360
30,false,M3,"5. VND NNI->ECR->SPR (Inc)",60,true,92.0000,107.0817,106982336,0,0,0,254827688,4975566384
30,false,M3,"5. VND NNI->ECR->SPR (Inc)",61,true,91.0000,105.0406,104950091,0,0,0,249923968,5244001840
30,false,M3,"5. VND NNI->ECR->SPR (Inc)",62,true,104.0000,120.6530,120560971,0,0,0,285486512,5512437296
30,false,M3,"5. VND NNI->ECR->SPR (Inc)",63,true,95.0000,108.4724,108379012,0,0,0,262008576,5780872752
30,false,M3,"5. VND NNI->ECR->SPR (Inc)",64,true,117.0000,470.6196,76252489,394272839,0,0,1240499352,7022386736
30,false,M3,"5. VND NNI->ECR->SPR (Inc)",65,true,95.0000,109.1955,109104432,0,0,0,261392336,7290822192
30,false,M3,"5. VND NNI->ECR->SPR (Inc)",66,true,123.0000,140.7491,140656001,0,0,0,338829800,7626366512
30,false,M3,"5. VND NNI->ECR->SPR (Inc)",67,true,116.0000,133.2531,133159343,0,0,0,321487904,7928356400
30,false,M3,"5. VND NNI->ECR->SPR (Inc)",68,true,150.0000,173.5157,173417001,0,0,0,410657288,8364564016
30,false,M3,"5. VND NNI->ECR->SPR (Inc)",69,true,116.0000,131.8680,131777224,0,0,0,314199488,8666553904
30,false,M3,"5. VND NNI->ECR->SPR (Inc)",70,true,115.0000,132.8882,132795642,0,0,0,313071656,8968543792
30,false,M3,"5. VND NNI->ECR->SPR (Inc)",71,true,108.0000,126.4318,126334353,0,0,0,297881800,9270533680
30,false,M3,"5. VND NNI->ECR->SPR (Inc)",72,true,115.0000,131.9679,131870131,0,0,0,314156408,9606078000
30,false,M3,"5. VND NNI->ECR->SPR (Inc)",73,true,100.0000,113.7888,113696315,0,0,0,272800376,9874513456
30,false,M3,"5. VND NNI->ECR->SPR (Inc)",74,true,118.0000,134.2593,134167151,0,0,0,322851392,10176503344
30,false,M3,"5. VND NNI->ECR->SPR (Inc)",75,true,105.0000,120.9895,120901108,0,0,0,288829536,10277166640
30,false,M3,"5. VND NNI->ECR->SPR (Inc)",76,true,115.0000,131.3470,131248589,0,0,0,313090152,512824440
30,false,M3,"5. VND NNI->ECR->SPR (Inc)",77,true,115.0000,132.0049,131913263,0,0,0,314988144,848368760
30,false,M3,"5. VND NNI->ECR->SPR (Inc)",78,true,110.0000,124.6903,124597819,0,0,0,298679424,1150358648
30,false,M3,"5. VND NNI->ECR->SPR (Inc)",79,true,114.0000,128.7013,128603197,0,0,0,310456440,1452348536
30,false,M3,"5. VND NNI->ECR->SPR (Inc)",80,true,100.0000,112.9508,112857420,0,0,0,275500656,1720783992
30,false,M3,"5. VND NNI->ECR->SPR (Inc)",81,true,124.0000,139.1692,139076898,0,0,0,338187776,2056328312
30,false,M3,"5. VND NNI->ECR->SPR (Inc)",82,true,94.0000,105.8236,105729733,0,0,0,254129040,2324763768
30,false,M3,"5. VND NNI->ECR->SPR (Inc)",83,true,98.0000,314.5865,78526845,235965205,0,0,846268304,3163624568
30,false,M3,"5. VND NNI->ECR->SPR (Inc)",84,true,113.0000,128.3642,128270544,0,0,0,309240152,3465614456
30,false,M3,"5. VND NNI->ECR->SPR (Inc)",85,true,102.0000,398.3565,70198585,328062060,0,0,1064336472,4539356280
30,false,M3,"5. VND NNI->ECR->SPR (Inc)",86,true,90.0000,102.6627,102563611,0,0,0,247478160,4774237304
30,false,M3,"5. VND NNI->ECR->SPR (Inc)",87,true,108.0000,122.7703,122675533,0,0,0,297403440,5076227192
30,false,M3,"5. VND NNI->ECR->SPR (Inc)",88,true,109.0000,297.3520,97161567,200095263,0,0,789129432,5881533560
30,false,M3,"5. VND NNI->ECR->SPR (Inc)",89,true,125.0000,146.8700,146769018,0,0,0,344758072,6217077880
30,false,M3,"5. VND NNI->ECR->SPR (Inc)",90,true,141.0000,162.3998,162299797,0,0,0,384570680,6586176632
30,false,M3,"5. VND NNI->ECR->SPR (Inc)",91,true,81.0000,92.0641,91974562,0,0,0,222800272,6821057656
30,false,M3,"5. VND NNI->ECR->SPR (Inc)",92,true,102.0000,115.9550,115858066,0,0,0,280093240,7089493112
30,false,M3,"5. VND NNI->ECR->SPR (Inc)",93,true,91.0000,105.5462,105450372,0,0,0,251923424,7357928568
30,false,M3,"5. VND NNI->ECR->SPR (Inc)",94,true,124.0000,140.8097,140719382,0,0,0,338751400,7693472888
30,false,M3,"5. VND NNI->ECR->SPR (Inc)",95,true,124.0000,142.9921,142896653,0,0,0,340278744,8029017208
30,false,M3,"5. VND NNI->ECR->SPR (Inc)",96,true,98.0000,111.6900,111593276,0,0,0,269050408,8297452664
30,false,M3,"5. VND NNI->ECR->SPR (Inc)",97,true,106.0000,121.0207,120926367,0,0,0,292441968,8599442552
30,false,M3,"5. VND NNI->ECR->SPR (Inc)",98,true,117.0000,134.9354,134840530,0,0,0,322224504,8901432440
30,false,M3,"5. VND NNI->ECR->SPR (Inc)",99,true,131.0000,710.6443,47253034,663285640,0,0,1843457520,10277182120
30,false,M3,"5. VND NNI->ECR->SPR (Inc)",100,true,112.0000,235.9342,111761045,124072711,0,0,618505392,1116822184
30,false,M3,"6. VND NNI->SPR (Inc)",1,true,130.0000,148.5525,73376600,0,0,74946555,279892496,277507712
30,false,M3,"6. VND NNI->SPR (Inc)",2,true,103.0000,118.4037,118293830,0,0,0,283679800,545943168
30,false,M3,"6. VND NNI->SPR (Inc)",3,true,114.0000,118.4775,76341188,0,0,42031091,258456048,814378624
30,false,M3,"6. VND NNI->SPR (Inc)",4,true,140.0000,157.6344,157533733,0,0,0,381152224,1183477376
30,false,M3,"6. VND NNI->SPR (Inc)",5,true,107.0000,121.8197,121731628,0,0,0,292722376,1485467264
30,false,M3,"6. VND NNI->SPR (Inc)",6,true,89.0000,99.7409,99646774,0,0,0,243634984,1720348288
30,false,M3,"6. VND NNI->SPR (Inc)",7,true,110.0000,124.4620,124367762,0,0,0,302241120,2022338176
30,false,M3,"6. VND NNI->SPR (Inc)",8,true,101.0000,118.8675,118772560,0,0,0,278502672,2324328064
30,false,M3,"6. VND NNI->SPR (Inc)",9,true,130.0000,132.4985,100880520,0,0,31517615,308822864,2626317952
30,false,M3,"6. VND NNI->SPR (Inc)",10,true,114.0000,128.5523,128457981,0,0,0,310795840,2928307840
30,false,M3,"6. VND NNI->SPR (Inc)",11,true,142.0000,141.3433,102621832,0,0,38620445,312509856,3230297728
30,false,M3,"6. VND NNI->SPR (Inc)",12,true,139.0000,143.6033,88281206,0,0,55229584,317073928,3565842048
30,false,M3,"6. VND NNI->SPR (Inc)",13,true,128.0000,132.0829,99399854,0,0,32588772,301885784,3867831936
30,false,M3,"6. VND NNI->SPR (Inc)",14,true,101.0000,115.5694,115476962,0,0,0,278411224,4136267392
30,false,M3,"6. VND NNI->SPR (Inc)",15,true,90.0000,102.9404,102850787,0,0,0,245703704,4404702848
30,false,M3,"6. VND NNI->SPR (Inc)",16,true,109.0000,126.1565,126064580,0,0,0,298549552,4673138304
30,false,M3,"6. VND NNI->SPR (Inc)",17,true,143.0000,141.7223,59077242,0,0,82546129,293757776,4975128192
30,false,M3,"6. VND NNI->SPR (Inc)",18,true,115.0000,134.3002,134207236,0,0,0,315889800,5310672512
30,false,M3,"6. VND NNI->SPR (Inc)",19,true,107.0000,120.4334,120344149,0,0,0,293739544,5579107968
30,false,M3,"6. VND NNI->SPR (Inc)",20,true,122.0000,123.9572,73338367,0,0,50525457,273564504,5881097856
30,false,M3,"6. VND NNI->SPR (Inc)",21,true,84.0000,97.7594,97665024,0,0,0,230243952,6082424448
30,false,M3,"6. VND NNI->SPR (Inc)",22,true,130.0000,146.4968,146405998,0,0,0,354580592,6451523200
30,false,M3,"6. VND NNI->SPR (Inc)",23,true,102.0000,116.9878,116894658,0,0,0,279954440,6719958656
30,false,M3,"6. VND NNI->SPR (Inc)",24,true,152.0000,152.1203,103133315,0,0,48883184,329981632,7055502976
30,false,M3,"6. VND NNI->SPR (Inc)",25,true,141.0000,134.0966,73365489,0,0,60635836,295173376,7357492864
30,false,M3,"6. VND NNI->SPR (Inc)",26,true,129.0000,145.2256,145134760,0,0,0,352550176,7693037184
30,false,M3,"6. VND NNI->SPR (Inc)",27,true,164.0000,163.5072,108575086,0,0,54836988,360378728,8062135936
30,false,M3,"6. VND NNI->SPR (Inc)",28,true,102.0000,117.1996,117107784,0,0,0,280795456,8364125824
30,false,M3,"6. VND NNI->SPR (Inc)",29,true,111.0000,127.7869,127691183,0,0,0,303225672,8666115712
30,false,M3,"6. VND NNI->SPR (Inc)",30,true,140.0000,160.9103,160817728,0,0,0,381664624,9035214464
30,false,M3,"6. VND NNI->SPR (Inc)",31,true,144.0000,163.8388,163746198,0,0,0,391185672,9437867648
30,false,M3,"6. VND NNI->SPR (Inc)",32,true,110.0000,127.5572,127451557,0,0,0,302327552,9739857536
30,false,M3,"6. VND NNI->SPR (Inc)",33,true,145.0000,136.2310,56381125,0,0,79752486,283792464,10008292992
30,false,M3,"6. VND NNI->SPR (Inc)",34,true,109.0000,124.6253,124535291,0,0,0,298174424,10311138992
30,false,M3,"6. VND NNI->SPR (Inc)",35,true,97.0000,112.5184,112429286,0,0,0,267971592,278363824
30,false,M3,"6. VND NNI->SPR (Inc)",36,true,94.0000,105.6149,105523050,0,0,0,256805400,546799280
30,false,M3,"6. VND NNI->SPR (Inc)",37,true,119.0000,135.3788,135283032,0,0,0,324947840,848789168
30,false,M3,"6. VND NNI->SPR (Inc)",38,true,150.0000,143.9310,84843699,0,0,58990057,317775352,1184333488
30,false,M3,"6. VND NNI->SPR (Inc)",39,true,121.0000,137.4983,137404908,0,0,0,332557992,1519877808
30,false,M3,"6. VND NNI->SPR (Inc)",40,true,105.0000,120.3378,120249720,0,0,0,287566144,1788313264
30,false,M3,"6. VND NNI->SPR (Inc)",41,true,105.0000,119.1129,119019019,0,0,0,287706888,2090303152
30,false,M3,"6. VND NNI->SPR (Inc)",42,true,132.0000,147.1084,67591296,0,0,79419723,315428008,2392293040
30,false,M3,"6. VND NNI->SPR (Inc)",43,true,158.0000,142.3533,74362303,0,0,67891878,305619704,2694282928
30,false,M3,"6. VND NNI->SPR (Inc)",44,true,126.0000,143.3273,143235548,0,0,0,342060016,3063381680
30,false,M3,"6. VND NNI->SPR (Inc)",45,true,101.0000,116.9988,116905539,0,0,0,276749792,3331817136
30,false,M3,"6. VND NNI->SPR (Inc)",46,true,114.0000,128.8906,128800854,0,0,0,310369848,3633807024
30,false,M3,"6. VND NNI->SPR (Inc)",47,true,134.0000,127.2146,66384711,0,0,60734785,276828888,3902242480
30,false,M3,"6. VND NNI->SPR (Inc)",48,true,125.0000,143.9815,143883661,0,0,0,340481792,4237786800
30,false,M3,"6. VND NNI->SPR (Inc)",49,true,135.0000,155.8614,155757765,0,0,0,369887112,4606885552
30,false,M3,"6. VND NNI->SPR (Inc)",50,true,103.0000,118.3605,118262370,0,0,0,283304560,4908875440
30,false,M3,"6. VND NNI->SPR (Inc)",51,true,122.0000,140.0880,139988232,0,0,0,333507160,5244419760
30,false,M3,"6. VND NNI->SPR (Inc)",52,true,109.0000,123.8806,123786206,0,0,0,298858032,5546409648
30,false,M3,"6. VND NNI->SPR (Inc)",53,true,104.0000,118.8888,118790885,0,0,0,284592344,5814845104
30,false,M3,"6. VND NNI->SPR (Inc)",54,true,141.0000,132.8902,55500219,0,0,77288278,279690344,6116834992
30,false,M3,"6. VND NNI->SPR (Inc)",55,true,130.0000,123.9788,62995525,0,0,60882636,267404112,6385270448
30,false,M3,"6. VND NNI->SPR (Inc)",56,true,142.0000,163.5528,163461957,0,0,0,387512912,6754369200
30,false,M3,"6. VND NNI->SPR (Inc)",57,true,111.0000,127.2877,127198376,0,0,0,301880872,7056359088
30,false,M3,"6. VND NNI->SPR (Inc)",58,true,137.0000,156.0946,156004284,0,0,0,371398640,7425457840
30,false,M3,"6. VND NNI->SPR (Inc)",59,true,122.0000,132.5064,115818462,0,0,16596045,312363944,7727447728
30,false,M3,"6. VND NNI->SPR (Inc)",60,true,92.0000,106.5855,106495680,0,0,0,254825480,7995883184
30,false,M3,"6. VND NNI->SPR (Inc)",61,true,91.0000,104.4768,104389514,0,0,0,249921784,8264318640
30,false,M3,"6. VND NNI->SPR (Inc)",62,true,104.0000,120.8520,120757936,0,0,0,285484016,8532754096
30,false,M3,"6. VND NNI->SPR (Inc)",63,true,95.0000,107.5604,107467418,0,0,0,262006296,8801189552
30,false,M3,"6. VND NNI->SPR (Inc)",64,true,118.0000,120.9366,75554250,0,0,45286302,271773328,9069625008
30,false,M3,"6. VND NNI->SPR (Inc)",65,true,95.0000,108.4296,108336361,0,0,0,261392336,9338060464
30,false,M3,"6. VND NNI->SPR (Inc)",66,true,123.0000,139.1462,139050608,0,0,0,338829800,9673604784
30,false,M3,"6. VND NNI->SPR (Inc)",67,true,116.0000,130.8057,130708141,0,0,0,321487904,9975594672
30,false,M3,"6. VND NNI->SPR (Inc)",68,true,150.0000,172.6654,172570442,0,0,0,410657288,10277584560
30,false,M3,"6. VND NNI->SPR (Inc)",69,true,116.0000,130.2470,130158266,0,0,0,314199488,446115840
30,false,M3,"6. VND NNI->SPR (Inc)",70,true,115.0000,130.9012,130810386,0,0,0,313071656,748105728
30,false,M3,"6. VND NNI->SPR (Inc)",71,true,108.0000,124.4479,124352894,0,0,0,297881800,1050095616
30,false,M3,"6. VND NNI->SPR (Inc)",72,true,115.0000,130.0085,129918879,0,0,0,314156408,1385639936
30,false,M3,"6. VND NNI->SPR (Inc)",73,true,100.0000,113.7618,113673191,0,0,0,272800376,1654075392
30,false,M3,"6. VND NNI->SPR (Inc)",74,true,118.0000,133.6540,133562119,0,0,0,322851392,1956065280
30,false,M3,"6. VND NNI->SPR (Inc)",75,true,105.0000,118.1851,118098489,0,0,0,288829536,2258055168
30,false,M3,"6. VND NNI->SPR (Inc)",76,true,115.0000,130.7011,130602931,0,0,0,313090152,2560045056
30,false,M3,"6. VND NNI->SPR (Inc)",77,true,115.0000,131.8262,131735536,0,0,0,314988144,2895589376
30,false,M3,"6. VND NNI->SPR (Inc)",78,true,110.0000,124.7174,124626664,0,0,0,298679424,3197579264
30,false,M3,"6. VND NNI->SPR (Inc)",79,true,114.0000,130.5049,130410235,0,0,0,310456440,3499569152
30,false,M3,"6. VND NNI->SPR (Inc)",80,true,100.0000,114.2122,114121303,0,0,0,275500656,3768004608
30,false,M3,"6. VND NNI->SPR (Inc)",81,true,124.0000,141.5839,141491311,0,0,0,338187776,4103548928
30,false,M3,"6. VND NNI->SPR (Inc)",82,true,94.0000,108.0479,107953343,0,0,0,254129040,4371984384
30,false,M3,"6. VND NNI->SPR (Inc)",83,true,109.0000,113.5902,79520685,0,0,33968286,257049768,4606865408
30,false,M3,"6. VND NNI->SPR (Inc)",84,true,113.0000,129.0222,128929678,0,0,0,309240152,4942409728
30,false,M3,"6. VND NNI->SPR (Inc)",85,true,115.0000,134.8599,70670062,0,0,64086570,296705880,5210845184
30,false,M3,"6. VND NNI->SPR (Inc)",86,true,90.0000,103.0319,102935609,0,0,0,247478160,5479280640
30,false,M3,"6. VND NNI->SPR (Inc)",87,true,108.0000,124.3312,124232796,0,0,0,297403440,5781270528
30,false,M3,"6. VND NNI->SPR (Inc)",88,true,112.0000,125.4497,98396486,0,0,26954997,290505488,6049705984
30,false,M3,"6. VND NNI->SPR (Inc)",89,true,125.0000,148.5106,148417894,0,0,0,344758072,6418804736
30,false,M3,"6. VND NNI->SPR (Inc)",90,true,141.0000,163.8589,163758561,0,0,0,384570680,6787903488
30,false,M3,"6. VND NNI->SPR (Inc)",91,true,81.0000,92.8268,92736761,0,0,0,222800272,7022784512
30,false,M3,"6. VND NNI->SPR (Inc)",92,true,102.0000,116.9249,116830927,0,0,0,280093240,7291219968
30,false,M3,"6. VND NNI->SPR (Inc)",93,true,91.0000,105.9473,105854541,0,0,0,251923424,7559655424
30,false,M3,"6. VND NNI->SPR (Inc)",94,true,124.0000,141.4113,141320284,0,0,0,338751400,7895199744
30,false,M3,"6. VND NNI->SPR (Inc)",95,true,124.0000,144.1337,144036612,0,0,0,340278744,8230744064
30,false,M3,"6. VND NNI->SPR (Inc)",96,true,98.0000,112.8275,112718766,0,0,0,269050408,8499179520
30,false,M3,"6. VND NNI->SPR (Inc)",97,true,106.0000,121.6669,121574510,0,0,0,292441968,8801169408
30,false,M3,"6. VND NNI->SPR (Inc)",98,true,117.0000,135.4607,135369036,0,0,0,322224504,9103159296
30,false,M3,"6. VND NNI->SPR (Inc)",99,true,169.0000,136.3861,47486979,0,0,88796858,271900016,9371594752
30,false,M3,"6. VND NNI->SPR (Inc)",100,true,119.0000,129.4881,113178781,0,0,16210321,305564944,9673584640
