Size,IsRooted,Metric,Variant,PairIndex,Success,Distance,TotalTimeMs,NniTimeNs,Ecr2TimeNs,Ecr3TimeNs,SprTimeNs,AllocBytes,PeakRamBytes
10,true,RFCluster,"1. NNI (Classic)",1,false,Infinity,2.8031,0,0,0,0,335640,35960096
10,true,RFCluster,"1. NNI (Classic)",2,false,Infinity,0.4155,0,0,0,0,139800,35960096
10,true,RFCluster,"1. NNI (Classic)",3,false,Infinity,5.4016,0,0,0,0,741312,35960096
10,true,RFCluster,"1. NNI (Classic)",4,false,Infinity,0.3174,0,0,0,0,145656,35960096
10,true,RFCluster,"1. NNI (Classic)",5,false,Infinity,0.6371,0,0,0,0,250024,35960096
10,true,RFCluster,"1. NNI (Classic)",6,false,Infinity,0.2442,0,0,0,0,145656,35960096
10,true,RFCluster,"1. NNI (Classic)",7,false,Infinity,0.2603,0,0,0,0,145656,35960096
10,true,RFCluster,"1. NNI (Classic)",8,false,Infinity,0.1897,0,0,0,0,145656,35960096
10,true,RFCluster,"1. NNI (Classic)",9,false,Infinity,0.2624,0,0,0,0,145656,35960096
10,true,RFCluster,"1. NNI (Classic)",10,false,Infinity,0.2636,0,0,0,0,139720,35960096
10,true,RFCluster,"1. NNI (Classic)",11,false,Infinity,0.5067,0,0,0,0,250024,35960096
10,true,RFCluster,"1. NNI (Classic)",12,false,Infinity,0.7741,0,0,0,0,359576,35960096
10,true,RFCluster,"1. NNI (Classic)",13,false,Infinity,0.1836,0,0,0,0,145656,35960096
10,true,RFCluster,"1. NNI (Classic)",14,false,Infinity,0.3778,0,0,0,0,250024,35960096
10,true,RFCluster,"1. NNI (Classic)",15,false,Infinity,0.1351,0,0,0,0,145656,35960096
10,true,RFCluster,"1. NNI (Classic)",16,false,Infinity,0.1466,0,0,0,0,145712,35960096
10,true,RFCluster,"1. NNI (Classic)",17,false,Infinity,0.3768,0,0,0,0,250024,35960096
10,true,RFCluster,"1. NNI (Classic)",18,false,Infinity,0.1355,0,0,0,0,145656,35960096
10,true,RFCluster,"1. NNI (Classic)",19,false,Infinity,0.1164,0,0,0,0,139720,35960096
10,true,RFCluster,"1. NNI (Classic)",20,false,Infinity,0.1017,0,0,0,0,139720,35960096
10,true,RFCluster,"1. NNI (Classic)",21,false,Infinity,0.3364,0,0,0,0,250024,35960096
10,true,RFCluster,"1. NNI (Classic)",22,false,Infinity,0.3106,0,0,0,0,250024,35960096
10,true,RFCluster,"1. NNI (Classic)",23,false,Infinity,0.3802,0,0,0,0,250024,35960096
10,true,RFCluster,"1. NNI (Classic)",24,false,Infinity,0.1551,0,0,0,0,145656,35960096
10,true,RFCluster,"1. NNI (Classic)",25,false,Infinity,0.1578,0,0,0,0,145656,35960096
10,true,RFCluster,"1. NNI (Classic)",26,false,Infinity,0.3734,0,0,0,0,244280,35960096
10,true,RFCluster,"1. NNI (Classic)",27,false,Infinity,0.1503,0,0,0,0,145656,35960096
10,true,RFCluster,"1. NNI (Classic)",28,false,Infinity,0.1654,0,0,0,0,145656,35960096
10,true,RFCluster,"1. NNI (Classic)",29,false,Infinity,0.3894,0,0,0,0,250024,35960096
10,true,RFCluster,"1. NNI (Classic)",30,false,Infinity,0.5724,0,0,0,0,359640,35960096
10,true,RFCluster,"1. NNI (Classic)",31,false,Infinity,0.3707,0,0,0,0,250024,35960096
10,true,RFCluster,"1. NNI (Classic)",32,false,Infinity,0.1387,0,0,0,0,145656,35960096
10,true,RFCluster,"1. NNI (Classic)",33,false,Infinity,0.1521,0,0,0,0,146800,35960096
10,true,RFCluster,"1. NNI (Classic)",34,false,Infinity,0.3649,0,0,0,0,250024,35960096
10,true,RFCluster,"1. NNI (Classic)",35,false,Infinity,1.0038,0,0,0,0,680776,35960096
10,true,RFCluster,"1. NNI (Classic)",36,false,Infinity,0.3385,0,0,0,0,250024,35960096
10,true,RFCluster,"1. NNI (Classic)",37,false,Infinity,0.1393,0,0,0,0,139720,35960096
10,true,RFCluster,"1. NNI (Classic)",38,false,Infinity,0.3137,0,0,0,0,250024,35960096
10,true,RFCluster,"1. NNI (Classic)",39,false,Infinity,0.1428,0,0,0,0,145656,35960096
10,true,RFCluster,"1. NNI (Classic)",40,false,Infinity,0.3059,0,0,0,0,250160,35960096
10,true,RFCluster,"1. NNI (Classic)",41,false,Infinity,0.2748,0,0,0,0,250160,35960096
10,true,RFCluster,"1. NNI (Classic)",42,false,Infinity,0.1231,0,0,0,0,139720,35960096
10,true,RFCluster,"1. NNI (Classic)",43,false,Infinity,0.1392,0,0,0,0,145656,35960096
10,true,RFCluster,"1. NNI (Classic)",44,false,Infinity,0.1245,0,0,0,0,139720,35960096
10,true,RFCluster,"1. NNI (Classic)",45,false,Infinity,0.1290,0,0,0,0,139720,35960096
10,true,RFCluster,"1. NNI (Classic)",46,false,Infinity,0.1234,0,0,0,0,145656,35960096
10,true,RFCluster,"1. NNI (Classic)",47,false,Infinity,0.2646,0,0,0,0,250024,35960096
10,true,RFCluster,"1. NNI (Classic)",48,false,Infinity,0.8288,0,0,0,0,789000,35960096
10,true,RFCluster,"1. NNI (Classic)",49,false,Infinity,0.1437,0,0,0,0,145656,35960096
10,true,RFCluster,"1. NNI (Classic)",50,false,Infinity,0.1269,0,0,0,0,145656,35960096
10,true,RFCluster,"1. NNI (Classic)",51,false,Infinity,0.1220,0,0,0,0,139720,35960096
10,true,RFCluster,"1. NNI (Classic)",52,false,Infinity,0.3599,0,0,0,0,356904,35960096
10,true,RFCluster,"1. NNI (Classic)",53,false,Infinity,0.2418,0,0,0,0,250024,35960096
10,true,RFCluster,"1. NNI (Classic)",54,false,Infinity,0.1409,0,0,0,0,145656,35960096
10,true,RFCluster,"1. NNI (Classic)",55,false,Infinity,0.1279,0,0,0,0,145656,35960096
10,true,RFCluster,"1. NNI (Classic)",56,false,Infinity,0.2633,0,0,0,0,238400,35960096
10,true,RFCluster,"1. NNI (Classic)",57,false,Infinity,0.1210,0,0,0,0,145656,35960096
10,true,RFCluster,"1. NNI (Classic)",58,false,Infinity,0.3637,0,0,0,0,356632,35960096
10,true,RFCluster,"1. NNI (Classic)",59,false,Infinity,0.1254,0,0,0,0,145656,35960096
10,true,RFCluster,"1. NNI (Classic)",60,false,Infinity,0.1199,0,0,0,0,145656,35960096
10,true,RFCluster,"1. NNI (Classic)",61,false,Infinity,0.3386,0,0,0,0,356632,35960096
10,true,RFCluster,"1. NNI (Classic)",62,false,Infinity,0.1328,0,0,0,0,145656,35960096
10,true,RFCluster,"1. NNI (Classic)",63,false,Infinity,0.1250,0,0,0,0,145656,35960096
10,true,RFCluster,"1. NNI (Classic)",64,false,Infinity,0.1352,0,0,0,0,145656,35960096
10,true,RFCluster,"1. NNI (Classic)",65,false,Infinity,0.2398,0,0,0,0,250024,35960096
10,true,RFCluster,"1. NNI (Classic)",66,false,Infinity,0.2168,0,0,0,0,145656,35960096
10,true,RFCluster,"1. NNI (Classic)",67,false,Infinity,0.3645,0,0,0,0,356632,35960096
10,true,RFCluster,"1. NNI (Classic)",68,false,Infinity,0.1174,0,0,0,0,145656,35960096
10,true,RFCluster,"1. NNI (Classic)",69,false,Infinity,0.1336,0,0,0,0,145656,69514528
10,true,RFCluster,"1. NNI (Classic)",70,false,Infinity,0.2359,0,0,0,0,250024,69514528
10,true,RFCluster,"1. NNI (Classic)",71,false,Infinity,0.1182,0,0,0,0,145656,69514528
10,true,RFCluster,"1. NNI (Classic)",72,false,Infinity,0.1161,0,0,0,0,139720,69514528
10,true,RFCluster,"1. NNI (Classic)",73,false,Infinity,0.1080,0,0,0,0,139720,69514528
10,true,RFCluster,"1. NNI (Classic)",74,false,Infinity,0.1146,0,0,0,0,145656,69514528
10,true,RFCluster,"1. NNI (Classic)",75,false,Infinity,0.2209,0,0,0,0,250024,69514528
10,true,RFCluster,"1. NNI (Classic)",76,false,Infinity,0.1174,0,0,0,0,139720,69514528
10,true,RFCluster,"1. NNI (Classic)",77,false,Infinity,0.4259,0,0,0,0,467592,69514528
10,true,RFCluster,"1. NNI (Classic)",78,false,Infinity,0.2203,0,0,0,0,250160,69514528
10,true,RFCluster,"1. NNI (Classic)",79,false,Infinity,0.2438,0,0,0,0,244352,69514528
10,true,RFCluster,"1. NNI (Classic)",80,false,Infinity,0.1216,0,0,0,0,139720,69514528
10,true,RFCluster,"1. NNI (Classic)",81,false,Infinity,0.1166,0,0,0,0,145656,69514528
10,true,RFCluster,"1. NNI (Classic)",82,false,Infinity,0.1242,0,0,0,0,145656,69514528
10,true,RFCluster,"1. NNI (Classic)",83,false,Infinity,0.2172,0,0,0,0,244280,69514528
10,true,RFCluster,"1. NNI (Classic)",84,false,Infinity,0.3203,0,0,0,0,353776,69514528
10,true,RFCluster,"1. NNI (Classic)",85,false,Infinity,0.1166,0,0,0,0,139720,69514528
10,true,RFCluster,"1. NNI (Classic)",86,false,Infinity,0.2311,0,0,0,0,250024,69514528
10,true,RFCluster,"1. NNI (Classic)",87,false,Infinity,0.2178,0,0,0,0,250160,69514528
10,true,RFCluster,"1. NNI (Classic)",88,false,Infinity,0.1117,0,0,0,0,139720,69514528
10,true,RFCluster,"1. NNI (Classic)",89,false,Infinity,0.1084,0,0,0,0,139720,69514528
10,true,RFCluster,"1. NNI (Classic)",90,false,Infinity,0.1146,0,0,0,0,145656,69514528
10,true,RFCluster,"1. NNI (Classic)",91,false,Infinity,0.1133,0,0,0,0,145656,69514528
10,true,RFCluster,"1. NNI (Classic)",92,false,Infinity,0.4170,0,0,0,0,447624,69514528
10,true,RFCluster,"1. NNI (Classic)",93,false,Infinity,0.1182,0,0,0,0,145656,69514528
10,true,RFCluster,"1. NNI (Classic)",94,false,Infinity,0.4108,0,0,0,0,467592,69514528
10,true,RFCluster,"1. NNI (Classic)",95,false,Infinity,0.1131,0,0,0,0,145656,69514528
10,true,RFCluster,"1. NNI (Classic)",96,false,Infinity,0.1174,0,0,0,0,145656,69514528
10,true,RFCluster,"1. NNI (Classic)",97,false,Infinity,0.1142,0,0,0,0,145656,69514528
10,true,RFCluster,"1. NNI (Classic)",98,false,Infinity,0.2250,0,0,0,0,250024,69514528
10,true,RFCluster,"1. NNI (Classic)",99,false,Infinity,0.3457,0,0,0,0,356632,69514528
10,true,RFCluster,"1. NNI (Classic)",100,false,Infinity,0.1210,0,0,0,0,145656,69514528
10,true,RFCluster,"2. NNI (Incremental)",1,false,Infinity,0.4485,0,0,0,0,8400,2940368
10,true,RFCluster,"2. NNI (Incremental)",2,false,Infinity,0.2577,0,0,0,0,7688,2940368
10,true,RFCluster,"2. NNI (Incremental)",3,false,Infinity,0.5266,0,0,0,0,9736,2940368
10,true,RFCluster,"2. NNI (Incremental)",4,false,Infinity,0.2767,0,0,0,0,7688,2940368
10,true,RFCluster,"2. NNI (Incremental)",5,false,Infinity,0.3268,0,0,0,0,9712,2940368
10,true,RFCluster,"2. NNI (Incremental)",6,false,Infinity,0.1831,0,0,0,0,7688,2940368
10,true,RFCluster,"2. NNI (Incremental)",7,false,Infinity,0.1709,0,0,0,0,7688,2940368
10,true,RFCluster,"2. NNI (Incremental)",8,false,Infinity,0.1567,0,0,0,0,7688,2940368
10,true,RFCluster,"2. NNI (Incremental)",9,false,Infinity,0.1788,0,0,0,0,7688,2940368
10,true,RFCluster,"2. NNI (Incremental)",10,false,Infinity,0.0558,0,0,0,0,7688,2940368
10,true,RFCluster,"2. NNI (Incremental)",11,false,Infinity,0.0886,0,0,0,0,9712,2940368
10,true,RFCluster,"2. NNI (Incremental)",12,false,Infinity,0.1251,0,0,0,0,11736,2940368
10,true,RFCluster,"2. NNI (Incremental)",13,false,Infinity,0.0663,0,0,0,0,7688,2940368
10,true,RFCluster,"2. NNI (Incremental)",14,false,Infinity,0.0962,0,0,0,0,9848,2940368
10,true,RFCluster,"2. NNI (Incremental)",15,false,Infinity,0.0420,0,0,0,0,7688,2940368
10,true,RFCluster,"2. NNI (Incremental)",16,false,Infinity,0.0587,0,0,0,0,7688,2940368
10,true,RFCluster,"2. NNI (Incremental)",17,false,Infinity,0.0569,0,0,0,0,9712,2940368
10,true,RFCluster,"2. NNI (Incremental)",18,false,Infinity,0.0404,0,0,0,0,7688,2940368
10,true,RFCluster,"2. NNI (Incremental)",19,false,Infinity,0.0381,0,0,0,0,7688,2940368
10,true,RFCluster,"2. NNI (Incremental)",20,false,Infinity,0.0363,0,0,0,0,7688,2940368
10,true,RFCluster,"2. NNI (Incremental)",21,false,Infinity,0.0664,0,0,0,0,9712,2940368
10,true,RFCluster,"2. NNI (Incremental)",22,false,Infinity,0.0545,0,0,0,0,9712,2940368
10,true,RFCluster,"2. NNI (Incremental)",23,false,Infinity,0.0516,0,0,0,0,9712,2940368
10,true,RFCluster,"2. NNI (Incremental)",24,false,Infinity,0.0511,0,0,0,0,7688,2940368
10,true,RFCluster,"2. NNI (Incremental)",25,false,Infinity,0.0307,0,0,0,0,7688,2940368
10,true,RFCluster,"2. NNI (Incremental)",26,false,Infinity,0.0402,0,0,0,0,9712,2940368
10,true,RFCluster,"2. NNI (Incremental)",27,false,Infinity,0.0255,0,0,0,0,7688,2940368
10,true,RFCluster,"2. NNI (Incremental)",28,false,Infinity,0.0299,0,0,0,0,7688,2940368
10,true,RFCluster,"2. NNI (Incremental)",29,false,Infinity,0.0389,0,0,0,0,9712,2940368
10,true,RFCluster,"2. NNI (Incremental)",30,false,Infinity,0.0510,0,0,0,0,11736,2940368
10,true,RFCluster,"2. NNI (Incremental)",31,false,Infinity,0.0438,0,0,0,0,9712,2940368
10,true,RFCluster,"2. NNI (Incremental)",32,false,Infinity,0.0357,0,0,0,0,7688,2940368
10,true,RFCluster,"2. NNI (Incremental)",33,false,Infinity,0.0277,0,0,0,0,7688,2940368
10,true,RFCluster,"2. NNI (Incremental)",34,false,Infinity,0.0362,0,0,0,0,9712,2940368
10,true,RFCluster,"2. NNI (Incremental)",35,false,Infinity,0.0749,0,0,0,0,17808,2940368
10,true,RFCluster,"2. NNI (Incremental)",36,false,Infinity,0.0458,0,0,0,0,9880,2940368
10,true,RFCluster,"2. NNI (Incremental)",37,false,Infinity,0.0266,0,0,0,0,7688,2940368
10,true,RFCluster,"2. NNI (Incremental)",38,false,Infinity,0.0362,0,0,0,0,9712,2940368
10,true,RFCluster,"2. NNI (Incremental)",39,false,Infinity,0.0244,0,0,0,0,7688,2940368
10,true,RFCluster,"2. NNI (Incremental)",40,false,Infinity,0.0376,0,0,0,0,9712,2940368
10,true,RFCluster,"2. NNI (Incremental)",41,false,Infinity,0.0386,0,0,0,0,9712,2940368
10,true,RFCluster,"2. NNI (Incremental)",42,false,Infinity,0.0288,0,0,0,0,7688,2940368
10,true,RFCluster,"2. NNI (Incremental)",43,false,Infinity,0.0308,0,0,0,0,7688,2940368
10,true,RFCluster,"2. NNI (Incremental)",44,false,Infinity,0.0325,0,0,0,0,7688,2940368
10,true,RFCluster,"2. NNI (Incremental)",45,false,Infinity,0.0289,0,0,0,0,7688,2940368
10,true,RFCluster,"2. NNI (Incremental)",46,false,Infinity,0.0267,0,0,0,0,7688,2940368
10,true,RFCluster,"2. NNI (Incremental)",47,false,Infinity,0.0363,0,0,0,0,9712,2940368
10,true,RFCluster,"2. NNI (Incremental)",48,false,Infinity,0.0889,0,0,0,0,19832,2940368
10,true,RFCluster,"2. NNI (Incremental)",49,false,Infinity,0.0280,0,0,0,0,7688,2940368
10,true,RFCluster,"2. NNI (Incremental)",50,false,Infinity,0.0245,0,0,0,0,7688,2940368
10,true,RFCluster,"2. NNI (Incremental)",51,false,Infinity,0.0293,0,0,0,0,7688,2940368
10,true,RFCluster,"2. NNI (Incremental)",52,false,Infinity,0.0479,0,0,0,0,11736,2940368
10,true,RFCluster,"2. NNI (Incremental)",53,false,Infinity,0.0381,0,0,0,0,9712,2940368
10,true,RFCluster,"2. NNI (Incremental)",54,false,Infinity,0.0257,0,0,0,0,7688,2940368
10,true,RFCluster,"2. NNI (Incremental)",55,false,Infinity,0.0265,0,0,0,0,7688,2940368
10,true,RFCluster,"2. NNI (Incremental)",56,false,Infinity,0.0416,0,0,0,0,9712,2940368
10,true,RFCluster,"2. NNI (Incremental)",57,false,Infinity,0.0240,0,0,0,0,7688,2940368
10,true,RFCluster,"2. NNI (Incremental)",58,false,Infinity,0.0459,0,0,0,0,11736,2940368
10,true,RFCluster,"2. NNI (Incremental)",59,false,Infinity,0.0257,0,0,0,0,7688,2940368
10,true,RFCluster,"2. NNI (Incremental)",60,false,Infinity,0.0229,0,0,0,0,7688,2940368
10,true,RFCluster,"2. NNI (Incremental)",61,false,Infinity,0.0430,0,0,0,0,11736,2940368
10,true,RFCluster,"2. NNI (Incremental)",62,false,Infinity,0.0261,0,0,0,0,7688,2940368
10,true,RFCluster,"2. NNI (Incremental)",63,false,Infinity,0.0253,0,0,0,0,7688,2940368
10,true,RFCluster,"2. NNI (Incremental)",64,false,Infinity,0.0257,0,0,0,0,7688,2940368
10,true,RFCluster,"2. NNI (Incremental)",65,false,Infinity,0.0365,0,0,0,0,9712,2940368
10,true,RFCluster,"2. NNI (Incremental)",66,false,Infinity,0.0270,0,0,0,0,7688,2940368
10,true,RFCluster,"2. NNI (Incremental)",67,false,Infinity,0.0459,0,0,0,0,11736,2940368
10,true,RFCluster,"2. NNI (Incremental)",68,false,Infinity,0.0315,0,0,0,0,7688,2940368
10,true,RFCluster,"2. NNI (Incremental)",69,false,Infinity,0.0265,0,0,0,0,7688,2940368
10,true,RFCluster,"2. NNI (Incremental)",70,false,Infinity,0.0355,0,0,0,0,9712,2940368
10,true,RFCluster,"2. NNI (Incremental)",71,false,Infinity,0.0243,0,0,0,0,7688,2940368
10,true,RFCluster,"2. NNI (Incremental)",72,false,Infinity,0.0266,0,0,0,0,7688,2940368
10,true,RFCluster,"2. NNI (Incremental)",73,false,Infinity,0.0234,0,0,0,0,7688,2940368
10,true,RFCluster,"2. NNI (Incremental)",74,false,Infinity,0.0294,0,0,0,0,7688,2940368
10,true,RFCluster,"2. NNI (Incremental)",75,false,Infinity,0.0384,0,0,0,0,9712,2940368
10,true,RFCluster,"2. NNI (Incremental)",76,false,Infinity,0.0271,0,0,0,0,7688,2940368
10,true,RFCluster,"2. NNI (Incremental)",77,false,Infinity,0.0603,0,0,0,0,13760,2940368
10,true,RFCluster,"2. NNI (Incremental)",78,false,Infinity,0.0526,0,0,0,0,10064,2940368
10,true,RFCluster,"2. NNI (Incremental)",79,false,Infinity,0.0373,0,0,0,0,9712,2940368
10,true,RFCluster,"2. NNI (Incremental)",80,false,Infinity,0.0255,0,0,0,0,7688,2940368
10,true,RFCluster,"2. NNI (Incremental)",81,false,Infinity,0.0251,0,0,0,0,7688,2940368
10,true,RFCluster,"2. NNI (Incremental)",82,false,Infinity,0.0268,0,0,0,0,7688,2940368
10,true,RFCluster,"2. NNI (Incremental)",83,false,Infinity,0.0334,0,0,0,0,9712,2940368
10,true,RFCluster,"2. NNI (Incremental)",84,false,Infinity,0.0480,0,0,0,0,11736,2940368
10,true,RFCluster,"2. NNI (Incremental)",85,false,Infinity,0.0334,0,0,0,0,7688,2940368
10,true,RFCluster,"2. NNI (Incremental)",86,false,Infinity,0.0397,0,0,0,0,9712,2940368
10,true,RFCluster,"2. NNI (Incremental)",87,false,Infinity,0.0362,0,0,0,0,9712,2940368
10,true,RFCluster,"2. NNI (Incremental)",88,false,Infinity,0.0262,0,0,0,0,7688,2940368
10,true,RFCluster,"2. NNI (Incremental)",89,false,Infinity,0.0271,0,0,0,0,7688,2940368
10,true,RFCluster,"2. NNI (Incremental)",90,false,Infinity,0.0261,0,0,0,0,7688,2940368
10,true,RFCluster,"2. NNI (Incremental)",91,false,Infinity,0.0245,0,0,0,0,7688,2940368
10,true,RFCluster,"2. NNI (Incremental)",92,false,Infinity,0.0762,0,0,0,0,13760,2940368
10,true,RFCluster,"2. NNI (Incremental)",93,false,Infinity,0.0392,0,0,0,0,7688,36494800
10,true,RFCluster,"2. NNI (Incremental)",94,false,Infinity,0.0490,0,0,0,0,13760,36494800
10,true,RFCluster,"2. NNI (Incremental)",95,false,Infinity,0.0254,0,0,0,0,7688,36494800
10,true,RFCluster,"2. NNI (Incremental)",96,false,Infinity,0.0257,0,0,0,0,7688,36494800
10,true,RFCluster,"2. NNI (Incremental)",97,false,Infinity,0.0248,0,0,0,0,7688,36494800
10,true,RFCluster,"2. NNI (Incremental)",98,false,Infinity,0.0316,0,0,0,0,9712,36494800
10,true,RFCluster,"2. NNI (Incremental)",99,false,Infinity,0.0423,0,0,0,0,11736,36494800
10,true,RFCluster,"2. NNI (Incremental)",100,false,Infinity,0.0229,0,0,0,0,7688,36494800
10,true,RFCluster,"3. VND NNI->ECR->SPR (Classic)",1,true,11.0000,169.0351,285332,4748720,139345194,21695616,221702696,237828096
10,true,RFCluster,"3. VND NNI->ECR->SPR (Classic)",2,true,5.0000,181.8664,142981,1959777,179649666,0,264989904,506263552
10,true,RFCluster,"3. VND NNI->ECR->SPR (Classic)",3,true,13.0000,119.0766,616181,3447896,96977019,17864571,172137432,674035712
10,true,RFCluster,"3. VND NNI->ECR->SPR (Classic)",4,true,5.0000,145.1130,111892,1647393,143260380,0,252229384,849082400
10,true,RFCluster,"3. VND NNI->ECR->SPR (Classic)",5,true,14.0000,44.6774,280173,1615692,31313775,11393485,99534344,211548192
10,true,RFCluster,"3. VND NNI->ECR->SPR (Classic)",6,true,7.0000,111.8551,65495,878340,110832105,0,292909400,479983648
10,true,RFCluster,"3. VND NNI->ECR->SPR (Classic)",7,true,4.0000,67.6263,145527,2634609,64774152,0,153651744,647755808
10,true,RFCluster,"3. VND NNI->ECR->SPR (Classic)",8,true,19.0000,26.0315,118796,2299764,14343394,9215985,64950056,714864672
10,true,RFCluster,"3. VND NNI->ECR->SPR (Classic)",9,true,14.0000,65.8332,124437,1931903,50550225,13133815,166738376,815527968
10,true,RFCluster,"3. VND NNI->ECR->SPR (Classic)",10,true,7.0000,4.7916,66246,4690028,0,0,11711128,74776624
10,true,RFCluster,"3. VND NNI->ECR->SPR (Classic)",11,true,5.0000,78.7281,222194,2690447,75744924,0,199494456,276103216
10,true,RFCluster,"3. VND NNI->ECR->SPR (Classic)",12,true,5.0000,66.3819,202775,812024,65294342,0,174229320,443875376
10,true,RFCluster,"3. VND NNI->ECR->SPR (Classic)",13,true,4.0000,64.4130,62559,822584,63458491,0,167700192,611647536
10,true,RFCluster,"3. VND NNI->ECR->SPR (Classic)",14,true,4.0000,76.4677,165325,796635,75416079,0,189971096,812974128
10,true,RFCluster,"3. VND NNI->ECR->SPR (Classic)",15,true,21.0000,55.8294,111001,1351199,30557347,23731807,80238568,880082992
10,true,RFCluster,"3. VND NNI->ECR->SPR (Classic)",16,true,6.0000,181.0462,192466,3740493,177033551,0,278141848,1182072880
10,true,RFCluster,"3. VND NNI->ECR->SPR (Classic)",17,true,8.0000,8.2601,278980,7945589,0,0,12376872,1182072880
10,true,RFCluster,"3. VND NNI->ECR->SPR (Classic)",18,true,18.0000,41.0533,185122,3309684,19406322,18108605,61888192,1249181744
10,true,RFCluster,"3. VND NNI->ECR->SPR (Classic)",19,true,5.0000,6.6852,97085,6555636,0,0,10621984,1249181744
10,true,RFCluster,"3. VND NNI->ECR->SPR (Classic)",20,true,3.0000,113.7041,97706,1577831,111969327,0,176383600,1416953904
10,true,RFCluster,"3. VND NNI->ECR->SPR (Classic)",21,true,6.0000,71.7012,370193,5844984,65417196,0,105703792,1551171632
10,true,RFCluster,"3. VND NNI->ECR->SPR (Classic)",22,true,18.0000,46.8959,353412,1242563,23033770,22188994,69952040,1618280496
10,true,RFCluster,"3. VND NNI->ECR->SPR (Classic)",23,true,7.0000,116.3850,380093,4751555,111170188,0,173465832,1786052656
10,true,RFCluster,"3. VND NNI->ECR->SPR (Classic)",24,true,5.0000,43.3456,182527,8541763,34543106,0,64138000,1853161520
10,true,RFCluster,"3. VND NNI->ECR->SPR (Classic)",25,true,9.0000,68.8888,213055,8104281,60491810,0,106747264,1953824816
10,true,RFCluster,"3. VND NNI->ECR->SPR (Classic)",26,true,6.0000,81.0409,360406,4137077,76475704,0,124854888,2088042544
10,true,RFCluster,"3. VND NNI->ECR->SPR (Classic)",27,true,6.0000,113.8670,195170,4077213,109517555,0,179815160,2255814704
10,true,RFCluster,"3. VND NNI->ECR->SPR (Classic)",28,true,7.0000,127.3621,213015,4345694,122728807,0,192213408,2457141296
10,true,RFCluster,"3. VND NNI->ECR->SPR (Classic)",29,true,21.0000,42.3858,265846,1227684,22945332,17898545,65481368,2524250160
10,true,RFCluster,"3. VND NNI->ECR->SPR (Classic)",30,true,6.0000,8.0505,346027,7672339,0,0,11963552,2524250160
10,true,RFCluster,"3. VND NNI->ECR->SPR (Classic)",31,true,16.0000,99.7380,404289,2673484,78783723,17790139,155818384,2692022320
10,true,RFCluster,"3. VND NNI->ECR->SPR (Classic)",32,true,5.0000,111.4764,187877,4299987,106922911,0,168216552,2859794480
10,true,RFCluster,"3. VND NNI->ECR->SPR (Classic)",33,true,6.0000,199.7327,102024,1531533,198030639,0,314885096,3161784368
10,true,RFCluster,"3. VND NNI->ECR->SPR (Classic)",34,true,15.0000,90.2238,369995,2466451,72872442,14349146,138680096,3296002096
10,true,RFCluster,"3. VND NNI->ECR->SPR (Classic)",35,true,7.0000,1.7781,599801,1145138,0,0,2528944,3296002096
10,true,RFCluster,"3. VND NNI->ECR->SPR (Classic)",36,true,11.0000,179.1259,405651,3496057,158059743,17052587,271825848,3564437552
10,true,RFCluster,"3. VND NNI->ECR->SPR (Classic)",37,true,5.0000,114.7498,96574,1486787,113099867,0,182055296,3765764144
10,true,RFCluster,"3. VND NNI->ECR->SPR (Classic)",38,true,13.0000,45.1669,346298,3587232,23522900,17643441,69708816,3832873008
10,true,RFCluster,"3. VND NNI->ECR->SPR (Classic)",39,true,6.0000,108.3834,185112,4668188,103466469,0,169631360,4000645168
10,true,RFCluster,"3. VND NNI->ECR->SPR (Classic)",40,true,7.0000,170.8442,272338,1519189,168985688,0,266107920,4269080624
10,true,RFCluster,"3. VND NNI->ECR->SPR (Classic)",41,true,17.0000,49.8800,277818,1269374,23835194,24448180,75050152,4336189488
10,true,RFCluster,"3. VND NNI->ECR->SPR (Classic)",42,true,16.0000,42.5379,172318,4820748,23228020,14263923,65262992,4403298352
10,true,RFCluster,"3. VND NNI->ECR->SPR (Classic)",43,true,5.0000,10.0077,106563,9872623,0,0,14712968,4436852784
10,true,RFCluster,"3. VND NNI->ECR->SPR (Classic)",44,true,7.0000,98.0405,181024,7050246,90746901,0,148683632,4571070512
10,true,RFCluster,"3. VND NNI->ECR->SPR (Classic)",45,true,6.0000,107.5636,187236,5796582,101509337,0,160691712,4738842672
10,true,RFCluster,"3. VND NNI->ECR->SPR (Classic)",46,true,5.0000,148.0416,99820,1531783,146337771,0,232933624,4973723696
10,true,RFCluster,"3. VND NNI->ECR->SPR (Classic)",47,true,6.0000,106.8962,362690,4697533,101744895,0,165284648,5141495856
10,true,RFCluster,"3. VND NNI->ECR->SPR (Classic)",48,true,8.0000,1.7849,615010,1136932,0,0,2654696,5141495856
10,true,RFCluster,"3. VND NNI->ECR->SPR (Classic)",49,true,19.0000,48.2101,98257,1410632,26374212,20294381,70211920,5208604720
10,true,RFCluster,"3. VND NNI->ECR->SPR (Classic)",50,true,18.0000,58.1332,190362,4238891,28903893,24749924,88311696,5275713584
10,true,RFCluster,"3. VND NNI->ECR->SPR (Classic)",51,true,5.0000,201.2403,108617,1881097,199172731,0,303811784,5611257904
10,true,RFCluster,"3. VND NNI->ECR->SPR (Classic)",52,true,7.0000,116.8961,341179,1302727,115172488,0,182147368,5779030064
10,true,RFCluster,"3. VND NNI->ECR->SPR (Classic)",53,true,6.0000,68.9544,274442,1277489,67338129,0,108980920,5879693360
10,true,RFCluster,"3. VND NNI->ECR->SPR (Classic)",54,true,7.0000,6.9764,112484,6833554,0,0,10245736,5913247792
10,true,RFCluster,"3. VND NNI->ECR->SPR (Classic)",55,true,19.0000,46.5265,92757,1250879,23741837,21398862,71592888,5980356656
10,true,RFCluster,"3. VND NNI->ECR->SPR (Classic)",56,true,5.0000,5.1246,259464,4786182,0,0,8080440,5980356656
10,true,RFCluster,"3. VND NNI->ECR->SPR (Classic)",57,true,6.0000,180.3621,92465,1305503,178885393,0,282462832,6282346544
10,true,RFCluster,"3. VND NNI->ECR->SPR (Classic)",58,true,15.0000,102.7970,459073,2904403,85351923,13993039,160383776,6450118704
10,true,RFCluster,"3. VND NNI->ECR->SPR (Classic)",59,true,8.0000,10.4791,104378,10341886,0,0,16215040,6450118704
10,true,RFCluster,"3. VND NNI->ECR->SPR (Classic)",60,true,18.0000,45.2574,179492,3511317,23580640,17949262,69813512,6517227568
10,true,RFCluster,"3. VND NNI->ECR->SPR (Classic)",61,true,7.0000,69.5155,408688,3506108,65540670,0,108002008,6617890864
10,true,RFCluster,"3. VND NNI->ECR->SPR (Classic)",62,true,15.0000,98.4382,204640,2842546,78087648,17220186,151355896,6785663024
10,true,RFCluster,"3. VND NNI->ECR->SPR (Classic)",63,true,16.0000,79.1299,190904,2400615,52741712,23728241,122146448,6919880752
10,true,RFCluster,"3. VND NNI->ECR->SPR (Classic)",64,true,7.0000,196.4828,102645,1483260,194833350,0,310285360,7221870640
10,true,RFCluster,"3. VND NNI->ECR->SPR (Classic)",65,true,7.0000,103.6428,267339,1496876,101806512,0,231209128,7288979504
10,true,RFCluster,"3. VND NNI->ECR->SPR (Classic)",66,true,17.0000,34.6532,65284,845347,19477108,14217015,83098480,240859720
10,true,RFCluster,"3. VND NNI->ECR->SPR (Classic)",67,true,6.0000,43.2897,224116,723116,42284016,0,116331168,375077448
10,true,RFCluster,"3. VND NNI->ECR->SPR (Classic)",68,true,18.0000,40.5090,78189,895563,26614940,12871035,104818824,475740744
10,true,RFCluster,"3. VND NNI->ECR->SPR (Classic)",69,true,17.0000,29.7594,112354,2150449,14974174,12469221,73103576,542849608
10,true,RFCluster,"3. VND NNI->ECR->SPR (Classic)",70,true,7.0000,4.3263,189701,4099716,0,0,10959896,542849608
10,true,RFCluster,"3. VND NNI->ECR->SPR (Classic)",71,true,7.0000,69.3200,52740,746249,68447378,0,187269640,744176200
10,true,RFCluster,"3. VND NNI->ECR->SPR (Classic)",72,true,7.0000,80.5434,128995,3521146,76831430,0,214056184,945502792
10,true,RFCluster,"3. VND NNI->ECR->SPR (Classic)",73,true,12.0000,59.7558,153903,3017118,45783940,10731567,159453096,1113274952
10,true,RFCluster,"3. VND NNI->ECR->SPR (Classic)",74,true,8.0000,4.9608,58281,4874910,0,0,13432600,1113274952
10,true,RFCluster,"3. VND NNI->ECR->SPR (Classic)",75,true,17.0000,28.6661,159774,844446,16746134,10885860,74735768,1213938248
10,true,RFCluster,"3. VND NNI->ECR->SPR (Classic)",76,true,9.0000,89.0957,104259,1607837,82905611,4403984,241029232,1448819272
10,true,RFCluster,"3. VND NNI->ECR->SPR (Classic)",77,true,6.0000,35.5010,289821,2216034,32937784,0,85947296,1515928136
10,true,RFCluster,"3. VND NNI->ECR->SPR (Classic)",78,true,7.0000,42.9213,233654,4366603,38267178,0,104297432,1616591432
10,true,RFCluster,"3. VND NNI->ECR->SPR (Classic)",79,true,5.0000,61.8672,185473,901644,60716126,0,152219704,1784363592
10,true,RFCluster,"3. VND NNI->ECR->SPR (Classic)",80,true,9.0000,102.5889,157470,3616948,94426538,4304525,275652168,2052799048
10,true,RFCluster,"3. VND NNI->ECR->SPR (Classic)",81,true,14.0000,38.3125,133153,2531013,21187880,14410232,92952920,2153462344
10,true,RFCluster,"3. VND NNI->ECR->SPR (Classic)",82,true,14.0000,69.0871,170284,3025693,57131870,8678212,185620424,2321234504
10,true,RFCluster,"3. VND NNI->ECR->SPR (Classic)",83,true,6.0000,56.3360,156638,754695,55360071,0,147628224,2489006664
10,true,RFCluster,"3. VND NNI->ECR->SPR (Classic)",84,true,7.0000,3.0290,189271,2804984,0,0,8093528,2489006664
10,true,RFCluster,"3. VND NNI->ECR->SPR (Classic)",85,true,6.0000,4.6275,53943,4556324,0,0,12214752,2489006664
10,true,RFCluster,"3. VND NNI->ECR->SPR (Classic)",86,true,18.0000,30.2259,143693,740108,16434932,12875283,78342344,2589669960
10,true,RFCluster,"3. VND NNI->ECR->SPR (Classic)",87,true,7.0000,43.2979,200271,3198983,39842503,0,117770888,2690333256
10,true,RFCluster,"3. VND NNI->ECR->SPR (Classic)",88,true,5.0000,61.3611,101804,2408310,58792168,0,166946064,2858105416
10,true,RFCluster,"3. VND NNI->ECR->SPR (Classic)",89,true,6.0000,64.1629,58261,606945,63440787,0,170425688,3025877576
10,true,RFCluster,"3. VND NNI->ECR->SPR (Classic)",90,true,16.0000,29.5345,115640,2353565,16343098,10674819,77828872,3126540872
10,true,RFCluster,"3. VND NNI->ECR->SPR (Classic)",91,true,6.0000,101.2514,106793,2185506,98892921,0,272994280,3394976328
10,true,RFCluster,"3. VND NNI->ECR->SPR (Classic)",92,true,5.0000,0.9284,231771,659093,0,0,2307032,3394976328
10,true,RFCluster,"3. VND NNI->ECR->SPR (Classic)",93,true,6.0000,44.7274,102276,2006306,42572845,0,120073328,3495639624
10,true,RFCluster,"3. VND NNI->ECR->SPR (Classic)",94,true,8.0000,3.3840,251298,3100085,0,0,8727776,3529194056
10,true,RFCluster,"3. VND NNI->ECR->SPR (Classic)",95,true,5.0000,87.3128,54354,775304,86440753,0,217293568,3730520648
10,true,RFCluster,"3. VND NNI->ECR->SPR (Classic)",96,true,3.0000,73.4999,61978,925089,72455159,0,188989344,3931847240
10,true,RFCluster,"3. VND NNI->ECR->SPR (Classic)",97,true,16.0000,25.6727,58421,746389,14175446,10647476,65698040,3998956104
10,true,RFCluster,"3. VND NNI->ECR->SPR (Classic)",98,true,8.0000,4.8735,164443,4677655,0,0,12413656,3998956104
10,true,RFCluster,"3. VND NNI->ECR->SPR (Classic)",99,true,8.0000,3.2999,191134,3091128,0,0,8469720,3998956104
10,true,RFCluster,"3. VND NNI->ECR->SPR (Classic)",100,true,9.0000,4.2887,55375,4218101,0,0,11582760,4032510536
10,true,RFCluster,"4. VND NNI->SPR (Classic)",1,true,16.0000,17.1513,136940,0,0,16944460,36045192,36590360
10,true,RFCluster,"4. VND NNI->SPR (Classic)",2,true,12.0000,10.6862,56397,0,0,10613873,26338704,36590360
10,true,RFCluster,"4. VND NNI->SPR (Classic)",3,true,13.0000,10.9473,151528,0,0,10779297,26947584,70144792
10,true,RFCluster,"4. VND NNI->SPR (Classic)",4,true,15.0000,12.4552,57540,0,0,12383999,30355752,103699224
10,true,RFCluster,"4. VND NNI->SPR (Classic)",5,true,14.0000,11.0296,145827,0,0,10865541,26864960,137253656
10,true,RFCluster,"4. VND NNI->SPR (Classic)",6,true,21.0000,15.2370,52810,0,0,15170938,37314208,170808088
10,true,RFCluster,"4. VND NNI->SPR (Classic)",7,true,13.0000,12.7713,54424,0,0,12704288,30914520,204362520
10,true,RFCluster,"4. VND NNI->SPR (Classic)",8,true,17.0000,13.0997,62398,0,0,13021952,32135112,237916952
10,true,RFCluster,"4. VND NNI->SPR (Classic)",9,true,17.0000,15.1497,54494,0,0,15081088,36857832,271471384
10,true,RFCluster,"4. VND NNI->SPR (Classic)",10,true,10.0000,12.6197,57109,0,0,12549654,30697216,305025816
10,true,RFCluster,"4. VND NNI->SPR (Classic)",11,true,14.0000,14.9751,151588,0,0,14807327,36461464,338580248
10,true,RFCluster,"4. VND NNI->SPR (Classic)",12,true,12.0000,10.8911,171837,0,0,10702943,26647736,372134680
10,true,RFCluster,"4. VND NNI->SPR (Classic)",13,true,13.0000,10.8853,53071,0,0,10819785,26451088,405689112
10,true,RFCluster,"4. VND NNI->SPR (Classic)",14,true,13.0000,10.9557,141419,0,0,10799246,26864320,405689112
10,true,RFCluster,"4. VND NNI->SPR (Classic)",15,true,21.0000,13.1812,56487,0,0,13112514,32148320,439243544
10,true,RFCluster,"4. VND NNI->SPR (Classic)",16,true,17.0000,15.2142,51417,0,0,15139859,37324448,472797976
10,true,RFCluster,"4. VND NNI->SPR (Classic)",17,true,10.0000,12.8409,154964,0,0,12662088,30862744,506352408
10,true,RFCluster,"4. VND NNI->SPR (Classic)",18,true,20.0000,13.0946,52069,0,0,13027382,31924632,539906840
10,true,RFCluster,"4. VND NNI->SPR (Classic)",19,true,11.0000,10.9695,52059,0,0,10904525,26800424,573461272
10,true,RFCluster,"4. VND NNI->SPR (Classic)",20,true,11.0000,10.9711,49935,0,0,10906730,27063640,607015704
10,true,RFCluster,"4. VND NNI->SPR (Classic)",21,true,11.0000,10.7249,149184,0,0,10558497,25939400,640570136
10,true,RFCluster,"4. VND NNI->SPR (Classic)",22,true,18.0000,13.2961,143873,0,0,13135328,32579440,674124568
10,true,RFCluster,"4. VND NNI->SPR (Classic)",23,true,17.0000,10.7334,147120,0,0,10570881,26185880,674124568
10,true,RFCluster,"4. VND NNI->SPR (Classic)",24,true,10.0000,14.7529,58121,0,0,14680706,35688976,707679000
10,true,RFCluster,"4. VND NNI->SPR (Classic)",25,true,12.0000,12.8620,55535,0,0,12793277,31497536,741233432
10,true,RFCluster,"4. VND NNI->SPR (Classic)",26,true,11.0000,12.9241,144705,0,0,12760665,31427848,774787864
10,true,RFCluster,"4. VND NNI->SPR (Classic)",27,true,14.0000,12.8660,55205,0,0,12796714,31288568,808342296
10,true,RFCluster,"4. VND NNI->SPR (Classic)",28,true,16.0000,16.7398,61447,0,0,16663326,40436848,875451160
10,true,RFCluster,"4. VND NNI->SPR (Classic)",29,true,21.0000,11.0891,146308,0,0,10924062,27156144,875451160
10,true,RFCluster,"4. VND NNI->SPR (Classic)",30,true,11.0000,10.5002,192826,0,0,10289787,25323360,909005592
10,true,RFCluster,"4. VND NNI->SPR (Classic)",31,true,19.0000,13.1873,140066,0,0,13031280,32169680,942560024
10,true,RFCluster,"4. VND NNI->SPR (Classic)",32,true,15.0000,15.0289,58511,0,0,14956080,36454880,976114456
10,true,RFCluster,"4. VND NNI->SPR (Classic)",33,true,13.0000,15.0824,55756,0,0,15010444,36991304,1009668888
10,true,RFCluster,"4. VND NNI->SPR (Classic)",34,true,19.0000,15.3544,140267,0,0,15196567,37500832,1043223320
10,true,RFCluster,"4. VND NNI->SPR (Classic)",35,true,7.0000,4.5377,291795,0,0,4228291,11074904,1076777752
10,true,RFCluster,"4. VND NNI->SPR (Classic)",36,true,14.0000,10.6733,150195,0,0,10507962,25816768,1076777752
10,true,RFCluster,"4. VND NNI->SPR (Classic)",37,true,14.0000,10.9519,57088,0,0,10881672,26916208,1110332184
10,true,RFCluster,"4. VND NNI->SPR (Classic)",38,true,14.0000,13.1069,141589,0,0,12947511,32258512,1143886616
10,true,RFCluster,"4. VND NNI->SPR (Classic)",39,true,17.0000,15.4126,55085,0,0,15340121,37700776,1177441048
10,true,RFCluster,"4. VND NNI->SPR (Classic)",40,true,14.0000,13.0846,149855,0,0,12918646,31906392,1210995480
10,true,RFCluster,"4. VND NNI->SPR (Classic)",41,true,17.0000,14.9792,148763,0,0,14815623,36653432,1244549912
10,true,RFCluster,"4. VND NNI->SPR (Classic)",42,true,14.0000,10.7555,50766,0,0,10689467,26355424,1278104344
10,true,RFCluster,"4. VND NNI->SPR (Classic)",43,true,12.0000,12.4853,64462,0,0,12407113,30059168,1311658776
10,true,RFCluster,"4. VND NNI->SPR (Classic)",44,true,13.0000,15.1826,52300,0,0,15113489,36872184,1345213208
10,true,RFCluster,"4. VND NNI->SPR (Classic)",45,true,14.0000,14.8111,58451,0,0,14734098,35391768,1378767640
10,true,RFCluster,"4. VND NNI->SPR (Classic)",46,true,18.0000,13.1285,55356,0,0,13060515,31915352,1412322072
10,true,RFCluster,"4. VND NNI->SPR (Classic)",47,true,15.0000,15.1185,155466,0,0,14940711,36714768,1445876504
10,true,RFCluster,"4. VND NNI->SPR (Classic)",48,true,8.0000,4.6896,362880,0,0,4294897,11243312,1479430936
10,true,RFCluster,"4. VND NNI->SPR (Classic)",49,true,19.0000,12.4942,58071,0,0,12420369,30411960,1512985368
10,true,RFCluster,"4. VND NNI->SPR (Classic)",50,true,18.0000,17.2126,63991,0,0,17135064,41972872,1546539800
10,true,RFCluster,"4. VND NNI->SPR (Classic)",51,true,13.0000,12.9213,55857,0,0,12852310,31454496,1580094232
10,true,RFCluster,"4. VND NNI->SPR (Classic)",52,true,17.0000,10.7924,185704,0,0,10588585,26321840,1580094232
10,true,RFCluster,"4. VND NNI->SPR (Classic)",53,true,12.0000,10.9744,147682,0,0,10813041,26793576,1613648664
10,true,RFCluster,"4. VND NNI->SPR (Classic)",54,true,11.0000,10.3179,70904,0,0,10234822,24996616,1647203096
10,true,RFCluster,"4. VND NNI->SPR (Classic)",55,true,19.0000,13.1311,51658,0,0,13065305,32020336,1680757528
10,true,RFCluster,"4. VND NNI->SPR (Classic)",56,true,9.0000,6.6773,139205,0,0,6524026,16264752,1680757528
10,true,RFCluster,"4. VND NNI->SPR (Classic)",57,true,16.0000,15.1995,54464,0,0,15132736,37200600,1747866392
10,true,RFCluster,"4. VND NNI->SPR (Classic)",58,true,15.0000,8.7478,181113,0,0,8552634,21432512,1747866392
10,true,RFCluster,"4. VND NNI->SPR (Classic)",59,true,13.0000,10.7590,59403,0,0,10686281,26055752,1781420824
10,true,RFCluster,"4. VND NNI->SPR (Classic)",60,true,18.0000,13.2820,52881,0,0,13217193,32343624,1814975256
10,true,RFCluster,"4. VND NNI->SPR (Classic)",61,true,12.0000,11.0970,181366,0,0,10899516,26638952,1848529688
10,true,RFCluster,"4. VND NNI->SPR (Classic)",62,true,16.0000,15.1060,57159,0,0,15036022,36256960,1882084120
10,true,RFCluster,"4. VND NNI->SPR (Classic)",63,true,17.0000,15.0786,56908,0,0,15009973,36551696,1915638552
10,true,RFCluster,"4. VND NNI->SPR (Classic)",64,true,18.0000,15.2998,57950,0,0,15229129,36940768,1949192984
10,true,RFCluster,"4. VND NNI->SPR (Classic)",65,true,16.0000,13.1780,142892,0,0,13020529,32008648,1982747416
10,true,RFCluster,"4. VND NNI->SPR (Classic)",66,true,17.0000,14.4876,59142,0,0,14415121,35014312,2016301848
10,true,RFCluster,"4. VND NNI->SPR (Classic)",67,true,13.0000,6.7694,177247,0,0,6579110,16511200,2049856280
10,true,RFCluster,"4. VND NNI->SPR (Classic)",68,true,18.0000,13.0413,54795,0,0,12975574,31955008,2049856280
10,true,RFCluster,"4. VND NNI->SPR (Classic)",69,true,16.0000,12.8404,54944,0,0,12772397,30896072,2083410712
10,true,RFCluster,"4. VND NNI->SPR (Classic)",70,true,10.0000,8.8331,157139,0,0,8656401,21147744,2116965144
10,true,RFCluster,"4. VND NNI->SPR (Classic)",71,true,22.0000,15.3010,52389,0,0,15236774,37427080,2150519576
10,true,RFCluster,"4. VND NNI->SPR (Classic)",72,true,15.0000,15.3272,52410,0,0,15261220,37270296,2184074008
10,true,RFCluster,"4. VND NNI->SPR (Classic)",73,true,16.0000,13.1114,51768,0,0,13046639,31972520,2217628440
10,true,RFCluster,"4. VND NNI->SPR (Classic)",74,true,13.0000,13.1031,54594,0,0,13032652,32019320,2251182872
10,true,RFCluster,"4. VND NNI->SPR (Classic)",75,true,17.0000,11.1706,144445,0,0,11012581,27211704,2284737304
10,true,RFCluster,"4. VND NNI->SPR (Classic)",76,true,16.0000,13.1049,50536,0,0,13043413,32079816,2318291736
10,true,RFCluster,"4. VND NNI->SPR (Classic)",77,true,12.0000,10.8573,235277,0,0,10606549,25973280,2351846168
10,true,RFCluster,"4. VND NNI->SPR (Classic)",78,true,11.0000,8.5265,160365,0,0,8351310,20547120,2351846168
10,true,RFCluster,"4. VND NNI->SPR (Classic)",79,true,12.0000,8.5935,150987,0,0,8428296,20897616,2385400600
10,true,RFCluster,"4. VND NNI->SPR (Classic)",80,true,14.0000,10.8712,53011,0,0,10806620,26567352,2418955032
10,true,RFCluster,"4. VND NNI->SPR (Classic)",81,true,15.0000,14.8488,56488,0,0,14773893,35782256,2452509464
10,true,RFCluster,"4. VND NNI->SPR (Classic)",82,true,16.0000,10.9828,54874,0,0,10915817,26747120,2486063896
10,true,RFCluster,"4. VND NNI->SPR (Classic)",83,true,11.0000,10.8677,137451,0,0,10716217,26564456,2486063896
10,true,RFCluster,"4. VND NNI->SPR (Classic)",84,true,9.0000,6.6801,169101,0,0,6488328,16370568,2519618328
10,true,RFCluster,"4. VND NNI->SPR (Classic)",85,true,14.0000,12.9318,55466,0,0,12857770,31450584,2553172760
10,true,RFCluster,"4. VND NNI->SPR (Classic)",86,true,18.0000,13.1019,137211,0,0,12951037,32159448,2586727192
10,true,RFCluster,"4. VND NNI->SPR (Classic)",87,true,13.0000,10.9043,138022,0,0,10752426,26862120,2620281624
10,true,RFCluster,"4. VND NNI->SPR (Classic)",88,true,18.0000,15.3340,51378,0,0,15271319,37442912,2653836056
10,true,RFCluster,"4. VND NNI->SPR (Classic)",89,true,18.0000,12.9242,50906,0,0,12861337,31548792,2687390488
10,true,RFCluster,"4. VND NNI->SPR (Classic)",90,true,19.0000,13.1906,55606,0,0,13120229,32227720,2720944920
10,true,RFCluster,"4. VND NNI->SPR (Classic)",91,true,19.0000,17.3738,55075,0,0,17303213,42348648,2754499352
10,true,RFCluster,"4. VND NNI->SPR (Classic)",92,true,6.0000,4.4601,210740,0,0,4229934,10865072,2754499352
10,true,RFCluster,"4. VND NNI->SPR (Classic)",93,true,13.0000,13.0805,54133,0,0,13014839,31710576,2788053784
10,true,RFCluster,"4. VND NNI->SPR (Classic)",94,true,11.0000,11.3472,219928,0,0,11106139,26299056,2821608216
10,true,RFCluster,"4. VND NNI->SPR (Classic)",95,true,17.0000,13.0217,55115,0,0,12938584,31309400,2855162648
10,true,RFCluster,"4. VND NNI->SPR (Classic)",96,true,15.0000,15.0559,60956,0,0,14981849,36453600,2888717080
10,true,RFCluster,"4. VND NNI->SPR (Classic)",97,true,16.0000,10.9323,58190,0,0,10854931,26254656,2922271512
10,true,RFCluster,"4. VND NNI->SPR (Classic)",98,true,14.0000,12.9810,152800,0,0,12805450,31551368,2955825944
10,true,RFCluster,"4. VND NNI->SPR (Classic)",99,true,10.0000,10.7092,191225,0,0,10503313,25885360,2955825944
10,true,RFCluster,"4. VND NNI->SPR (Classic)",100,true,14.0000,10.9093,56317,0,0,10841846,26411280,2989380376
10,true,RFCluster,"5. VND NNI->ECR->SPR (Inc)",1,true,14.0000,6.9018,167669,1214048,3004454,1726212,4647552,3074872
10,true,RFCluster,"5. VND NNI->ECR->SPR (Inc)",2,true,15.0000,3.6355,103176,551979,2867913,0,8239808,36629304
10,true,RFCluster,"5. VND NNI->ECR->SPR (Inc)",3,true,12.0000,2.0312,66627,132072,1415161,348282,4260776,36629304
10,true,RFCluster,"5. VND NNI->ECR->SPR (Inc)",4,true,5.0000,3.2835,26270,96865,3126646,0,9825824,36629304
10,true,RFCluster,"5. VND NNI->ECR->SPR (Inc)",5,true,14.0000,0.9690,35558,59343,381225,470585,1528376,36629304
10,true,RFCluster,"5. VND NNI->ECR->SPR (Inc)",6,true,15.0000,1.9379,51177,148272,1267250,436851,4283136,36629304
10,true,RFCluster,"5. VND NNI->ECR->SPR (Inc)",7,true,6.0000,1.5858,19318,109177,1428987,0,4380528,70183736
10,true,RFCluster,"5. VND NNI->ECR->SPR (Inc)",8,true,17.0000,0.8345,29896,95833,294810,387166,1346928,70183736
10,true,RFCluster,"5. VND NNI->ECR->SPR (Inc)",9,true,11.0000,1.9589,68962,73170,1793221,0,5713464,70183736
10,true,RFCluster,"5. VND NNI->ECR->SPR (Inc)",10,true,9.0000,0.2107,20038,177337,0,0,327488,70183736
10,true,RFCluster,"5. VND NNI->ECR->SPR (Inc)",11,true,9.0000,1.3333,52700,225029,1027253,0,3521064,70183736
10,true,RFCluster,"5. VND NNI->ECR->SPR (Inc)",12,true,8.0000,2.3977,69574,70064,2234729,0,6800904,70183736
10,true,RFCluster,"5. VND NNI->ECR->SPR (Inc)",13,true,5.0000,1.1053,17794,31460,1035830,0,3236040,70183736
10,true,RFCluster,"5. VND NNI->ECR->SPR (Inc)",14,true,7.0000,1.3628,42200,34025,1267250,0,3945120,70183736
10,true,RFCluster,"5. VND NNI->ECR->SPR (Inc)",15,true,18.0000,0.8687,21271,30879,277007,519007,1325768,70183736
10,true,RFCluster,"5. VND NNI->ECR->SPR (Inc)",16,true,9.0000,2.4291,108836,131700,2147103,0,6768608,103738168
10,true,RFCluster,"5. VND NNI->ECR->SPR (Inc)",17,true,11.0000,0.2576,27511,207485,0,0,410840,103738168
10,true,RFCluster,"5. VND NNI->ECR->SPR (Inc)",18,true,20.0000,0.7885,22503,89189,204038,451959,1107864,103738168
10,true,RFCluster,"5. VND NNI->ECR->SPR (Inc)",19,true,6.0000,0.5667,24406,171075,347451,0,1317032,103738168
10,true,RFCluster,"5. VND NNI->ECR->SPR (Inc)",20,true,4.0000,1.3619,11272,32572,1290053,0,3930048,103738168
10,true,RFCluster,"5. VND NNI->ECR->SPR (Inc)",21,true,9.0000,0.2640,29616,208186,0,0,413784,103738168
10,true,RFCluster,"5. VND NNI->ECR->SPR (Inc)",22,true,17.0000,0.7030,33183,29086,262570,354163,1151392,103738168
10,true,RFCluster,"5. VND NNI->ECR->SPR (Inc)",23,true,7.0000,1.4034,59042,197596,1109009,0,3745432,103738168
10,true,RFCluster,"5. VND NNI->ECR->SPR (Inc)",24,true,10.0000,0.5991,24276,203808,346989,0,1383408,103738168
10,true,RFCluster,"5. VND NNI->ECR->SPR (Inc)",25,true,12.0000,2.0474,29215,245316,1741672,0,5639968,103738168
10,true,RFCluster,"5. VND NNI->ECR->SPR (Inc)",26,true,7.0000,0.8916,36569,99981,723646,0,2360136,103738168
10,true,RFCluster,"5. VND NNI->ECR->SPR (Inc)",27,true,8.0000,2.0477,28905,123836,1861841,0,5820768,103738168
10,true,RFCluster,"5. VND NNI->ECR->SPR (Inc)",28,true,9.0000,1.6874,32852,141740,1483481,0,4637832,137292600
10,true,RFCluster,"5. VND NNI->ECR->SPR (Inc)",29,true,23.0000,0.8525,44445,29196,244044,515590,1253792,137292600
10,true,RFCluster,"5. VND NNI->ECR->SPR (Inc)",30,true,9.0000,0.2530,44615,183589,0,0,376088,137292600
10,true,RFCluster,"5. VND NNI->ECR->SPR (Inc)",31,true,15.0000,1.3232,43863,61267,819990,369062,2959360,137292600
10,true,RFCluster,"5. VND NNI->ECR->SPR (Inc)",32,true,19.0000,0.9853,17844,105690,334527,498908,1509256,137292600
10,true,RFCluster,"5. VND NNI->ECR->SPR (Inc)",33,true,7.0000,1.8423,48322,65524,1699663,0,5312304,137292600
10,true,RFCluster,"5. VND NNI->ECR->SPR (Inc)",34,true,14.0000,1.3070,39625,61547,873883,298979,3112408,137292600
10,true,RFCluster,"5. VND NNI->ECR->SPR (Inc)",35,true,7.0000,0.1306,66857,41589,0,0,151136,137292600
10,true,RFCluster,"5. VND NNI->ECR->SPR (Inc)",36,true,11.0000,1.5280,36109,70084,1037272,357420,3604984,137292600
10,true,RFCluster,"5. VND NNI->ECR->SPR (Inc)",37,true,7.0000,1.8071,30097,32762,1725060,0,5298696,137292600
10,true,RFCluster,"5. VND NNI->ECR->SPR (Inc)",38,true,11.0000,1.4877,50296,195933,1220641,0,4006728,137292600
10,true,RFCluster,"5. VND NNI->ECR->SPR (Inc)",39,true,17.0000,0.7506,18816,103757,230448,371055,1276224,137292600
10,true,RFCluster,"5. VND NNI->ECR->SPR (Inc)",40,true,9.0000,1.0600,42061,135707,863803,0,2916280,170847032
10,true,RFCluster,"5. VND NNI->ECR->SPR (Inc)",41,true,17.0000,0.7273,29446,26531,206863,444245,1086984,170847032
10,true,RFCluster,"5. VND NNI->ECR->SPR (Inc)",42,true,16.0000,0.6660,14938,110770,208406,302415,1149104,170847032
10,true,RFCluster,"5. VND NNI->ECR->SPR (Inc)",43,true,13.0000,0.2377,11261,204028,0,0,446648,170847032
10,true,RFCluster,"5. VND NNI->ECR->SPR (Inc)",44,true,12.0000,0.2405,10650,204549,0,0,408104,170847032
10,true,RFCluster,"5. VND NNI->ECR->SPR (Inc)",45,true,7.0000,1.8325,29645,152600,1617535,0,5147904,170847032
10,true,RFCluster,"5. VND NNI->ECR->SPR (Inc)",46,false,Infinity,2.8583,31119,81454,2722247,0,8640480,170847032
10,true,RFCluster,"5. VND NNI->ECR->SPR (Inc)",47,true,9.0000,1.4343,63030,126359,1220682,0,3905200,170847032
10,true,RFCluster,"5. VND NNI->ECR->SPR (Inc)",48,true,8.0000,0.1286,70625,37992,0,0,162024,170847032
10,true,RFCluster,"5. VND NNI->ECR->SPR (Inc)",49,true,19.0000,0.7020,13145,29646,229306,408807,1014056,170847032
10,true,RFCluster,"5. VND NNI->ECR->SPR (Inc)",50,true,11.0000,1.7192,46538,285984,1347562,0,4652376,170847032
10,true,RFCluster,"5. VND NNI->ECR->SPR (Inc)",51,false,Infinity,2.3179,24516,65164,2205834,0,6814992,204401464
10,true,RFCluster,"5. VND NNI->ECR->SPR (Inc)",52,true,10.0000,1.1758,61618,135227,946590,0,3242144,204401464
10,true,RFCluster,"5. VND NNI->ECR->SPR (Inc)",53,true,4.0000,0.7882,79802,26400,661678,0,2114080,204401464
10,true,RFCluster,"5. VND NNI->ECR->SPR (Inc)",54,true,8.0000,0.1827,14497,147821,0,0,325584,204401464
10,true,RFCluster,"5. VND NNI->ECR->SPR (Inc)",55,true,21.0000,0.7064,12684,24727,201413,434867,1016992,204401464
10,true,RFCluster,"5. VND NNI->ECR->SPR (Inc)",56,true,7.0000,0.1945,33775,124376,0,0,296312,204401464
10,true,RFCluster,"5. VND NNI->ECR->SPR (Inc)",57,true,10.0000,1.4717,57210,181776,1202417,0,4069632,204401464
10,true,RFCluster,"5. VND NNI->ECR->SPR (Inc)",58,true,16.0000,1.2410,58312,56717,829046,261467,2814344,204401464
10,true,RFCluster,"5. VND NNI->ECR->SPR (Inc)",59,true,9.0000,1.7196,26942,119006,1542182,0,4972520,204401464
10,true,RFCluster,"5. VND NNI->ECR->SPR (Inc)",60,true,12.0000,1.6355,26821,214919,1368463,0,4636344,204401464
10,true,RFCluster,"5. VND NNI->ECR->SPR (Inc)",61,true,10.0000,0.4403,46319,144484,224557,0,1024192,204401464
10,true,RFCluster,"5. VND NNI->ECR->SPR (Inc)",62,true,8.0000,1.7367,20008,67268,1621023,0,5050384,204401464
10,true,RFCluster,"5. VND NNI->ECR->SPR (Inc)",63,true,19.0000,1.0655,23695,47159,589451,381345,2244432,204401464
10,true,RFCluster,"5. VND NNI->ECR->SPR (Inc)",64,true,17.0000,1.5710,16702,49103,1225621,251839,4115480,237955896
10,true,RFCluster,"5. VND NNI->ECR->SPR (Inc)",65,true,10.0000,1.3839,40988,148682,1165456,0,3942696,237955896
10,true,RFCluster,"5. VND NNI->ECR->SPR (Inc)",66,true,20.0000,0.7757,15710,27612,227964,486986,1171248,237955896
10,true,RFCluster,"5. VND NNI->ECR->SPR (Inc)",67,true,4.0000,1.0051,34486,25188,929187,0,2876728,237955896
10,true,RFCluster,"5. VND NNI->ECR->SPR (Inc)",68,true,19.0000,0.7672,9999,26630,297536,411713,1381536,237955896
10,true,RFCluster,"5. VND NNI->ECR->SPR (Inc)",69,true,22.0000,0.7002,18435,81306,229596,349354,1141616,237955896
10,true,RFCluster,"5. VND NNI->ECR->SPR (Inc)",70,true,12.0000,0.2313,38042,179260,0,0,421320,237955896
10,true,RFCluster,"5. VND NNI->ECR->SPR (Inc)",71,true,17.0000,1.7929,31069,74271,1370777,291905,4649784,237955896
10,true,RFCluster,"5. VND NNI->ECR->SPR (Inc)",72,true,7.0000,1.4910,21531,123395,1327955,0,4265456,237955896
10,true,RFCluster,"5. VND NNI->ECR->SPR (Inc)",73,true,10.0000,1.8432,22744,137551,1663222,0,5282696,237955896
10,true,RFCluster,"5. VND NNI->ECR->SPR (Inc)",74,true,8.0000,1.6991,55876,78659,1543285,0,5019240,271510328
10,true,RFCluster,"5. VND NNI->ECR->SPR (Inc)",75,true,17.0000,0.5902,25368,19487,227343,302355,1067680,271510328
10,true,RFCluster,"5. VND NNI->ECR->SPR (Inc)",76,true,9.0000,1.4983,16250,79911,1385515,0,4527376,271510328
10,true,RFCluster,"5. VND NNI->ECR->SPR (Inc)",77,true,6.0000,0.5968,51128,59272,472489,0,1725768,271510328
10,true,RFCluster,"5. VND NNI->ECR->SPR (Inc)",78,true,3.0000,0.6195,37942,87316,475755,0,1857232,271510328
10,true,RFCluster,"5. VND NNI->ECR->SPR (Inc)",79,true,8.0000,0.8125,55265,67969,673471,0,2620768,271510328
10,true,RFCluster,"5. VND NNI->ECR->SPR (Inc)",80,true,12.0000,0.5093,15029,105881,186956,178089,1155816,271510328
10,true,RFCluster,"5. VND NNI->ECR->SPR (Inc)",81,true,16.0000,0.6112,15330,70163,206603,297015,1217568,271510328
10,true,RFCluster,"5. VND NNI->ECR->SPR (Inc)",82,true,14.0000,0.9785,22102,97545,627364,209508,2692920,271510328
10,true,RFCluster,"5. VND NNI->ECR->SPR (Inc)",83,true,6.0000,0.6885,29697,17724,620470,0,2286128,271510328
10,true,RFCluster,"5. VND NNI->ECR->SPR (Inc)",84,true,8.0000,0.1843,43373,104769,0,0,277792,271510328
10,true,RFCluster,"5. VND NNI->ECR->SPR (Inc)",85,true,10.0000,1.3341,31610,75413,1198258,0,4687992,271510328
10,true,RFCluster,"5. VND NNI->ECR->SPR (Inc)",86,true,19.0000,0.5885,21099,17363,173329,357169,1085256,271510328
10,true,RFCluster,"5. VND NNI->ECR->SPR (Inc)",87,true,11.0000,0.1799,30617,131610,0,0,403192,271510328
10,true,RFCluster,"5. VND NNI->ECR->SPR (Inc)",88,true,7.0000,1.3515,23005,78929,1225121,0,4707304,271510328
10,true,RFCluster,"5. VND NNI->ECR->SPR (Inc)",89,true,9.0000,1.0148,33173,16311,928495,0,3563744,305064760
10,true,RFCluster,"5. VND NNI->ECR->SPR (Inc)",90,true,21.0000,0.5862,16751,63842,210370,271135,1254240,305064760
10,true,RFCluster,"5. VND NNI->ECR->SPR (Inc)",91,true,9.0000,1.0479,19366,77859,923566,0,3684800,305064760
10,true,RFCluster,"5. VND NNI->ECR->SPR (Inc)",92,true,5.0000,0.0838,39194,26039,0,0,120976,305064760
10,true,RFCluster,"5. VND NNI->ECR->SPR (Inc)",93,true,9.0000,0.9696,33915,54804,859685,0,3402080,305064760
10,true,RFCluster,"5. VND NNI->ECR->SPR (Inc)",94,true,8.0000,0.7426,77638,79822,562079,0,2328576,305064760
10,true,RFCluster,"5. VND NNI->ECR->SPR (Inc)",95,true,12.0000,0.9228,22172,126862,760095,0,3243328,305064760
10,true,RFCluster,"5. VND NNI->ECR->SPR (Inc)",96,true,3.0000,0.8553,14247,29235,801194,0,3096384,305064760
10,true,RFCluster,"5. VND NNI->ECR->SPR (Inc)",97,true,18.0000,0.6294,14287,19798,151218,426812,1045272,305064760
10,true,RFCluster,"5. VND NNI->ECR->SPR (Inc)",98,true,9.0000,1.1176,53882,56418,988349,0,3759056,305064760
10,true,RFCluster,"5. VND NNI->ECR->SPR (Inc)",99,true,10.0000,0.1426,29315,86395,0,0,286720,305064760
10,true,RFCluster,"5. VND NNI->ECR->SPR (Inc)",100,true,9.0000,0.1481,11141,121461,0,0,351304,305064760
10,true,RFCluster,"6. VND NNI->SPR (Inc)",1,true,15.0000,1.4723,49324,0,0,1256590,368136,3154472
10,true,RFCluster,"6. VND NNI->SPR (Inc)",2,true,15.0000,0.8749,16913,0,0,822644,312800,3154472
10,true,RFCluster,"6. VND NNI->SPR (Inc)",3,true,13.0000,0.7204,64453,0,0,612976,290144,3154472
10,true,RFCluster,"6. VND NNI->SPR (Inc)",4,true,16.0000,0.4211,7725,0,0,380223,308088,3154472
10,true,RFCluster,"6. VND NNI->SPR (Inc)",5,true,14.0000,0.3775,23875,0,0,327182,287952,3154472
10,true,RFCluster,"6. VND NNI->SPR (Inc)",6,true,20.0000,0.5649,7394,0,0,533755,413376,3154472
10,true,RFCluster,"6. VND NNI->SPR (Inc)",7,true,13.0000,0.3128,7664,0,0,274843,314592,3154472
10,true,RFCluster,"6. VND NNI->SPR (Inc)",8,true,17.0000,0.3081,5421,0,0,273490,316976,3154472
10,true,RFCluster,"6. VND NNI->SPR (Inc)",9,true,17.0000,0.2822,4839,0,0,266987,316368,3154472
10,true,RFCluster,"6. VND NNI->SPR (Inc)",10,true,13.0000,0.3722,8255,0,0,344215,357744,3154472
10,true,RFCluster,"6. VND NNI->SPR (Inc)",11,true,14.0000,0.3036,26019,0,0,256738,335424,3154472
10,true,RFCluster,"6. VND NNI->SPR (Inc)",12,true,12.0000,0.2861,39585,0,0,225489,298488,3154472
10,true,RFCluster,"6. VND NNI->SPR (Inc)",13,true,13.0000,0.2675,8426,0,0,245396,268424,3154472
10,true,RFCluster,"6. VND NNI->SPR (Inc)",14,true,15.0000,0.4302,46037,0,0,355867,387072,3154472
10,true,RFCluster,"6. VND NNI->SPR (Inc)",15,true,18.0000,0.3423,7755,0,0,320940,366144,3154472
10,true,RFCluster,"6. VND NNI->SPR (Inc)",16,true,17.0000,0.3652,9558,0,0,341379,369080,3154472
10,true,RFCluster,"6. VND NNI->SPR (Inc)",17,true,11.0000,0.3029,18444,0,0,269422,331456,3154472
10,true,RFCluster,"6. VND NNI->SPR (Inc)",18,true,20.0000,0.3386,14056,0,0,313877,361976,3154472
10,true,RFCluster,"6. VND NNI->SPR (Inc)",19,true,12.0000,0.2509,10440,0,0,224467,267568,3154472
10,true,RFCluster,"6. VND NNI->SPR (Inc)",20,true,12.0000,0.2484,9598,0,0,224898,271512,3154472
10,true,RFCluster,"6. VND NNI->SPR (Inc)",21,true,15.0000,0.2916,22582,0,0,250827,286200,3154472
10,true,RFCluster,"6. VND NNI->SPR (Inc)",22,true,17.0000,0.3708,23104,0,0,320911,289816,3154472
10,true,RFCluster,"6. VND NNI->SPR (Inc)",23,true,14.0000,0.3488,25419,0,0,297275,286392,3154472
10,true,RFCluster,"6. VND NNI->SPR (Inc)",24,true,12.0000,0.4677,7455,0,0,435589,361768,3154472
10,true,RFCluster,"6. VND NNI->SPR (Inc)",25,true,15.0000,0.4651,6843,0,0,439736,361592,3154472
10,true,RFCluster,"6. VND NNI->SPR (Inc)",26,true,11.0000,0.3675,22002,0,0,315380,286816,3154472
10,true,RFCluster,"6. VND NNI->SPR (Inc)",27,true,14.0000,0.3594,6873,0,0,335548,314672,3154472
10,true,RFCluster,"6. VND NNI->SPR (Inc)",28,true,16.0000,0.3235,5431,0,0,290492,358296,3154472
10,true,RFCluster,"6. VND NNI->SPR (Inc)",29,true,23.0000,0.3153,18535,0,0,281014,383064,3154472
10,true,RFCluster,"6. VND NNI->SPR (Inc)",30,true,11.0000,0.2490,22713,0,0,213837,292600,3154472
10,true,RFCluster,"6. VND NNI->SPR (Inc)",31,true,18.0000,0.3166,20078,0,0,279452,337200,3154472
10,true,RFCluster,"6. VND NNI->SPR (Inc)",32,true,18.0000,0.3405,11001,0,0,316011,364808,3154472
10,true,RFCluster,"6. VND NNI->SPR (Inc)",33,true,18.0000,0.3668,4930,0,0,339476,362640,3154472
10,true,RFCluster,"6. VND NNI->SPR (Inc)",34,true,18.0000,0.2941,21622,0,0,263390,336256,3154472
10,true,RFCluster,"6. VND NNI->SPR (Inc)",35,true,7.0000,0.2131,51488,0,0,135026,183224,3154472
10,true,RFCluster,"6. VND NNI->SPR (Inc)",36,true,15.0000,0.3164,35467,0,0,256528,280400,3154472
10,true,RFCluster,"6. VND NNI->SPR (Inc)",37,true,14.0000,0.2218,5059,0,0,205030,269112,3154472
10,true,RFCluster,"6. VND NNI->SPR (Inc)",38,true,14.0000,0.2667,14848,0,0,240447,336720,3154472
10,true,RFCluster,"6. VND NNI->SPR (Inc)",39,true,17.0000,0.2968,4328,0,0,282006,369800,3154472
10,true,RFCluster,"6. VND NNI->SPR (Inc)",40,true,16.0000,0.3038,14387,0,0,279561,383928,3154472
10,true,RFCluster,"6. VND NNI->SPR (Inc)",41,true,17.0000,0.2725,14598,0,0,246949,336032,3154472
10,true,RFCluster,"6. VND NNI->SPR (Inc)",42,true,13.0000,0.1917,5220,0,0,173079,219184,3154472
10,true,RFCluster,"6. VND NNI->SPR (Inc)",43,true,14.0000,0.2528,4318,0,0,240267,310752,3154472
10,true,RFCluster,"6. VND NNI->SPR (Inc)",44,true,13.0000,0.3006,4418,0,0,287026,362728,3154472
10,true,RFCluster,"6. VND NNI->SPR (Inc)",45,true,13.0000,0.2643,4509,0,0,251308,314584,3154472
10,true,RFCluster,"6. VND NNI->SPR (Inc)",46,true,18.0000,0.2496,4699,0,0,235969,314080,3154472
10,true,RFCluster,"6. VND NNI->SPR (Inc)",47,true,15.0000,0.3156,14709,0,0,290493,385144,3154472
10,true,RFCluster,"6. VND NNI->SPR (Inc)",48,true,8.0000,0.1370,38262,0,0,89750,193104,3154472
10,true,RFCluster,"6. VND NNI->SPR (Inc)",49,true,19.0000,0.2675,4488,0,0,252440,311136,3154472
10,true,RFCluster,"6. VND NNI->SPR (Inc)",50,true,19.0000,0.2957,5180,0,0,281556,363544,3154472
10,true,RFCluster,"6. VND NNI->SPR (Inc)",51,true,15.0000,0.2684,4278,0,0,255907,314680,3154472
10,true,RFCluster,"6. VND NNI->SPR (Inc)",52,true,17.0000,0.2729,20228,0,0,242241,344160,3154472
10,true,RFCluster,"6. VND NNI->SPR (Inc)",53,true,12.0000,0.2302,14647,0,0,205591,286952,3154472
10,true,RFCluster,"6. VND NNI->SPR (Inc)",54,true,11.0000,0.2206,4188,0,0,208165,261840,3154472
10,true,RFCluster,"6. VND NNI->SPR (Inc)",55,true,21.0000,0.2634,4428,0,0,250055,313968,3154472
10,true,RFCluster,"6. VND NNI->SPR (Inc)",56,true,9.0000,0.1468,15490,0,0,121932,189712,3154472
10,true,RFCluster,"6. VND NNI->SPR (Inc)",57,true,20.0000,0.2993,11061,0,0,279632,366104,3154472
10,true,RFCluster,"6. VND NNI->SPR (Inc)",58,true,15.0000,0.2041,19967,0,0,174422,247472,3154472
10,true,RFCluster,"6. VND NNI->SPR (Inc)",59,true,13.0000,0.2211,4679,0,0,207455,265048,3154472
10,true,RFCluster,"6. VND NNI->SPR (Inc)",60,true,18.0000,0.2577,4729,0,0,240478,318584,3154472
10,true,RFCluster,"6. VND NNI->SPR (Inc)",61,true,11.0000,0.2016,19086,0,0,172969,246136,3154472
10,true,RFCluster,"6. VND NNI->SPR (Inc)",62,true,16.0000,0.3037,4249,0,0,291875,363032,3154472
10,true,RFCluster,"6. VND NNI->SPR (Inc)",63,true,17.0000,0.2143,4839,0,0,200080,263336,3154472
10,true,RFCluster,"6. VND NNI->SPR (Inc)",64,true,18.0000,0.2968,4599,0,0,283519,362136,3154472
10,true,RFCluster,"6. VND NNI->SPR (Inc)",65,true,14.0000,0.2291,15178,0,0,202795,287040,3154472
10,true,RFCluster,"6. VND NNI->SPR (Inc)",66,true,20.0000,0.3388,4308,0,0,326681,406568,3154472
10,true,RFCluster,"6. VND NNI->SPR (Inc)",67,true,13.0000,0.1539,20188,0,0,124196,201024,3154472
10,true,RFCluster,"6. VND NNI->SPR (Inc)",68,true,19.0000,0.3023,4369,0,0,285854,363312,3154472
10,true,RFCluster,"6. VND NNI->SPR (Inc)",69,true,21.0000,0.3023,4348,0,0,290061,362840,3154472
10,true,RFCluster,"6. VND NNI->SPR (Inc)",70,true,10.0000,0.1900,14296,0,0,167329,236984,3154472
10,true,RFCluster,"6. VND NNI->SPR (Inc)",71,true,20.0000,0.3018,4298,0,0,290122,362872,3154472
10,true,RFCluster,"6. VND NNI->SPR (Inc)",72,true,15.0000,0.2525,4608,0,0,239195,319296,3154472
10,true,RFCluster,"6. VND NNI->SPR (Inc)",73,true,14.0000,0.2461,4659,0,0,232712,315288,3154472
10,true,RFCluster,"6. VND NNI->SPR (Inc)",74,true,14.0000,0.2846,27252,0,0,248472,320400,3154472
10,true,RFCluster,"6. VND NNI->SPR (Inc)",75,true,17.0000,0.2286,16652,0,0,201563,290968,3154472
10,true,RFCluster,"6. VND NNI->SPR (Inc)",76,true,15.0000,0.2981,4288,0,0,285163,366296,3154472
10,true,RFCluster,"6. VND NNI->SPR (Inc)",77,true,12.0000,0.2046,22112,0,0,172798,257512,3154472
10,true,RFCluster,"6. VND NNI->SPR (Inc)",78,true,11.0000,0.1892,12474,0,0,168100,236728,3154472
10,true,RFCluster,"6. VND NNI->SPR (Inc)",79,true,12.0000,0.1884,13015,0,0,165916,237032,3154472
10,true,RFCluster,"6. VND NNI->SPR (Inc)",80,true,15.0000,0.2569,4749,0,0,243152,319264,3154472
10,true,RFCluster,"6. VND NNI->SPR (Inc)",81,true,24.0000,0.3693,5411,0,0,346499,362072,3154472
10,true,RFCluster,"6. VND NNI->SPR (Inc)",82,true,16.0000,0.2810,5130,0,0,265525,267680,3154472
10,true,RFCluster,"6. VND NNI->SPR (Inc)",83,true,13.0000,0.3024,17573,0,0,273861,289064,3154472
10,true,RFCluster,"6. VND NNI->SPR (Inc)",84,true,9.0000,0.1518,17533,0,0,125318,199096,3154472
10,true,RFCluster,"6. VND NNI->SPR (Inc)",85,true,14.0000,0.2659,4278,0,0,254624,317936,3154472
10,true,RFCluster,"6. VND NNI->SPR (Inc)",86,true,19.0000,0.3259,12333,0,0,304339,386160,3154472
10,true,RFCluster,"6. VND NNI->SPR (Inc)",87,true,13.0000,0.2267,13095,0,0,204889,290144,3154472
10,true,RFCluster,"6. VND NNI->SPR (Inc)",88,true,16.0000,0.2535,4047,0,0,242952,317816,3154472
10,true,RFCluster,"6. VND NNI->SPR (Inc)",89,true,17.0000,0.2186,3777,0,0,208427,266184,3154472
10,true,RFCluster,"6. VND NNI->SPR (Inc)",90,true,19.0000,0.2451,3897,0,0,235408,316864,3154472
10,true,RFCluster,"6. VND NNI->SPR (Inc)",91,true,19.0000,0.2932,4048,0,0,282347,367128,3154472
10,true,RFCluster,"6. VND NNI->SPR (Inc)",92,true,6.0000,0.1094,20719,0,0,81615,162008,3154472
10,true,RFCluster,"6. VND NNI->SPR (Inc)",93,true,14.0000,0.2548,3767,0,0,244945,312528,3154472
10,true,RFCluster,"6. VND NNI->SPR (Inc)",94,true,13.0000,0.2276,20108,0,0,200742,308376,3154472
10,true,RFCluster,"6. VND NNI->SPR (Inc)",95,true,17.0000,0.2882,4138,0,0,277567,362168,3154472
10,true,RFCluster,"6. VND NNI->SPR (Inc)",96,true,15.0000,0.2379,3767,0,0,227513,313432,3154472
10,true,RFCluster,"6. VND NNI->SPR (Inc)",97,true,18.0000,0.3311,3978,0,0,321391,417480,3154472
10,true,RFCluster,"6. VND NNI->SPR (Inc)",98,true,14.0000,0.2548,12443,0,0,235488,334920,3154472
10,true,RFCluster,"6. VND NNI->SPR (Inc)",99,true,10.0000,0.2196,16562,0,0,195822,295248,3154472
10,true,RFCluster,"6. VND NNI->SPR (Inc)",100,true,14.0000,0.2173,3888,0,0,206683,266008,3154472
10,true,MC,"1. NNI (Classic)",1,false,Infinity,10.5370,0,0,0,0,1764152,3167096
10,true,MC,"1. NNI (Classic)",2,false,Infinity,2.0741,0,0,0,0,1027496,3167096
10,true,MC,"1. NNI (Classic)",3,false,Infinity,1.3624,0,0,0,0,1318776,3167096
10,true,MC,"1. NNI (Classic)",4,false,Infinity,0.8128,0,0,0,0,954664,3167096
10,true,MC,"1. NNI (Classic)",5,false,Infinity,1.0616,0,0,0,0,1304120,3167096
10,true,MC,"1. NNI (Classic)",6,false,Infinity,0.9136,0,0,0,0,1042088,3167096
10,true,MC,"1. NNI (Classic)",7,false,Infinity,2.1134,0,0,0,0,2532880,3167096
10,true,MC,"1. NNI (Classic)",8,false,Infinity,0.8086,0,0,0,0,1027496,3167096
10,true,MC,"1. NNI (Classic)",9,false,Infinity,1.2691,0,0,0,0,1624520,3167096
10,true,MC,"1. NNI (Classic)",10,false,Infinity,2.1398,0,0,0,0,2837624,3167096
10,true,MC,"1. NNI (Classic)",11,false,Infinity,0.7675,0,0,0,0,998248,3167096
10,true,MC,"1. NNI (Classic)",12,false,Infinity,0.7751,0,0,0,0,998192,3167096
10,true,MC,"1. NNI (Classic)",13,false,Infinity,1.0411,0,0,0,0,1348088,3167096
10,true,MC,"1. NNI (Classic)",14,false,Infinity,0.7772,0,0,0,0,1012968,3167096
10,true,MC,"1. NNI (Classic)",15,false,Infinity,1.7067,0,0,0,0,2230088,3167096
10,true,MC,"1. NNI (Classic)",16,false,Infinity,1.2695,0,0,0,0,1653896,3167096
10,true,MC,"1. NNI (Classic)",17,false,Infinity,1.7547,0,0,0,0,2285848,3167096
10,true,MC,"1. NNI (Classic)",18,false,Infinity,1.4205,0,0,0,0,1653704,3167096
10,true,MC,"1. NNI (Classic)",19,false,Infinity,1.2893,0,0,0,0,1390152,3167096
10,true,MC,"1. NNI (Classic)",20,false,Infinity,0.8776,0,0,0,0,969128,3167096
10,true,MC,"1. NNI (Classic)",21,false,Infinity,2.2518,0,0,0,0,2518656,3167096
10,true,MC,"1. NNI (Classic)",22,false,Infinity,2.2226,0,0,0,0,2317320,36721528
10,true,MC,"1. NNI (Classic)",23,false,Infinity,0.9906,0,0,0,0,688376,36721528
10,true,MC,"1. NNI (Classic)",24,false,Infinity,1.6166,0,0,0,0,1624520,36721528
10,true,MC,"1. NNI (Classic)",25,false,Infinity,0.7860,0,0,0,0,998232,36721528
10,true,MC,"1. NNI (Classic)",26,false,Infinity,1.2850,0,0,0,0,1376992,36721528
10,true,MC,"1. NNI (Classic)",27,false,Infinity,1.9367,0,0,0,0,2259016,36721528
10,true,MC,"1. NNI (Classic)",28,false,Infinity,2.2681,0,0,0,0,2608792,36721528
10,true,MC,"1. NNI (Classic)",29,false,Infinity,1.2705,0,0,0,0,1391736,36721528
10,true,MC,"1. NNI (Classic)",30,false,Infinity,1.4019,0,0,0,0,1594168,36721528
10,true,MC,"1. NNI (Classic)",31,false,Infinity,1.9891,0,0,0,0,2331840,36721528
10,true,MC,"1. NNI (Classic)",32,false,Infinity,2.2329,0,0,0,0,2594144,36721528
10,true,MC,"1. NNI (Classic)",33,false,Infinity,1.9115,0,0,0,0,1938680,36721528
10,true,MC,"1. NNI (Classic)",34,false,Infinity,1.3995,0,0,0,0,1333368,36721528
10,true,MC,"1. NNI (Classic)",35,false,Infinity,0.5928,0,0,0,0,687432,36721528
10,true,MC,"1. NNI (Classic)",36,false,Infinity,2.7584,0,0,0,0,2868096,36721528
10,true,MC,"1. NNI (Classic)",37,false,Infinity,1.8396,0,0,0,0,1893208,36721528
10,true,MC,"1. NNI (Classic)",38,false,Infinity,1.5662,0,0,0,0,1668424,36721528
10,true,MC,"1. NNI (Classic)",39,false,Infinity,1.2219,0,0,0,0,1333432,36721528
10,true,MC,"1. NNI (Classic)",40,false,Infinity,3.9681,0,0,0,0,4221600,70275960
10,true,MC,"1. NNI (Classic)",41,false,Infinity,2.1276,0,0,0,0,2214520,70275960
10,true,MC,"1. NNI (Classic)",42,false,Infinity,0.6775,0,0,0,0,673784,70275960
10,true,MC,"1. NNI (Classic)",43,false,Infinity,2.2923,0,0,0,0,2535072,70275960
10,true,MC,"1. NNI (Classic)",44,false,Infinity,1.4932,0,0,0,0,1609136,70275960
10,true,MC,"1. NNI (Classic)",45,false,Infinity,1.3169,0,0,0,0,1579176,70275960
10,true,MC,"1. NNI (Classic)",46,false,Infinity,0.6424,0,0,0,0,1377144,70275960
10,true,MC,"1. NNI (Classic)",47,false,Infinity,0.6073,0,0,0,0,1304184,70275960
10,true,MC,"1. NNI (Classic)",48,false,Infinity,0.5836,0,0,0,0,1289656,70275960
10,true,MC,"1. NNI (Classic)",49,false,Infinity,1.0636,0,0,0,0,2273864,70275960
10,true,MC,"1. NNI (Classic)",50,false,Infinity,0.4689,0,0,0,0,1013032,70275960
10,true,MC,"1. NNI (Classic)",51,false,Infinity,1.0209,0,0,0,0,2258248,70275960
10,true,MC,"1. NNI (Classic)",52,false,Infinity,0.4775,0,0,0,0,1027560,70275960
10,true,MC,"1. NNI (Classic)",53,false,Infinity,0.8313,0,0,0,0,1879144,70275960
10,true,MC,"1. NNI (Classic)",54,false,Infinity,1.1922,0,0,0,0,2623384,70275960
10,true,MC,"1. NNI (Classic)",55,false,Infinity,0.5240,0,0,0,0,1071272,70275960
10,true,MC,"1. NNI (Classic)",56,false,Infinity,0.5861,0,0,0,0,1316160,70275960
10,true,MC,"1. NNI (Classic)",57,false,Infinity,0.5992,0,0,0,0,1304184,70275960
10,true,MC,"1. NNI (Classic)",58,false,Infinity,0.9717,0,0,0,0,2214072,70275960
10,true,MC,"1. NNI (Classic)",59,false,Infinity,1.0469,0,0,0,0,2519648,103830392
10,true,MC,"1. NNI (Classic)",60,false,Infinity,0.8441,0,0,0,0,2070136,103830392
10,true,MC,"1. NNI (Classic)",61,false,Infinity,0.4095,0,0,0,0,998312,103830392
10,true,MC,"1. NNI (Classic)",62,false,Infinity,0.8187,0,0,0,0,1982392,103830392
10,true,MC,"1. NNI (Classic)",63,false,Infinity,0.4315,0,0,0,0,1027560,103830392
10,true,MC,"1. NNI (Classic)",64,false,Infinity,0.5379,0,0,0,0,1304056,103830392
10,true,MC,"1. NNI (Classic)",65,false,Infinity,0.5160,0,0,0,0,1274936,103830392
10,true,MC,"1. NNI (Classic)",66,false,Infinity,0.7683,0,0,0,0,2011640,103830392
10,true,MC,"1. NNI (Classic)",67,false,Infinity,0.4854,0,0,0,0,1317560,103830392
10,true,MC,"1. NNI (Classic)",68,false,Infinity,0.1694,0,0,0,0,438792,103830392
10,true,MC,"1. NNI (Classic)",69,false,Infinity,0.6310,0,0,0,0,1639240,103830392
10,true,MC,"1. NNI (Classic)",70,false,Infinity,0.3767,0,0,0,0,983664,103830392
10,true,MC,"1. NNI (Classic)",71,false,Infinity,0.6005,0,0,0,0,1580808,103830392
10,true,MC,"1. NNI (Classic)",72,false,Infinity,0.1305,0,0,0,0,336648,103830392
10,true,MC,"1. NNI (Classic)",73,false,Infinity,0.7251,0,0,0,0,1938480,103830392
10,true,MC,"1. NNI (Classic)",74,false,Infinity,0.6420,0,0,0,0,1668360,103830392
10,true,MC,"1. NNI (Classic)",75,false,Infinity,0.3718,0,0,0,0,954472,103830392
10,true,MC,"1. NNI (Classic)",76,false,Infinity,0.6324,0,0,0,0,1668296,103830392
10,true,MC,"1. NNI (Classic)",77,false,Infinity,0.7394,0,0,0,0,1979600,103830392
10,true,MC,"1. NNI (Classic)",78,false,Infinity,0.7422,0,0,0,0,1967504,103830392
10,true,MC,"1. NNI (Classic)",79,false,Infinity,0.8202,0,0,0,0,2199160,103830392
10,true,MC,"1. NNI (Classic)",80,false,Infinity,0.4799,0,0,0,0,1288352,103830392
10,true,MC,"1. NNI (Classic)",81,false,Infinity,0.6385,0,0,0,0,1624712,137384824
10,true,MC,"1. NNI (Classic)",82,false,Infinity,0.4082,0,0,0,0,969256,137384824
10,true,MC,"1. NNI (Classic)",83,false,Infinity,0.2824,0,0,0,0,702128,137384824
10,true,MC,"1. NNI (Classic)",84,false,Infinity,0.3736,0,0,0,0,997912,137384824
10,true,MC,"1. NNI (Classic)",85,false,Infinity,1.3224,0,0,0,0,3563656,137384824
10,true,MC,"1. NNI (Classic)",86,false,Infinity,0.5232,0,0,0,0,1347896,137384824
10,true,MC,"1. NNI (Classic)",87,false,Infinity,0.3698,0,0,0,0,983720,137384824
10,true,MC,"1. NNI (Classic)",88,false,Infinity,0.3783,0,0,0,0,969144,137384824
10,true,MC,"1. NNI (Classic)",89,false,Infinity,0.8514,0,0,0,0,2258904,137384824
10,true,MC,"1. NNI (Classic)",90,false,Infinity,0.6441,0,0,0,0,1682808,137384824
10,true,MC,"1. NNI (Classic)",91,false,Infinity,0.7439,0,0,0,0,1953176,137384824
10,true,MC,"1. NNI (Classic)",92,false,Infinity,0.5456,0,0,0,0,1530624,137384824
10,true,MC,"1. NNI (Classic)",93,false,Infinity,0.4954,0,0,0,0,1362552,137384824
10,true,MC,"1. NNI (Classic)",94,false,Infinity,0.5745,0,0,0,0,1608144,137384824
10,true,MC,"1. NNI (Classic)",95,false,Infinity,0.8119,0,0,0,0,2244440,137384824
10,true,MC,"1. NNI (Classic)",96,false,Infinity,0.2591,0,0,0,0,702936,137384824
10,true,MC,"1. NNI (Classic)",97,false,Infinity,0.5946,0,0,0,0,1653880,137384824
10,true,MC,"1. NNI (Classic)",98,false,Infinity,0.4716,0,0,0,0,1289512,137384824
10,true,MC,"1. NNI (Classic)",99,false,Infinity,0.5017,0,0,0,0,1405984,137384824
10,true,MC,"1. NNI (Classic)",100,false,Infinity,0.5670,0,0,0,0,1579968,137384824
10,true,MC,"2. NNI (Incremental)",1,false,Infinity,2.2742,0,0,0,0,213712,3204896
10,true,MC,"2. NNI (Incremental)",2,false,Infinity,0.7055,0,0,0,0,125472,3204896
10,true,MC,"2. NNI (Incremental)",3,false,Infinity,0.8039,0,0,0,0,165296,3204896
10,true,MC,"2. NNI (Incremental)",4,false,Infinity,0.4825,0,0,0,0,125304,3204896
10,true,MC,"2. NNI (Incremental)",5,false,Infinity,0.3915,0,0,0,0,164792,3204896
10,true,MC,"2. NNI (Incremental)",6,false,Infinity,0.2486,0,0,0,0,126032,3204896
10,true,MC,"2. NNI (Incremental)",7,true,12.0000,0.5656,0,0,0,0,480640,3204896
10,true,MC,"2. NNI (Incremental)",8,false,Infinity,0.1478,0,0,0,0,126288,3204896
10,true,MC,"2. NNI (Incremental)",9,false,Infinity,0.1556,0,0,0,0,242704,3204896
10,true,MC,"2. NNI (Incremental)",10,false,Infinity,0.2064,0,0,0,0,361168,3204896
10,true,MC,"2. NNI (Incremental)",11,false,Infinity,0.0795,0,0,0,0,125472,3204896
10,true,MC,"2. NNI (Incremental)",12,false,Infinity,0.0766,0,0,0,0,126256,3204896
10,true,MC,"2. NNI (Incremental)",13,false,Infinity,0.2081,0,0,0,0,362568,3204896
10,true,MC,"2. NNI (Incremental)",14,false,Infinity,0.0745,0,0,0,0,126256,3204896
10,true,MC,"2. NNI (Incremental)",15,false,Infinity,0.1653,0,0,0,0,282696,3204896
10,true,MC,"2. NNI (Incremental)",16,false,Infinity,0.0737,0,0,0,0,126256,3204896
10,true,MC,"2. NNI (Incremental)",17,false,Infinity,0.1706,0,0,0,0,283312,3204896
10,true,MC,"2. NNI (Incremental)",18,false,Infinity,0.1462,0,0,0,0,244384,3204896
10,true,MC,"2. NNI (Incremental)",19,false,Infinity,0.1014,0,0,0,0,164792,3204896
10,true,MC,"2. NNI (Incremental)",20,false,Infinity,0.0758,0,0,0,0,125528,3204896
10,true,MC,"2. NNI (Incremental)",21,false,Infinity,0.1610,0,0,0,0,282640,3204896
10,true,MC,"2. NNI (Incremental)",22,false,Infinity,0.2507,0,0,0,0,322248,3204896
10,true,MC,"2. NNI (Incremental)",23,false,Infinity,0.0784,0,0,0,0,86600,3204896
10,true,MC,"2. NNI (Incremental)",24,false,Infinity,0.2642,0,0,0,0,322912,3204896
10,true,MC,"2. NNI (Incremental)",25,false,Infinity,0.1708,0,0,0,0,125304,3204896
10,true,MC,"2. NNI (Incremental)",26,false,Infinity,0.1564,0,0,0,0,165408,3204896
10,true,MC,"2. NNI (Incremental)",27,false,Infinity,0.1658,0,0,0,0,283592,3204896
10,true,MC,"2. NNI (Incremental)",28,false,Infinity,0.2600,0,0,0,0,479240,3204896
10,true,MC,"2. NNI (Incremental)",29,false,Infinity,0.0542,0,0,0,0,86880,3204896
10,true,MC,"2. NNI (Incremental)",30,false,Infinity,0.1176,0,0,0,0,204336,3204896
10,true,MC,"2. NNI (Incremental)",31,false,Infinity,0.1398,0,0,0,0,243488,3204896
10,true,MC,"2. NNI (Incremental)",32,false,Infinity,0.2084,0,0,0,0,360160,3204896
10,true,MC,"2. NNI (Incremental)",33,false,Infinity,0.1444,0,0,0,0,243432,3204896
10,true,MC,"2. NNI (Incremental)",34,false,Infinity,0.0982,0,0,0,0,165184,3204896
10,true,MC,"2. NNI (Incremental)",35,false,Infinity,0.0535,0,0,0,0,86880,3204896
10,true,MC,"2. NNI (Incremental)",36,false,Infinity,0.2019,0,0,0,0,360104,3204896
10,true,MC,"2. NNI (Incremental)",37,false,Infinity,0.1384,0,0,0,0,241976,3204896
10,true,MC,"2. NNI (Incremental)",38,false,Infinity,0.1132,0,0,0,0,204672,3204896
10,true,MC,"2. NNI (Incremental)",39,false,Infinity,0.0989,0,0,0,0,165072,3204896
10,true,MC,"2. NNI (Incremental)",40,false,Infinity,0.1802,0,0,0,0,321288,3204896
10,true,MC,"2. NNI (Incremental)",41,false,Infinity,0.1335,0,0,0,0,243600,3204896
10,true,MC,"2. NNI (Incremental)",42,false,Infinity,0.0493,0,0,0,0,86432,3204896
10,true,MC,"2. NNI (Incremental)",43,false,Infinity,0.1455,0,0,0,0,282416,3204896
10,true,MC,"2. NNI (Incremental)",44,false,Infinity,0.1073,0,0,0,0,204784,3204896
10,true,MC,"2. NNI (Incremental)",45,false,Infinity,0.1160,0,0,0,0,203944,3204896
10,true,MC,"2. NNI (Incremental)",46,false,Infinity,0.0953,0,0,0,0,164512,3204896
10,true,MC,"2. NNI (Incremental)",47,false,Infinity,0.0872,0,0,0,0,164680,3204896
10,true,MC,"2. NNI (Incremental)",48,false,Infinity,0.0883,0,0,0,0,164680,3204896
10,true,MC,"2. NNI (Incremental)",49,false,Infinity,0.1155,0,0,0,0,204224,3204896
10,true,MC,"2. NNI (Incremental)",50,false,Infinity,0.1183,0,0,0,0,203664,3204896
10,true,MC,"2. NNI (Incremental)",51,false,Infinity,0.1056,0,0,0,0,203384,3204896
10,true,MC,"2. NNI (Incremental)",52,false,Infinity,0.0705,0,0,0,0,126144,3204896
10,true,MC,"2. NNI (Incremental)",53,false,Infinity,0.1248,0,0,0,0,244048,3204896
10,true,MC,"2. NNI (Incremental)",54,false,Infinity,0.1642,0,0,0,0,323360,3204896
10,true,MC,"2. NNI (Incremental)",55,false,Infinity,0.0854,0,0,0,0,165240,3204896
10,true,MC,"2. NNI (Incremental)",56,false,Infinity,0.0840,0,0,0,0,164736,3204896
10,true,MC,"2. NNI (Incremental)",57,false,Infinity,0.0846,0,0,0,0,165240,3204896
10,true,MC,"2. NNI (Incremental)",58,false,Infinity,0.1448,0,0,0,0,283536,3204896
10,true,MC,"2. NNI (Incremental)",59,false,Infinity,0.1616,0,0,0,0,321120,3204896
10,true,MC,"2. NNI (Incremental)",60,false,Infinity,0.0899,0,0,0,0,165520,3204896
10,true,MC,"2. NNI (Incremental)",61,false,Infinity,0.0712,0,0,0,0,126368,3204896
10,true,MC,"2. NNI (Incremental)",62,false,Infinity,0.1219,0,0,0,0,243264,3204896
10,true,MC,"2. NNI (Incremental)",63,false,Infinity,0.0672,0,0,0,0,125752,3204896
10,true,MC,"2. NNI (Incremental)",64,false,Infinity,0.0903,0,0,0,0,164176,3204896
10,true,MC,"2. NNI (Incremental)",65,false,Infinity,0.0930,0,0,0,0,164736,3204896
10,true,MC,"2. NNI (Incremental)",66,false,Infinity,0.1204,0,0,0,0,243880,3204896
10,true,MC,"2. NNI (Incremental)",67,false,Infinity,0.1194,0,0,0,0,244160,3204896
10,true,MC,"2. NNI (Incremental)",68,false,Infinity,0.0285,0,0,0,0,47392,3204896
10,true,MC,"2. NNI (Incremental)",69,false,Infinity,0.1027,0,0,0,0,205120,3204896
10,true,MC,"2. NNI (Incremental)",70,false,Infinity,0.0669,0,0,0,0,125584,3204896
10,true,MC,"2. NNI (Incremental)",71,false,Infinity,0.1066,0,0,0,0,203944,3204896
10,true,MC,"2. NNI (Incremental)",72,false,Infinity,0.0289,0,0,0,0,47168,3204896
10,true,MC,"2. NNI (Incremental)",73,false,Infinity,0.1298,0,0,0,0,243712,3204896
10,true,MC,"2. NNI (Incremental)",74,false,Infinity,0.0929,0,0,0,0,165464,36759328
10,true,MC,"2. NNI (Incremental)",75,false,Infinity,0.0777,0,0,0,0,125584,36759328
10,true,MC,"2. NNI (Incremental)",76,false,Infinity,0.1250,0,0,0,0,203720,36759328
10,true,MC,"2. NNI (Incremental)",77,false,Infinity,0.1190,0,0,0,0,244944,36759328
10,true,MC,"2. NNI (Incremental)",78,false,Infinity,0.1395,0,0,0,0,283200,36759328
10,true,MC,"2. NNI (Incremental)",79,false,Infinity,0.1536,0,0,0,0,282640,36759328
10,true,MC,"2. NNI (Incremental)",80,false,Infinity,0.0856,0,0,0,0,164120,36759328
10,true,MC,"2. NNI (Incremental)",81,false,Infinity,0.1385,0,0,0,0,283424,36759328
10,true,MC,"2. NNI (Incremental)",82,false,Infinity,0.0656,0,0,0,0,125528,36759328
10,true,MC,"2. NNI (Incremental)",83,false,Infinity,0.0583,0,0,0,0,86712,36759328
10,true,MC,"2. NNI (Incremental)",84,false,Infinity,0.1047,0,0,0,0,204896,36759328
10,true,MC,"2. NNI (Incremental)",85,false,Infinity,0.2303,0,0,0,0,478904,36759328
10,true,MC,"2. NNI (Incremental)",86,false,Infinity,0.0659,0,0,0,0,126200,36759328
10,true,MC,"2. NNI (Incremental)",87,false,Infinity,0.0668,0,0,0,0,125640,36759328
10,true,MC,"2. NNI (Incremental)",88,false,Infinity,0.0655,0,0,0,0,125472,36759328
10,true,MC,"2. NNI (Incremental)",89,false,Infinity,0.1901,0,0,0,0,361784,36759328
10,true,MC,"2. NNI (Incremental)",90,false,Infinity,0.1010,0,0,0,0,203944,36759328
10,true,MC,"2. NNI (Incremental)",91,false,Infinity,0.1172,0,0,0,0,242592,36759328
10,true,MC,"2. NNI (Incremental)",92,false,Infinity,0.1056,0,0,0,0,204952,36759328
10,true,MC,"2. NNI (Incremental)",93,false,Infinity,0.0640,0,0,0,0,126200,36759328
10,true,MC,"2. NNI (Incremental)",94,false,Infinity,0.0976,0,0,0,0,205008,36759328
10,true,MC,"2. NNI (Incremental)",95,false,Infinity,0.1600,0,0,0,0,282528,36759328
10,true,MC,"2. NNI (Incremental)",96,false,Infinity,0.0495,0,0,0,0,86432,36759328
10,true,MC,"2. NNI (Incremental)",97,false,Infinity,0.1012,0,0,0,0,204392,36759328
10,true,MC,"2. NNI (Incremental)",98,false,Infinity,0.0817,0,0,0,0,165128,36759328
10,true,MC,"2. NNI (Incremental)",99,false,Infinity,0.1176,0,0,0,0,245000,36759328
10,true,MC,"2. NNI (Incremental)",100,false,Infinity,0.1057,0,0,0,0,204280,36759328
10,true,MC,"3. VND NNI->ECR->SPR (Classic)",1,true,15.0000,71.7004,2476699,11199156,57808217,0,164245040,137433800
10,true,MC,"3. VND NNI->ECR->SPR (Classic)",2,true,12.0000,37.3712,669502,9421374,27213128,0,95747560,238097096
10,true,MC,"3. VND NNI->ECR->SPR (Classic)",3,true,10.0000,67.5973,717083,4833971,61976552,0,187524016,439423688
10,true,MC,"3. VND NNI->ECR->SPR (Classic)",4,true,13.0000,133.9239,586145,3826447,129437454,0,358297680,808522440
10,true,MC,"3. VND NNI->ECR->SPR (Classic)",5,true,14.0000,113.3243,720580,4801050,107719146,0,310601880,1110512328
10,true,MC,"3. VND NNI->ECR->SPR (Classic)",6,true,16.0000,130.4755,650547,9137485,120595460,0,354362816,1446056648
10,true,MC,"3. VND NNI->ECR->SPR (Classic)",7,true,11.0000,4.3350,1041340,3252394,0,0,11682632,1479611080
10,true,MC,"3. VND NNI->ECR->SPR (Classic)",8,true,11.0000,51.7439,628214,6963321,44092294,0,143216560,1613828808
10,true,MC,"3. VND NNI->ECR->SPR (Classic)",9,true,12.0000,94.5390,831471,9115414,84518788,0,248890544,1848709832
10,true,MC,"3. VND NNI->ECR->SPR (Classic)",10,true,15.0000,19.5500,1232123,5027721,13240598,0,53440696,1915818696
10,true,MC,"3. VND NNI->ECR->SPR (Classic)",11,true,11.0000,95.0266,602035,6174341,88188406,0,248798768,2150699720
10,true,MC,"3. VND NNI->ECR->SPR (Classic)",12,true,15.0000,56.3533,591555,8039568,47652766,0,154906360,2318471880
10,true,MC,"3. VND NNI->ECR->SPR (Classic)",13,true,21.0000,11.1844,611132,10525936,0,0,30690112,2352026312
10,true,MC,"3. VND NNI->ECR->SPR (Classic)",14,true,14.0000,39.1054,594892,9284395,29169077,0,100421624,2452689608
10,true,MC,"3. VND NNI->ECR->SPR (Classic)",15,true,16.0000,27.4114,1087588,9342375,16917940,0,69996360,2519798472
10,true,MC,"3. VND NNI->ECR->SPR (Classic)",16,true,16.0000,9.9910,721241,9226765,0,0,26166528,2553352904
10,true,MC,"3. VND NNI->ECR->SPR (Classic)",17,true,12.0000,89.0916,1065354,5240915,82720539,0,207568888,2754679496
10,true,MC,"3. VND NNI->ECR->SPR (Classic)",18,true,15.0000,54.4499,851550,8072221,45468812,0,143632800,2888897224
10,true,MC,"3. VND NNI->ECR->SPR (Classic)",19,true,12.0000,7.5511,629186,6880944,0,0,19809160,2922451656
10,true,MC,"3. VND NNI->ECR->SPR (Classic)",20,true,14.0000,52.0428,594350,8238816,43131166,0,137666896,3056669384
10,true,MC,"3. VND NNI->ECR->SPR (Classic)",21,true,14.0000,7.6682,991044,6639636,0,0,20214712,3090223816
10,true,MC,"3. VND NNI->ECR->SPR (Classic)",22,true,16.0000,172.1738,1150607,5539193,162355760,3009363,445166448,3526431432
10,true,MC,"3. VND NNI->ECR->SPR (Classic)",23,true,11.0000,67.4195,499160,9117347,57710260,0,176836272,3694203592
10,true,MC,"3. VND NNI->ECR->SPR (Classic)",24,true,12.0000,77.1257,836581,4771573,71430400,0,198311160,3895530184
10,true,MC,"3. VND NNI->ECR->SPR (Classic)",25,true,10.0000,150.0484,497807,1473302,148006545,0,405588912,4298183368
10,true,MC,"3. VND NNI->ECR->SPR (Classic)",26,true,8.0000,31.6547,751618,6565655,24286682,0,80512552,4365292232
10,true,MC,"3. VND NNI->ECR->SPR (Classic)",27,true,13.0000,69.7851,1031451,4650473,64039185,0,189587544,4566618824
10,true,MC,"3. VND NNI->ECR->SPR (Classic)",28,true,19.0000,92.5322,1156939,2629460,82581484,6069071,235462096,4801499848
10,true,MC,"3. VND NNI->ECR->SPR (Classic)",29,true,15.0000,9.0661,636139,8389083,0,0,25013400,4835054280
10,true,MC,"3. VND NNI->ECR->SPR (Classic)",30,true,10.0000,6.0590,680393,5351767,0,0,16099784,4835054280
10,true,MC,"3. VND NNI->ECR->SPR (Classic)",31,true,20.0000,8.5845,972408,7585895,0,0,23860056,4868608712
10,true,MC,"3. VND NNI->ECR->SPR (Classic)",32,true,13.0000,85.0547,1165878,5091843,78738847,0,218107528,5103489736
10,true,MC,"3. VND NNI->ECR->SPR (Classic)",33,true,14.0000,89.2315,912435,6775324,81476693,0,234585848,5338370760
10,true,MC,"3. VND NNI->ECR->SPR (Classic)",34,true,11.0000,70.4007,728045,4730455,64873031,0,191410304,5506142920
10,true,MC,"3. VND NNI->ECR->SPR (Classic)",35,true,7.0000,6.5121,384552,6092766,0,0,17865144,5539697352
10,true,MC,"3. VND NNI->ECR->SPR (Classic)",36,true,13.0000,78.7728,1135920,1284112,76300441,0,196047024,5741023944
10,true,MC,"3. VND NNI->ECR->SPR (Classic)",37,true,13.0000,79.1933,905843,3960912,74259450,0,205532768,5942350536
10,true,MC,"3. VND NNI->ECR->SPR (Classic)",38,true,14.0000,61.1526,1363262,8985817,50733674,0,155579528,6076568264
10,true,MC,"3. VND NNI->ECR->SPR (Classic)",39,true,16.0000,30.8118,733255,9430292,20589382,0,81027000,6177231560
10,true,MC,"3. VND NNI->ECR->SPR (Classic)",40,true,15.0000,4.0960,1580104,2482630,0,0,11390176,6177231560
10,true,MC,"3. VND NNI->ECR->SPR (Classic)",41,true,16.0000,36.9359,1014398,8205473,27671890,0,96046688,6277894856
10,true,MC,"3. VND NNI->ECR->SPR (Classic)",42,true,14.0000,63.3716,606143,8265829,51274812,3137787,171145816,6445667016
10,true,MC,"3. VND NNI->ECR->SPR (Classic)",43,true,12.0000,88.3606,1033956,1145388,86109773,0,232153752,6680548040
10,true,MC,"3. VND NNI->ECR->SPR (Classic)",44,true,12.0000,87.7759,755187,1084102,85868215,0,235230648,6915429064
10,true,MC,"3. VND NNI->ECR->SPR (Classic)",45,true,12.0000,75.3668,795343,8492639,66010052,0,184284928,7116755656
10,true,MC,"3. VND NNI->ECR->SPR (Classic)",46,true,15.0000,117.5147,773482,8219058,108442882,0,272100080,7385191112
10,true,MC,"3. VND NNI->ECR->SPR (Classic)",47,true,11.0000,86.9016,1203910,14550409,71070535,0,139634760,7519408840
10,true,MC,"3. VND NNI->ECR->SPR (Classic)",48,true,9.0000,146.0755,1174713,7051409,137774958,0,228639464,7754289864
10,true,MC,"3. VND NNI->ECR->SPR (Classic)",49,true,15.0000,11.2429,1595233,9602780,0,0,18383688,7754289864
10,true,MC,"3. VND NNI->ECR->SPR (Classic)",50,true,12.0000,16.5105,831221,15648046,0,0,26569800,7787844296
10,true,MC,"3. VND NNI->ECR->SPR (Classic)",51,true,12.0000,104.6437,1795174,6188328,96597767,0,168005952,7955616456
10,true,MC,"3. VND NNI->ECR->SPR (Classic)",52,true,14.0000,81.7777,1056439,12999810,67603713,0,130406544,8089834184
10,true,MC,"3. VND NNI->ECR->SPR (Classic)",53,true,16.0000,39.4659,1536041,5333111,22382843,10162034,63323760,8156943048
10,true,MC,"3. VND NNI->ECR->SPR (Classic)",54,true,16.0000,56.9795,2000995,8769586,46145439,0,91184544,8257606344
10,true,MC,"3. VND NNI->ECR->SPR (Classic)",55,true,15.0000,159.4863,1083149,10722109,147606104,0,255779096,8492487368
10,true,MC,"3. VND NNI->ECR->SPR (Classic)",56,true,8.0000,68.6187,1200171,7957462,59380266,0,110752672,8626705096
10,true,MC,"3. VND NNI->ECR->SPR (Classic)",57,true,14.0000,245.0019,1239727,12821630,230734879,0,393012368,9029358280
10,true,MC,"3. VND NNI->ECR->SPR (Classic)",58,true,10.0000,78.3503,1516173,1858183,74920686,0,120906992,9130021576
10,true,MC,"3. VND NNI->ECR->SPR (Classic)",59,true,14.0000,58.6621,1980747,10641737,45976727,0,89703056,9230684872
10,true,MC,"3. VND NNI->ECR->SPR (Classic)",60,true,16.0000,91.2147,1746913,14378721,74934212,0,147348864,9364902600
10,true,MC,"3. VND NNI->ECR->SPR (Classic)",61,true,13.0000,15.2085,827713,14336843,0,0,24053592,9398457032
10,true,MC,"3. VND NNI->ECR->SPR (Classic)",62,true,16.0000,107.8730,1667491,10586841,95543864,0,173705136,9566229192
10,true,MC,"3. VND NNI->ECR->SPR (Classic)",63,true,14.0000,217.4748,1075315,6399289,209909157,0,347138280,9935327944
10,true,MC,"3. VND NNI->ECR->SPR (Classic)",64,true,18.0000,220.7051,1217977,10452546,208927209,0,352922680,10270872264
10,true,MC,"3. VND NNI->ECR->SPR (Classic)",65,true,12.0000,87.0455,1183501,6129816,79667473,0,219482088,10304700376
10,true,MC,"3. VND NNI->ECR->SPR (Classic)",66,true,13.0000,11.3265,847732,10446054,0,0,30785112,238370776
10,true,MC,"3. VND NNI->ECR->SPR (Classic)",67,true,11.0000,48.7533,726362,5100630,42881813,0,132866576,339034072
10,true,MC,"3. VND NNI->ECR->SPR (Classic)",68,true,9.0000,52.6802,274552,10214704,42122680,0,144130616,506806232
10,true,MC,"3. VND NNI->ECR->SPR (Classic)",69,true,16.0000,63.1807,852791,7435008,54844310,0,162593560,674578392
10,true,MC,"3. VND NNI->ECR->SPR (Classic)",70,true,10.0000,9.3138,482146,8802759,0,0,25024640,674578392
10,true,MC,"3. VND NNI->ECR->SPR (Classic)",71,true,11.0000,129.8944,798437,3741825,125307942,0,352423880,1043677144
10,true,MC,"3. VND NNI->ECR->SPR (Classic)",72,true,12.0000,46.2936,230307,11536157,34483614,0,121930760,1177894872
10,true,MC,"3. VND NNI->ECR->SPR (Classic)",73,true,16.0000,62.3957,1036660,6907064,51238754,3134751,169418856,1345667032
10,true,MC,"3. VND NNI->ECR->SPR (Classic)",74,true,11.0000,111.3693,874303,6249063,104199202,0,299820128,1647656920
10,true,MC,"3. VND NNI->ECR->SPR (Classic)",75,true,9.0000,72.5998,609860,5447048,66496617,0,189590984,1815429080
10,true,MC,"3. VND NNI->ECR->SPR (Classic)",76,true,11.0000,86.0873,841381,5239162,79959839,0,233395896,2050310104
10,true,MC,"3. VND NNI->ECR->SPR (Classic)",77,true,11.0000,36.3518,917736,5930888,29463416,0,90221960,2150973400
10,true,MC,"3. VND NNI->ECR->SPR (Classic)",78,true,12.0000,7.5651,814970,6722062,0,0,20021368,2150973400
10,true,MC,"3. VND NNI->ECR->SPR (Classic)",79,true,11.0000,26.9903,863823,1201285,21734280,3161451,73812936,2251636696
10,true,MC,"3. VND NNI->ECR->SPR (Classic)",80,true,11.0000,126.5954,563091,1453714,124530133,0,339803368,2587181016
10,true,MC,"3. VND NNI->ECR->SPR (Classic)",81,true,16.0000,76.8382,805373,9256802,66724231,0,192272832,2754953176
10,true,MC,"3. VND NNI->ECR->SPR (Classic)",82,true,11.0000,103.4215,616622,6005490,96741530,0,283470048,3056943064
10,true,MC,"3. VND NNI->ECR->SPR (Classic)",83,true,8.0000,42.7080,504058,7673171,34487681,0,112055664,3157606360
10,true,MC,"3. VND NNI->ECR->SPR (Classic)",84,true,8.0000,25.1831,593088,5375071,19180142,0,69007272,3224715224
10,true,MC,"3. VND NNI->ECR->SPR (Classic)",85,true,13.0000,3.3942,1334789,2034138,0,0,9677824,3258269656
10,true,MC,"3. VND NNI->ECR->SPR (Classic)",86,true,12.0000,9.0639,597736,8444728,0,0,25284328,3258269656
10,true,MC,"3. VND NNI->ECR->SPR (Classic)",87,true,11.0000,76.7350,591104,4487262,71617015,0,208034416,3493150680
10,true,MC,"3. VND NNI->ECR->SPR (Classic)",88,true,13.0000,48.9639,582558,12402805,35923691,0,133009624,3627368408
10,true,MC,"3. VND NNI->ECR->SPR (Classic)",89,true,13.0000,106.7433,1035939,6327091,99325394,0,282767856,3895803864
10,true,MC,"3. VND NNI->ECR->SPR (Classic)",90,true,14.0000,82.6480,854675,4466543,77274994,0,224495360,4130684888
10,true,MC,"3. VND NNI->ECR->SPR (Classic)",91,true,12.0000,108.0025,934597,9234770,97780837,0,295125560,4399120344
10,true,MC,"3. VND NNI->ECR->SPR (Classic)",92,true,6.0000,1.7357,625469,1086626,0,0,4820712,4432674776
10,true,MC,"3. VND NNI->ECR->SPR (Classic)",93,true,19.0000,99.5832,735780,7338956,91461881,0,267995568,4701110232
10,true,MC,"3. VND NNI->ECR->SPR (Classic)",94,true,15.0000,27.0247,785233,4142027,15869938,6189780,73113088,4768219096
10,true,MC,"3. VND NNI->ECR->SPR (Classic)",95,true,16.0000,25.9866,1045919,8417316,16483645,0,71366568,4835327960
10,true,MC,"3. VND NNI->ECR->SPR (Classic)",96,true,13.0000,11.3748,391013,10955724,0,0,31696192,4868882392
10,true,MC,"3. VND NNI->ECR->SPR (Classic)",97,true,15.0000,75.7868,843765,11554712,63343012,0,192097048,5070208984
10,true,MC,"3. VND NNI->ECR->SPR (Classic)",98,true,12.0000,49.9174,702876,7349855,41819743,0,136674784,5204426712
10,true,MC,"3. VND NNI->ECR->SPR (Classic)",99,true,13.0000,37.3128,767790,7029347,29471843,0,101482944,5305090008
10,true,MC,"3. VND NNI->ECR->SPR (Classic)",100,true,9.0000,65.6757,783030,3463185,61386020,0,173111384,5472862168
10,true,MC,"4. VND NNI->SPR (Classic)",1,true,15.0000,9.3302,773721,0,0,8497648,23805440,3273856
10,true,MC,"4. VND NNI->SPR (Classic)",2,true,15.0000,12.9070,484060,0,0,12406121,33236520,36828288
10,true,MC,"4. VND NNI->SPR (Classic)",3,true,13.0000,9.9889,628917,0,0,9340151,25699104,70382720
10,true,MC,"4. VND NNI->SPR (Classic)",4,true,16.0000,13.0029,467319,0,0,12517483,33169000,103937152
10,true,MC,"4. VND NNI->SPR (Classic)",5,true,15.0000,9.8742,601013,0,0,9255059,25498736,137491584
10,true,MC,"4. VND NNI->SPR (Classic)",6,true,22.0000,16.3051,507195,0,0,15781260,41826648,171046016
10,true,MC,"4. VND NNI->SPR (Classic)",7,true,14.0000,7.0424,996446,0,0,6024597,18227664,204600448
10,true,MC,"4. VND NNI->SPR (Classic)",8,true,14.0000,13.1660,500432,0,0,12649544,33585448,238154880
10,true,MC,"4. VND NNI->SPR (Classic)",9,true,19.0000,12.8572,690864,0,0,12147810,33049968,238154880
10,true,MC,"4. VND NNI->SPR (Classic)",10,true,14.0000,7.1873,1111714,0,0,6052629,18691720,271709312
10,true,MC,"4. VND NNI->SPR (Classic)",11,true,21.0000,15.4784,473389,0,0,14987149,39917608,305263744
10,true,MC,"4. VND NNI->SPR (Classic)",12,true,15.0000,12.9113,481696,0,0,12412323,33224416,338818176
10,true,MC,"4. VND NNI->SPR (Classic)",13,true,17.0000,9.8344,597818,0,0,9218599,25133160,372372608
10,true,MC,"4. VND NNI->SPR (Classic)",14,true,18.0000,13.0996,492056,0,0,12589319,33398344,405927040
10,true,MC,"4. VND NNI->SPR (Classic)",15,true,19.0000,10.2715,898248,0,0,9352915,26382152,439481472
10,true,MC,"4. VND NNI->SPR (Classic)",16,true,22.0000,16.3993,720730,0,0,15657254,41687304,473035904
10,true,MC,"4. VND NNI->SPR (Classic)",17,true,17.0000,12.3938,932543,0,0,11440635,32010792,506590336
10,true,MC,"4. VND NNI->SPR (Classic)",18,false,Infinity,16.2031,822293,0,0,15359327,41632528,540144768
10,true,MC,"4. VND NNI->SPR (Classic)",19,true,17.0000,13.1774,628305,0,0,12530568,33742264,573699200
10,true,MC,"4. VND NNI->SPR (Classic)",20,true,12.0000,9.8177,459714,0,0,9340572,25092720,607253632
10,true,MC,"4. VND NNI->SPR (Classic)",21,true,16.0000,9.8365,1013958,0,0,8798320,25358408,640808064
10,true,MC,"4. VND NNI->SPR (Classic)",22,true,19.0000,13.3622,943264,0,0,12396793,34291104,674362496
10,true,MC,"4. VND NNI->SPR (Classic)",23,true,16.0000,15.6610,389050,0,0,15255620,39812936,707916928
10,true,MC,"4. VND NNI->SPR (Classic)",24,true,15.0000,12.6199,696685,0,0,11904638,32033080,741471360
10,true,MC,"4. VND NNI->SPR (Classic)",25,true,15.0000,12.9660,488670,0,0,12461316,32859064,775025792
10,true,MC,"4. VND NNI->SPR (Classic)",26,true,17.0000,15.3019,621703,0,0,14661400,39209424,808580224
10,true,MC,"4. VND NNI->SPR (Classic)",27,true,15.0000,7.0549,923287,0,0,6108596,18177888,842134656
10,true,MC,"4. VND NNI->SPR (Classic)",28,true,20.0000,10.1149,1030760,0,0,9063665,26215696,842134656
10,true,MC,"4. VND NNI->SPR (Classic)",29,true,20.0000,16.0290,628325,0,0,15382150,41107456,909243520
10,true,MC,"4. VND NNI->SPR (Classic)",30,true,11.0000,9.3254,697446,0,0,8608490,23874464,909243520
10,true,MC,"4. VND NNI->SPR (Classic)",31,true,15.0000,13.4211,945899,0,0,12452630,34357808,942797952
10,true,MC,"4. VND NNI->SPR (Classic)",32,true,16.0000,10.1801,1065316,0,0,9092239,25989136,976352384
10,true,MC,"4. VND NNI->SPR (Classic)",33,true,19.0000,16.3530,812054,0,0,15518720,41605752,1009906816
10,true,MC,"4. VND NNI->SPR (Classic)",34,true,19.0000,19.3711,613245,0,0,18739364,49183160,1077015680
10,true,MC,"4. VND NNI->SPR (Classic)",35,true,8.0000,6.4969,374161,0,0,6102244,16592760,1077015680
10,true,MC,"4. VND NNI->SPR (Classic)",36,true,16.0000,7.1488,1143765,0,0,5980152,18381000,1110570112
10,true,MC,"4. VND NNI->SPR (Classic)",37,true,15.0000,7.0347,778591,0,0,6236229,18029984,1110570112
10,true,MC,"4. VND NNI->SPR (Classic)",38,true,21.0000,13.3381,734488,0,0,12584991,33979392,1144124544
10,true,MC,"4. VND NNI->SPR (Classic)",39,true,18.0000,15.8550,606453,0,0,15230171,40213176,1211233408
10,true,MC,"4. VND NNI->SPR (Classic)",40,true,16.0000,4.6965,1608539,0,0,3058676,12409944,1211233408
10,true,MC,"4. VND NNI->SPR (Classic)",41,true,20.0000,12.9802,903819,0,0,12054402,33226592,1244787840
10,true,MC,"4. VND NNI->SPR (Classic)",42,true,15.0000,12.9850,378209,0,0,12589991,33035768,1278342272
10,true,MC,"4. VND NNI->SPR (Classic)",43,true,17.0000,10.2408,1033435,0,0,9183092,26116864,1311896704
10,true,MC,"4. VND NNI->SPR (Classic)",44,true,16.0000,10.0701,687847,0,0,9363094,25839448,1311896704
10,true,MC,"4. VND NNI->SPR (Classic)",45,true,15.0000,12.5359,715742,0,0,11801321,31930520,1345451136
10,true,MC,"4. VND NNI->SPR (Classic)",46,true,21.0000,19.6619,647741,0,0,18993968,49893568,1412560000
10,true,MC,"4. VND NNI->SPR (Classic)",47,true,18.0000,13.2573,593069,0,0,12645566,33796320,1446114432
10,true,MC,"4. VND NNI->SPR (Classic)",48,true,12.0000,6.6458,585243,0,0,6041789,16997464,1446114432
10,true,MC,"4. VND NNI->SPR (Classic)",49,true,14.0000,10.2485,946821,0,0,9281279,26209992,1479668864
10,true,MC,"4. VND NNI->SPR (Classic)",50,true,20.0000,18.8285,488220,0,0,18323403,48127096,1546777728
10,true,MC,"4. VND NNI->SPR (Classic)",51,true,17.0000,10.3546,929187,0,0,9402169,26465672,1546777728
10,true,MC,"4. VND NNI->SPR (Classic)",52,true,14.0000,9.8330,496374,0,0,9319471,25216864,1580332160
10,true,MC,"4. VND NNI->SPR (Classic)",53,false,Infinity,10.1722,880024,0,0,9268654,26159944,1613886592
10,true,MC,"4. VND NNI->SPR (Classic)",54,true,15.0000,4.1502,1033034,0,0,3097200,10825688,1613886592
10,true,MC,"4. VND NNI->SPR (Classic)",55,true,18.0000,13.2912,520038,0,0,12754954,33651736,1647441024
10,true,MC,"4. VND NNI->SPR (Classic)",56,true,10.0000,9.6589,602877,0,0,9036143,24699016,1680995456
10,true,MC,"4. VND NNI->SPR (Classic)",57,true,23.0000,16.2648,593979,0,0,15645932,41432544,1714549888
10,true,MC,"4. VND NNI->SPR (Classic)",58,true,16.0000,7.1534,887968,0,0,6243783,18360872,1748104320
10,true,MC,"4. VND NNI->SPR (Classic)",59,true,15.0000,10.1173,1015912,0,0,9079125,25926048,1781658752
10,true,MC,"4. VND NNI->SPR (Classic)",60,true,20.0000,16.2097,874474,0,0,15315042,41463808,1815213184
10,true,MC,"4. VND NNI->SPR (Classic)",61,true,13.0000,9.3577,491735,0,0,8849829,23810248,1848767616
10,true,MC,"4. VND NNI->SPR (Classic)",62,true,18.0000,10.1826,829196,0,0,9333067,26015152,1848767616
10,true,MC,"4. VND NNI->SPR (Classic)",63,true,18.0000,13.0477,495352,0,0,12535307,33188584,1882322048
10,true,MC,"4. VND NNI->SPR (Classic)",64,true,23.0000,19.0768,593960,0,0,18464251,48571560,1949430912
10,true,MC,"4. VND NNI->SPR (Classic)",65,true,17.0000,13.1338,561297,0,0,12554503,33429608,1982985344
10,true,MC,"4. VND NNI->SPR (Classic)",66,false,Infinity,12.9027,947290,0,0,11932390,33138184,2016539776
10,true,MC,"4. VND NNI->SPR (Classic)",67,true,15.0000,10.0511,568922,0,0,9464567,25628104,2050094208
10,true,MC,"4. VND NNI->SPR (Classic)",68,true,20.0000,15.9764,157459,0,0,15802911,40460112,2083648640
10,true,MC,"4. VND NNI->SPR (Classic)",69,true,20.0000,9.5682,709138,0,0,8837716,24376416,2083648640
10,true,MC,"4. VND NNI->SPR (Classic)",70,true,15.0000,9.6460,470806,0,0,9158856,24672176,2117203072
10,true,MC,"4. VND NNI->SPR (Classic)",71,true,21.0000,16.4044,679492,0,0,15704283,41531328,2150757504
10,true,MC,"4. VND NNI->SPR (Classic)",72,true,15.0000,12.8543,128805,0,0,12711111,32502696,2184311936
10,true,MC,"4. VND NNI->SPR (Classic)",73,true,16.0000,9.9279,805281,0,0,9101908,25458880,2217866368
10,true,MC,"4. VND NNI->SPR (Classic)",74,true,14.0000,10.1407,739236,0,0,9381279,25875896,2251420800
10,true,MC,"4. VND NNI->SPR (Classic)",75,true,17.0000,12.6772,449003,0,0,12211331,31937472,2284975232
10,true,MC,"4. VND NNI->SPR (Classic)",76,true,15.0000,10.1364,727413,0,0,9388543,25879336,2318529664
10,true,MC,"4. VND NNI->SPR (Classic)",77,true,12.0000,9.5401,814318,0,0,8703951,24474088,2318529664
10,true,MC,"4. VND NNI->SPR (Classic)",78,false,Infinity,12.5409,934066,0,0,11579559,32206392,2352084096
10,true,MC,"4. VND NNI->SPR (Classic)",79,true,11.0000,4.1180,894571,0,0,3187381,10661744,2385638528
10,true,MC,"4. VND NNI->SPR (Classic)",80,true,14.0000,9.8945,565034,0,0,9313400,25417192,2385638528
10,true,MC,"4. VND NNI->SPR (Classic)",81,true,19.0000,9.6107,702156,0,0,8889454,24586328,2419192960
10,true,MC,"4. VND NNI->SPR (Classic)",82,true,15.0000,9.8495,462139,0,0,9370489,25021112,2452747392
10,true,MC,"4. VND NNI->SPR (Classic)",83,true,16.0000,15.8802,381566,0,0,15483132,40289968,2486301824
10,true,MC,"4. VND NNI->SPR (Classic)",84,true,11.0000,9.7524,478039,0,0,9258716,24883144,2519856256
10,true,MC,"4. VND NNI->SPR (Classic)",85,true,13.0000,4.5025,1359725,0,0,3117118,11864536,2519856256
10,true,MC,"4. VND NNI->SPR (Classic)",86,false,Infinity,19.1937,713125,0,0,18461265,49027880,2586965120
10,true,MC,"4. VND NNI->SPR (Classic)",87,true,18.0000,13.1839,483611,0,0,12684932,33581304,2620519552
10,true,MC,"4. VND NNI->SPR (Classic)",88,true,20.0000,19.2655,462120,0,0,18786484,48217952,2654073984
10,true,MC,"4. VND NNI->SPR (Classic)",89,true,18.0000,13.4745,909740,0,0,12540577,33768536,2687628416
10,true,MC,"4. VND NNI->SPR (Classic)",90,true,22.0000,13.3044,724998,0,0,12559422,33946992,2721182848
10,true,MC,"4. VND NNI->SPR (Classic)",91,true,23.0000,13.5444,851679,0,0,12671325,34446856,2754737280
10,true,MC,"4. VND NNI->SPR (Classic)",92,true,6.0000,3.6715,626080,0,0,3027407,9575264,2754737280
10,true,MC,"4. VND NNI->SPR (Classic)",93,true,20.0000,18.9672,626802,0,0,18323062,48320888,2821846144
10,true,MC,"4. VND NNI->SPR (Classic)",94,true,15.0000,10.0790,680635,0,0,9379797,25816256,2855400576
10,true,MC,"4. VND NNI->SPR (Classic)",95,true,18.0000,10.4008,940058,0,0,9439279,26578664,2855400576
10,true,MC,"4. VND NNI->SPR (Classic)",96,true,16.0000,15.9533,387537,0,0,15549749,40698832,2922509440
10,true,MC,"4. VND NNI->SPR (Classic)",97,true,17.0000,15.5191,730269,0,0,14770016,39626960,2956063872
10,true,MC,"4. VND NNI->SPR (Classic)",98,true,18.0000,16.2055,594982,0,0,15592871,41202320,2989618304
10,true,MC,"4. VND NNI->SPR (Classic)",99,true,14.0000,15.4906,655487,0,0,14817326,39557952,3023172736
10,true,MC,"4. VND NNI->SPR (Classic)",100,true,11.0000,6.7836,670635,0,0,6095381,17470832,3056727168
10,true,MC,"5. VND NNI->ECR->SPR (Inc)",1,true,19.0000,4.1666,195462,1278021,2585977,0,10363048,3316072
10,true,MC,"5. VND NNI->ECR->SPR (Inc)",2,true,12.0000,2.0430,94809,827032,1099280,0,6383384,3316072
10,true,MC,"5. VND NNI->ECR->SPR (Inc)",3,true,10.0000,3.2775,78670,366788,2813119,0,11474560,3316072
10,true,MC,"5. VND NNI->ECR->SPR (Inc)",4,true,14.0000,5.5367,62719,271105,5183607,0,19603048,36870504
10,true,MC,"5. VND NNI->ECR->SPR (Inc)",5,true,14.0000,5.2188,74812,345216,4776463,0,18264856,36870504
10,true,MC,"5. VND NNI->ECR->SPR (Inc)",6,true,18.0000,6.0967,69572,614969,5390541,0,21610600,70424936
10,true,MC,"5. VND NNI->ECR->SPR (Inc)",7,true,12.0000,0.1734,162539,0,0,0,562496,70424936
10,true,MC,"5. VND NNI->ECR->SPR (Inc)",8,true,11.0000,2.5113,60154,513646,1921424,0,8957464,70424936
10,true,MC,"5. VND NNI->ECR->SPR (Inc)",9,true,15.0000,4.0891,98407,602766,3370088,0,14216096,103979368
10,true,MC,"5. VND NNI->ECR->SPR (Inc)",10,true,15.0000,1.2513,133433,381585,719348,0,4391512,103979368
10,true,MC,"5. VND NNI->ECR->SPR (Inc)",11,true,11.0000,3.9942,62609,437462,3476961,0,13681688,103979368
10,true,MC,"5. VND NNI->ECR->SPR (Inc)",12,true,15.0000,2.5560,70615,538815,1925572,0,9513584,137533800
10,true,MC,"5. VND NNI->ECR->SPR (Inc)",13,true,18.0000,0.5914,128996,448393,0,0,2182680,137533800
10,true,MC,"5. VND NNI->ECR->SPR (Inc)",14,true,14.0000,1.7791,78008,683870,998449,0,6496176,137533800
10,true,MC,"5. VND NNI->ECR->SPR (Inc)",15,true,17.0000,1.5053,118076,657881,712124,0,5585648,137533800
10,true,MC,"5. VND NNI->ECR->SPR (Inc)",16,true,16.0000,3.0886,65465,713127,2291668,0,11471952,137533800
10,true,MC,"5. VND NNI->ECR->SPR (Inc)",17,true,12.0000,3.2518,118604,343283,2764687,0,12272512,171088232
10,true,MC,"5. VND NNI->ECR->SPR (Inc)",18,true,14.0000,2.4063,111994,484331,1790975,0,9008136,171088232
10,true,MC,"5. VND NNI->ECR->SPR (Inc)",19,true,13.0000,3.1413,77757,424226,2618149,0,11640624,171088232
10,true,MC,"5. VND NNI->ECR->SPR (Inc)",20,true,14.0000,2.3965,76106,591244,1707918,0,8872024,204642664
10,true,MC,"5. VND NNI->ECR->SPR (Inc)",21,true,13.0000,0.5849,101414,467720,0,0,2057240,204642664
10,true,MC,"5. VND NNI->ECR->SPR (Inc)",22,true,15.0000,7.2173,138113,425720,3323650,3302860,15087168,238197096
10,true,MC,"5. VND NNI->ECR->SPR (Inc)",23,true,12.0000,6.0220,355385,2147804,3478896,0,12930160,238197096
10,true,MC,"5. VND NNI->ECR->SPR (Inc)",24,true,13.0000,1.8248,186276,476296,1129548,0,5523896,238197096
10,true,MC,"5. VND NNI->ECR->SPR (Inc)",25,true,12.0000,8.3922,69742,140286,8165437,0,27635568,271751528
10,true,MC,"5. VND NNI->ECR->SPR (Inc)",26,true,8.0000,2.1001,119628,622845,1325110,0,6723392,271751528
10,true,MC,"5. VND NNI->ECR->SPR (Inc)",27,true,13.0000,4.1035,157638,436871,3484646,0,14508896,305305960
10,true,MC,"5. VND NNI->ECR->SPR (Inc)",28,true,21.0000,2.0405,200901,744164,1078081,0,7311920,305305960
10,true,MC,"5. VND NNI->ECR->SPR (Inc)",29,true,15.0000,6.9527,63961,529527,6341027,0,24950152,338860392
10,true,MC,"5. VND NNI->ECR->SPR (Inc)",30,true,9.0000,0.4353,93648,327914,0,0,1512712,338860392
10,true,MC,"5. VND NNI->ECR->SPR (Inc)",31,true,18.0000,0.8411,105450,723476,0,0,3026024,338860392
10,true,MC,"5. VND NNI->ECR->SPR (Inc)",32,true,15.0000,4.4520,169463,470986,3795227,0,16019192,338860392
10,true,MC,"5. VND NNI->ECR->SPR (Inc)",33,true,17.0000,3.3167,115690,854215,2328257,0,11644640,372414824
10,true,MC,"5. VND NNI->ECR->SPR (Inc)",34,true,11.0000,4.0937,88989,445948,3528460,0,14365976,372414824
10,true,MC,"5. VND NNI->ECR->SPR (Inc)",35,true,7.0000,0.6159,45026,557530,0,0,2162880,372414824
10,true,MC,"5. VND NNI->ECR->SPR (Inc)",36,true,13.0000,3.5997,145497,112484,3326956,0,13022792,372414824
10,true,MC,"5. VND NNI->ECR->SPR (Inc)",37,true,13.0000,3.1911,99830,258201,2802369,0,11828200,405969256
10,true,MC,"5. VND NNI->ECR->SPR (Inc)",38,true,14.0000,2.4963,87838,491615,1888401,0,9345992,405969256
10,true,MC,"5. VND NNI->ECR->SPR (Inc)",39,true,17.0000,1.6198,89460,636571,821912,0,5902816,405969256
10,true,MC,"5. VND NNI->ECR->SPR (Inc)",40,true,16.0000,2.3753,120257,466417,1774805,0,9196304,439523688
10,true,MC,"5. VND NNI->ECR->SPR (Inc)",41,true,14.0000,1.6295,95301,522614,998138,0,6227144,439523688
10,true,MC,"5. VND NNI->ECR->SPR (Inc)",42,true,16.0000,3.4006,61196,612243,2209953,492867,12043896,439523688
10,true,MC,"5. VND NNI->ECR->SPR (Inc)",43,true,13.0000,3.5754,103276,73079,3386901,0,13559776,473078120
10,true,MC,"5. VND NNI->ECR->SPR (Inc)",44,true,12.0000,3.5600,71746,76636,3387441,0,13367808,473078120
10,true,MC,"5. VND NNI->ECR->SPR (Inc)",45,true,12.0000,2.7732,85283,516522,2157933,0,10423464,473078120
10,true,MC,"5. VND NNI->ECR->SPR (Inc)",46,true,17.0000,3.3590,74102,542111,2727767,0,12994160,506632552
10,true,MC,"5. VND NNI->ECR->SPR (Inc)",47,true,11.0000,2.3743,71184,568381,1720221,0,9004176,506632552
10,true,MC,"5. VND NNI->ECR->SPR (Inc)",48,true,9.0000,3.3121,71375,270414,2956192,0,12418808,506632552
10,true,MC,"5. VND NNI->ECR->SPR (Inc)",49,true,16.0000,0.6252,73070,542321,0,0,2449784,506632552
10,true,MC,"5. VND NNI->ECR->SPR (Inc)",50,true,14.0000,5.5629,109959,534546,4591410,308166,20605520,540186984
10,true,MC,"5. VND NNI->ECR->SPR (Inc)",51,true,14.0000,2.1125,83028,576756,1438665,0,8035520,540186984
10,true,MC,"5. VND NNI->ECR->SPR (Inc)",52,true,14.0000,2.2403,67038,520079,1638826,0,8466808,540186984
10,true,MC,"5. VND NNI->ECR->SPR (Inc)",53,true,16.0000,1.4460,95701,212745,639035,484261,5103584,573741416
10,true,MC,"5. VND NNI->ECR->SPR (Inc)",54,true,11.0000,1.7790,106583,63140,1598760,0,6932040,573741416
10,true,MC,"5. VND NNI->ECR->SPR (Inc)",55,true,14.0000,4.6813,82236,334486,4250884,0,17800864,573741416
10,true,MC,"5. VND NNI->ECR->SPR (Inc)",56,true,8.0000,1.9420,75002,316622,1529859,0,7376504,607295848
10,true,MC,"5. VND NNI->ECR->SPR (Inc)",57,true,15.0000,5.1830,73769,501122,4589006,0,20114464,607295848
10,true,MC,"5. VND NNI->ECR->SPR (Inc)",58,true,10.0000,2.1603,90932,78600,1979604,0,8205864,607295848
10,true,MC,"5. VND NNI->ECR->SPR (Inc)",59,true,14.0000,1.5257,115300,413857,983149,0,5784376,640850280
10,true,MC,"5. VND NNI->ECR->SPR (Inc)",60,true,17.0000,3.9832,71146,368280,3529492,0,15265104,640850280
10,true,MC,"5. VND NNI->ECR->SPR (Inc)",61,true,13.0000,0.5899,46839,533444,0,0,2405184,640850280
10,true,MC,"5. VND NNI->ECR->SPR (Inc)",62,true,16.0000,3.3678,99708,435227,2819582,0,12727288,640850280
10,true,MC,"5. VND NNI->ECR->SPR (Inc)",63,true,12.0000,3.8055,85732,552020,3152785,0,14696704,674404712
10,true,MC,"5. VND NNI->ECR->SPR (Inc)",64,true,18.0000,5.2403,72236,407786,4745473,0,19708176,707959144
10,true,MC,"5. VND NNI->ECR->SPR (Inc)",65,true,12.0000,3.5257,71687,250366,3185688,0,13407680,707959144
10,true,MC,"5. VND NNI->ECR->SPR (Inc)",66,true,13.0000,2.7697,90823,542431,2123478,0,10574064,707959144
10,true,MC,"5. VND NNI->ECR->SPR (Inc)",67,true,9.0000,2.2691,90582,217733,1948635,0,8769304,707959144
10,true,MC,"5. VND NNI->ECR->SPR (Inc)",68,true,14.0000,2.5765,25098,817685,1721413,0,9670784,741513576
10,true,MC,"5. VND NNI->ECR->SPR (Inc)",69,true,16.0000,2.5438,82617,477930,1971088,0,9667280,741513576
10,true,MC,"5. VND NNI->ECR->SPR (Inc)",70,true,9.0000,0.5587,45856,503598,0,0,2155304,741513576
10,true,MC,"5. VND NNI->ECR->SPR (Inc)",71,true,11.0000,4.5074,94299,243422,4157917,0,16808536,775068008
10,true,MC,"5. VND NNI->ECR->SPR (Inc)",72,true,12.0000,1.9970,25779,773421,1184974,0,7498400,775068008
10,true,MC,"5. VND NNI->ECR->SPR (Inc)",73,true,16.0000,3.0170,107293,450117,2195726,247129,11469360,775068008
10,true,MC,"5. VND NNI->ECR->SPR (Inc)",74,true,12.0000,4.3072,72248,472198,3748999,0,16646640,808622440
10,true,MC,"5. VND NNI->ECR->SPR (Inc)",75,true,16.0000,2.4680,59592,619117,1775476,0,9636168,808622440
10,true,MC,"5. VND NNI->ECR->SPR (Inc)",76,true,13.0000,3.3345,81596,350787,2888463,0,12717896,808622440
10,true,MC,"5. VND NNI->ECR->SPR (Inc)",77,true,12.0000,1.5357,89279,381064,1050517,0,5616320,842176872
10,true,MC,"5. VND NNI->ECR->SPR (Inc)",78,true,12.0000,2.0857,101754,292758,1678532,0,7871272,842176872
10,true,MC,"5. VND NNI->ECR->SPR (Inc)",79,true,11.0000,1.3131,87326,82777,885053,246038,4757472,842176872
10,true,MC,"5. VND NNI->ECR->SPR (Inc)",80,true,11.0000,2.9648,75664,329838,2544379,0,11421248,842176872
10,true,MC,"5. VND NNI->ECR->SPR (Inc)",81,true,19.0000,2.9805,97995,457860,2410514,0,11590280,875731304
10,true,MC,"5. VND NNI->ECR->SPR (Inc)",82,true,15.0000,2.4999,65604,619348,1801495,0,9495504,875731304
10,true,MC,"5. VND NNI->ECR->SPR (Inc)",83,true,8.0000,1.6948,48002,494591,1139707,0,6525792,875731304
10,true,MC,"5. VND NNI->ECR->SPR (Inc)",84,true,7.0000,1.1356,83489,221541,819027,0,4262912,875731304
10,true,MC,"5. VND NNI->ECR->SPR (Inc)",85,true,13.0000,0.2317,148943,74141,0,0,866088,875731304
10,true,MC,"5. VND NNI->ECR->SPR (Inc)",86,true,14.0000,4.1147,66176,467179,3568696,0,15615816,909285736
10,true,MC,"5. VND NNI->ECR->SPR (Inc)",87,true,11.0000,3.1385,59313,309149,2757243,0,11844952,909285736
10,true,MC,"5. VND NNI->ECR->SPR (Inc)",88,true,15.0000,0.8512,45837,794971,0,0,3500800,909285736
10,true,MC,"5. VND NNI->ECR->SPR (Inc)",89,true,15.0000,1.8694,128012,338032,1148604,241579,6868440,909285736
10,true,MC,"5. VND NNI->ECR->SPR (Inc)",90,true,14.0000,3.7875,85392,297486,3392751,0,14858232,942840168
10,true,MC,"5. VND NNI->ECR->SPR (Inc)",91,true,17.0000,4.1175,91975,596033,3416297,0,15954656,942840168
10,true,MC,"5. VND NNI->ECR->SPR (Inc)",92,true,6.0000,0.1581,65645,84821,0,0,568848,942840168
10,true,MC,"5. VND NNI->ECR->SPR (Inc)",93,true,18.0000,0.7553,47320,699130,0,0,3133656,942840168
10,true,MC,"5. VND NNI->ECR->SPR (Inc)",94,true,15.0000,1.6321,85273,293127,752751,486726,5635000,976394600
10,true,MC,"5. VND NNI->ECR->SPR (Inc)",95,true,16.0000,1.4194,104348,571117,731982,0,5514976,976394600
10,true,MC,"5. VND NNI->ECR->SPR (Inc)",96,true,13.0000,0.7871,33764,739626,0,0,3064240,976394600
10,true,MC,"5. VND NNI->ECR->SPR (Inc)",97,true,15.0000,2.9121,80544,686625,2127566,0,11237616,976394600
10,true,MC,"5. VND NNI->ECR->SPR (Inc)",98,true,14.0000,2.4055,68470,589872,1734007,0,8993672,976394600
10,true,MC,"5. VND NNI->ECR->SPR (Inc)",99,true,12.0000,0.4676,80252,378319,0,0,1857288,976394600
10,true,MC,"5. VND NNI->ECR->SPR (Inc)",100,true,9.0000,2.5027,80092,260214,2149878,0,9295656,1009949032
10,true,MC,"6. VND NNI->SPR (Inc)",1,true,15.0000,1.6653,177998,0,0,1446390,2265416,3345552
10,true,MC,"6. VND NNI->SPR (Inc)",2,true,15.0000,2.1906,95772,0,0,2075436,3032576,3345552
10,true,MC,"6. VND NNI->SPR (Inc)",3,true,13.0000,1.2986,125699,0,0,1154786,2373488,3345552
10,true,MC,"6. VND NNI->SPR (Inc)",4,true,16.0000,0.9576,48993,0,0,900221,3031536,3345552
10,true,MC,"6. VND NNI->SPR (Inc)",5,true,15.0000,0.7484,63410,0,0,667739,2360280,3345552
10,true,MC,"6. VND NNI->SPR (Inc)",6,true,22.0000,1.1670,44966,0,0,1106464,3774800,3345552
10,true,MC,"6. VND NNI->SPR (Inc)",7,true,12.0000,0.1468,140658,0,0,0,525376,3345552
10,true,MC,"6. VND NNI->SPR (Inc)",8,true,14.0000,0.9502,54514,0,0,887598,3053112,3345552
10,true,MC,"6. VND NNI->SPR (Inc)",9,true,20.0000,0.9784,76655,0,0,890393,3105376,3345552
10,true,MC,"6. VND NNI->SPR (Inc)",10,true,15.0000,0.5957,120278,0,0,463101,1837112,3345552
10,true,MC,"6. VND NNI->SPR (Inc)",11,true,21.0000,1.1359,50286,0,0,1076517,3658704,3345552
10,true,MC,"6. VND NNI->SPR (Inc)",12,true,15.0000,0.9555,47672,0,0,895262,3036360,3345552
10,true,MC,"6. VND NNI->SPR (Inc)",13,true,15.0000,0.3536,115549,0,0,226681,1129224,3345552
10,true,MC,"6. VND NNI->SPR (Inc)",14,true,18.0000,0.9640,53802,0,0,895904,3040496,36899984
10,true,MC,"6. VND NNI->SPR (Inc)",15,true,19.0000,0.7575,92606,0,0,648132,2482328,36899984
10,true,MC,"6. VND NNI->SPR (Inc)",16,true,16.0000,0.9217,54314,0,0,858853,3057104,36899984
10,true,MC,"6. VND NNI->SPR (Inc)",17,true,17.0000,0.9009,84751,0,0,804259,3032080,36899984
10,true,MC,"6. VND NNI->SPR (Inc)",18,false,Infinity,0.9235,89831,0,0,815631,3173744,36899984
10,true,MC,"6. VND NNI->SPR (Inc)",19,true,16.0000,0.6874,60316,0,0,610240,2290792,36899984
10,true,MC,"6. VND NNI->SPR (Inc)",20,true,12.0000,0.6788,58251,0,0,613196,2316904,36899984
10,true,MC,"6. VND NNI->SPR (Inc)",21,true,15.0000,0.7144,91374,0,0,607174,2400152,36899984
10,true,MC,"6. VND NNI->SPR (Inc)",22,true,17.0000,0.7493,99358,0,0,634596,2526192,36899984
10,true,MC,"6. VND NNI->SPR (Inc)",23,true,16.0000,1.0559,43824,0,0,1004120,3637384,36899984
10,true,MC,"6. VND NNI->SPR (Inc)",24,true,15.0000,0.7190,100622,0,0,604599,2443408,36899984
10,true,MC,"6. VND NNI->SPR (Inc)",25,true,15.0000,0.8718,51208,0,0,811834,3009856,70454416
10,true,MC,"6. VND NNI->SPR (Inc)",26,true,17.0000,1.0437,69332,0,0,965707,3632240,70454416
10,true,MC,"6. VND NNI->SPR (Inc)",27,true,15.0000,0.5344,99198,0,0,422764,1753992,70454416
10,true,MC,"6. VND NNI->SPR (Inc)",28,true,20.0000,0.5817,140718,0,0,428825,1952136,70454416
10,true,MC,"6. VND NNI->SPR (Inc)",29,true,22.0000,1.2609,40808,0,0,1211524,4360984,70454416
10,true,MC,"6. VND NNI->SPR (Inc)",30,true,11.0000,0.6792,69713,0,0,598227,2281040,70454416
10,true,MC,"6. VND NNI->SPR (Inc)",31,true,17.0000,1.1763,88068,0,0,1079363,3813832,70454416
10,true,MC,"6. VND NNI->SPR (Inc)",32,true,16.0000,0.7488,109227,0,0,630469,2494456,70454416
10,true,MC,"6. VND NNI->SPR (Inc)",33,true,19.0000,1.0773,82007,0,0,981837,3842424,70454416
10,true,MC,"6. VND NNI->SPR (Inc)",34,true,19.0000,1.2454,55915,0,0,1176788,4490584,70454416
10,true,MC,"6. VND NNI->SPR (Inc)",35,true,8.0000,0.4195,37160,0,0,368661,1542840,70454416
10,true,MC,"6. VND NNI->SPR (Inc)",36,true,16.0000,0.5006,117012,0,0,375184,1804208,70454416
10,true,MC,"6. VND NNI->SPR (Inc)",37,true,15.0000,0.4994,94369,0,0,397326,1724776,104008848
10,true,MC,"6. VND NNI->SPR (Inc)",38,true,21.0000,0.8475,69272,0,0,763863,3120296,104008848
10,true,MC,"6. VND NNI->SPR (Inc)",39,true,18.0000,0.9868,63241,0,0,910682,3706352,104008848
10,true,MC,"6. VND NNI->SPR (Inc)",40,true,16.0000,1.0167,106512,0,0,901314,3861736,104008848
10,true,MC,"6. VND NNI->SPR (Inc)",41,true,19.0000,1.0063,77627,0,0,914309,3807136,104008848
10,true,MC,"6. VND NNI->SPR (Inc)",42,true,15.0000,0.8060,36790,0,0,756489,3001448,104008848
10,true,MC,"6. VND NNI->SPR (Inc)",43,true,16.0000,0.8549,90392,0,0,748944,3156368,104008848
10,true,MC,"6. VND NNI->SPR (Inc)",44,true,16.0000,0.6565,75784,0,0,572308,2405984,104008848
10,true,MC,"6. VND NNI->SPR (Inc)",45,true,15.0000,0.8341,72889,0,0,747522,2995392,104008848
10,true,MC,"6. VND NNI->SPR (Inc)",46,true,21.0000,1.2581,78690,0,0,1168582,4518192,104008848
10,true,MC,"6. VND NNI->SPR (Inc)",47,true,18.0000,0.8494,67518,0,0,768801,3090616,137563280
10,true,MC,"6. VND NNI->SPR (Inc)",48,true,12.0000,0.4352,62680,0,0,355607,1610760,137563280
10,true,MC,"6. VND NNI->SPR (Inc)",49,true,16.0000,0.6723,73309,0,0,583329,2419392,137563280
10,true,MC,"6. VND NNI->SPR (Inc)",50,true,18.0000,0.8271,74953,0,0,742332,3077024,137563280
10,true,MC,"6. VND NNI->SPR (Inc)",51,true,19.0000,1.0291,72428,0,0,939687,3844960,137563280
10,true,MC,"6. VND NNI->SPR (Inc)",52,true,14.0000,0.6420,50275,0,0,575956,2315304,137563280
10,true,MC,"6. VND NNI->SPR (Inc)",53,false,Infinity,0.6640,86615,0,0,560496,2459656,137563280
10,true,MC,"6. VND NNI->SPR (Inc)",54,true,18.0000,0.6922,103296,0,0,571406,2509960,137563280
10,true,MC,"6. VND NNI->SPR (Inc)",55,true,23.0000,1.0358,64453,0,0,960637,3803976,137563280
10,true,MC,"6. VND NNI->SPR (Inc)",56,true,10.0000,0.6174,61798,0,0,541420,2312080,137563280
10,true,MC,"6. VND NNI->SPR (Inc)",57,true,19.0000,1.0174,69653,0,0,934748,3795832,137563280
10,true,MC,"6. VND NNI->SPR (Inc)",58,true,16.0000,0.4997,96663,0,0,387617,1769040,137563280
10,true,MC,"6. VND NNI->SPR (Inc)",59,true,15.0000,0.6732,106313,0,0,555616,2482840,137563280
10,true,MC,"6. VND NNI->SPR (Inc)",60,true,19.0000,0.8064,66316,0,0,725529,3038248,171117712
10,true,MC,"6. VND NNI->SPR (Inc)",61,true,13.0000,0.6216,52019,0,0,556609,2225624,171117712
10,true,MC,"6. VND NNI->SPR (Inc)",62,true,18.0000,0.6755,79792,0,0,583660,2429032,171117712
10,true,MC,"6. VND NNI->SPR (Inc)",63,true,17.0000,0.8175,51808,0,0,753733,3010456,171117712
10,true,MC,"6. VND NNI->SPR (Inc)",64,true,23.0000,1.1809,56968,0,0,1112175,4448312,171117712
10,true,MC,"6. VND NNI->SPR (Inc)",65,true,17.0000,0.8468,63130,0,0,775685,3073456,171117712
10,true,MC,"6. VND NNI->SPR (Inc)",66,true,18.0000,1.0192,86605,0,0,919929,3787480,171117712
10,true,MC,"6. VND NNI->SPR (Inc)",67,true,12.0000,0.4938,85854,0,0,393568,1736048,171117712
10,true,MC,"6. VND NNI->SPR (Inc)",68,true,20.0000,0.9796,19808,0,0,952251,3618800,171117712
10,true,MC,"6. VND NNI->SPR (Inc)",69,true,20.0000,0.6617,98547,0,0,547892,2297456,171117712
10,true,MC,"6. VND NNI->SPR (Inc)",70,true,15.0000,0.6307,53953,0,0,565485,2283616,171117712
10,true,MC,"6. VND NNI->SPR (Inc)",71,true,21.0000,1.0415,67489,0,0,958663,3818048,204672144
10,true,MC,"6. VND NNI->SPR (Inc)",72,true,15.0000,0.7999,19787,0,0,767079,2916048,204672144
10,true,MC,"6. VND NNI->SPR (Inc)",73,true,16.0000,0.6490,78479,0,0,559123,2400008,204672144
10,true,MC,"6. VND NNI->SPR (Inc)",74,true,15.0000,1.0040,64934,0,0,930700,3758712,204672144
10,true,MC,"6. VND NNI->SPR (Inc)",75,true,17.0000,0.7968,50607,0,0,738314,2954656,204672144
10,true,MC,"6. VND NNI->SPR (Inc)",76,true,16.0000,0.6612,66897,0,0,577448,2417384,204672144
10,true,MC,"6. VND NNI->SPR (Inc)",77,true,12.0000,0.6442,78400,0,0,543684,2339912,204672144
10,true,MC,"6. VND NNI->SPR (Inc)",78,true,13.0000,0.4778,88218,0,0,374983,1729216,204672144
10,true,MC,"6. VND NNI->SPR (Inc)",79,true,11.0000,0.2844,86846,0,0,184501,1074432,204672144
10,true,MC,"6. VND NNI->SPR (Inc)",80,true,16.0000,0.8680,60845,0,0,790784,3064928,204672144
10,true,MC,"6. VND NNI->SPR (Inc)",81,true,19.0000,0.6428,89210,0,0,538545,2344352,204672144
10,true,MC,"6. VND NNI->SPR (Inc)",82,true,15.0000,0.6191,50587,0,0,560045,2309992,204672144
10,true,MC,"6. VND NNI->SPR (Inc)",83,true,16.0000,0.9879,36399,0,0,936822,3667128,238226576
10,true,MC,"6. VND NNI->SPR (Inc)",84,true,13.0000,0.6605,69923,0,0,576526,2370632,238226576
10,true,MC,"6. VND NNI->SPR (Inc)",85,true,13.0000,0.3840,157069,0,0,216462,1273240,238226576
10,true,MC,"6. VND NNI->SPR (Inc)",86,true,20.0000,0.9808,55065,0,0,910011,3641168,238226576
10,true,MC,"6. VND NNI->SPR (Inc)",87,true,18.0000,0.8225,48161,0,0,760135,3051848,238226576
10,true,MC,"6. VND NNI->SPR (Inc)",88,true,20.0000,1.1733,54855,0,0,1109490,4402888,238226576
10,true,MC,"6. VND NNI->SPR (Inc)",89,true,16.0000,0.5225,118285,0,0,395592,1850480,238226576
10,true,MC,"6. VND NNI->SPR (Inc)",90,true,22.0000,0.8530,74010,0,0,769984,3112872,238226576
10,true,MC,"6. VND NNI->SPR (Inc)",91,true,23.0000,0.8502,88058,0,0,753122,3174144,238226576
10,true,MC,"6. VND NNI->SPR (Inc)",92,true,6.0000,0.2784,71957,0,0,185743,971376,238226576
10,true,MC,"6. VND NNI->SPR (Inc)",93,true,20.0000,1.3701,52690,0,0,1304961,5066632,238226576
10,true,MC,"6. VND NNI->SPR (Inc)",94,true,15.0000,0.6510,73711,0,0,565455,2407248,238226576
10,true,MC,"6. VND NNI->SPR (Inc)",95,true,18.0000,0.6731,91324,0,0,568080,2494344,271781008
10,true,MC,"6. VND NNI->SPR (Inc)",96,true,16.0000,1.0055,42501,0,0,949325,3694328,271781008
10,true,MC,"6. VND NNI->SPR (Inc)",97,true,17.0000,1.0053,74362,0,0,918316,3684840,271781008
10,true,MC,"6. VND NNI->SPR (Inc)",98,true,18.0000,1.0163,58953,0,0,943274,3769648,271781008
10,true,MC,"6. VND NNI->SPR (Inc)",99,true,17.0000,0.6398,74792,0,0,542020,2380488,271781008
10,true,MC,"6. VND NNI->SPR (Inc)",100,true,11.0000,0.4545,74231,0,0,366557,1667648,271781008
10,true,MP,"1. NNI (Classic)",1,false,Infinity,2.8681,0,0,0,0,1047456,3360856
10,true,MP,"1. NNI (Classic)",2,false,Infinity,1.5610,0,0,0,0,1413056,3360856
10,true,MP,"1. NNI (Classic)",3,false,Infinity,0.9934,0,0,0,0,557584,3360856
10,true,MP,"1. NNI (Classic)",4,false,Infinity,1.1540,0,0,0,0,552184,3360856
10,true,MP,"1. NNI (Classic)",5,false,Infinity,1.8836,0,0,0,0,876648,3360856
10,true,MP,"1. NNI (Classic)",6,false,Infinity,1.5423,0,0,0,0,736624,3360856
10,true,MP,"1. NNI (Classic)",7,false,Infinity,2.3802,0,0,0,0,1208456,3360856
10,true,MP,"1. NNI (Classic)",8,false,Infinity,1.7844,0,0,0,0,868816,3360856
10,true,MP,"1. NNI (Classic)",9,false,Infinity,1.4386,0,0,0,0,730088,3360856
10,true,MP,"1. NNI (Classic)",10,false,Infinity,0.7010,0,0,0,0,365976,3360856
10,true,MP,"1. NNI (Classic)",11,false,Infinity,2.5125,0,0,0,0,1384464,3360856
10,true,MP,"1. NNI (Classic)",12,false,Infinity,0.7614,0,0,0,0,381976,3360856
10,true,MP,"1. NNI (Classic)",13,false,Infinity,1.3806,0,0,0,0,736696,3360856
10,true,MP,"1. NNI (Classic)",14,false,Infinity,0.7401,0,0,0,0,382704,3360856
10,true,MP,"1. NNI (Classic)",15,false,Infinity,2.2453,0,0,0,0,1245880,3360856
10,true,MP,"1. NNI (Classic)",16,false,Infinity,2.4840,0,0,0,0,1385848,3360856
10,true,MP,"1. NNI (Classic)",17,false,Infinity,4.1552,0,0,0,0,2388632,3360856
10,true,MP,"1. NNI (Classic)",18,false,Infinity,1.0288,0,0,0,0,546088,3360856
10,true,MP,"1. NNI (Classic)",19,false,Infinity,2.9105,0,0,0,0,1576624,3360856
10,true,MP,"1. NNI (Classic)",20,false,Infinity,1.6175,0,0,0,0,862072,3360856
10,true,MP,"1. NNI (Classic)",21,false,Infinity,2.1527,0,0,0,0,1207104,3360856
10,true,MP,"1. NNI (Classic)",22,false,Infinity,1.6194,0,0,0,0,886384,3360856
10,true,MP,"1. NNI (Classic)",23,false,Infinity,1.0300,0,0,0,0,553680,3360856
10,true,MP,"1. NNI (Classic)",24,false,Infinity,3.3365,0,0,0,0,1922768,3360856
10,true,MP,"1. NNI (Classic)",25,false,Infinity,0.7283,0,0,0,0,376296,3360856
10,true,MP,"1. NNI (Classic)",26,false,Infinity,1.8351,0,0,0,0,1039648,3360856
10,true,MP,"1. NNI (Classic)",27,false,Infinity,0.6990,0,0,0,0,371224,3360856
10,true,MP,"1. NNI (Classic)",28,false,Infinity,4.1872,0,0,0,0,2411240,3360856
10,true,MP,"1. NNI (Classic)",29,false,Infinity,1.8785,0,0,0,0,1056488,3360856
10,true,MP,"1. NNI (Classic)",30,true,11.0000,3.2730,0,0,0,0,1893600,3360856
10,true,MP,"1. NNI (Classic)",31,false,Infinity,1.5697,0,0,0,0,877264,3360856
10,true,MP,"1. NNI (Classic)",32,false,Infinity,1.0445,0,0,0,0,565888,3360856
10,true,MP,"1. NNI (Classic)",33,false,Infinity,1.6845,0,0,0,0,913936,36915288
10,true,MP,"1. NNI (Classic)",34,false,Infinity,1.3109,0,0,0,0,717016,36915288
10,true,MP,"1. NNI (Classic)",35,false,Infinity,0.7007,0,0,0,0,357552,36915288
10,true,MP,"1. NNI (Classic)",36,false,Infinity,3.9363,0,0,0,0,2408000,36915288
10,true,MP,"1. NNI (Classic)",37,false,Infinity,1.5280,0,0,0,0,895360,36915288
10,true,MP,"1. NNI (Classic)",38,false,Infinity,0.6945,0,0,0,0,376024,36915288
10,true,MP,"1. NNI (Classic)",39,false,Infinity,2.1297,0,0,0,0,1248184,36915288
10,true,MP,"1. NNI (Classic)",40,false,Infinity,2.0163,0,0,0,0,1212920,36915288
10,true,MP,"1. NNI (Classic)",41,false,Infinity,2.0360,0,0,0,0,1235048,36915288
10,true,MP,"1. NNI (Classic)",42,false,Infinity,1.1903,0,0,0,0,697304,36915288
10,true,MP,"1. NNI (Classic)",43,false,Infinity,1.9992,0,0,0,0,1206048,36915288
10,true,MP,"1. NNI (Classic)",44,false,Infinity,1.2694,0,0,0,0,734656,36915288
10,true,MP,"1. NNI (Classic)",45,false,Infinity,2.3202,0,0,0,0,1382304,36915288
10,true,MP,"1. NNI (Classic)",46,false,Infinity,1.0604,0,0,0,0,569184,36915288
10,true,MP,"1. NNI (Classic)",47,false,Infinity,2.0851,0,0,0,0,1207776,36915288
10,true,MP,"1. NNI (Classic)",48,false,Infinity,1.1842,0,0,0,0,698912,36915288
10,true,MP,"1. NNI (Classic)",49,false,Infinity,2.3351,0,0,0,0,1379672,36915288
10,true,MP,"1. NNI (Classic)",50,false,Infinity,1.6183,0,0,0,0,921576,36915288
10,true,MP,"1. NNI (Classic)",51,false,Infinity,2.5678,0,0,0,0,1531488,36915288
10,true,MP,"1. NNI (Classic)",52,false,Infinity,0.9730,0,0,0,0,539256,36915288
10,true,MP,"1. NNI (Classic)",53,false,Infinity,0.5964,0,0,0,0,1245728,36915288
10,true,MP,"1. NNI (Classic)",54,false,Infinity,0.6822,0,0,0,0,1377816,36915288
10,true,MP,"1. NNI (Classic)",55,false,Infinity,0.7655,0,0,0,0,1599624,36915288
10,true,MP,"1. NNI (Classic)",56,false,Infinity,0.2939,0,0,0,0,551600,36915288
10,true,MP,"1. NNI (Classic)",57,false,Infinity,0.3994,0,0,0,0,729904,36915288
10,true,MP,"1. NNI (Classic)",58,false,Infinity,0.5745,0,0,0,0,1208720,36915288
10,true,MP,"1. NNI (Classic)",59,false,Infinity,0.6904,0,0,0,0,1384184,36915288
10,true,MP,"1. NNI (Classic)",60,false,Infinity,0.6354,0,0,0,0,1373448,36915288
10,true,MP,"1. NNI (Classic)",61,false,Infinity,0.5022,0,0,0,0,1031984,36915288
10,true,MP,"1. NNI (Classic)",62,false,Infinity,0.5477,0,0,0,0,1089320,36915288
10,true,MP,"1. NNI (Classic)",63,false,Infinity,0.2813,0,0,0,0,551864,36915288
10,true,MP,"1. NNI (Classic)",64,false,Infinity,0.6456,0,0,0,0,1224568,70469720
10,true,MP,"1. NNI (Classic)",65,false,Infinity,0.6765,0,0,0,0,1377688,70469720
10,true,MP,"1. NNI (Classic)",66,false,Infinity,0.6715,0,0,0,0,1405128,70469720
10,true,MP,"1. NNI (Classic)",67,false,Infinity,0.8105,0,0,0,0,1726312,70469720
10,true,MP,"1. NNI (Classic)",68,false,Infinity,0.2229,0,0,0,0,407856,70469720
10,true,MP,"1. NNI (Classic)",69,false,Infinity,0.2794,0,0,0,0,560344,70469720
10,true,MP,"1. NNI (Classic)",70,false,Infinity,0.8930,0,0,0,0,1901120,70469720
10,true,MP,"1. NNI (Classic)",71,false,Infinity,0.3630,0,0,0,0,723056,70469720
10,true,MP,"1. NNI (Classic)",72,false,Infinity,0.2868,0,0,0,0,538872,70469720
10,true,MP,"1. NNI (Classic)",73,false,Infinity,0.3013,0,0,0,0,563672,70469720
10,true,MP,"1. NNI (Classic)",74,false,Infinity,0.4088,0,0,0,0,768768,70469720
10,true,MP,"1. NNI (Classic)",75,false,Infinity,0.9204,0,0,0,0,1893656,70469720
10,true,MP,"1. NNI (Classic)",76,false,Infinity,0.1379,0,0,0,0,246536,70469720
10,true,MP,"1. NNI (Classic)",77,false,Infinity,0.4623,0,0,0,0,880088,70469720
10,true,MP,"1. NNI (Classic)",78,false,Infinity,0.7002,0,0,0,0,1409064,70469720
10,true,MP,"1. NNI (Classic)",79,false,Infinity,0.5965,0,0,0,0,1187592,70469720
10,true,MP,"1. NNI (Classic)",80,false,Infinity,0.6406,0,0,0,0,1228336,70469720
10,true,MP,"1. NNI (Classic)",81,false,Infinity,1.2433,0,0,0,0,2761848,70469720
10,true,MP,"1. NNI (Classic)",82,false,Infinity,0.5098,0,0,0,0,1036488,70469720
10,true,MP,"1. NNI (Classic)",83,false,Infinity,0.2881,0,0,0,0,564600,70469720
10,true,MP,"1. NNI (Classic)",84,false,Infinity,0.4798,0,0,0,0,1024312,70469720
10,true,MP,"1. NNI (Classic)",85,false,Infinity,0.2920,0,0,0,0,571232,70469720
10,true,MP,"1. NNI (Classic)",86,false,Infinity,0.3858,0,0,0,0,737160,70469720
10,true,MP,"1. NNI (Classic)",87,false,Infinity,0.1999,0,0,0,0,382088,70469720
10,true,MP,"1. NNI (Classic)",88,false,Infinity,0.3802,0,0,0,0,754288,70469720
10,true,MP,"1. NNI (Classic)",89,false,Infinity,1.0316,0,0,0,0,2064384,70469720
10,true,MP,"1. NNI (Classic)",90,false,Infinity,0.6841,0,0,0,0,1410888,70469720
10,true,MP,"1. NNI (Classic)",91,false,Infinity,0.3953,0,0,0,0,728520,70469720
10,true,MP,"1. NNI (Classic)",92,true,6.0000,0.4926,0,0,0,0,1020808,70469720
10,true,MP,"1. NNI (Classic)",93,false,Infinity,0.6137,0,0,0,0,1245280,70469720
10,true,MP,"1. NNI (Classic)",94,false,Infinity,0.1947,0,0,0,0,369944,70469720
10,true,MP,"1. NNI (Classic)",95,false,Infinity,0.2249,0,0,0,0,402448,70469720
10,true,MP,"1. NNI (Classic)",96,false,Infinity,0.3720,0,0,0,0,717056,70469720
10,true,MP,"1. NNI (Classic)",97,false,Infinity,0.6089,0,0,0,0,1210824,104024152
10,true,MP,"1. NNI (Classic)",98,false,Infinity,0.2852,0,0,0,0,552808,104024152
10,true,MP,"1. NNI (Classic)",99,false,Infinity,0.6719,0,0,0,0,1398992,104024152
10,true,MP,"1. NNI (Classic)",100,false,Infinity,0.7268,0,0,0,0,1374504,104024152
10,true,MP,"2. NNI (Incremental)",1,false,Infinity,6.3585,0,0,0,0,1156056,3390536
10,true,MP,"2. NNI (Incremental)",2,false,Infinity,1.5282,0,0,0,0,1545312,3390536
10,true,MP,"2. NNI (Incremental)",3,false,Infinity,0.4868,0,0,0,0,588128,3390536
10,true,MP,"2. NNI (Incremental)",4,false,Infinity,0.4508,0,0,0,0,597384,3390536
10,true,MP,"2. NNI (Incremental)",5,false,Infinity,0.9046,0,0,0,0,1351560,3390536
10,true,MP,"2. NNI (Incremental)",6,false,Infinity,0.5200,0,0,0,0,768280,3390536
10,true,MP,"2. NNI (Incremental)",7,false,Infinity,0.6478,0,0,0,0,956008,3390536
10,true,MP,"2. NNI (Incremental)",8,false,Infinity,0.6525,0,0,0,0,961696,3390536
10,true,MP,"2. NNI (Incremental)",9,false,Infinity,0.5402,0,0,0,0,783728,3390536
10,true,MP,"2. NNI (Incremental)",10,false,Infinity,0.2757,0,0,0,0,394760,3390536
10,true,MP,"2. NNI (Incremental)",11,false,Infinity,0.9854,0,0,0,0,1528352,3390536
10,true,MP,"2. NNI (Incremental)",12,false,Infinity,0.2739,0,0,0,0,399072,3390536
10,true,MP,"2. NNI (Incremental)",13,false,Infinity,0.7190,0,0,0,0,1147048,3390536
10,true,MP,"2. NNI (Incremental)",14,false,Infinity,0.2751,0,0,0,0,403120,3390536
10,true,MP,"2. NNI (Incremental)",15,false,Infinity,0.9719,0,0,0,0,1506824,3390536
10,true,MP,"2. NNI (Incremental)",16,false,Infinity,0.9649,0,0,0,0,1515736,3390536
10,true,MP,"2. NNI (Incremental)",17,false,Infinity,1.5956,0,0,0,0,2589912,36944968
10,true,MP,"2. NNI (Incremental)",18,false,Infinity,0.3710,0,0,0,0,582944,36944968
10,true,MP,"2. NNI (Incremental)",19,false,Infinity,0.6602,0,0,0,0,978152,36944968
10,true,MP,"2. NNI (Incremental)",20,false,Infinity,0.6253,0,0,0,0,980480,36944968
10,true,MP,"2. NNI (Incremental)",21,false,Infinity,0.8304,0,0,0,0,1339312,36944968
10,true,MP,"2. NNI (Incremental)",22,false,Infinity,0.5913,0,0,0,0,938352,36944968
10,true,MP,"2. NNI (Incremental)",23,false,Infinity,0.3774,0,0,0,0,586664,36944968
10,true,MP,"2. NNI (Incremental)",24,false,Infinity,1.6873,0,0,0,0,1877752,36944968
10,true,MP,"2. NNI (Incremental)",25,false,Infinity,0.5904,0,0,0,0,410008,36944968
10,true,MP,"2. NNI (Incremental)",26,false,Infinity,2.4111,0,0,0,0,1716736,36944968
10,true,MP,"2. NNI (Incremental)",27,false,Infinity,0.5894,0,0,0,0,399776,36944968
10,true,MP,"2. NNI (Incremental)",28,false,Infinity,2.6305,0,0,0,0,1878944,36944968
10,true,MP,"2. NNI (Incremental)",29,false,Infinity,1.6146,0,0,0,0,1152592,36944968
10,true,MP,"2. NNI (Incremental)",30,false,Infinity,2.5003,0,0,0,0,1702800,36944968
10,true,MP,"2. NNI (Incremental)",31,false,Infinity,1.4466,0,0,0,0,955640,36944968
10,true,MP,"2. NNI (Incremental)",32,false,Infinity,0.8926,0,0,0,0,586128,36944968
10,true,MP,"2. NNI (Incremental)",33,false,Infinity,1.4629,0,0,0,0,965736,36944968
10,true,MP,"2. NNI (Incremental)",34,false,Infinity,1.1221,0,0,0,0,770288,36944968
10,true,MP,"2. NNI (Incremental)",35,false,Infinity,0.6342,0,0,0,0,405136,36944968
10,true,MP,"2. NNI (Incremental)",36,false,Infinity,3.3188,0,0,0,0,2251288,36944968
10,true,MP,"2. NNI (Incremental)",37,false,Infinity,1.4421,0,0,0,0,972936,36944968
10,true,MP,"2. NNI (Incremental)",38,false,Infinity,0.6135,0,0,0,0,404456,36944968
10,true,MP,"2. NNI (Incremental)",39,false,Infinity,1.8808,0,0,0,0,1334760,36944968
10,true,MP,"2. NNI (Incremental)",40,false,Infinity,0.8413,0,0,0,0,1344368,36944968
10,true,MP,"2. NNI (Incremental)",41,false,Infinity,0.4783,0,0,0,0,1122568,36944968
10,true,MP,"2. NNI (Incremental)",42,false,Infinity,0.3546,0,0,0,0,785912,36944968
10,true,MP,"2. NNI (Incremental)",43,false,Infinity,0.5919,0,0,0,0,1329928,36944968
10,true,MP,"2. NNI (Incremental)",44,false,Infinity,0.4190,0,0,0,0,971768,36944968
10,true,MP,"2. NNI (Incremental)",45,false,Infinity,0.8669,0,0,0,0,2086776,36944968
10,true,MP,"2. NNI (Incremental)",46,false,Infinity,0.2956,0,0,0,0,602696,70499400
10,true,MP,"2. NNI (Incremental)",47,false,Infinity,0.5880,0,0,0,0,1343184,70499400
10,true,MP,"2. NNI (Incremental)",48,false,Infinity,0.3500,0,0,0,0,778048,70499400
10,true,MP,"2. NNI (Incremental)",49,false,Infinity,0.5742,0,0,0,0,1343704,70499400
10,true,MP,"2. NNI (Incremental)",50,false,Infinity,0.4185,0,0,0,0,976328,70499400
10,true,MP,"2. NNI (Incremental)",51,false,Infinity,0.7150,0,0,0,0,1734024,70499400
10,true,MP,"2. NNI (Incremental)",52,false,Infinity,0.2642,0,0,0,0,589496,70499400
10,true,MP,"2. NNI (Incremental)",53,false,Infinity,0.7831,0,0,0,0,1873344,70499400
10,true,MP,"2. NNI (Incremental)",54,false,Infinity,0.6631,0,0,0,0,1496288,70499400
10,true,MP,"2. NNI (Incremental)",55,false,Infinity,0.7522,0,0,0,0,1711656,70499400
10,true,MP,"2. NNI (Incremental)",56,false,Infinity,0.3581,0,0,0,0,787256,70499400
10,true,MP,"2. NNI (Incremental)",57,false,Infinity,0.3222,0,0,0,0,769288,70499400
10,true,MP,"2. NNI (Incremental)",58,false,Infinity,0.5511,0,0,0,0,1148248,70499400
10,true,MP,"2. NNI (Incremental)",59,false,Infinity,0.6640,0,0,0,0,1526168,70499400
10,true,MP,"2. NNI (Incremental)",60,false,Infinity,0.5794,0,0,0,0,1333568,70499400
10,true,MP,"2. NNI (Incremental)",61,false,Infinity,0.5329,0,0,0,0,1147560,70499400
10,true,MP,"2. NNI (Incremental)",62,false,Infinity,0.5135,0,0,0,0,1153280,70499400
10,true,MP,"2. NNI (Incremental)",63,false,Infinity,0.2927,0,0,0,0,586456,70499400
10,true,MP,"2. NNI (Incremental)",64,false,Infinity,0.5855,0,0,0,0,1333920,70499400
10,true,MP,"2. NNI (Incremental)",65,false,Infinity,0.6735,0,0,0,0,1536056,70499400
10,true,MP,"2. NNI (Incremental)",66,false,Infinity,0.6450,0,0,0,0,1486720,70499400
10,true,MP,"2. NNI (Incremental)",67,false,Infinity,0.7955,0,0,0,0,1884272,70499400
10,true,MP,"2. NNI (Incremental)",68,false,Infinity,0.1979,0,0,0,0,405128,70499400
10,true,MP,"2. NNI (Incremental)",69,false,Infinity,0.2817,0,0,0,0,582272,70499400
10,true,MP,"2. NNI (Incremental)",70,false,Infinity,0.8677,0,0,0,0,2096856,70499400
10,true,MP,"2. NNI (Incremental)",71,false,Infinity,0.3437,0,0,0,0,767768,70499400
10,true,MP,"2. NNI (Incremental)",72,false,Infinity,0.2860,0,0,0,0,600376,70499400
10,true,MP,"2. NNI (Incremental)",73,false,Infinity,0.2765,0,0,0,0,589624,70499400
10,true,MP,"2. NNI (Incremental)",74,false,Infinity,0.4295,0,0,0,0,964056,70499400
10,true,MP,"2. NNI (Incremental)",75,false,Infinity,0.6616,0,0,0,0,1511032,104053832
10,true,MP,"2. NNI (Incremental)",76,false,Infinity,0.1118,0,0,0,0,218080,104053832
10,true,MP,"2. NNI (Incremental)",77,false,Infinity,0.5018,0,0,0,0,1140688,104053832
10,true,MP,"2. NNI (Incremental)",78,false,Infinity,0.6490,0,0,0,0,1506392,104053832
10,true,MP,"2. NNI (Incremental)",79,false,Infinity,0.2815,0,0,0,0,584616,104053832
10,true,MP,"2. NNI (Incremental)",80,false,Infinity,0.5940,0,0,0,0,1359112,104053832
10,true,MP,"2. NNI (Incremental)",81,false,Infinity,1.1439,0,0,0,0,2767552,104053832
10,true,MP,"2. NNI (Incremental)",82,false,Infinity,0.5164,0,0,0,0,1164512,104053832
10,true,MP,"2. NNI (Incremental)",83,false,Infinity,0.2647,0,0,0,0,602736,104053832
10,true,MP,"2. NNI (Incremental)",84,false,Infinity,0.4997,0,0,0,0,1151072,104053832
10,true,MP,"2. NNI (Incremental)",85,false,Infinity,0.2790,0,0,0,0,581888,104053832
10,true,MP,"2. NNI (Incremental)",86,false,Infinity,0.3508,0,0,0,0,768344,104053832
10,true,MP,"2. NNI (Incremental)",87,false,Infinity,0.2231,0,0,0,0,397048,104053832
10,true,MP,"2. NNI (Incremental)",88,false,Infinity,0.5044,0,0,0,0,1128096,104053832
10,true,MP,"2. NNI (Incremental)",89,false,Infinity,0.8994,0,0,0,0,2248872,104053832
10,true,MP,"2. NNI (Incremental)",90,false,Infinity,0.6115,0,0,0,0,1510480,104053832
10,true,MP,"2. NNI (Incremental)",91,false,Infinity,0.5575,0,0,0,0,1316624,104053832
10,true,MP,"2. NNI (Incremental)",92,true,6.0000,0.4969,0,0,0,0,1146760,104053832
10,true,MP,"2. NNI (Incremental)",93,false,Infinity,0.5566,0,0,0,0,1297776,104053832
10,true,MP,"2. NNI (Incremental)",94,false,Infinity,0.1910,0,0,0,0,396216,104053832
10,true,MP,"2. NNI (Incremental)",95,false,Infinity,0.1797,0,0,0,0,390472,104053832
10,true,MP,"2. NNI (Incremental)",96,false,Infinity,0.3309,0,0,0,0,775848,104053832
10,true,MP,"2. NNI (Incremental)",97,false,Infinity,0.5595,0,0,0,0,1298784,104053832
10,true,MP,"2. NNI (Incremental)",98,false,Infinity,0.2656,0,0,0,0,577408,104053832
10,true,MP,"2. NNI (Incremental)",99,false,Infinity,0.4762,0,0,0,0,1115496,104053832
10,true,MP,"2. NNI (Incremental)",100,false,Infinity,0.6096,0,0,0,0,1504432,104053832
10,true,MP,"3. VND NNI->ECR->SPR (Classic)",1,true,12.0000,7.3371,994302,6236580,0,0,15452896,3414160
10,true,MP,"3. VND NNI->ECR->SPR (Classic)",2,true,12.0000,4.4944,751990,3717509,0,0,10461112,3414160
10,true,MP,"3. VND NNI->ECR->SPR (Classic)",3,true,11.0000,25.3501,383799,4844141,17476343,2619742,63473544,70523024
10,true,MP,"3. VND NNI->ECR->SPR (Classic)",4,true,13.0000,37.8265,401464,6993399,30394237,0,94861184,171186320
10,true,MP,"3. VND NNI->ECR->SPR (Classic)",5,true,18.0000,32.6408,488188,5467387,24228282,2421074,83412112,238295184
10,true,MP,"3. VND NNI->ECR->SPR (Classic)",6,true,14.0000,96.0239,456358,2054367,93462225,0,247842944,506730640
10,true,MP,"3. VND NNI->ECR->SPR (Classic)",7,true,12.0000,75.7527,530048,876035,74303683,0,188766184,674502800
10,true,MP,"3. VND NNI->ECR->SPR (Classic)",8,true,12.0000,72.6229,427803,858232,71295494,0,194262920,875829392
10,true,MP,"3. VND NNI->ECR->SPR (Classic)",9,true,16.0000,76.2205,504439,5803176,67378295,2480867,196027328,1077155984
10,true,MP,"3. VND NNI->ECR->SPR (Classic)",10,true,9.0000,37.9908,288188,5252708,32409499,0,97469160,1177819280
10,true,MP,"3. VND NNI->ECR->SPR (Classic)",11,true,12.0000,73.2279,679091,6317885,66186909,0,179793400,1345591440
10,true,MP,"3. VND NNI->ECR->SPR (Classic)",12,true,11.0000,50.8385,365014,4732400,43165763,2525963,134029024,1479809168
10,true,MP,"3. VND NNI->ECR->SPR (Classic)",13,true,14.0000,48.5623,425949,3604093,44487476,0,128219944,1614026896
10,true,MP,"3. VND NNI->ECR->SPR (Classic)",14,true,16.0000,24.5993,304067,4858909,14564816,4839603,62624184,1681135760
10,true,MP,"3. VND NNI->ECR->SPR (Classic)",15,true,18.0000,65.9562,681466,4554890,58161909,2502729,171237400,1848907920
10,true,MP,"3. VND NNI->ECR->SPR (Classic)",16,true,17.0000,53.7381,662440,1593600,48909274,2517618,140337744,1983125648
10,true,MP,"3. VND NNI->ECR->SPR (Classic)",17,true,14.0000,38.7428,936902,926673,36844883,0,88667496,2083788944
10,true,MP,"3. VND NNI->ECR->SPR (Classic)",18,true,16.0000,28.2123,377568,6894369,18446477,2458946,71457672,2150897808
10,true,MP,"3. VND NNI->ECR->SPR (Classic)",19,true,12.0000,31.8233,660607,947552,27710203,2475628,82361856,2251561104
10,true,MP,"3. VND NNI->ECR->SPR (Classic)",20,true,12.0000,20.4902,471056,3049770,14398811,2542474,52969232,2285115536
10,true,MP,"3. VND NNI->ECR->SPR (Classic)",21,true,13.0000,62.4919,598638,1806886,57666977,2375087,148716648,2452887696
10,true,MP,"3. VND NNI->ECR->SPR (Classic)",22,true,10.0000,134.7857,418486,807065,133516902,0,333168784,2788432016
10,true,MP,"3. VND NNI->ECR->SPR (Classic)",23,true,14.0000,23.5924,370595,3014984,15363284,4812652,59004144,2821986448
10,true,MP,"3. VND NNI->ECR->SPR (Classic)",24,true,15.0000,3.7876,791796,2977893,0,0,9656952,2855540880
10,true,MP,"3. VND NNI->ECR->SPR (Classic)",25,true,12.0000,65.9239,298517,6265094,59325041,0,172910976,3023313040
10,true,MP,"3. VND NNI->ECR->SPR (Classic)",26,true,11.0000,4.4489,467931,3959549,0,0,11183736,3023313040
10,true,MP,"3. VND NNI->ECR->SPR (Classic)",27,true,16.0000,66.8416,351229,5119004,58827815,2497749,172088192,3191085200
10,true,MP,"3. VND NNI->ECR->SPR (Classic)",28,true,17.0000,48.2940,944045,993028,46323017,0,119385656,3325302928
10,true,MP,"3. VND NNI->ECR->SPR (Classic)",29,true,17.0000,29.1007,571957,5831048,20232404,2428658,75167392,3392411792
10,true,MP,"3. VND NNI->ECR->SPR (Classic)",30,true,11.0000,0.7334,718797,0,0,0,1904224,3392411792
10,true,MP,"3. VND NNI->ECR->SPR (Classic)",31,true,19.0000,24.2422,483890,4229733,14794814,4711790,60969208,3459520656
10,true,MP,"3. VND NNI->ECR->SPR (Classic)",32,true,12.0000,86.2585,373109,5377686,80467405,0,214191312,3660847248
10,true,MP,"3. VND NNI->ECR->SPR (Classic)",33,true,14.0000,66.1466,506835,3474456,62119695,0,175196408,3828619408
10,true,MP,"3. VND NNI->ECR->SPR (Classic)",34,true,13.0000,66.4089,502365,3818991,59491878,2544850,171204424,4029946000
10,true,MP,"3. VND NNI->ECR->SPR (Classic)",35,true,4.0000,56.8941,274892,3552355,53041382,0,143710696,4164163728
10,true,MP,"3. VND NNI->ECR->SPR (Classic)",36,true,19.0000,20.1484,961108,895293,15973204,2295284,47546928,4197718160
10,true,MP,"3. VND NNI->ECR->SPR (Classic)",37,true,14.0000,87.0012,494890,1918158,82057148,2494043,223613848,4432599184
10,true,MP,"3. VND NNI->ECR->SPR (Classic)",38,true,12.0000,40.9225,292085,7290593,30858650,2449308,106415816,4533262480
10,true,MP,"3. VND NNI->ECR->SPR (Classic)",39,true,15.0000,5.7391,580534,5133462,0,0,14504384,4566816912
10,true,MP,"3. VND NNI->ECR->SPR (Classic)",40,true,11.0000,40.8443,609118,6432232,33775386,0,99925792,4667480208
10,true,MP,"3. VND NNI->ECR->SPR (Classic)",41,true,14.0000,6.4006,521712,5857328,0,0,15841592,4667480208
10,true,MP,"3. VND NNI->ECR->SPR (Classic)",42,true,13.0000,21.6867,404698,3860441,14915443,2483673,55724888,4734589072
10,true,MP,"3. VND NNI->ECR->SPR (Classic)",43,true,16.0000,21.9984,528905,882388,15763806,4804386,53721112,4768143504
10,true,MP,"3. VND NNI->ECR->SPR (Classic)",44,true,12.0000,69.6828,505382,4033741,62606010,2502639,177807856,4969470096
10,true,MP,"3. VND NNI->ECR->SPR (Classic)",45,true,15.0000,67.1618,662188,5102693,61366693,0,156562536,5103687824
10,true,MP,"3. VND NNI->ECR->SPR (Classic)",46,true,15.0000,49.6577,383469,4948259,44293367,0,128242488,5237905552
10,true,MP,"3. VND NNI->ECR->SPR (Classic)",47,true,14.0000,36.5429,619688,5496342,27876148,2519461,92968680,5338568848
10,true,MP,"3. VND NNI->ECR->SPR (Classic)",48,true,9.0000,39.7537,393539,3201679,36132859,0,100843704,5439232144
10,true,MP,"3. VND NNI->ECR->SPR (Classic)",49,true,15.0000,4.0305,609980,3393012,0,0,10759024,5439232144
10,true,MP,"3. VND NNI->ECR->SPR (Classic)",50,true,18.0000,34.3832,491005,7207726,24197153,2452654,87257504,5539895440
10,true,MP,"3. VND NNI->ECR->SPR (Classic)",51,true,14.0000,24.3707,734206,3586230,17520526,2505675,63329864,5607004304
10,true,MP,"3. VND NNI->ECR->SPR (Classic)",52,true,12.0000,45.3490,345507,5264491,39709961,0,115012032,5707667600
10,true,MP,"3. VND NNI->ECR->SPR (Classic)",53,true,15.0000,56.7250,602797,1619710,52031572,2439509,146895288,5841885328
10,true,MP,"3. VND NNI->ECR->SPR (Classic)",54,true,15.0000,13.2376,585724,670635,9422197,2534850,33535384,5875439760
10,true,MP,"3. VND NNI->ECR->SPR (Classic)",55,true,19.0000,22.1290,763060,3949270,14898901,2485326,56880576,5942548624
10,true,MP,"3. VND NNI->ECR->SPR (Classic)",56,true,9.0000,27.1755,348163,3056032,23748820,0,70834832,6009657488
10,true,MP,"3. VND NNI->ECR->SPR (Classic)",57,true,21.0000,26.2435,438173,5427591,15475929,4874519,65391376,6076766352
10,true,MP,"3. VND NNI->ECR->SPR (Classic)",58,true,15.0000,15.3116,569423,2726444,9516035,2477902,39414560,6110320784
10,true,MP,"3. VND NNI->ECR->SPR (Classic)",59,true,13.0000,66.9386,692787,3243998,62975883,0,162211080,6278092944
10,true,MP,"3. VND NNI->ECR->SPR (Classic)",60,true,15.0000,33.3120,643183,4623892,25577357,2438136,83363936,6378756240
10,true,MP,"3. VND NNI->ECR->SPR (Classic)",61,true,12.0000,22.3502,507716,2750780,19066876,0,56980504,6412310672
10,true,MP,"3. VND NNI->ECR->SPR (Classic)",62,true,20.0000,44.1709,629437,3270179,37812323,2424400,113206856,6546528400
10,true,MP,"3. VND NNI->ECR->SPR (Classic)",63,true,10.0000,73.1679,352060,4049140,68734543,0,190172032,6714300560
10,true,MP,"3. VND NNI->ECR->SPR (Classic)",64,true,22.0000,28.0505,547230,1161188,19220128,7100041,66578472,6781409424
10,true,MP,"3. VND NNI->ECR->SPR (Classic)",65,true,12.0000,64.9438,580193,872539,63463510,0,168255056,6949181584
10,true,MP,"3. VND NNI->ECR->SPR (Classic)",66,true,18.0000,34.0417,653373,5162707,25815169,2380276,83137352,7049844880
10,true,MP,"3. VND NNI->ECR->SPR (Classic)",67,true,15.0000,13.4321,706604,669323,9625574,2410914,34058416,7083399312
10,true,MP,"3. VND NNI->ECR->SPR (Classic)",68,true,16.0000,85.0118,314739,5174651,79477442,0,216072584,7284725904
10,true,MP,"3. VND NNI->ECR->SPR (Classic)",69,true,14.0000,81.6752,366185,5336807,75931770,0,196677000,7486052496
10,true,MP,"3. VND NNI->ECR->SPR (Classic)",70,true,12.0000,1.8471,781786,1046931,0,0,4625760,7486052496
10,true,MP,"3. VND NNI->ECR->SPR (Classic)",71,true,17.0000,24.5975,413357,4331176,14911415,4915618,61578792,7553161360
10,true,MP,"3. VND NNI->ECR->SPR (Classic)",72,true,12.0000,32.6960,358833,5348309,24509887,2451902,83199560,7653824656
10,true,MP,"3. VND NNI->ECR->SPR (Classic)",73,true,17.0000,25.5407,368551,4894868,15442044,4808424,63328040,7720933520
10,true,MP,"3. VND NNI->ECR->SPR (Classic)",74,true,14.0000,29.3652,439887,5271244,21138607,2487901,75186224,7788042384
10,true,MP,"3. VND NNI->ECR->SPR (Classic)",75,true,16.0000,26.4130,785484,1051549,22203452,2351842,61507584,7855151248
10,true,MP,"3. VND NNI->ECR->SPR (Classic)",76,true,11.0000,87.7004,230529,5569179,79307939,2540681,223252304,8056477840
10,true,MP,"3. VND NNI->ECR->SPR (Classic)",77,true,11.0000,66.8733,470043,1949497,62081873,2342575,155238896,8224250000
10,true,MP,"3. VND NNI->ECR->SPR (Classic)",78,true,11.0000,107.3246,591004,1127544,105576722,0,239972896,8459131024
10,true,MP,"3. VND NNI->ECR->SPR (Classic)",79,true,8.0000,42.5162,520349,920871,41051452,0,100278712,8559794320
10,true,MP,"3. VND NNI->ECR->SPR (Classic)",80,true,10.0000,113.6345,615199,2175286,108366777,2438657,289457088,8861784208
10,true,MP,"3. VND NNI->ECR->SPR (Classic)",81,true,22.0000,14.6433,1061950,736530,10655773,2162502,34208408,8895338640
10,true,MP,"3. VND NNI->ECR->SPR (Classic)",82,true,13.0000,75.8430,541300,1806565,70933745,2530732,196777328,9096665232
10,true,MP,"3. VND NNI->ECR->SPR (Classic)",83,true,10.0000,47.1605,370674,6926651,39832534,0,120109184,9197328528
10,true,MP,"3. VND NNI->ECR->SPR (Classic)",84,true,7.0000,2.1151,443905,1656330,0,0,5434664,9197328528
10,true,MP,"3. VND NNI->ECR->SPR (Classic)",85,true,8.0000,46.8132,375033,3001167,43412202,0,121324192,9331546256
10,true,MP,"3. VND NNI->ECR->SPR (Classic)",86,true,16.0000,35.1981,434658,7431953,24869852,2429069,88615208,9432209552
10,true,MP,"3. VND NNI->ECR->SPR (Classic)",87,true,12.0000,81.6143,366157,6149472,72550109,2511466,210182976,9633536144
10,true,MP,"3. VND NNI->ECR->SPR (Classic)",88,true,11.0000,7.6113,375875,7208898,0,0,20130944,9633536144
10,true,MP,"3. VND NNI->ECR->SPR (Classic)",89,true,13.0000,2.9169,881245,2016906,0,0,7332080,9667090576
10,true,MP,"3. VND NNI->ECR->SPR (Classic)",90,true,20.0000,59.3845,671868,1501676,54679937,2497599,152659264,9801308304
10,true,MP,"3. VND NNI->ECR->SPR (Classic)",91,true,18.0000,28.8072,462449,7551911,18192465,2568264,73619640,9868417168
10,true,MP,"3. VND NNI->ECR->SPR (Classic)",92,true,6.0000,0.3980,387667,0,0,0,1030920,9868417168
10,true,MP,"3. VND NNI->ECR->SPR (Classic)",93,true,18.0000,20.9478,639295,2606637,12954474,4725626,50224568,9935526032
10,true,MP,"3. VND NNI->ECR->SPR (Classic)",94,true,14.0000,57.0084,349275,3996159,50161956,2467252,147316008,10069743760
10,true,MP,"3. VND NNI->ECR->SPR (Classic)",95,true,10.0000,6.6206,242812,6354924,0,0,17579192,10103298192
10,true,MP,"3. VND NNI->ECR->SPR (Classic)",96,true,17.0000,55.5813,499930,4912693,47702530,2428969,143482760,10237515920
10,true,MP,"3. VND NNI->ECR->SPR (Classic)",97,true,18.0000,32.7218,592817,5583887,24154421,2361450,75166704,10306394256
10,true,MP,"3. VND NNI->ECR->SPR (Classic)",98,true,9.0000,46.4945,358301,4861304,41241173,0,121568936,139401360
10,true,MP,"3. VND NNI->ECR->SPR (Classic)",99,true,10.0000,49.0568,575014,914479,47539941,0,113175600,240064656
10,true,MP,"3. VND NNI->ECR->SPR (Classic)",100,true,7.0000,55.7988,587417,1028496,54147705,0,136287728,374282384
10,true,MP,"4. VND NNI->SPR (Classic)",1,true,14.0000,7.6063,475955,0,0,7096133,18305616,3448552
10,true,MP,"4. VND NNI->SPR (Classic)",2,true,14.0000,5.7376,651628,0,0,5067276,13618864,3448552
10,true,MP,"4. VND NNI->SPR (Classic)",3,true,13.0000,10.4544,300972,0,0,10140403,25329040,37002984
10,true,MP,"4. VND NNI->SPR (Classic)",4,true,18.0000,10.3869,301433,0,0,10071933,25048376,70557416
10,true,MP,"4. VND NNI->SPR (Classic)",5,true,19.0000,7.8813,400211,0,0,7467570,19188272,104111848
10,true,MP,"4. VND NNI->SPR (Classic)",6,true,22.0000,10.3136,371056,0,0,9931235,25099024,104111848
10,true,MP,"4. VND NNI->SPR (Classic)",7,true,13.0000,5.3340,526692,0,0,4793395,12991256,137666280
10,true,MP,"4. VND NNI->SPR (Classic)",8,true,16.0000,8.0394,407826,0,0,7617595,19588504,137666280
10,true,MP,"4. VND NNI->SPR (Classic)",9,true,19.0000,12.5529,362349,0,0,12178609,30566528,171220712
10,true,MP,"4. VND NNI->SPR (Classic)",10,true,16.0000,9.5304,212033,0,0,9307670,23316312,204775144
10,true,MP,"4. VND NNI->SPR (Classic)",11,true,17.0000,7.7499,598959,0,0,7135799,19179176,204775144
10,true,MP,"4. VND NNI->SPR (Classic)",12,true,17.0000,10.2653,226040,0,0,10028449,25024608,238329576
10,true,MP,"4. VND NNI->SPR (Classic)",13,true,24.0000,10.3647,349796,0,0,10003733,25192232,271884008
10,true,MP,"4. VND NNI->SPR (Classic)",14,true,16.0000,10.2709,217364,0,0,10043138,25039280,305438440
10,true,MP,"4. VND NNI->SPR (Classic)",15,true,21.0000,10.3695,535027,0,0,9820084,25297808,305438440
10,true,MP,"4. VND NNI->SPR (Classic)",16,true,18.0000,5.6491,570044,0,0,5063429,13935848,338992872
10,true,MP,"4. VND NNI->SPR (Classic)",17,true,17.0000,3.2485,934097,0,0,2293000,8154384,338992872
10,true,MP,"4. VND NNI->SPR (Classic)",18,true,19.0000,10.2820,282768,0,0,9987793,24957592,372547304
10,true,MP,"4. VND NNI->SPR (Classic)",19,true,12.0000,3.1438,660866,0,0,2465859,7795040,372547304
10,true,MP,"4. VND NNI->SPR (Classic)",20,true,13.0000,5.3539,401353,0,0,4940014,13078776,372547304
10,true,MP,"4. VND NNI->SPR (Classic)",21,true,13.0000,5.3287,516873,0,0,4795950,12947424,406101736
10,true,MP,"4. VND NNI->SPR (Classic)",22,true,24.0000,9.7651,413356,0,0,9339159,23873328,439656168
10,true,MP,"4. VND NNI->SPR (Classic)",23,true,14.0000,7.6385,281325,0,0,7346289,18596768,439656168
10,true,MP,"4. VND NNI->SPR (Classic)",24,true,16.0000,3.2062,754114,0,0,2433567,8043216,439656168
10,true,MP,"4. VND NNI->SPR (Classic)",25,true,16.0000,10.3709,222244,0,0,10136795,25118192,473210600
10,true,MP,"4. VND NNI->SPR (Classic)",26,true,12.0000,5.2235,457318,0,0,4753039,12838032,473210600
10,true,MP,"4. VND NNI->SPR (Classic)",27,true,18.0000,9.9420,217794,0,0,9713591,24150536,506765032
10,true,MP,"4. VND NNI->SPR (Classic)",28,true,19.0000,3.3946,930209,0,0,2441022,8573352,506765032
10,true,MP,"4. VND NNI->SPR (Classic)",29,true,19.0000,8.0856,470475,0,0,7601164,19664920,540319464
10,true,MP,"4. VND NNI->SPR (Classic)",30,true,11.0000,0.7267,710551,0,0,0,1904224,540319464
10,true,MP,"4. VND NNI->SPR (Classic)",31,true,21.0000,7.7396,390964,0,0,7336501,18858968,573873896
10,true,MP,"4. VND NNI->SPR (Classic)",32,true,16.0000,12.3571,297896,0,0,12047880,30094512,607428328
10,true,MP,"4. VND NNI->SPR (Classic)",33,true,18.0000,7.9565,426902,0,0,7516252,19303776,607428328
10,true,MP,"4. VND NNI->SPR (Classic)",34,true,16.0000,7.8576,344545,0,0,7500983,19116688,640982760
10,true,MP,"4. VND NNI->SPR (Classic)",35,true,8.0000,5.0992,203858,0,0,4880981,12506064,640982760
10,true,MP,"4. VND NNI->SPR (Classic)",36,true,19.0000,3.2408,946098,0,0,2272651,8163104,640982760
10,true,MP,"4. VND NNI->SPR (Classic)",37,true,16.0000,7.7057,425268,0,0,7267981,18708240,674537192
10,true,MP,"4. VND NNI->SPR (Classic)",38,true,16.0000,10.3830,244445,0,0,10123100,25146208,708091624
10,true,MP,"4. VND NNI->SPR (Classic)",39,true,17.0000,7.9326,558753,0,0,7359004,19315768,708091624
10,true,MP,"4. VND NNI->SPR (Classic)",40,true,14.0000,7.7705,538464,0,0,7217535,19039728,741646056
10,true,MP,"4. VND NNI->SPR (Classic)",41,true,21.0000,10.0707,522814,0,0,9533809,24619872,775200488
10,true,MP,"4. VND NNI->SPR (Classic)",42,true,15.0000,7.8373,337692,0,0,7487959,19035760,775200488
10,true,MP,"4. VND NNI->SPR (Classic)",43,true,16.0000,5.3113,518416,0,0,4777936,13039624,775200488
10,true,MP,"4. VND NNI->SPR (Classic)",44,true,15.0000,7.9151,360014,0,0,7542853,19261104,808754920
10,true,MP,"4. VND NNI->SPR (Classic)",45,true,16.0000,7.5416,582067,0,0,6943544,18467696,842309352
10,true,MP,"4. VND NNI->SPR (Classic)",46,true,21.0000,13.0732,303568,0,0,12758331,31612640,875863784
10,true,MP,"4. VND NNI->SPR (Classic)",47,true,16.0000,8.1400,564333,0,0,7559856,19760400,875863784
10,true,MP,"4. VND NNI->SPR (Classic)",48,true,12.0000,5.3147,324717,0,0,4979349,13056360,909418216
10,true,MP,"4. VND NNI->SPR (Classic)",49,true,15.0000,5.6733,587297,0,0,5069761,13919904,909418216
10,true,MP,"4. VND NNI->SPR (Classic)",50,true,18.0000,10.3768,422694,0,0,9940923,25263376,942972648
10,true,MP,"4. VND NNI->SPR (Classic)",51,true,16.0000,5.6144,643492,0,0,4952878,13878408,942972648
10,true,MP,"4. VND NNI->SPR (Classic)",52,true,14.0000,7.7707,272849,0,0,7482298,18932504,976527080
10,true,MP,"4. VND NNI->SPR (Classic)",53,true,17.0000,5.5018,517294,0,0,4966755,13562880,976527080
10,true,MP,"4. VND NNI->SPR (Classic)",54,true,15.0000,3.0802,567089,0,0,2497810,7619960,976527080
10,true,MP,"4. VND NNI->SPR (Classic)",55,true,20.0000,5.7586,669153,0,0,5071133,14041528,1010081512
10,true,MP,"4. VND NNI->SPR (Classic)",56,true,10.0000,7.7528,284852,0,0,7455848,18778264,1010081512
10,true,MP,"4. VND NNI->SPR (Classic)",57,true,21.0000,10.4063,357199,0,0,10036996,25098032,1043635944
10,true,MP,"4. VND NNI->SPR (Classic)",58,true,16.0000,5.5180,499631,0,0,5004417,13562272,1043635944
10,true,MP,"4. VND NNI->SPR (Classic)",59,true,17.0000,7.9369,613597,0,0,7306484,19261952,1077190376
10,true,MP,"4. VND NNI->SPR (Classic)",60,true,17.0000,5.5527,571055,0,0,4966254,13573616,1077190376
10,true,MP,"4. VND NNI->SPR (Classic)",61,true,13.0000,5.4522,441059,0,0,4997753,13268000,1110744808
10,true,MP,"4. VND NNI->SPR (Classic)",62,true,22.0000,7.8437,486325,0,0,7343143,19093752,1110744808
10,true,MP,"4. VND NNI->SPR (Classic)",63,true,17.0000,10.2969,280754,0,0,10005106,25071248,1144299240
10,true,MP,"4. VND NNI->SPR (Classic)",64,true,22.0000,7.7116,534596,0,0,7161979,18799592,1177853672
10,true,MP,"4. VND NNI->SPR (Classic)",65,true,15.0000,5.6987,584170,0,0,5098636,13865672,1177853672
10,true,MP,"4. VND NNI->SPR (Classic)",66,true,19.0000,7.8041,579733,0,0,7209569,19225432,1211408104
10,true,MP,"4. VND NNI->SPR (Classic)",67,true,15.0000,3.1328,699681,0,0,2413870,7793928,1211408104
10,true,MP,"4. VND NNI->SPR (Classic)",68,true,21.0000,12.9261,252720,0,0,12662639,31162016,1244962536
10,true,MP,"4. VND NNI->SPR (Classic)",69,true,20.0000,9.8501,295812,0,0,9542466,23867160,1278516968
10,true,MP,"4. VND NNI->SPR (Classic)",70,true,12.0000,3.1393,783470,0,0,2334769,7778720,1278516968
10,true,MP,"4. VND NNI->SPR (Classic)",71,true,20.0000,10.1781,350115,0,0,9816717,24651656,1312071400
10,true,MP,"4. VND NNI->SPR (Classic)",72,true,14.0000,7.7951,281985,0,0,7501896,18933736,1312071400
10,true,MP,"4. VND NNI->SPR (Classic)",73,true,18.0000,10.3848,312585,0,0,10060661,25080168,1345625832
10,true,MP,"4. VND NNI->SPR (Classic)",74,true,21.0000,13.0544,370614,0,0,12672127,31522384,1379180264
10,true,MP,"4. VND NNI->SPR (Classic)",75,true,16.0000,3.1417,772128,0,0,2350881,7734048,1379180264
10,true,MP,"4. VND NNI->SPR (Classic)",76,true,14.0000,12.8064,100030,0,0,12696453,30954992,1412734696
10,true,MP,"4. VND NNI->SPR (Classic)",77,true,12.0000,5.1026,399429,0,0,4691461,12514472,1412734696
10,true,MP,"4. VND NNI->SPR (Classic)",78,true,15.0000,5.2754,604149,0,0,4651174,12907176,1446289128
10,true,MP,"4. VND NNI->SPR (Classic)",79,true,11.0000,3.0883,507485,0,0,2564988,7603584,1446289128
10,true,MP,"4. VND NNI->SPR (Classic)",80,true,14.0000,5.4455,549545,0,0,4881092,13293632,1446289128
10,true,MP,"4. VND NNI->SPR (Classic)",81,true,22.0000,3.2494,1051258,0,0,2176018,8299504,1479843560
10,true,MP,"4. VND NNI->SPR (Classic)",82,true,15.0000,5.4995,461919,0,0,5024675,13454624,1479843560
10,true,MP,"4. VND NNI->SPR (Classic)",83,true,13.0000,10.1815,296934,0,0,9873395,24843936,1513397992
10,true,MP,"4. VND NNI->SPR (Classic)",84,true,8.0000,2.9207,440679,0,0,2467052,7228936,1513397992
10,true,MP,"4. VND NNI->SPR (Classic)",85,true,15.0000,10.2230,302705,0,0,9909604,24872296,1546952424
10,true,MP,"4. VND NNI->SPR (Classic)",86,true,18.0000,12.3369,363482,0,0,11961576,30070424,1580506856
10,true,MP,"4. VND NNI->SPR (Classic)",87,true,17.0000,10.0928,225448,0,0,9856914,24590184,1580506856
10,true,MP,"4. VND NNI->SPR (Classic)",88,true,18.0000,12.8206,365155,0,0,12443903,30978296,1614061288
10,true,MP,"4. VND NNI->SPR (Classic)",89,true,14.0000,3.3062,847481,0,0,2437626,8186944,1614061288
10,true,MP,"4. VND NNI->SPR (Classic)",90,true,25.0000,8.1560,611493,0,0,7528716,19875848,1647615720
10,true,MP,"4. VND NNI->SPR (Classic)",91,true,20.0000,10.5286,360906,0,0,10156233,25550696,1681170152
10,true,MP,"4. VND NNI->SPR (Classic)",92,true,6.0000,0.3987,389671,0,0,0,1030920,1681170152
10,true,MP,"4. VND NNI->SPR (Classic)",93,true,18.0000,7.6854,541009,0,0,7132633,18850528,1681170152
10,true,MP,"4. VND NNI->SPR (Classic)",94,true,14.0000,7.7486,225550,0,0,7510391,18882936,1714724584
10,true,MP,"4. VND NNI->SPR (Classic)",95,true,16.0000,12.6881,235348,0,0,12442260,30958824,1748279016
10,true,MP,"4. VND NNI->SPR (Classic)",96,true,17.0000,10.3992,352640,0,0,10034902,25154240,1781833448
10,true,MP,"4. VND NNI->SPR (Classic)",97,true,20.0000,7.8283,518025,0,0,7297998,19185704,1781833448
10,true,MP,"4. VND NNI->SPR (Classic)",98,true,14.0000,10.0366,288178,0,0,9737316,24530904,1815387880
10,true,MP,"4. VND NNI->SPR (Classic)",99,true,15.0000,5.3149,574353,0,0,4728361,13194000,1815387880
10,true,MP,"4. VND NNI->SPR (Classic)",100,true,11.0000,3.0153,579482,0,0,2422247,7496544,1848942312
10,true,MP,"5. VND NNI->ECR->SPR (Inc)",1,true,11.0000,14.8443,960476,13639776,0,0,15564856,37023904
10,true,MP,"5. VND NNI->ECR->SPR (Inc)",2,true,12.0000,4.3891,622263,3733249,0,0,11064216,37023904
10,true,MP,"5. VND NNI->ECR->SPR (Inc)",3,true,11.0000,14.4664,321771,4739011,7994631,1372790,33551032,70578336
10,true,MP,"5. VND NNI->ECR->SPR (Inc)",4,true,13.0000,20.6186,351348,6717122,13516292,0,54063224,137687200
10,true,MP,"5. VND NNI->ECR->SPR (Inc)",5,true,16.0000,17.1905,651820,5357678,10555893,544305,37088432,171241632
10,true,MP,"5. VND NNI->ECR->SPR (Inc)",6,true,16.0000,42.0271,413535,3272593,38261137,0,108365960,271904928
10,true,MP,"5. VND NNI->ECR->SPR (Inc)",7,true,13.0000,31.8498,479200,3360080,27952864,0,88018752,372568224
10,true,MP,"5. VND NNI->ECR->SPR (Inc)",8,true,12.0000,29.0097,417082,808457,27736343,0,85451152,439677088
10,true,MP,"5. VND NNI->ECR->SPR (Inc)",9,true,20.0000,14.6715,414879,6902887,6906463,393027,41199752,506785952
10,true,MP,"5. VND NNI->ECR->SPR (Inc)",10,true,11.0000,18.6200,305171,5345535,12932903,0,53510864,540340384
10,true,MP,"5. VND NNI->ECR->SPR (Inc)",11,true,14.0000,5.0610,592926,4442117,0,0,14404416,573894816
10,true,MP,"5. VND NNI->ECR->SPR (Inc)",12,true,11.0000,22.0215,336158,4482604,16847857,314317,66816976,641003680
10,true,MP,"5. VND NNI->ECR->SPR (Inc)",13,true,19.0000,8.2300,510981,3475089,3919844,291505,26533744,641003680
10,true,MP,"5. VND NNI->ECR->SPR (Inc)",14,true,16.0000,10.1559,257830,4045723,5332400,490192,32571176,674558112
10,true,MP,"5. VND NNI->ECR->SPR (Inc)",15,true,20.0000,22.1666,688227,2966130,18206752,273120,72695872,775221408
10,true,MP,"5. VND NNI->ECR->SPR (Inc)",16,true,17.0000,21.3249,632953,1342293,19058231,259192,69984936,842330272
10,true,MP,"5. VND NNI->ECR->SPR (Inc)",17,true,14.0000,12.8981,925380,697917,11250264,0,40631608,875884704
10,true,MP,"5. VND NNI->ECR->SPR (Inc)",18,true,15.0000,12.1923,320970,5576946,6002965,262379,39408848,909439136
10,true,MP,"5. VND NNI->ECR->SPR (Inc)",19,true,17.0000,12.4466,473381,4399466,7276006,269041,40617808,942993568
10,true,MP,"5. VND NNI->ECR->SPR (Inc)",20,true,12.0000,8.8318,475884,2645030,5327271,345126,28086392,976548000
10,true,MP,"5. VND NNI->ECR->SPR (Inc)",21,true,13.0000,20.3465,577548,1363072,18110138,254754,64751888,1043656864
10,true,MP,"5. VND NNI->ECR->SPR (Inc)",22,true,10.0000,40.3760,369412,599811,39383311,0,133013728,1177874592
10,true,MP,"5. VND NNI->ECR->SPR (Inc)",23,true,14.0000,8.8604,347321,2546222,5418403,516853,27617872,1211429024
10,true,MP,"5. VND NNI->ECR->SPR (Inc)",24,true,14.0000,3.0698,694250,2353465,0,0,9828224,1211429024
10,true,MP,"5. VND NNI->ECR->SPR (Inc)",25,true,12.0000,25.8406,268693,4956146,20585745,0,85420120,1312092320
10,true,MP,"5. VND NNI->ECR->SPR (Inc)",26,true,10.0000,2.2795,655797,1597969,0,0,7103264,1312092320
10,true,MP,"5. VND NNI->ECR->SPR (Inc)",27,true,17.0000,10.2068,256889,4343339,5246467,323986,32594120,1345646752
10,true,MP,"5. VND NNI->ECR->SPR (Inc)",28,true,17.0000,17.9710,777579,3080848,14077640,0,57708152,1412755616
10,true,MP,"5. VND NNI->ECR->SPR (Inc)",29,true,17.0000,12.2312,503598,4962417,6489991,228645,39491632,1446310048
10,true,MP,"5. VND NNI->ECR->SPR (Inc)",30,true,12.0000,2.2801,642712,1612797,0,0,7374392,1446310048
10,true,MP,"5. VND NNI->ECR->SPR (Inc)",31,true,19.0000,9.2534,442191,3295287,5090019,381535,30119448,1479864480
10,true,MP,"5. VND NNI->ECR->SPR (Inc)",32,true,14.0000,30.2778,391235,3608021,26033675,207505,97284760,1580527776
10,true,MP,"5. VND NNI->ECR->SPR (Inc)",33,true,14.0000,25.0922,431270,2771320,21861180,0,83476480,1647636640
10,true,MP,"5. VND NNI->ECR->SPR (Inc)",34,true,13.0000,24.9552,440027,3260540,21004230,214258,82723400,1748299936
10,true,MP,"5. VND NNI->ECR->SPR (Inc)",35,true,4.0000,18.5416,254303,2896379,15359327,0,61316464,1815408800
10,true,MP,"5. VND NNI->ECR->SPR (Inc)",36,true,17.0000,7.1364,805372,694341,5414566,190743,22430608,1815408800
10,true,MP,"5. VND NNI->ECR->SPR (Inc)",37,true,14.0000,29.8378,446169,1439147,27734941,185533,100408008,1916072096
10,true,MP,"5. VND NNI->ECR->SPR (Inc)",38,true,12.0000,13.2274,257420,5636938,7306143,0,43887936,1983180960
10,true,MP,"5. VND NNI->ECR->SPR (Inc)",39,true,15.0000,4.6138,510181,4079398,0,0,14850496,1983180960
10,true,MP,"5. VND NNI->ECR->SPR (Inc)",40,true,12.0000,14.9521,568721,3493192,10861834,0,47854760,2016735392
10,true,MP,"5. VND NNI->ECR->SPR (Inc)",41,true,14.0000,4.8166,434948,4358298,0,0,15446064,2050289824
10,true,MP,"5. VND NNI->ECR->SPR (Inc)",42,true,13.0000,9.1765,377167,3257685,5319105,195191,30290688,2083844256
10,true,MP,"5. VND NNI->ECR->SPR (Inc)",43,true,16.0000,6.7109,503639,672589,5133592,375845,21737432,2083844256
10,true,MP,"5. VND NNI->ECR->SPR (Inc)",44,true,14.0000,26.2335,489652,3407119,22115874,187887,86506704,2184507552
10,true,MP,"5. VND NNI->ECR->SPR (Inc)",45,true,12.0000,17.4536,758903,774192,15897200,0,56561552,2251616416
10,true,MP,"5. VND NNI->ECR->SPR (Inc)",46,true,15.0000,20.1931,320229,4084467,15761471,0,67262544,2318725280
10,true,MP,"5. VND NNI->ECR->SPR (Inc)",47,true,16.0000,32.3893,635598,3551523,27975398,189821,106747184,2419388576
10,true,MP,"5. VND NNI->ECR->SPR (Inc)",48,true,9.0000,15.1737,381445,2695166,12070472,0,49704416,2452943008
10,true,MP,"5. VND NNI->ECR->SPR (Inc)",49,true,13.0000,3.3537,488238,2842285,0,0,11197336,2486497440
10,true,MP,"5. VND NNI->ECR->SPR (Inc)",50,true,17.0000,13.7236,439867,5718905,7332834,193849,45014368,2520051872
10,true,MP,"5. VND NNI->ECR->SPR (Inc)",51,true,14.0000,9.7714,684361,2869457,5980382,193809,32707976,2553606304
10,true,MP,"5. VND NNI->ECR->SPR (Inc)",52,true,12.0000,17.3445,316863,4304616,12694569,0,56844344,2620715168
10,true,MP,"5. VND NNI->ECR->SPR (Inc)",53,true,16.0000,5.3157,658822,569062,3868717,194008,17826648,2620715168
10,true,MP,"5. VND NNI->ECR->SPR (Inc)",54,true,15.0000,5.3198,558631,586525,3952245,198778,17552960,2654269600
10,true,MP,"5. VND NNI->ECR->SPR (Inc)",55,true,19.0000,9.6109,683630,3366561,5342098,191454,31819976,2687824032
10,true,MP,"5. VND NNI->ECR->SPR (Inc)",56,true,9.0000,11.5643,395963,2068364,9071220,0,37891744,2721378464
10,true,MP,"5. VND NNI->ECR->SPR (Inc)",57,true,21.0000,10.5102,375724,4452517,5292394,360626,33985984,2754932896
10,true,MP,"5. VND NNI->ECR->SPR (Inc)",58,true,14.0000,7.0684,490704,2412237,3943319,194881,23088400,2788487328
10,true,MP,"5. VND NNI->ECR->SPR (Inc)",59,true,14.0000,4.3181,562731,3732598,0,0,13984088,2788487328
10,true,MP,"5. VND NNI->ECR->SPR (Inc)",60,true,14.0000,11.4593,560335,3484054,7191485,193518,38346264,2822041760
10,true,MP,"5. VND NNI->ECR->SPR (Inc)",61,true,12.0000,10.8138,489209,2404652,7893770,0,34923216,2855596192
10,true,MP,"5. VND NNI->ECR->SPR (Inc)",62,true,20.0000,19.2691,567509,2886187,15589575,191995,62397392,2922705056
10,true,MP,"5. VND NNI->ECR->SPR (Inc)",63,true,10.0000,27.1887,312014,3315153,23536797,0,91663072,3023368352
10,true,MP,"5. VND NNI->ECR->SPR (Inc)",64,true,22.0000,7.6482,502426,760866,5833322,524267,24818344,3023368352
10,true,MP,"5. VND NNI->ECR->SPR (Inc)",65,true,11.0000,19.1180,549305,694540,17850734,0,64461864,3090477216
10,true,MP,"5. VND NNI->ECR->SPR (Inc)",66,true,18.0000,11.9514,612065,3882382,7240057,186244,39071808,3157586080
10,true,MP,"5. VND NNI->ECR->SPR (Inc)",67,true,15.0000,5.3818,682649,581626,3894876,197836,17484664,3157586080
10,true,MP,"5. VND NNI->ECR->SPR (Inc)",68,true,16.0000,39.1504,321642,6628156,31977196,191414,131193720,3291803808
10,true,MP,"5. VND NNI->ECR->SPR (Inc)",69,true,18.0000,28.6045,386725,4991571,23002360,188097,91899776,3392467104
10,true,MP,"5. VND NNI->ECR->SPR (Inc)",70,true,12.0000,1.5263,722705,776247,0,0,5172872,3392467104
10,true,MP,"5. VND NNI->ECR->SPR (Inc)",71,true,17.0000,9.7433,373651,3652916,5324665,364322,31666776,3426021536
10,true,MP,"5. VND NNI->ECR->SPR (Inc)",72,true,12.0000,12.0421,318746,4304495,7199330,190292,39825720,3459575968
10,true,MP,"5. VND NNI->ECR->SPR (Inc)",73,true,16.0000,26.6400,381305,2590888,23444732,191885,87501520,3560239264
10,true,MP,"5. VND NNI->ECR->SPR (Inc)",74,true,13.0000,29.3613,450326,2800134,26081496,0,96900504,3660902560
10,true,MP,"5. VND NNI->ECR->SPR (Inc)",75,true,16.0000,10.2988,625810,2910996,6546899,184511,32975784,3660902560
10,true,MP,"5. VND NNI->ECR->SPR (Inc)",76,true,13.0000,35.3664,213557,3673204,31253642,193398,117690600,3795120288
10,true,MP,"5. VND NNI->ECR->SPR (Inc)",77,true,12.0000,20.5883,500631,1441401,18421270,192305,65871968,3862229152
10,true,MP,"5. VND NNI->ECR->SPR (Inc)",78,true,11.0000,28.8457,554836,780664,27483061,0,92014440,3962892448
10,true,MP,"5. VND NNI->ECR->SPR (Inc)",79,true,9.0000,16.2528,321942,3616518,12285221,0,54863048,3996446880
10,true,MP,"5. VND NNI->ECR->SPR (Inc)",80,true,10.0000,32.4999,578179,1571188,30133430,185292,110242536,4130664608
10,true,MP,"5. VND NNI->ECR->SPR (Inc)",81,true,21.0000,5.7504,965385,602135,3959068,199029,18104728,4130664608
10,true,MP,"5. VND NNI->ECR->SPR (Inc)",82,true,13.0000,26.0233,506934,1433767,23858088,192206,87873728,4231327904
10,true,MP,"5. VND NNI->ECR->SPR (Inc)",83,true,10.0000,16.8437,323545,3836194,12656027,0,55361768,4264882336
10,true,MP,"5. VND NNI->ECR->SPR (Inc)",84,true,7.0000,1.8466,435088,1387819,0,0,5910616,4298436768
10,true,MP,"5. VND NNI->ECR->SPR (Inc)",85,true,11.0000,17.6779,312323,2488952,14846081,0,58920256,4331991200
10,true,MP,"5. VND NNI->ECR->SPR (Inc)",86,true,15.0000,13.5888,382347,5876214,7114078,185303,44969648,4399100064
10,true,MP,"5. VND NNI->ECR->SPR (Inc)",87,true,12.0000,28.7827,325550,4033631,24197284,191404,95731440,4499763360
10,true,MP,"5. VND NNI->ECR->SPR (Inc)",88,true,14.0000,21.6056,587387,1265657,19517364,193377,71348904,4566872224
10,true,MP,"5. VND NNI->ECR->SPR (Inc)",89,true,13.0000,2.3474,796434,1530190,0,0,7822496,4566872224
10,true,MP,"5. VND NNI->ECR->SPR (Inc)",90,true,17.0000,29.2694,608647,1255738,27181668,194380,98042288,4667535520
10,true,MP,"5. VND NNI->ECR->SPR (Inc)",91,true,17.0000,10.8348,553914,4149251,5916159,190272,36239144,4701089952
10,true,MP,"5. VND NNI->ECR->SPR (Inc)",92,true,6.0000,0.3954,378971,0,0,0,1381960,4701089952
10,true,MP,"5. VND NNI->ECR->SPR (Inc)",93,true,18.0000,7.6348,564203,2047704,4647868,351038,24349968,4734644384
10,true,MP,"5. VND NNI->ECR->SPR (Inc)",94,true,13.0000,22.7677,315990,3314604,18919206,188518,76068472,4801753248
10,true,MP,"5. VND NNI->ECR->SPR (Inc)",95,true,13.0000,24.6802,246639,3670559,20738966,0,83665968,4868862112
10,true,MP,"5. VND NNI->ECR->SPR (Inc)",96,true,15.0000,14.5227,381727,4271483,9843678,0,48293464,4935970976
10,true,MP,"5. VND NNI->ECR->SPR (Inc)",97,true,18.0000,11.7924,549205,4318583,6712795,185713,38176008,4969525408
10,true,MP,"5. VND NNI->ECR->SPR (Inc)",98,true,9.0000,17.1629,312564,3991800,12833665,0,57769968,5036634272
10,true,MP,"5. VND NNI->ECR->SPR (Inc)",99,true,10.0000,2.8901,438924,2429199,0,0,9440208,5036634272
10,true,MP,"5. VND NNI->ECR->SPR (Inc)",100,true,7.0000,16.6866,571958,765987,15323719,0,54445400,5103743136
10,true,MP,"6. VND NNI->SPR (Inc)",1,true,14.0000,2.0773,911043,0,0,1088690,3558096,3520744
10,true,MP,"6. VND NNI->SPR (Inc)",2,true,14.0000,1.8527,1098799,0,0,716262,3416296,3520744
10,true,MP,"6. VND NNI->SPR (Inc)",3,true,13.0000,1.3307,508196,0,0,778550,3717888,3520744
10,true,MP,"6. VND NNI->SPR (Inc)",4,true,18.0000,0.9622,239244,0,0,689842,3685240,3520744
10,true,MP,"6. VND NNI->SPR (Inc)",5,true,17.0000,0.8632,488138,0,0,349735,3177384,3520744
10,true,MP,"6. VND NNI->SPR (Inc)",6,true,22.0000,1.0219,303478,0,0,684742,3888008,3520744
10,true,MP,"6. VND NNI->SPR (Inc)",7,true,15.0000,0.9004,353262,0,0,525390,3363672,3520744
10,true,MP,"6. VND NNI->SPR (Inc)",8,true,16.0000,0.9122,357549,0,0,522413,3463440,3520744
10,true,MP,"6. VND NNI->SPR (Inc)",9,true,19.0000,1.1865,302946,0,0,854635,4541992,3520744
10,true,MP,"6. VND NNI->SPR (Inc)",10,true,16.0000,0.9044,195411,0,0,674863,3336976,37075176
10,true,MP,"6. VND NNI->SPR (Inc)",11,true,17.0000,1.1155,573220,0,0,512665,4052032,37075176
10,true,MP,"6. VND NNI->SPR (Inc)",12,true,17.0000,0.8879,174762,0,0,684732,3475680,37075176
10,true,MP,"6. VND NNI->SPR (Inc)",13,true,18.0000,0.9635,418225,0,0,508246,3618920,37075176
10,true,MP,"6. VND NNI->SPR (Inc)",14,true,16.0000,0.8879,175404,0,0,681466,3479968,37075176
10,true,MP,"6. VND NNI->SPR (Inc)",15,true,20.0000,1.0841,544596,0,0,505922,4035928,37075176
10,true,MP,"6. VND NNI->SPR (Inc)",16,true,18.0000,0.9168,551890,0,0,346238,3408656,37075176
10,true,MP,"6. VND NNI->SPR (Inc)",17,true,17.0000,1.1182,911293,0,0,189501,3946512,37075176
10,true,MP,"6. VND NNI->SPR (Inc)",18,true,19.0000,0.9756,240257,0,0,706884,3669240,37075176
10,true,MP,"6. VND NNI->SPR (Inc)",19,true,16.0000,1.0789,390133,0,0,670354,4117648,70629608
10,true,MP,"6. VND NNI->SPR (Inc)",20,true,13.0000,0.7750,376846,0,0,364203,2748448,70629608
10,true,MP,"6. VND NNI->SPR (Inc)",21,true,13.0000,0.8859,505241,0,0,348202,3137928,70629608
10,true,MP,"6. VND NNI->SPR (Inc)",22,true,24.0000,1.0643,360826,0,0,672459,3967384,70629608
10,true,MP,"6. VND NNI->SPR (Inc)",23,true,14.0000,0.8005,242682,0,0,531802,2969736,70629608
10,true,MP,"6. VND NNI->SPR (Inc)",24,true,15.0000,0.8756,663993,0,0,178460,3140088,70629608
10,true,MP,"6. VND NNI->SPR (Inc)",25,true,16.0000,0.8931,179460,0,0,687287,3500736,70629608
10,true,MP,"6. VND NNI->SPR (Inc)",26,true,11.0000,0.8478,646429,0,0,179511,2921400,70629608
10,true,MP,"6. VND NNI->SPR (Inc)",27,true,18.0000,0.8885,179581,0,0,688119,3407064,70629608
10,true,MP,"6. VND NNI->SPR (Inc)",28,true,18.0000,1.0351,664503,0,0,341199,3803776,70629608
10,true,MP,"6. VND NNI->SPR (Inc)",29,true,19.0000,0.9893,429968,0,0,532232,3671664,104184040
10,true,MP,"6. VND NNI->SPR (Inc)",30,true,11.0000,0.8143,616573,0,0,168801,2906896,104184040
10,true,MP,"6. VND NNI->SPR (Inc)",31,true,21.0000,0.9198,354113,0,0,540297,3396152,104184040
10,true,MP,"6. VND NNI->SPR (Inc)",32,true,17.0000,1.1014,244936,0,0,829167,4296296,104184040
10,true,MP,"6. VND NNI->SPR (Inc)",33,true,18.0000,0.9266,367840,0,0,526141,3443520,104184040
10,true,MP,"6. VND NNI->SPR (Inc)",34,true,16.0000,0.8605,304940,0,0,525399,3216208,104184040
10,true,MP,"6. VND NNI->SPR (Inc)",35,true,8.0000,0.5615,180934,0,0,353111,2086568,104184040
10,true,MP,"6. VND NNI->SPR (Inc)",36,true,17.0000,1.0120,805511,0,0,178309,3531208,104184040
10,true,MP,"6. VND NNI->SPR (Inc)",37,true,16.0000,0.9233,364242,0,0,528635,3401008,104184040
10,true,MP,"6. VND NNI->SPR (Inc)",38,true,16.0000,0.9104,178449,0,0,700872,3494200,104184040
10,true,MP,"6. VND NNI->SPR (Inc)",39,true,17.0000,1.0599,515771,0,0,512665,3841824,137738472
10,true,MP,"6. VND NNI->SPR (Inc)",40,true,14.0000,1.0399,505291,0,0,508146,3838032,137738472
10,true,MP,"6. VND NNI->SPR (Inc)",41,true,20.0000,1.1168,436870,0,0,648864,4220792,137738472
10,true,MP,"6. VND NNI->SPR (Inc)",42,true,15.0000,0.8566,303037,0,0,526481,3222352,137738472
10,true,MP,"6. VND NNI->SPR (Inc)",43,true,16.0000,0.8884,506813,0,0,347070,3144256,137738472
10,true,MP,"6. VND NNI->SPR (Inc)",44,true,16.0000,0.9001,358321,0,0,514810,3455928,137738472
10,true,MP,"6. VND NNI->SPR (Inc)",45,true,14.0000,0.9511,751359,0,0,172287,3349928,137738472
10,true,MP,"6. VND NNI->SPR (Inc)",46,true,21.0000,1.1170,237482,0,0,853803,4422208,137738472
10,true,MP,"6. VND NNI->SPR (Inc)",47,true,17.0000,1.0359,509008,0,0,500321,3897072,137738472
10,true,MP,"6. VND NNI->SPR (Inc)",48,true,12.0000,0.6982,308606,0,0,362269,2541520,171292904
10,true,MP,"6. VND NNI->SPR (Inc)",49,true,14.0000,0.8517,486095,0,0,337792,3205104,171292904
10,true,MP,"6. VND NNI->SPR (Inc)",50,true,18.0000,1.0725,366097,0,0,677799,4123856,171292904
10,true,MP,"6. VND NNI->SPR (Inc)",51,true,16.0000,0.9803,621070,0,0,334426,3647600,171292904
10,true,MP,"6. VND NNI->SPR (Inc)",52,true,14.0000,0.7863,246228,0,0,515250,3002472,171292904
10,true,MP,"6. VND NNI->SPR (Inc)",53,true,16.0000,0.8635,654315,0,0,183319,3145912,171292904
10,true,MP,"6. VND NNI->SPR (Inc)",54,true,15.0000,0.7766,564814,0,0,187737,2687464,171292904
10,true,MP,"6. VND NNI->SPR (Inc)",55,true,20.0000,0.9929,615440,0,0,346469,3633488,171292904
10,true,MP,"6. VND NNI->SPR (Inc)",56,true,10.0000,0.6821,301233,0,0,358241,2549408,171292904
10,true,MP,"6. VND NNI->SPR (Inc)",57,true,21.0000,1.0360,310731,0,0,697867,3877608,171292904
10,true,MP,"6. VND NNI->SPR (Inc)",58,true,15.0000,0.8204,433425,0,0,358652,2976552,204847336
10,true,MP,"6. VND NNI->SPR (Inc)",59,true,17.0000,1.0677,557721,0,0,484171,4061864,204847336
10,true,MP,"6. VND NNI->SPR (Inc)",60,true,16.0000,0.8514,477668,0,0,345066,3181152,204847336
10,true,MP,"6. VND NNI->SPR (Inc)",61,true,13.0000,0.8067,419868,0,0,361939,2966688,204847336
10,true,MP,"6. VND NNI->SPR (Inc)",62,true,22.0000,0.9711,437432,0,0,503488,3616768,204847336
10,true,MP,"6. VND NNI->SPR (Inc)",63,true,17.0000,0.9636,238685,0,0,695733,3687336,204847336
10,true,MP,"6. VND NNI->SPR (Inc)",64,true,22.0000,1.0388,499419,0,0,513847,3803496,204847336
10,true,MP,"6. VND NNI->SPR (Inc)",65,true,15.0000,0.9172,554504,0,0,336129,3434112,204847336
10,true,MP,"6. VND NNI->SPR (Inc)",66,true,19.0000,1.0525,529908,0,0,492367,4013968,204847336
10,true,MP,"6. VND NNI->SPR (Inc)",67,true,15.0000,0.8799,667980,0,0,186194,3128048,238401768
10,true,MP,"6. VND NNI->SPR (Inc)",68,true,21.0000,1.0553,178249,0,0,850377,4170208,238401768
10,true,MP,"6. VND NNI->SPR (Inc)",69,true,20.0000,0.9431,244004,0,0,671246,3570576,238401768
10,true,MP,"6. VND NNI->SPR (Inc)",70,true,12.0000,0.9495,743292,0,0,173800,3363200,238401768
10,true,MP,"6. VND NNI->SPR (Inc)",71,true,20.0000,1.0144,299970,0,0,690864,3848160,238401768
10,true,MP,"6. VND NNI->SPR (Inc)",72,true,14.0000,0.7998,247080,0,0,522413,3019656,238401768
10,true,MP,"6. VND NNI->SPR (Inc)",73,true,18.0000,0.9599,239585,0,0,695663,3684976,238401768
10,true,MP,"6. VND NNI->SPR (Inc)",74,true,19.0000,1.0776,367880,0,0,678690,4137952,238401768
10,true,MP,"6. VND NNI->SPR (Inc)",75,true,17.0000,0.9143,555116,0,0,337181,3343544,238401768
10,true,MP,"6. VND NNI->SPR (Inc)",76,true,14.0000,0.9236,60445,0,0,830389,3754160,238401768
10,true,MP,"6. VND NNI->SPR (Inc)",77,true,13.0000,0.8008,423616,0,0,343424,2902272,271956200
10,true,MP,"6. VND NNI->SPR (Inc)",78,true,15.0000,0.9057,545376,0,0,327222,3332176,271956200
10,true,MP,"6. VND NNI->SPR (Inc)",79,true,13.0000,0.7855,238113,0,0,521021,2990080,271956200
10,true,MP,"6. VND NNI->SPR (Inc)",80,true,14.0000,0.8713,508908,0,0,341248,3196664,271956200
10,true,MP,"6. VND NNI->SPR (Inc)",81,true,21.0000,1.1645,961549,0,0,175494,4126512,271956200
10,true,MP,"6. VND NNI->SPR (Inc)",82,true,15.0000,0.8278,455145,0,0,342902,2997640,271956200
10,true,MP,"6. VND NNI->SPR (Inc)",83,true,13.0000,0.9498,248021,0,0,673190,3688208,271956200
10,true,MP,"6. VND NNI->SPR (Inc)",84,true,8.0000,0.6363,430247,0,0,176305,2283440,271956200
10,true,MP,"6. VND NNI->SPR (Inc)",85,true,15.0000,0.9531,235468,0,0,690683,3667384,271956200
10,true,MP,"6. VND NNI->SPR (Inc)",86,true,18.0000,1.1382,293538,0,0,819719,4490656,305510632
10,true,MP,"6. VND NNI->SPR (Inc)",87,true,17.0000,0.8963,181645,0,0,685774,3441920,305510632
10,true,MP,"6. VND NNI->SPR (Inc)",88,true,16.0000,0.9717,415882,0,0,530499,3659456,305510632
10,true,MP,"6. VND NNI->SPR (Inc)",89,true,14.0000,1.0040,800031,0,0,179331,3581320,305510632
10,true,MP,"6. VND NNI->SPR (Inc)",90,true,23.0000,1.0854,539826,0,0,518206,4080568,305510632
10,true,MP,"6. VND NNI->SPR (Inc)",91,true,19.0000,1.0150,475915,0,0,513016,3901032,305510632
10,true,MP,"6. VND NNI->SPR (Inc)",92,true,6.0000,0.3881,363341,0,0,0,1381960,305510632
10,true,MP,"6. VND NNI->SPR (Inc)",93,true,18.0000,0.9861,480133,0,0,483399,3785952,305510632
10,true,MP,"6. VND NNI->SPR (Inc)",94,true,14.0000,0.7353,176475,0,0,531621,2792808,305510632
10,true,MP,"6. VND NNI->SPR (Inc)",95,true,16.0000,1.0216,179110,0,0,815992,4145144,305510632
10,true,MP,"6. VND NNI->SPR (Inc)",96,true,17.0000,1.0207,302485,0,0,691154,3909976,339065064
10,true,MP,"6. VND NNI->SPR (Inc)",97,true,21.0000,0.9964,483178,0,0,486174,3791928,339065064
10,true,MP,"6. VND NNI->SPR (Inc)",98,true,14.0000,0.9577,251888,0,0,675645,3640168,339065064
10,true,MP,"6. VND NNI->SPR (Inc)",99,true,14.0000,0.9433,416693,0,0,501764,3613664,339065064
10,true,MP,"6. VND NNI->SPR (Inc)",100,true,11.0000,0.7639,557019,0,0,173540,2716072,339065064
