Size,IsRooted,Metric,Variant,PairIndex,Success,Distance,TotalTimeMs,NniTimeNs,Ecr2TimeNs,Ecr3TimeNs,SprTimeNs,AllocBytes,PeakRamBytes
30,true,RFCluster,"1. NNI (Classic)",1,false,Infinity,5.9551,0,0,0,0,1750984,37208752
30,true,RFCluster,"1. NNI (Classic)",2,false,Infinity,2.3095,0,0,0,0,1536704,37208752
30,true,RFCluster,"1. NNI (Classic)",3,false,Infinity,2.1495,0,0,0,0,1581176,37208752
30,true,RFCluster,"1. NNI (Classic)",4,false,Infinity,1.4527,0,0,0,0,1565968,37208752
30,true,RFCluster,"1. NNI (Classic)",5,false,Infinity,1.6785,0,0,0,0,1561872,37208752
30,true,RFCluster,"1. NNI (Classic)",6,false,Infinity,1.5926,0,0,0,0,1548784,37208752
30,true,RFCluster,"1. NNI (Classic)",7,false,Infinity,1.5760,0,0,0,0,1552152,37208752
30,true,RFCluster,"1. NNI (Classic)",8,false,Infinity,8.5382,0,0,0,0,3113872,37208752
30,true,RFCluster,"1. NNI (Classic)",9,false,Infinity,3.2187,0,0,0,0,2584424,37208752
30,true,RFCluster,"1. NNI (Classic)",10,false,Infinity,1.5140,0,0,0,0,1495032,37208752
30,true,RFCluster,"1. NNI (Classic)",11,false,Infinity,1.2642,0,0,0,0,1572328,37208752
30,true,RFCluster,"1. NNI (Classic)",12,false,Infinity,1.2459,0,0,0,0,1572224,37208752
30,true,RFCluster,"1. NNI (Classic)",13,false,Infinity,2.4790,0,0,0,0,2616032,37208752
30,true,RFCluster,"1. NNI (Classic)",14,false,Infinity,1.2119,0,0,0,0,1580392,70763184
30,true,RFCluster,"1. NNI (Classic)",15,false,Infinity,1.1693,0,0,0,0,1528424,70763184
30,true,RFCluster,"1. NNI (Classic)",16,false,Infinity,2.3677,0,0,0,0,2604568,70763184
30,true,RFCluster,"1. NNI (Classic)",17,false,Infinity,1.7981,0,0,0,0,1574960,70763184
30,true,RFCluster,"1. NNI (Classic)",18,false,Infinity,3.0846,0,0,0,0,2633960,70763184
30,true,RFCluster,"1. NNI (Classic)",19,false,Infinity,1.6623,0,0,0,0,1591704,70763184
30,true,RFCluster,"1. NNI (Classic)",20,false,Infinity,1.7804,0,0,0,0,1587392,70763184
30,true,RFCluster,"1. NNI (Classic)",21,false,Infinity,2.2783,0,0,0,0,2603632,70763184
30,true,RFCluster,"1. NNI (Classic)",22,false,Infinity,1.2320,0,0,0,0,1584816,70763184
30,true,RFCluster,"1. NNI (Classic)",23,false,Infinity,1.2003,0,0,0,0,1580056,70763184
30,true,RFCluster,"1. NNI (Classic)",24,false,Infinity,3.4849,0,0,0,0,3663432,70763184
30,true,RFCluster,"1. NNI (Classic)",25,false,Infinity,1.2274,0,0,0,0,1556792,70763184
30,true,RFCluster,"1. NNI (Classic)",26,false,Infinity,1.1612,0,0,0,0,1535936,70763184
30,true,RFCluster,"1. NNI (Classic)",27,false,Infinity,1.1476,0,0,0,0,1560152,70763184
30,true,RFCluster,"1. NNI (Classic)",28,false,Infinity,1.1429,0,0,0,0,1571208,70763184
30,true,RFCluster,"1. NNI (Classic)",29,false,Infinity,2.1579,0,0,0,0,2627296,70763184
30,true,RFCluster,"1. NNI (Classic)",30,false,Infinity,1.2226,0,0,0,0,1582632,70763184
30,true,RFCluster,"1. NNI (Classic)",31,false,Infinity,1.1610,0,0,0,0,1550632,104317616
30,true,RFCluster,"1. NNI (Classic)",32,false,Infinity,1.2308,0,0,0,0,1569608,104317616
30,true,RFCluster,"1. NNI (Classic)",33,false,Infinity,1.1240,0,0,0,0,1562568,104317616
30,true,RFCluster,"1. NNI (Classic)",34,false,Infinity,1.9700,0,0,0,0,2617520,104317616
30,true,RFCluster,"1. NNI (Classic)",35,false,Infinity,1.0961,0,0,0,0,1566656,104317616
30,true,RFCluster,"1. NNI (Classic)",36,false,Infinity,1.8900,0,0,0,0,2617248,104317616
30,true,RFCluster,"1. NNI (Classic)",37,false,Infinity,1.1511,0,0,0,0,1578864,104317616
30,true,RFCluster,"1. NNI (Classic)",38,false,Infinity,1.2633,0,0,0,0,1587936,104317616
30,true,RFCluster,"1. NNI (Classic)",39,false,Infinity,1.0824,0,0,0,0,1566952,104317616
30,true,RFCluster,"1. NNI (Classic)",40,false,Infinity,1.0875,0,0,0,0,1581832,104317616
30,true,RFCluster,"1. NNI (Classic)",41,false,Infinity,1.1005,0,0,0,0,1523368,104317616
30,true,RFCluster,"1. NNI (Classic)",42,false,Infinity,1.1144,0,0,0,0,1574496,104317616
30,true,RFCluster,"1. NNI (Classic)",43,false,Infinity,1.9444,0,0,0,0,2614912,104317616
30,true,RFCluster,"1. NNI (Classic)",44,false,Infinity,1.0960,0,0,0,0,1560504,104317616
30,true,RFCluster,"1. NNI (Classic)",45,false,Infinity,1.0846,0,0,0,0,1565984,104317616
30,true,RFCluster,"1. NNI (Classic)",46,false,Infinity,1.0556,0,0,0,0,1545296,104317616
30,true,RFCluster,"1. NNI (Classic)",47,false,Infinity,1.4337,0,0,0,0,1601344,104317616
30,true,RFCluster,"1. NNI (Classic)",48,false,Infinity,1.2559,0,0,0,0,1556224,104317616
30,true,RFCluster,"1. NNI (Classic)",49,false,Infinity,1.1270,0,0,0,0,1575744,104317616
30,true,RFCluster,"1. NNI (Classic)",50,false,Infinity,1.1775,0,0,0,0,1567008,137872048
30,true,RFCluster,"1. NNI (Classic)",51,false,Infinity,1.1180,0,0,0,0,1574400,137872048
30,true,RFCluster,"1. NNI (Classic)",52,false,Infinity,1.0820,0,0,0,0,1556512,137872048
30,true,RFCluster,"1. NNI (Classic)",53,false,Infinity,1.2223,0,0,0,0,1580392,137872048
30,true,RFCluster,"1. NNI (Classic)",54,false,Infinity,1.0872,0,0,0,0,1563984,137872048
30,true,RFCluster,"1. NNI (Classic)",55,false,Infinity,1.8786,0,0,0,0,2601904,137872048
30,true,RFCluster,"1. NNI (Classic)",56,false,Infinity,1.8654,0,0,0,0,2602040,137872048
30,true,RFCluster,"1. NNI (Classic)",57,false,Infinity,1.1837,0,0,0,0,1593168,137872048
30,true,RFCluster,"1. NNI (Classic)",58,false,Infinity,1.1384,0,0,0,0,1594712,137872048
30,true,RFCluster,"1. NNI (Classic)",59,false,Infinity,1.0984,0,0,0,0,1560888,137872048
30,true,RFCluster,"1. NNI (Classic)",60,false,Infinity,1.8265,0,0,0,0,2633408,137872048
30,true,RFCluster,"1. NNI (Classic)",61,false,Infinity,1.0846,0,0,0,0,1575528,137872048
30,true,RFCluster,"1. NNI (Classic)",62,false,Infinity,1.1466,0,0,0,0,1572648,137872048
30,true,RFCluster,"1. NNI (Classic)",63,false,Infinity,1.0705,0,0,0,0,1524128,137872048
30,true,RFCluster,"1. NNI (Classic)",64,false,Infinity,1.0812,0,0,0,0,1548256,137872048
30,true,RFCluster,"1. NNI (Classic)",65,false,Infinity,1.1229,0,0,0,0,1587600,137872048
30,true,RFCluster,"1. NNI (Classic)",66,false,Infinity,1.1197,0,0,0,0,1568784,137872048
30,true,RFCluster,"1. NNI (Classic)",67,false,Infinity,1.8821,0,0,0,0,2599896,137872048
30,true,RFCluster,"1. NNI (Classic)",68,false,Infinity,1.8424,0,0,0,0,2485816,171426480
30,true,RFCluster,"1. NNI (Classic)",69,false,Infinity,1.1116,0,0,0,0,1563320,171426480
30,true,RFCluster,"1. NNI (Classic)",70,false,Infinity,1.0951,0,0,0,0,1565984,171426480
30,true,RFCluster,"1. NNI (Classic)",71,false,Infinity,1.1742,0,0,0,0,1576736,171426480
30,true,RFCluster,"1. NNI (Classic)",72,false,Infinity,1.0772,0,0,0,0,1572760,171426480
30,true,RFCluster,"1. NNI (Classic)",73,false,Infinity,1.0903,0,0,0,0,1544736,171426480
30,true,RFCluster,"1. NNI (Classic)",74,false,Infinity,1.7913,0,0,0,0,2599904,171426480
30,true,RFCluster,"1. NNI (Classic)",75,false,Infinity,1.1906,0,0,0,0,1582568,171426480
30,true,RFCluster,"1. NNI (Classic)",76,false,Infinity,1.8564,0,0,0,0,2607000,171426480
30,true,RFCluster,"1. NNI (Classic)",77,false,Infinity,1.1269,0,0,0,0,1566544,171426480
30,true,RFCluster,"1. NNI (Classic)",78,false,Infinity,1.1403,0,0,0,0,1548928,171426480
30,true,RFCluster,"1. NNI (Classic)",79,false,Infinity,1.8937,0,0,0,0,2611264,171426480
30,true,RFCluster,"1. NNI (Classic)",80,false,Infinity,1.0940,0,0,0,0,1571704,171426480
30,true,RFCluster,"1. NNI (Classic)",81,false,Infinity,1.1039,0,0,0,0,1568896,171426480
30,true,RFCluster,"1. NNI (Classic)",82,false,Infinity,1.8409,0,0,0,0,2592544,171426480
30,true,RFCluster,"1. NNI (Classic)",83,false,Infinity,1.0601,0,0,0,0,1565200,171426480
30,true,RFCluster,"1. NNI (Classic)",84,false,Infinity,1.1440,0,0,0,0,1544640,171426480
30,true,RFCluster,"1. NNI (Classic)",85,false,Infinity,1.1002,0,0,0,0,1565984,171426480
30,true,RFCluster,"1. NNI (Classic)",86,false,Infinity,1.1519,0,0,0,0,1546688,204980912
30,true,RFCluster,"1. NNI (Classic)",87,false,Infinity,1.7904,0,0,0,0,2609672,204980912
30,true,RFCluster,"1. NNI (Classic)",88,false,Infinity,1.1341,0,0,0,0,1561752,204980912
30,true,RFCluster,"1. NNI (Classic)",89,false,Infinity,1.1233,0,0,0,0,1557928,204980912
30,true,RFCluster,"1. NNI (Classic)",90,false,Infinity,1.8419,0,0,0,0,2607336,204980912
30,true,RFCluster,"1. NNI (Classic)",91,false,Infinity,1.0821,0,0,0,0,1563320,204980912
30,true,RFCluster,"1. NNI (Classic)",92,false,Infinity,1.0558,0,0,0,0,1576736,204980912
30,true,RFCluster,"1. NNI (Classic)",93,false,Infinity,1.1353,0,0,0,0,1582728,204980912
30,true,RFCluster,"1. NNI (Classic)",94,false,Infinity,1.1084,0,0,0,0,1573880,204980912
30,true,RFCluster,"1. NNI (Classic)",95,false,Infinity,1.0646,0,0,0,0,1570744,204980912
30,true,RFCluster,"1. NNI (Classic)",96,false,Infinity,1.0669,0,0,0,0,1571752,204980912
30,true,RFCluster,"1. NNI (Classic)",97,false,Infinity,1.0760,0,0,0,0,1577856,204980912
30,true,RFCluster,"1. NNI (Classic)",98,false,Infinity,1.8355,0,0,0,0,2610528,204980912
30,true,RFCluster,"1. NNI (Classic)",99,false,Infinity,1.7756,0,0,0,0,2611832,204980912
30,true,RFCluster,"1. NNI (Classic)",100,false,Infinity,1.0497,0,0,0,0,1561016,204980912
30,true,RFCluster,"2. NNI (Incremental)",1,false,Infinity,0.7637,0,0,0,0,33664,4193608
30,true,RFCluster,"2. NNI (Incremental)",2,false,Infinity,0.4379,0,0,0,0,24968,4193608
30,true,RFCluster,"2. NNI (Incremental)",3,false,Infinity,0.3125,0,0,0,0,26040,4193608
30,true,RFCluster,"2. NNI (Incremental)",4,false,Infinity,0.1666,0,0,0,0,25928,4193608
30,true,RFCluster,"2. NNI (Incremental)",5,false,Infinity,0.2106,0,0,0,0,25144,4193608
30,true,RFCluster,"2. NNI (Incremental)",6,false,Infinity,0.1364,0,0,0,0,26808,4193608
30,true,RFCluster,"2. NNI (Incremental)",7,false,Infinity,0.1046,0,0,0,0,25928,4193608
30,true,RFCluster,"2. NNI (Incremental)",8,false,Infinity,0.2582,0,0,0,0,32696,4193608
30,true,RFCluster,"2. NNI (Incremental)",9,false,Infinity,0.1433,0,0,0,0,32872,4193608
30,true,RFCluster,"2. NNI (Incremental)",10,false,Infinity,0.1090,0,0,0,0,26152,4193608
30,true,RFCluster,"2. NNI (Incremental)",11,false,Infinity,0.0666,0,0,0,0,26808,4193608
30,true,RFCluster,"2. NNI (Incremental)",12,false,Infinity,0.0755,0,0,0,0,26152,4193608
30,true,RFCluster,"2. NNI (Incremental)",13,false,Infinity,0.0945,0,0,0,0,33608,4193608
30,true,RFCluster,"2. NNI (Incremental)",14,false,Infinity,0.0611,0,0,0,0,25928,4193608
30,true,RFCluster,"2. NNI (Incremental)",15,false,Infinity,0.0561,0,0,0,0,26000,4193608
30,true,RFCluster,"2. NNI (Incremental)",16,false,Infinity,0.0876,0,0,0,0,32776,4193608
30,true,RFCluster,"2. NNI (Incremental)",17,false,Infinity,0.0570,0,0,0,0,25832,4193608
30,true,RFCluster,"2. NNI (Incremental)",18,false,Infinity,0.0823,0,0,0,0,32760,4193608
30,true,RFCluster,"2. NNI (Incremental)",19,false,Infinity,0.0559,0,0,0,0,26096,4193608
30,true,RFCluster,"2. NNI (Incremental)",20,false,Infinity,0.0548,0,0,0,0,25944,4193608
30,true,RFCluster,"2. NNI (Incremental)",21,false,Infinity,0.1098,0,0,0,0,32872,4193608
30,true,RFCluster,"2. NNI (Incremental)",22,false,Infinity,0.0693,0,0,0,0,24968,4193608
30,true,RFCluster,"2. NNI (Incremental)",23,false,Infinity,0.0633,0,0,0,0,25984,4193608
30,true,RFCluster,"2. NNI (Incremental)",24,false,Infinity,0.1663,0,0,0,0,39568,4193608
30,true,RFCluster,"2. NNI (Incremental)",25,false,Infinity,0.0905,0,0,0,0,26904,4193608
30,true,RFCluster,"2. NNI (Incremental)",26,false,Infinity,0.0695,0,0,0,0,26040,4193608
30,true,RFCluster,"2. NNI (Incremental)",27,false,Infinity,0.0746,0,0,0,0,26040,4193608
30,true,RFCluster,"2. NNI (Incremental)",28,false,Infinity,0.0649,0,0,0,0,26056,4193608
30,true,RFCluster,"2. NNI (Incremental)",29,false,Infinity,0.0984,0,0,0,0,32552,4193608
30,true,RFCluster,"2. NNI (Incremental)",30,false,Infinity,0.0784,0,0,0,0,25888,4193608
30,true,RFCluster,"2. NNI (Incremental)",31,false,Infinity,0.0651,0,0,0,0,25928,4193608
30,true,RFCluster,"2. NNI (Incremental)",32,false,Infinity,0.0561,0,0,0,0,26192,4193608
30,true,RFCluster,"2. NNI (Incremental)",33,false,Infinity,0.0616,0,0,0,0,25888,4193608
30,true,RFCluster,"2. NNI (Incremental)",34,false,Infinity,0.0808,0,0,0,0,31632,4193608
30,true,RFCluster,"2. NNI (Incremental)",35,false,Infinity,0.0736,0,0,0,0,26000,4193608
30,true,RFCluster,"2. NNI (Incremental)",36,false,Infinity,0.0887,0,0,0,0,32664,4193608
30,true,RFCluster,"2. NNI (Incremental)",37,false,Infinity,0.0548,0,0,0,0,25984,4193608
30,true,RFCluster,"2. NNI (Incremental)",38,false,Infinity,0.0814,0,0,0,0,26040,4193608
30,true,RFCluster,"2. NNI (Incremental)",39,false,Infinity,0.0719,0,0,0,0,25944,4193608
30,true,RFCluster,"2. NNI (Incremental)",40,false,Infinity,0.0635,0,0,0,0,26696,4193608
30,true,RFCluster,"2. NNI (Incremental)",41,false,Infinity,0.0633,0,0,0,0,26096,4193608
30,true,RFCluster,"2. NNI (Incremental)",42,false,Infinity,0.0647,0,0,0,0,26000,4193608
30,true,RFCluster,"2. NNI (Incremental)",43,false,Infinity,0.0759,0,0,0,0,33512,4193608
30,true,RFCluster,"2. NNI (Incremental)",44,false,Infinity,0.0721,0,0,0,0,24968,4193608
30,true,RFCluster,"2. NNI (Incremental)",45,false,Infinity,0.0582,0,0,0,0,26136,4193608
30,true,RFCluster,"2. NNI (Incremental)",46,false,Infinity,0.0544,0,0,0,0,26040,4193608
30,true,RFCluster,"2. NNI (Incremental)",47,false,Infinity,0.0531,0,0,0,0,25984,4193608
30,true,RFCluster,"2. NNI (Incremental)",48,false,Infinity,0.0546,0,0,0,0,26096,4193608
30,true,RFCluster,"2. NNI (Incremental)",49,false,Infinity,0.0500,0,0,0,0,26096,4193608
30,true,RFCluster,"2. NNI (Incremental)",50,false,Infinity,0.0697,0,0,0,0,26152,4193608
30,true,RFCluster,"2. NNI (Incremental)",51,false,Infinity,0.0645,0,0,0,0,25928,4193608
30,true,RFCluster,"2. NNI (Incremental)",52,false,Infinity,0.0514,0,0,0,0,26040,4193608
30,true,RFCluster,"2. NNI (Incremental)",53,false,Infinity,0.0498,0,0,0,0,26864,4193608
30,true,RFCluster,"2. NNI (Incremental)",54,false,Infinity,0.0523,0,0,0,0,25888,4193608
30,true,RFCluster,"2. NNI (Incremental)",55,false,Infinity,0.0766,0,0,0,0,32760,4193608
30,true,RFCluster,"2. NNI (Incremental)",56,false,Infinity,0.0725,0,0,0,0,32760,4193608
30,true,RFCluster,"2. NNI (Incremental)",57,false,Infinity,0.0402,0,0,0,0,25888,4193608
30,true,RFCluster,"2. NNI (Incremental)",58,false,Infinity,0.0479,0,0,0,0,25984,4193608
30,true,RFCluster,"2. NNI (Incremental)",59,false,Infinity,0.0396,0,0,0,0,26056,4193608
30,true,RFCluster,"2. NNI (Incremental)",60,false,Infinity,0.0834,0,0,0,0,32608,4193608
30,true,RFCluster,"2. NNI (Incremental)",61,false,Infinity,0.0530,0,0,0,0,26000,4193608
30,true,RFCluster,"2. NNI (Incremental)",62,false,Infinity,0.0406,0,0,0,0,26152,4193608
30,true,RFCluster,"2. NNI (Incremental)",63,false,Infinity,0.0483,0,0,0,0,26096,4193608
30,true,RFCluster,"2. NNI (Incremental)",64,false,Infinity,0.0410,0,0,0,0,25984,4193608
30,true,RFCluster,"2. NNI (Incremental)",65,false,Infinity,0.0409,0,0,0,0,26152,4193608
30,true,RFCluster,"2. NNI (Incremental)",66,false,Infinity,0.0425,0,0,0,0,26000,4193608
30,true,RFCluster,"2. NNI (Incremental)",67,false,Infinity,0.0578,0,0,0,0,32648,4193608
30,true,RFCluster,"2. NNI (Incremental)",68,false,Infinity,0.0662,0,0,0,0,32648,4193608
30,true,RFCluster,"2. NNI (Incremental)",69,false,Infinity,0.0491,0,0,0,0,26208,4193608
30,true,RFCluster,"2. NNI (Incremental)",70,false,Infinity,0.0465,0,0,0,0,25984,4193608
30,true,RFCluster,"2. NNI (Incremental)",71,false,Infinity,0.0513,0,0,0,0,24968,4193608
30,true,RFCluster,"2. NNI (Incremental)",72,false,Infinity,0.0515,0,0,0,0,26000,4193608
30,true,RFCluster,"2. NNI (Incremental)",73,false,Infinity,0.0407,0,0,0,0,24968,4193608
30,true,RFCluster,"2. NNI (Incremental)",74,false,Infinity,0.0622,0,0,0,0,32760,4193608
30,true,RFCluster,"2. NNI (Incremental)",75,false,Infinity,0.0395,0,0,0,0,24968,4193608
30,true,RFCluster,"2. NNI (Incremental)",76,false,Infinity,0.0553,0,0,0,0,32552,4193608
30,true,RFCluster,"2. NNI (Incremental)",77,false,Infinity,0.0431,0,0,0,0,25888,4193608
30,true,RFCluster,"2. NNI (Incremental)",78,false,Infinity,0.0456,0,0,0,0,25888,4193608
30,true,RFCluster,"2. NNI (Incremental)",79,false,Infinity,0.0583,0,0,0,0,32760,4193608
30,true,RFCluster,"2. NNI (Incremental)",80,false,Infinity,0.0450,0,0,0,0,26152,4193608
30,true,RFCluster,"2. NNI (Incremental)",81,false,Infinity,0.0711,0,0,0,0,27032,4193608
30,true,RFCluster,"2. NNI (Incremental)",82,false,Infinity,0.0578,0,0,0,0,32552,4193608
30,true,RFCluster,"2. NNI (Incremental)",83,false,Infinity,0.0463,0,0,0,0,26096,4193608
30,true,RFCluster,"2. NNI (Incremental)",84,false,Infinity,0.0400,0,0,0,0,25984,4193608
30,true,RFCluster,"2. NNI (Incremental)",85,false,Infinity,0.0463,0,0,0,0,25832,4193608
30,true,RFCluster,"2. NNI (Incremental)",86,false,Infinity,0.0625,0,0,0,0,25928,4193608
30,true,RFCluster,"2. NNI (Incremental)",87,false,Infinity,0.0623,0,0,0,0,32704,4193608
30,true,RFCluster,"2. NNI (Incremental)",88,false,Infinity,0.0537,0,0,0,0,25832,4193608
30,true,RFCluster,"2. NNI (Incremental)",89,false,Infinity,0.0546,0,0,0,0,25888,4193608
30,true,RFCluster,"2. NNI (Incremental)",90,false,Infinity,0.0592,0,0,0,0,32496,4193608
30,true,RFCluster,"2. NNI (Incremental)",91,false,Infinity,0.0397,0,0,0,0,25928,4193608
30,true,RFCluster,"2. NNI (Incremental)",92,false,Infinity,0.0482,0,0,0,0,26696,4193608
30,true,RFCluster,"2. NNI (Incremental)",93,false,Infinity,0.0369,0,0,0,0,24968,4193608
30,true,RFCluster,"2. NNI (Incremental)",94,false,Infinity,0.0360,0,0,0,0,26248,4193608
30,true,RFCluster,"2. NNI (Incremental)",95,false,Infinity,0.0464,0,0,0,0,26960,4193608
30,true,RFCluster,"2. NNI (Incremental)",96,false,Infinity,0.0452,0,0,0,0,27016,4193608
30,true,RFCluster,"2. NNI (Incremental)",97,false,Infinity,0.0442,0,0,0,0,26096,4193608
30,true,RFCluster,"2. NNI (Incremental)",98,false,Infinity,0.0541,0,0,0,0,32648,4193608
30,true,RFCluster,"2. NNI (Incremental)",99,false,Infinity,0.0586,0,0,0,0,32648,4193608
30,true,RFCluster,"2. NNI (Incremental)",100,false,Infinity,0.0457,0,0,0,0,24968,4193608
30,true,RFCluster,"3. VND NNI->ECR->SPR (Classic)",1,true,111.0000,4833.6361,2153295,67551291,2551627011,2209115872,9470909824,3170585568
30,true,RFCluster,"3. VND NNI->ECR->SPR (Classic)",2,true,88.0000,5756.6138,1383440,45295009,3245146536,2464566682,10643048040,5220092640
30,true,RFCluster,"3. VND NNI->ECR->SPR (Classic)",3,true,113.0000,2950.8952,760807,27976369,1019466045,1902586615,6733598792,5379471072
30,true,RFCluster,"3. VND NNI->ECR->SPR (Classic)",4,true,119.0000,6591.8060,1766710,62926277,3509911007,3017008242,9735149608,14750276504
30,true,RFCluster,"3. VND NNI->ECR->SPR (Classic)",5,true,93.0000,3300.6097,1447533,76672426,736686128,2485672346,6320010696,19161851776
30,true,RFCluster,"3. VND NNI->ECR->SPR (Classic)",6,true,101.0000,2795.0907,749405,24266995,807942004,1962026803,6344347872,9095522176
30,true,RFCluster,"3. VND NNI->ECR->SPR (Classic)",7,true,129.0000,2809.7042,749395,22990137,636521140,2149337812,6612398272,15705745280
30,true,RFCluster,"3. VND NNI->ECR->SPR (Classic)",8,true,88.0000,3016.7026,2650771,101536486,932608252,1979748711,6730750136,18960525184
30,true,RFCluster,"3. VND NNI->ECR->SPR (Classic)",9,true,93.0000,3999.3708,2691538,50151826,2298468049,1647873869,8585012112,12638148064
30,true,RFCluster,"3. VND NNI->ECR->SPR (Classic)",10,true,114.0000,3062.0045,747572,24257828,759830798,2277024464,7030053000,19292389000
30,true,RFCluster,"3. VND NNI->ECR->SPR (Classic)",11,true,123.0000,2810.3000,742312,21938597,622138602,2165354829,6566198048,8118763144
30,true,RFCluster,"3. VND NNI->ECR->SPR (Classic)",12,true,105.0000,2650.2416,739837,24588275,745816540,1878988071,6138757552,14259224200
30,true,RFCluster,"3. VND NNI->ECR->SPR (Classic)",13,true,95.0000,4961.6681,2572462,47991228,3105963263,1804940869,11317060312,18956844680
30,true,RFCluster,"3. VND NNI->ECR->SPR (Classic)",14,true,114.0000,2818.3725,768802,22494183,633228631,2161774972,6561710960,13754708632
30,true,RFCluster,"3. VND NNI->ECR->SPR (Classic)",15,true,116.0000,2848.9798,1349446,99580827,828654600,1919263747,6417922952,19134213984
30,true,RFCluster,"3. VND NNI->ECR->SPR (Classic)",16,true,107.0000,4541.7435,2546140,49208411,2345067861,2144715052,10385198992,12322664288
30,true,RFCluster,"3. VND NNI->ECR->SPR (Classic)",17,true,98.0000,4651.3198,1441981,52369794,2439469670,2157875436,10370489032,18966441824
30,true,RFCluster,"3. VND NNI->ECR->SPR (Classic)",18,true,111.0000,2989.8419,1948966,24088666,736127055,2227565084,6952052712,11283596952
30,true,RFCluster,"3. VND NNI->ECR->SPR (Classic)",19,true,118.0000,2539.0270,739396,21100032,552965246,1964120023,6027673912,17289840280
30,true,RFCluster,"3. VND NNI->ECR->SPR (Classic)",20,true,125.0000,2732.2979,1337585,84506020,665326986,1980985633,6450981928,18967561880
30,true,RFCluster,"3. VND NNI->ECR->SPR (Classic)",21,true,103.0000,2616.4936,1770226,22695857,713650025,1878242594,6139165752,11413892768
30,true,RFCluster,"3. VND NNI->ECR->SPR (Classic)",22,true,93.0000,4255.6499,2147754,118844368,2215544557,1918912189,9371459848,19170332552
30,true,RFCluster,"3. VND NNI->ECR->SPR (Classic)",23,true,103.0000,2986.5202,759775,26292647,836461154,2122900731,6796982336,9305329544
30,true,RFCluster,"3. VND NNI->ECR->SPR (Classic)",24,true,91.0000,3691.6196,3437016,89751186,1955874133,1642364953,8469494384,17761046408
30,true,RFCluster,"3. VND NNI->ECR->SPR (Classic)",25,true,108.0000,2855.4799,1421723,74111616,883762019,1896056738,6602706704,18969005960
30,true,RFCluster,"3. VND NNI->ECR->SPR (Classic)",26,true,104.0000,2826.7900,748463,25434525,742703200,2057798537,6490313200,12343204320
30,true,RFCluster,"3. VND NNI->ECR->SPR (Classic)",27,true,104.0000,2912.6117,1375024,72427785,818347610,2020330960,6756094296,19346268432
30,true,RFCluster,"3. VND NNI->ECR->SPR (Classic)",28,true,93.0000,2755.9855,1361940,90463720,778110548,1885922317,6460811352,7467999504
30,true,RFCluster,"3. VND NNI->ECR->SPR (Classic)",29,true,105.0000,2873.0004,1834468,22660479,702616794,2145777743,6780705048,14245994768
30,true,RFCluster,"3. VND NNI->ECR->SPR (Classic)",30,true,108.0000,2913.7982,760175,25267847,806417576,2081246825,6663772616,18977169680
30,true,RFCluster,"3. VND NNI->ECR->SPR (Classic)",31,true,109.0000,2590.7366,690844,21295384,601299345,1967344695,6128816528,8791004608
30,true,RFCluster,"3. VND NNI->ECR->SPR (Classic)",32,true,129.0000,2715.3438,771577,24951126,717867744,1971650692,6272615664,15065683392
30,true,RFCluster,"3. VND NNI->ECR->SPR (Classic)",33,true,121.0000,4272.9282,1483269,46760818,2154386373,2070105929,9827301640,18957997504
30,true,RFCluster,"3. VND NNI->ECR->SPR (Classic)",34,true,101.0000,3009.0165,1772339,23298933,761452081,2222380056,7105145736,13535930336
30,true,RFCluster,"3. VND NNI->ECR->SPR (Classic)",35,true,111.0000,4017.5505,1367911,45221932,2057524846,1913275009,9397879136,18976112072
30,true,RFCluster,"3. VND NNI->ECR->SPR (Classic)",36,true,80.0000,3941.8725,3158255,89952228,2105580185,1743010464,9281162896,13741620680
30,true,RFCluster,"3. VND NNI->ECR->SPR (Classic)",37,true,99.0000,2923.4026,1487810,77873009,854010375,1989908250,6549542688,19235494408
30,true,RFCluster,"3. VND NNI->ECR->SPR (Classic)",38,true,96.0000,2899.8584,1520872,98046881,898057211,1902067237,6575319408,8632293896
30,true,RFCluster,"3. VND NNI->ECR->SPR (Classic)",39,true,106.0000,3069.1485,720039,25943994,907572365,2134786162,7199525776,15812942344
30,true,RFCluster,"3. VND NNI->ECR->SPR (Classic)",40,true,96.0000,4107.4933,1362741,45918406,2005293807,2054765349,9505493920,18967058952
30,true,RFCluster,"3. VND NNI->ECR->SPR (Classic)",41,true,120.0000,2695.7031,694491,24574189,689684643,1980652470,6342693952,13190238488
30,true,RFCluster,"3. VND NNI->ECR->SPR (Classic)",42,true,117.0000,4314.6956,1380996,48604644,2288280547,1976279134,9937630320,18976043296
30,true,RFCluster,"3. VND NNI->ECR->SPR (Classic)",43,true,112.0000,2631.8801,1820453,23221126,703252393,1903481987,6199394464,10855870752
30,true,RFCluster,"3. VND NNI->ECR->SPR (Classic)",44,true,113.0000,2691.5590,1406855,66748425,571084702,2052205061,6285749888,17130549536
30,true,RFCluster,"3. VND NNI->ECR->SPR (Classic)",45,true,110.0000,2860.4239,722313,23883786,763920796,2071762209,6751708800,18976047904
30,true,RFCluster,"3. VND NNI->ECR->SPR (Classic)",46,true,107.0000,2335.4688,702335,20458542,577920198,1736305704,5489894416,10837872928
30,true,RFCluster,"3. VND NNI->ECR->SPR (Classic)",47,true,112.0000,2674.2622,732874,23662736,757649270,1892139529,6296850216,17146106144
30,true,RFCluster,"3. VND NNI->ECR->SPR (Classic)",48,true,115.0000,2985.4157,770435,26123155,803674049,2154759301,6907611168,18958045472
30,true,RFCluster,"3. VND NNI->ECR->SPR (Classic)",49,true,88.0000,4506.2466,1462631,49407119,2555639611,1899607540,10462583312,15967813744
30,true,RFCluster,"3. VND NNI->ECR->SPR (Classic)",50,true,104.0000,2744.6532,1457872,71644124,696312947,1975137082,6229910928,19081616232
30,true,RFCluster,"3. VND NNI->ECR->SPR (Classic)",51,true,105.0000,4264.9882,1429048,45286483,2401438903,1816699738,9873909024,13679352680
30,true,RFCluster,"3. VND NNI->ECR->SPR (Classic)",52,true,109.0000,2737.7205,697266,22214412,704013920,2010701189,6461576968,19151272288
30,true,RFCluster,"3. VND NNI->ECR->SPR (Classic)",53,true,126.0000,2871.0797,762740,24532660,702356509,2143328314,6659229456,8615180640
30,true,RFCluster,"3. VND NNI->ECR->SPR (Classic)",54,true,106.0000,4250.2433,1348735,46735720,2394874559,1807155388,9939380984,18580846944
30,true,RFCluster,"3. VND NNI->ECR->SPR (Classic)",55,true,112.0000,3012.9967,1761028,23821317,837450495,2149865455,7215633920,18949945696
30,true,RFCluster,"3. VND NNI->ECR->SPR (Classic)",56,true,114.0000,2818.3014,1838656,23438890,800351029,1992576635,6638828768,13965555296
30,true,RFCluster,"3. VND NNI->ECR->SPR (Classic)",57,true,106.0000,5185.6948,1470456,51729746,3404204721,1728150628,11639883200,19022773120
30,true,RFCluster,"3. VND NNI->ECR->SPR (Classic)",58,true,98.0000,4448.4124,2162653,103739666,2537556856,1804810539,9869079256,17043061632
30,true,RFCluster,"3. VND NNI->ECR->SPR (Classic)",59,true,121.0000,2811.7759,1437614,70063038,748777110,1991394857,6618476288,18955664256
30,true,RFCluster,"3. VND NNI->ECR->SPR (Classic)",60,true,112.0000,2702.4907,1817145,22931344,696086957,1981558413,6381758504,11516394232
30,true,RFCluster,"3. VND NNI->ECR->SPR (Classic)",61,true,112.0000,2484.0494,712295,23224512,736321425,1723705335,5882396528,17421974264
30,true,RFCluster,"3. VND NNI->ECR->SPR (Classic)",62,true,101.0000,2912.0764,1429037,67996788,784947609,2057599728,6801214320,18982075080
30,true,RFCluster,"3. VND NNI->ECR->SPR (Classic)",63,true,105.0000,4008.8430,1397057,45041909,1828089596,2134178767,9134326024,14854879944
30,true,RFCluster,"3. VND NNI->ECR->SPR (Classic)",64,true,97.0000,2602.7715,675144,21401906,663913588,1916665937,6180281184,19145927792
30,true,RFCluster,"3. VND NNI->ECR->SPR (Classic)",65,true,87.0000,4666.9750,2079052,118258493,2819357411,1727128855,10312409920,13039021168
30,true,RFCluster,"3. VND NNI->ECR->SPR (Classic)",66,true,105.0000,2819.7180,1434478,68751193,726081002,2023343148,6509291904,19152401608
30,true,RFCluster,"3. VND NNI->ECR->SPR (Classic)",67,true,101.0000,2368.3936,2445941,60323868,498147838,1807363735,5592884616,7005697224
30,true,RFCluster,"3. VND NNI->ECR->SPR (Classic)",68,true,101.0000,2730.3442,2544929,73746732,765626940,1888318643,6128440200,13146158280
30,true,RFCluster,"3. VND NNI->ECR->SPR (Classic)",69,true,113.0000,2774.3368,1446400,68657636,609892495,2094227688,6339336264,18988615920
30,true,RFCluster,"3. VND NNI->ECR->SPR (Classic)",70,true,135.0000,3851.6352,1387688,42728219,1660498885,2146881471,8924928656,10331572464
30,true,RFCluster,"3. VND NNI->ECR->SPR (Classic)",71,true,95.0000,2661.1438,1434388,70596121,703100534,1885907810,6224176784,16539142384
30,true,RFCluster,"3. VND NNI->ECR->SPR (Classic)",72,true,120.0000,2957.0449,1364895,69835364,749280527,2136452089,6896904144,18955061488
30,true,RFCluster,"3. VND NNI->ECR->SPR (Classic)",73,true,91.0000,4393.4140,1397638,51178077,2603258550,1737444590,9961337480,14946939616
30,true,RFCluster,"3. VND NNI->ECR->SPR (Classic)",74,true,102.0000,4004.1898,2344599,44768779,2228575916,1728359975,9415488600,18973471456
30,true,RFCluster,"3. VND NNI->ECR->SPR (Classic)",75,true,115.0000,2782.6143,1507546,72321622,732166033,1976517337,6383267872,12230631432
30,true,RFCluster,"3. VND NNI->ECR->SPR (Classic)",76,true,127.0000,3183.3116,1884232,30063156,1072314119,2078951890,7047471880,19374477280
30,true,RFCluster,"3. VND NNI->ECR->SPR (Classic)",77,true,113.0000,2887.8851,745938,22333669,721475224,2143241220,6783848968,7965970400
30,true,RFCluster,"3. VND NNI->ECR->SPR (Classic)",78,true,113.0000,2753.3821,715901,24678697,753128965,1974774694,6393063848,14341312480
30,true,RFCluster,"3. VND NNI->ECR->SPR (Classic)",79,true,95.0000,4277.4645,2571630,49313792,2409651780,1815781010,9774818584,18971824096
30,true,RFCluster,"3. VND NNI->ECR->SPR (Classic)",80,true,95.0000,5187.4768,2071439,100388973,3444621856,1640254850,11521486688,17165684800
30,true,RFCluster,"3. VND NNI->ECR->SPR (Classic)",81,true,85.0000,4283.7245,2151641,101016839,2459963419,1720444124,9426712504,18977624128
30,true,RFCluster,"3. VND NNI->ECR->SPR (Classic)",82,true,109.0000,4502.0117,2599282,50945044,2465561444,1982767883,10429456464,18523275296
30,true,RFCluster,"3. VND NNI->ECR->SPR (Classic)",83,true,72.0000,6482.7844,1859777,149687426,5010995840,1320059987,15034361608,18959482912
30,true,RFCluster,"3. VND NNI->ECR->SPR (Classic)",84,true,102.0000,2838.6364,752080,25019525,884075345,1928698908,6549066552,19128830432
30,true,RFCluster,"3. VND NNI->ECR->SPR (Classic)",85,true,114.0000,2854.2550,728085,22110694,610344465,2220972158,6744820768,9968470496
30,true,RFCluster,"3. VND NNI->ECR->SPR (Classic)",86,true,110.0000,2522.9361,1450798,65822093,619190616,1836369630,5828315184,15806941664
30,true,RFCluster,"3. VND NNI->ECR->SPR (Classic)",87,true,115.0000,2462.2474,1762120,22482591,694918906,1742985737,5834273552,18961058272
30,true,RFCluster,"3. VND NNI->ECR->SPR (Classic)",88,true,111.0000,2767.1665,711673,23107420,770883375,1972374128,6537083288,9774132032
30,true,RFCluster,"3. VND NNI->ECR->SPR (Classic)",89,true,103.0000,3915.4067,1539257,45597947,1886507660,1981624298,8758226152,18531838784
30,true,RFCluster,"3. VND NNI->ECR->SPR (Classic)",90,true,98.0000,2708.5719,1926403,26602726,872555289,1807366099,6178632904,18968048960
30,true,RFCluster,"3. VND NNI->ECR->SPR (Classic)",91,true,91.0000,2672.2083,1360918,67112227,702783591,1900855243,6365076776,12565621712
30,true,RFCluster,"3. VND NNI->ECR->SPR (Classic)",92,true,120.0000,2518.0756,725059,22363255,687668830,1807232806,5945036416,18504756176
30,true,RFCluster,"3. VND NNI->ECR->SPR (Classic)",93,true,96.0000,3850.9797,1403649,44693857,1906142607,1898597359,9067457144,18974518224
30,true,RFCluster,"3. VND NNI->ECR->SPR (Classic)",94,true,100.0000,4160.2294,2119661,116545987,2150692408,1890715512,9094556136,18160458544
30,true,RFCluster,"3. VND NNI->ECR->SPR (Classic)",95,true,77.0000,4625.3431,1995274,94889806,2801337565,1726956046,10522859680,18968959920
30,true,RFCluster,"3. VND NNI->ECR->SPR (Classic)",96,true,109.0000,2819.1441,732292,23514354,728613097,2066199872,6692470616,16855030704
30,true,RFCluster,"3. VND NNI->ECR->SPR (Classic)",97,true,105.0000,3804.8565,1366328,45620869,1863166055,1894567135,8892949152,18998996720
30,true,RFCluster,"3. VND NNI->ECR->SPR (Classic)",98,true,103.0000,2810.5743,2492499,71897846,750656654,1985414085,6624948480,13865168624
30,true,RFCluster,"3. VND NNI->ECR->SPR (Classic)",99,true,98.0000,2544.3946,2448024,93155910,681917102,1766757049,5930149656,19226266976
30,true,RFCluster,"3. VND NNI->ECR->SPR (Classic)",100,true,97.0000,4255.0179,2001426,89750234,2514960869,1648128632,9902220464,11475193184
30,true,RFCluster,"4. VND NNI->SPR (Classic)",1,true,114.0000,1834.0599,699380,0,0,1833267802,4391705496,4366968624
30,true,RFCluster,"4. VND NNI->SPR (Classic)",2,true,84.0000,3005.1331,708878,0,0,3004362466,4766519624,9131697968
30,true,RFCluster,"4. VND NNI->SPR (Classic)",3,true,113.0000,2198.9495,1085103,0,0,2197799434,4550581208,10440085424
30,true,RFCluster,"4. VND NNI->SPR (Classic)",4,true,123.0000,2059.2331,738204,0,0,2058430718,4954823192,8493928368
30,true,RFCluster,"4. VND NNI->SPR (Classic)",5,true,94.0000,2076.7304,763021,0,0,2075904205,4929046072,10355418720
30,true,RFCluster,"4. VND NNI->SPR (Classic)",6,true,101.0000,1967.5319,739456,0,0,1966726139,4698441320,8006608480
30,true,RFCluster,"4. VND NNI->SPR (Classic)",7,true,129.0000,2179.3964,731912,0,0,2178597501,5173950192,10335128784
30,true,RFCluster,"4. VND NNI->SPR (Classic)",8,true,89.0000,2059.2310,1945519,0,0,2057211310,4917172512,8019872976
30,true,RFCluster,"4. VND NNI->SPR (Classic)",9,true,95.0000,1923.0029,1914129,0,0,1921016160,4534321720,10301908880
30,true,RFCluster,"4. VND NNI->SPR (Classic)",10,true,114.0000,2237.1670,712555,0,0,2236386900,5355958984,7852435344
30,true,RFCluster,"4. VND NNI->SPR (Classic)",11,true,123.0000,2178.6017,717775,0,0,2177820904,5162445760,10316811456
30,true,RFCluster,"4. VND NNI->SPR (Classic)",12,true,105.0000,1894.4966,726161,0,0,1893701279,4558569792,7531793600
30,true,RFCluster,"4. VND NNI->SPR (Classic)",13,true,101.0000,2092.3941,1849577,0,0,2090472618,4937305776,10311837816
30,true,RFCluster,"4. VND NNI->SPR (Classic)",14,true,114.0000,2159.8108,721262,0,0,2159026695,5161534400,7627483256
30,true,RFCluster,"4. VND NNI->SPR (Classic)",15,true,119.0000,2083.5154,757341,0,0,2082692724,4944184080,10278921856
30,true,RFCluster,"4. VND NNI->SPR (Classic)",16,true,108.0000,2242.3227,1781958,0,0,2240454213,5376047368,7930111616
30,true,RFCluster,"4. VND NNI->SPR (Classic)",17,true,95.0000,2246.5836,776216,0,0,2245748571,5344833456,10278921856
30,true,RFCluster,"4. VND NNI->SPR (Classic)",18,true,111.0000,2243.0989,1933336,0,0,2241092447,5303225528,8567647144
30,true,RFCluster,"4. VND NNI->SPR (Classic)",19,true,118.0000,1996.4722,711312,0,0,1995694794,4758064704,10278923176
30,true,RFCluster,"4. VND NNI->SPR (Classic)",20,true,124.0000,2147.3975,752701,0,0,2146578946,5166745952,8401180336
30,true,RFCluster,"4. VND NNI->SPR (Classic)",21,true,103.0000,1888.8927,1793842,0,0,1887021828,4558960976,10296700336
30,true,RFCluster,"4. VND NNI->SPR (Classic)",22,true,97.0000,2142.5275,751429,0,0,2141708796,5137160104,8014998960
30,true,RFCluster,"4. VND NNI->SPR (Classic)",23,true,103.0000,2143.8550,760005,0,0,2143032833,5133596808,10334809048
30,true,RFCluster,"4. VND NNI->SPR (Classic)",24,true,91.0000,1727.4117,2150900,0,0,1725184909,4184121584,7247801304
30,true,RFCluster,"4. VND NNI->SPR (Classic)",25,true,109.0000,2010.2813,738103,0,0,2009458616,4764411512,10372848848
30,true,RFCluster,"4. VND NNI->SPR (Classic)",26,true,104.0000,2059.7711,705682,0,0,2059002345,4972030240,7017405648
30,true,RFCluster,"4. VND NNI->SPR (Classic)",27,true,106.0000,2096.0655,701343,0,0,2095302702,4974744080,10330777760
30,true,RFCluster,"4. VND NNI->SPR (Classic)",28,true,94.0000,2050.0519,688439,0,0,2049281491,4948639528,6941780128
30,true,RFCluster,"4. VND NNI->SPR (Classic)",29,true,105.0000,2176.5575,1848194,0,0,2174624877,5138778704,10313755728
30,true,RFCluster,"4. VND NNI->SPR (Classic)",30,true,108.0000,2054.2009,715320,0,0,2053418377,4969141272,7126084688
30,true,RFCluster,"4. VND NNI->SPR (Classic)",31,true,109.0000,1992.0200,693188,0,0,1991269008,4766780888,10280201296
30,true,RFCluster,"4. VND NNI->SPR (Classic)",32,true,129.0000,1971.1833,771848,0,0,1970351184,4732486680,6672585880
30,true,RFCluster,"4. VND NNI->SPR (Classic)",33,true,120.0000,2192.4935,728144,0,0,2191701408,5167740952,10334507608
30,true,RFCluster,"4. VND NNI->SPR (Classic)",34,true,101.0000,2222.6706,1710974,0,0,2220893548,5368314312,7281054296
30,true,RFCluster,"4. VND NNI->SPR (Classic)",35,true,112.0000,2012.7755,732473,0,0,2011980632,4788803032,10300953176
30,true,RFCluster,"4. VND NNI->SPR (Classic)",36,true,91.0000,1989.7800,1812606,0,0,1987895934,4786950544,6864231112
30,true,RFCluster,"4. VND NNI->SPR (Classic)",37,true,95.0000,1988.1043,770836,0,0,1987274903,4745667120,10311215888
30,true,RFCluster,"4. VND NNI->SPR (Classic)",38,true,98.0000,2061.7122,773771,0,0,2060875918,4933447112,6620228368
30,true,RFCluster,"4. VND NNI->SPR (Classic)",39,true,106.0000,2170.0000,730138,0,0,2169216442,5169392128,10314173432
30,true,RFCluster,"4. VND NNI->SPR (Classic)",40,true,102.0000,2137.0006,705091,0,0,2136238694,5168806976,7059393528
30,true,RFCluster,"4. VND NNI->SPR (Classic)",41,true,120.0000,2009.8378,711703,0,0,2009062433,4772626144,10280619000
30,true,RFCluster,"4. VND NNI->SPR (Classic)",42,true,119.0000,2050.4408,682688,0,0,2049695268,4972322232,6848234160
30,true,RFCluster,"4. VND NNI->SPR (Classic)",43,true,112.0000,1935.5439,1826213,0,0,1933646958,4568847928,10327511088
30,true,RFCluster,"4. VND NNI->SPR (Classic)",44,true,113.0000,2135.5231,706574,0,0,2134757798,5156400280,6636523568
30,true,RFCluster,"4. VND NNI->SPR (Classic)",45,true,110.0000,2115.8387,732784,0,0,2115043930,4972049960,10306123568
30,true,RFCluster,"4. VND NNI->SPR (Classic)",46,true,107.0000,1725.7121,682027,0,0,1724976642,4169498296,5843384112
30,true,RFCluster,"4. VND NNI->SPR (Classic)",47,true,112.0000,1941.1208,712295,0,0,1940344873,4564300464,10384843440
30,true,RFCluster,"4. VND NNI->SPR (Classic)",48,true,115.0000,2149.7887,753713,0,0,2148962651,5159858136,5720777392
30,true,RFCluster,"4. VND NNI->SPR (Classic)",49,true,91.0000,2027.5356,715671,0,0,2026763312,4758336704,10289594096
30,true,RFCluster,"4. VND NNI->SPR (Classic)",50,true,104.0000,2117.7523,763021,0,0,2116930759,5120627776,5793300208
30,true,RFCluster,"4. VND NNI->SPR (Classic)",51,true,107.0000,2023.2248,705261,0,0,2022438768,4786166856,10297713080
30,true,RFCluster,"4. VND NNI->SPR (Classic)",52,true,109.0000,1975.6779,667029,0,0,1974929859,4763240272,5499429304
30,true,RFCluster,"4. VND NNI->SPR (Classic)",53,true,126.0000,2183.6979,722534,0,0,2182914991,5138903992,10320619568
30,true,RFCluster,"4. VND NNI->SPR (Classic)",54,true,99.0000,1810.4897,691756,0,0,1809747628,4371536944,5220345904
30,true,RFCluster,"4. VND NNI->SPR (Classic)",55,true,112.0000,2195.3653,1745680,0,0,2193556346,5185161624,10317449600
30,true,RFCluster,"4. VND NNI->SPR (Classic)",56,true,114.0000,1973.7744,1841932,0,0,1971870421,4748562744,5384948096
30,true,RFCluster,"4. VND NNI->SPR (Classic)",57,true,110.0000,1889.9182,733104,0,0,1889102163,4575566008,9948350848
30,true,RFCluster,"4. VND NNI->SPR (Classic)",58,true,101.0000,1972.9163,727673,0,0,1972137759,4769593472,10283895168
30,true,RFCluster,"4. VND NNI->SPR (Classic)",59,true,120.0000,2077.1532,718466,0,0,2076382294,4973535720,9487305408
30,true,RFCluster,"4. VND NNI->SPR (Classic)",60,true,112.0000,1986.5259,1831752,0,0,1984628060,4770881992,10295265320
30,true,RFCluster,"4. VND NNI->SPR (Classic)",61,true,112.0000,1722.1979,709208,0,0,1721432082,4184763872,8248444968
30,true,RFCluster,"4. VND NNI->SPR (Classic)",62,true,98.0000,2069.6718,732443,0,0,2068886551,4958880720,10398675168
30,true,RFCluster,"4. VND NNI->SPR (Classic)",63,true,104.0000,2212.0917,699890,0,0,2211337036,5346758528,8486072544
30,true,RFCluster,"4. VND NNI->SPR (Classic)",64,true,97.0000,1905.2755,673822,0,0,1904546512,4575089904,10298011872
30,true,RFCluster,"4. VND NNI->SPR (Classic)",65,true,99.0000,2056.1362,718717,0,0,2055363827,4962397320,7906953776
30,true,RFCluster,"4. VND NNI->SPR (Classic)",66,true,105.0000,2087.7581,737151,0,0,2086966099,4968079344,10344025696
30,true,RFCluster,"4. VND NNI->SPR (Classic)",67,true,102.0000,1894.4716,1749216,0,0,1892664307,4564907576,7391235680
30,true,RFCluster,"4. VND NNI->SPR (Classic)",68,true,101.0000,2003.4303,1895605,0,0,2001425691,4732266768,10324104368
30,true,RFCluster,"4. VND NNI->SPR (Classic)",69,true,115.0000,2141.6738,728896,0,0,2140889327,5148124424,7270651056
30,true,RFCluster,"4. VND NNI->SPR (Classic)",70,true,138.0000,2260.5312,721161,0,0,2259753111,5363682528,10306126128
30,true,RFCluster,"4. VND NNI->SPR (Classic)",71,true,96.0000,1973.7906,714199,0,0,1973019375,4747150360,7420444976
30,true,RFCluster,"4. VND NNI->SPR (Classic)",72,true,120.0000,2325.1464,711423,0,0,2324376205,5573971032,10306126128
30,true,RFCluster,"4. VND NNI->SPR (Classic)",73,true,93.0000,1825.6297,722203,0,0,1824854243,4389080368,7381468720
30,true,RFCluster,"4. VND NNI->SPR (Classic)",74,true,106.0000,1839.4883,1761991,0,0,1837666486,4380059992,10302756760
30,true,RFCluster,"4. VND NNI->SPR (Classic)",75,true,116.0000,2058.3367,778010,0,0,2057503736,4923258264,6678878104
30,true,RFCluster,"4. VND NNI->SPR (Classic)",76,true,127.0000,2080.3257,1891327,0,0,2078371537,4939842040,10363155840
30,true,RFCluster,"4. VND NNI->SPR (Classic)",77,true,113.0000,2146.3448,735057,0,0,2145554758,5125869880,6806386048
30,true,RFCluster,"4. VND NNI->SPR (Classic)",78,true,113.0000,2012.3531,707836,0,0,2011590651,4762319760,10297313992
30,true,RFCluster,"4. VND NNI->SPR (Classic)",79,true,99.0000,1900.7833,1772922,0,0,1898953256,4583282704,6203673288
30,true,RFCluster,"4. VND NNI->SPR (Classic)",80,true,101.0000,1926.8307,726882,0,0,1926054350,4577756968,10339623312
30,true,RFCluster,"4. VND NNI->SPR (Classic)",81,true,87.0000,1877.4742,753543,0,0,1876664573,4552071688,5474230672
30,true,RFCluster,"4. VND NNI->SPR (Classic)",82,true,109.0000,1991.4129,1825090,0,0,1989528177,4786337400,10238960016
30,true,RFCluster,"4. VND NNI->SPR (Classic)",83,true,89.0000,1970.0974,687988,0,0,1969354847,4792402280,10306068880
30,true,RFCluster,"4. VND NNI->SPR (Classic)",84,true,102.0000,1908.3997,743744,0,0,1907599167,4570083608,9369756120
30,true,RFCluster,"4. VND NNI->SPR (Classic)",85,true,114.0000,2227.8223,713748,0,0,2227060174,5346209512,10296217600
30,true,RFCluster,"4. VND NNI->SPR (Classic)",86,true,101.0000,2007.1416,755106,0,0,2006332331,4759020568,9289584640
30,true,RFCluster,"4. VND NNI->SPR (Classic)",87,true,115.0000,1734.5762,1746301,0,0,1732769480,4191704216,10304404424
30,true,RFCluster,"4. VND NNI->SPR (Classic)",88,true,111.0000,1977.3746,707605,0,0,1976612227,4762954224,8056257480
30,true,RFCluster,"4. VND NNI->SPR (Classic)",89,true,105.0000,2078.2195,755607,0,0,2077406582,4915544528,10420059624
30,true,RFCluster,"4. VND NNI->SPR (Classic)",90,true,98.0000,1811.2529,1866890,0,0,1809321618,4363411888,7265943016
30,true,RFCluster,"4. VND NNI->SPR (Classic)",91,true,95.0000,2011.1796,713907,0,0,2010411248,4754165960,10370016560
30,true,RFCluster,"4. VND NNI->SPR (Classic)",92,true,120.0000,1811.7647,690132,0,0,1811019607,4388510552,6410593584
30,true,RFCluster,"4. VND NNI->SPR (Classic)",93,true,101.0000,2022.9583,731441,0,0,2022172733,4749179192,10386274336
30,true,RFCluster,"4. VND NNI->SPR (Classic)",94,true,109.0000,2138.6366,742762,0,0,2137837574,5139476504,6393296928
30,true,RFCluster,"4. VND NNI->SPR (Classic)",95,true,84.0000,2013.1517,710982,0,0,2012385051,4775035552,10292696416
30,true,RFCluster,"4. VND NNI->SPR (Classic)",96,true,109.0000,2072.6996,709109,0,0,2071935198,4964655928,6232610144
30,true,RFCluster,"4. VND NNI->SPR (Classic)",97,true,108.0000,2017.0835,708417,0,0,2016317539,4787344080,10309189384
30,true,RFCluster,"4. VND NNI->SPR (Classic)",98,true,98.0000,1894.0156,1769405,0,0,1892183262,4586618448,5745786632
30,true,RFCluster,"4. VND NNI->SPR (Classic)",99,true,101.0000,1941.7200,1786407,0,0,1939871413,4588026368,10318988656
30,true,RFCluster,"4. VND NNI->SPR (Classic)",100,true,108.0000,2135.9490,697506,0,0,2135195260,5176261672,5688477040
30,true,RFCluster,"5. VND NNI->ECR->SPR (Inc)",1,true,116.0000,38.1028,106041,1545429,15075637,20768262,63673064,106321232
30,true,RFCluster,"5. VND NNI->ECR->SPR (Inc)",2,true,123.0000,19.2722,58962,348532,4479238,14295534,32142304,139875664
30,true,RFCluster,"5. VND NNI->ECR->SPR (Inc)",3,true,122.0000,16.6406,27843,132672,1309380,15116224,23556256,173430096
30,true,RFCluster,"5. VND NNI->ECR->SPR (Inc)",4,true,119.0000,17.1673,43623,265375,3477563,13285563,31031304,173430096
30,true,RFCluster,"5. VND NNI->ECR->SPR (Inc)",5,true,121.0000,16.0699,65303,410841,1060417,14476677,21071544,206984528
30,true,RFCluster,"5. VND NNI->ECR->SPR (Inc)",6,true,114.0000,15.0891,35517,124346,1075184,13809850,22099808,240538960
30,true,RFCluster,"5. VND NNI->ECR->SPR (Inc)",7,true,128.0000,15.5530,18616,126110,1009119,14356529,21790488,240538960
30,true,RFCluster,"5. VND NNI->ECR->SPR (Inc)",8,true,101.0000,12.9195,97876,398689,1161148,11221298,20533744,274093392
30,true,RFCluster,"5. VND NNI->ECR->SPR (Inc)",9,true,101.0000,15.9826,76827,184751,4053508,11631879,34298624,307647824
30,true,RFCluster,"5. VND NNI->ECR->SPR (Inc)",10,true,110.0000,13.8127,15991,92877,1077038,12600751,21422792,341202256
30,true,RFCluster,"5. VND NNI->ECR->SPR (Inc)",11,true,106.0000,13.3517,16141,87577,966208,12255965,20208688,341202256
30,true,RFCluster,"5. VND NNI->ECR->SPR (Inc)",12,true,108.0000,13.2030,15600,93689,1058713,12009677,20612040,374756688
30,true,RFCluster,"5. VND NNI->ECR->SPR (Inc)",13,true,122.0000,16.8779,72759,183469,3399765,13189100,32897384,408311120
30,true,RFCluster,"5. VND NNI->ECR->SPR (Inc)",14,true,113.0000,13.0261,14909,84781,950507,11951647,20198944,441865552
30,true,RFCluster,"5. VND NNI->ECR->SPR (Inc)",15,true,107.0000,14.1967,53942,467769,3416676,10223550,30644424,441865552
30,true,RFCluster,"5. VND NNI->ECR->SPR (Inc)",16,true,112.0000,17.2633,75233,184061,4489968,12477897,37810016,508974416
30,true,RFCluster,"5. VND NNI->ECR->SPR (Inc)",17,true,111.0000,17.2151,35227,191253,4437588,12514968,37722080,542528848
30,true,RFCluster,"5. VND NNI->ECR->SPR (Inc)",18,true,121.0000,13.2134,49925,83058,1056328,11995560,20767160,542528848
30,true,RFCluster,"5. VND NNI->ECR->SPR (Inc)",19,true,129.0000,13.3305,15299,82106,950949,12258300,20626408,576083280
30,true,RFCluster,"5. VND NNI->ECR->SPR (Inc)",20,true,112.0000,12.9425,32812,342732,1051289,11488065,20691872,609637712
30,true,RFCluster,"5. VND NNI->ECR->SPR (Inc)",21,true,105.0000,13.3664,49575,80443,1054825,12153601,20456912,609637712
30,true,RFCluster,"5. VND NNI->ECR->SPR (Inc)",22,true,120.0000,15.9064,46088,411653,3956895,11451155,35060304,643192144
30,true,RFCluster,"5. VND NNI->ECR->SPR (Inc)",23,true,111.0000,13.2262,14578,84711,1064625,12039344,20593456,676746576
30,true,RFCluster,"5. VND NNI->ECR->SPR (Inc)",24,true,87.0000,12.3727,98076,335057,3067994,8836483,27334584,710301008
30,true,RFCluster,"5. VND NNI->ECR->SPR (Inc)",25,true,111.0000,11.9362,31029,262760,1151349,10463968,19799128,710301008
30,true,RFCluster,"5. VND NNI->ECR->SPR (Inc)",26,true,106.0000,13.0770,14988,90923,1048734,11900099,20525720,743855440
30,true,RFCluster,"5. VND NNI->ECR->SPR (Inc)",27,true,103.0000,13.2619,29987,264383,1118617,11822721,21737240,743855440
30,true,RFCluster,"5. VND NNI->ECR->SPR (Inc)",28,true,114.0000,13.9816,39946,351169,1091456,12455524,22215520,777409872
30,true,RFCluster,"5. VND NNI->ECR->SPR (Inc)",29,true,106.0000,13.3483,49013,84361,1089482,12099638,20789760,810964304
30,true,RFCluster,"5. VND NNI->ECR->SPR (Inc)",30,true,107.0000,13.6268,45396,93488,1076717,12388557,21302408,810964304
30,true,RFCluster,"5. VND NNI->ECR->SPR (Inc)",31,true,107.0000,13.5425,14177,78139,996585,12431158,20051400,844518736
30,true,RFCluster,"5. VND NNI->ECR->SPR (Inc)",32,true,130.0000,14.3545,14157,85463,1030900,13193929,21679656,878073168
30,true,RFCluster,"5. VND NNI->ECR->SPR (Inc)",33,true,121.0000,16.9643,35368,167108,4385820,12346868,37280088,911627600
30,true,RFCluster,"5. VND NNI->ECR->SPR (Inc)",34,true,117.0000,14.4644,45657,81134,1068231,13244455,22768360,911627600
30,true,RFCluster,"5. VND NNI->ECR->SPR (Inc)",35,true,107.0000,14.7190,30499,170584,3237997,11251125,30791784,945182032
30,true,RFCluster,"5. VND NNI->ECR->SPR (Inc)",36,true,93.0000,14.3123,77016,357540,3420624,10423120,30821000,978736464
30,true,RFCluster,"5. VND NNI->ECR->SPR (Inc)",37,true,109.0000,12.2027,28144,253392,1140138,10748209,20284416,1012290896
30,true,RFCluster,"5. VND NNI->ECR->SPR (Inc)",38,true,100.0000,12.6342,28695,340557,1092487,11143880,20435608,1012290896
30,true,RFCluster,"5. VND NNI->ECR->SPR (Inc)",39,true,94.0000,13.0950,13716,86585,1207767,11766284,21309992,1045845328
30,true,RFCluster,"5. VND NNI->ECR->SPR (Inc)",40,true,83.0000,21.0932,32231,167418,8991719,11874730,57152000,1112954192
30,true,RFCluster,"5. VND NNI->ECR->SPR (Inc)",41,true,125.0000,13.8731,14217,86524,1043945,12706582,21147096,1112954192
30,true,RFCluster,"5. VND NNI->ECR->SPR (Inc)",42,true,118.0000,16.3067,32571,171326,4272223,11803946,36717648,1180063056
30,true,RFCluster,"5. VND NNI->ECR->SPR (Inc)",43,true,109.0000,13.8519,45396,83298,1063693,12635667,21361408,1180063056
30,true,RFCluster,"5. VND NNI->ECR->SPR (Inc)",44,true,101.0000,11.7598,26700,247681,885794,10565762,18555112,1213617488
30,true,RFCluster,"5. VND NNI->ECR->SPR (Inc)",45,true,107.0000,14.5338,13465,296474,1122003,13079591,22271192,1213617488
30,true,RFCluster,"5. VND NNI->ECR->SPR (Inc)",46,true,106.0000,12.0041,14037,79982,952141,10936206,18800288,1247171920
30,true,RFCluster,"5. VND NNI->ECR->SPR (Inc)",47,true,106.0000,12.3145,14106,83138,1117665,11079157,19517432,1280726352
30,true,RFCluster,"5. VND NNI->ECR->SPR (Inc)",48,true,108.0000,13.1633,13636,90763,1118858,11920137,20971504,1280726352
30,true,RFCluster,"5. VND NNI->ECR->SPR (Inc)",49,true,83.0000,14.1556,30408,173870,3627358,10293945,30900080,1314280784
30,true,RFCluster,"5. VND NNI->ECR->SPR (Inc)",50,true,109.0000,13.8753,27713,242061,966097,12615979,21417752,1347835216
30,true,RFCluster,"5. VND NNI->ECR->SPR (Inc)",51,true,133.0000,14.6541,31279,168179,3942757,10486871,32693184,1381389648
30,true,RFCluster,"5. VND NNI->ECR->SPR (Inc)",52,true,98.0000,13.7742,13666,89310,1065636,12585582,21277840,1381389648
30,true,RFCluster,"5. VND NNI->ECR->SPR (Inc)",53,true,140.0000,13.6061,14338,84300,1034257,12450766,21037928,1414944080
30,true,RFCluster,"5. VND NNI->ECR->SPR (Inc)",54,true,108.0000,15.2896,29956,168751,3430683,11634874,32122576,1448498512
30,true,RFCluster,"5. VND NNI->ECR->SPR (Inc)",55,true,112.0000,13.5312,47791,166587,1181286,12113033,22158408,1482052944
30,true,RFCluster,"5. VND NNI->ECR->SPR (Inc)",56,true,124.0000,14.2399,47290,95822,1147142,12912444,22456512,1482052944
30,true,RFCluster,"5. VND NNI->ECR->SPR (Inc)",57,true,107.0000,16.6831,31289,142260,5521810,10952096,41501808,1515607376
30,true,RFCluster,"5. VND NNI->ECR->SPR (Inc)",58,true,98.0000,15.1174,44334,308124,4465192,10272053,35896160,1582716240
30,true,RFCluster,"5. VND NNI->ECR->SPR (Inc)",59,true,132.0000,14.0033,28064,220820,1101785,12630407,22194456,1582716240
30,true,RFCluster,"5. VND NNI->ECR->SPR (Inc)",60,true,117.0000,13.0751,46107,70974,1005132,11932580,20700280,1616270672
30,true,RFCluster,"5. VND NNI->ECR->SPR (Inc)",61,true,110.0000,11.4842,13425,66667,1027514,10356484,18828968,1616270672
30,true,RFCluster,"5. VND NNI->ECR->SPR (Inc)",62,true,105.0000,13.3534,27993,215810,1106174,11979560,21418696,1649825104
30,true,RFCluster,"5. VND NNI->ECR->SPR (Inc)",63,true,118.0000,15.9352,31882,138313,3753557,11986162,33863456,1683379536
30,true,RFCluster,"5. VND NNI->ECR->SPR (Inc)",64,true,96.0000,12.5162,19467,69412,1020320,11386632,19945232,1716933968
30,true,RFCluster,"5. VND NNI->ECR->SPR (Inc)",65,true,95.0000,14.9788,51468,357651,4013491,10528881,33984752,1750488400
30,true,RFCluster,"5. VND NNI->ECR->SPR (Inc)",66,true,115.0000,14.7007,26450,216561,1033906,13401364,23197080,1750488400
30,true,RFCluster,"5. VND NNI->ECR->SPR (Inc)",67,true,107.0000,12.8124,64514,200030,892528,11631428,19882992,1784042832
30,true,RFCluster,"5. VND NNI->ECR->SPR (Inc)",68,true,113.0000,13.4253,56157,222784,1023176,12099468,21091032,1817597264
30,true,RFCluster,"5. VND NNI->ECR->SPR (Inc)",69,true,116.0000,13.8326,27451,219818,983450,12578378,21467816,1817597264
30,true,RFCluster,"5. VND NNI->ECR->SPR (Inc)",70,true,139.0000,13.9803,31439,134336,2745972,11044572,28084120,1851151696
30,true,RFCluster,"5. VND NNI->ECR->SPR (Inc)",71,true,103.0000,12.5368,27752,213405,1023305,11249341,19870288,1884706128
30,true,RFCluster,"5. VND NNI->ECR->SPR (Inc)",72,true,113.0000,12.5374,28836,217834,1075415,11192753,20880816,1884706128
30,true,RFCluster,"5. VND NNI->ECR->SPR (Inc)",73,true,98.0000,13.9131,28855,146179,3462073,10251503,30650608,1918260560
30,true,RFCluster,"5. VND NNI->ECR->SPR (Inc)",74,true,90.0000,15.2873,60275,137671,3243397,11819345,32038864,1951814992
30,true,RFCluster,"5. VND NNI->ECR->SPR (Inc)",75,true,123.0000,13.2458,26510,214328,1005602,11975452,21074168,1985369424
30,true,RFCluster,"5. VND NNI->ECR->SPR (Inc)",76,true,123.0000,13.7210,46169,77558,1226773,12348531,21953424,1985369424
30,true,RFCluster,"5. VND NNI->ECR->SPR (Inc)",77,true,113.0000,12.9304,13916,66596,1066759,11763769,20727008,2018923856
30,true,RFCluster,"5. VND NNI->ECR->SPR (Inc)",78,true,107.0000,13.6465,13786,69993,1064013,12477857,21270704,2052478288
30,true,RFCluster,"5. VND NNI->ECR->SPR (Inc)",79,true,103.0000,15.9187,62599,143904,4307300,11376844,36521904,2086032720
30,true,RFCluster,"5. VND NNI->ECR->SPR (Inc)",80,true,94.0000,13.1805,42421,296953,3366071,9448366,29656704,2119587152
30,true,RFCluster,"5. VND NNI->ECR->SPR (Inc)",81,true,92.0000,13.6751,46058,299057,3226245,10076471,29760800,2153141584
30,true,RFCluster,"5. VND NNI->ECR->SPR (Inc)",82,true,116.0000,15.5115,62148,154394,3485147,11783837,33023176,2186696016
30,true,RFCluster,"5. VND NNI->ECR->SPR (Inc)",83,true,84.0000,17.4017,49836,515881,7535569,9271480,49516728,2220250448
30,true,RFCluster,"5. VND NNI->ECR->SPR (Inc)",84,true,102.0000,12.5001,13736,72618,1186546,11206330,20639128,2253804880
30,true,RFCluster,"5. VND NNI->ECR->SPR (Inc)",85,true,116.0000,13.0014,13787,87998,954305,11924565,20142248,2253804880
30,true,RFCluster,"5. VND NNI->ECR->SPR (Inc)",86,true,109.0000,14.5045,45607,297857,2933930,11198855,29338088,2287359312
30,true,RFCluster,"5. VND NNI->ECR->SPR (Inc)",87,true,115.0000,12.0017,46528,68280,1043103,10822159,19521608,2320913744
30,true,RFCluster,"5. VND NNI->ECR->SPR (Inc)",88,true,127.0000,14.6723,14297,66747,1060497,13510280,22765096,2320913744
30,true,RFCluster,"5. VND NNI->ECR->SPR (Inc)",89,true,118.0000,16.2978,29295,134294,3769548,12338592,33783272,2354468176
30,true,RFCluster,"5. VND NNI->ECR->SPR (Inc)",90,true,103.0000,14.0873,45306,74442,1086095,12860615,22165832,2388022608
30,true,RFCluster,"5. VND NNI->ECR->SPR (Inc)",91,true,104.0000,13.2217,28965,222272,1089522,11858209,21462408,2421577040
30,true,RFCluster,"5. VND NNI->ECR->SPR (Inc)",92,true,134.0000,13.8397,13777,67849,996686,12740667,21790568,2421577040
30,true,RFCluster,"5. VND NNI->ECR->SPR (Inc)",93,true,108.0000,15.1173,28875,134966,2953927,11974881,30418544,2455131472
30,true,RFCluster,"5. VND NNI->ECR->SPR (Inc)",94,true,93.0000,13.4679,28003,286975,970716,12159852,21170576,2488685904
30,true,RFCluster,"5. VND NNI->ECR->SPR (Inc)",95,true,87.0000,20.1880,61657,580093,8808810,10702220,56753424,2555794768
30,true,RFCluster,"5. VND NNI->ECR->SPR (Inc)",96,true,115.0000,13.2576,13946,158041,1074352,11989528,20961384,2555794768
30,true,RFCluster,"5. VND NNI->ECR->SPR (Inc)",97,true,118.0000,15.0201,29044,210090,3014221,11741226,30301280,2589349200
30,true,RFCluster,"5. VND NNI->ECR->SPR (Inc)",98,true,102.0000,12.9813,63240,338814,1086656,11466675,21029008,2622903632
30,true,RFCluster,"5. VND NNI->ECR->SPR (Inc)",99,true,115.0000,13.0240,60676,433404,1031081,11471614,21155680,2622903632
30,true,RFCluster,"5. VND NNI->ECR->SPR (Inc)",100,true,106.0000,13.2544,49023,425910,2843557,9907730,27981168,2656458064
30,true,RFCluster,"6. VND NNI->SPR (Inc)",1,true,105.0000,10.8434,28645,0,0,10745252,14129032,6005312
30,true,RFCluster,"6. VND NNI->SPR (Inc)",2,true,118.0000,11.9465,15289,0,0,11912742,15285840,6005312
30,true,RFCluster,"6. VND NNI->SPR (Inc)",3,true,122.0000,13.0127,13946,0,0,12981154,17178048,39559744
30,true,RFCluster,"6. VND NNI->SPR (Inc)",4,true,123.0000,12.2990,14057,0,0,12268819,15821040,39559744
30,true,RFCluster,"6. VND NNI->SPR (Inc)",5,true,121.0000,12.8854,13456,0,0,12854965,15763824,73114176
30,true,RFCluster,"6. VND NNI->SPR (Inc)",6,true,114.0000,12.7560,14237,0,0,12724186,15760376,73114176
30,true,RFCluster,"6. VND NNI->SPR (Inc)",7,true,128.0000,12.6315,13496,0,0,12591042,16662520,106668608
30,true,RFCluster,"6. VND NNI->SPR (Inc)",8,true,102.0000,11.4145,54595,0,0,11327229,14606648,106668608
30,true,RFCluster,"6. VND NNI->SPR (Inc)",9,true,107.0000,11.6746,44074,0,0,11609897,14624824,140223040
30,true,RFCluster,"6. VND NNI->SPR (Inc)",10,true,110.0000,12.2602,14217,0,0,12229995,15948352,140223040
30,true,RFCluster,"6. VND NNI->SPR (Inc)",11,true,106.0000,11.9329,13786,0,0,11903084,15326496,173777472
30,true,RFCluster,"6. VND NNI->SPR (Inc)",12,true,108.0000,11.8061,12955,0,0,11777335,15249552,173777472
30,true,RFCluster,"6. VND NNI->SPR (Inc)",13,true,116.0000,11.5829,44555,0,0,11520817,15391176,207331904
30,true,RFCluster,"6. VND NNI->SPR (Inc)",14,true,113.0000,11.9251,13285,0,0,11896342,15330640,207331904
30,true,RFCluster,"6. VND NNI->SPR (Inc)",15,true,108.0000,11.9576,13175,0,0,11929214,15251528,207331904
30,true,RFCluster,"6. VND NNI->SPR (Inc)",16,true,112.0000,12.7911,48182,0,0,12725759,16652344,240886336
30,true,RFCluster,"6. VND NNI->SPR (Inc)",17,true,100.0000,12.8152,13796,0,0,12786074,16554480,240886336
30,true,RFCluster,"6. VND NNI->SPR (Inc)",18,true,121.0000,11.8378,43764,0,0,11777125,15403304,274440768
30,true,RFCluster,"6. VND NNI->SPR (Inc)",19,true,129.0000,12.1079,13886,0,0,12078267,15949016,274440768
30,true,RFCluster,"6. VND NNI->SPR (Inc)",20,true,123.0000,13.7195,13426,0,0,13690704,17832064,307995200
30,true,RFCluster,"6. VND NNI->SPR (Inc)",21,true,105.0000,12.0152,44004,0,0,11955173,15294184,307995200
30,true,RFCluster,"6. VND NNI->SPR (Inc)",22,true,121.0000,12.8314,13616,0,0,12803877,16559744,341549632
30,true,RFCluster,"6. VND NNI->SPR (Inc)",23,true,111.0000,11.8777,13536,0,0,11849102,15228872,341549632
30,true,RFCluster,"6. VND NNI->SPR (Inc)",24,true,88.0000,9.7998,58039,0,0,9726285,12851224,375104064
30,true,RFCluster,"6. VND NNI->SPR (Inc)",25,true,111.0000,10.8478,13636,0,0,10818321,14057136,375104064
30,true,RFCluster,"6. VND NNI->SPR (Inc)",26,true,106.0000,11.8093,13115,0,0,11777215,15349856,408658496
30,true,RFCluster,"6. VND NNI->SPR (Inc)",27,true,103.0000,12.1038,13456,0,0,12075052,15970928,408658496
30,true,RFCluster,"6. VND NNI->SPR (Inc)",28,true,114.0000,13.1961,13807,0,0,13165404,17125208,442212928
30,true,RFCluster,"6. VND NNI->SPR (Inc)",29,true,106.0000,11.9318,43482,0,0,11871865,15333072,442212928
30,true,RFCluster,"6. VND NNI->SPR (Inc)",30,true,107.0000,12.1996,12964,0,0,12171725,15937208,442212928
30,true,RFCluster,"6. VND NNI->SPR (Inc)",31,true,107.0000,12.2268,13255,0,0,12198486,15277904,475767360
30,true,RFCluster,"6. VND NNI->SPR (Inc)",32,true,130.0000,13.0100,12885,0,0,12981595,16505320,475767360
30,true,RFCluster,"6. VND NNI->SPR (Inc)",33,true,123.0000,12.5373,12995,0,0,12509397,16647360,509321792
30,true,RFCluster,"6. VND NNI->SPR (Inc)",34,true,117.0000,13.2172,44243,0,0,13155916,17317040,509321792
30,true,RFCluster,"6. VND NNI->SPR (Inc)",35,true,109.0000,11.6054,13796,0,0,11576553,15393408,542876224
30,true,RFCluster,"6. VND NNI->SPR (Inc)",36,true,95.0000,11.3089,43323,0,0,11247558,14788520,542876224
30,true,RFCluster,"6. VND NNI->SPR (Inc)",37,true,109.0000,11.1231,17173,0,0,11089638,14652304,576430656
30,true,RFCluster,"6. VND NNI->SPR (Inc)",38,true,100.0000,12.1103,13416,0,0,12081152,15234600,576430656
30,true,RFCluster,"6. VND NNI->SPR (Inc)",39,true,94.0000,11.5393,13376,0,0,11510879,15355040,609985088
30,true,RFCluster,"6. VND NNI->SPR (Inc)",40,true,103.0000,12.8494,13335,0,0,12820398,16567712,609985088
30,true,RFCluster,"6. VND NNI->SPR (Inc)",41,true,125.0000,12.5276,13315,0,0,12499468,15868720,643539520
30,true,RFCluster,"6. VND NNI->SPR (Inc)",42,true,118.0000,12.1133,13296,0,0,12084590,15976360,643539520
30,true,RFCluster,"6. VND NNI->SPR (Inc)",43,true,109.0000,12.5857,44414,0,0,12523794,15993664,677093952
30,true,RFCluster,"6. VND NNI->SPR (Inc)",44,true,104.0000,11.1825,12714,0,0,11154611,13978464,677093952
30,true,RFCluster,"6. VND NNI->SPR (Inc)",45,true,107.0000,12.9492,13495,0,0,12919998,16612720,710648384
30,true,RFCluster,"6. VND NNI->SPR (Inc)",46,true,106.0000,10.9483,13045,0,0,10920495,14029304,710648384
30,true,RFCluster,"6. VND NNI->SPR (Inc)",47,true,106.0000,10.9647,13576,0,0,10936086,14057952,710648384
30,true,RFCluster,"6. VND NNI->SPR (Inc)",48,true,108.0000,11.9081,13736,0,0,11879009,15301120,744202816
30,true,RFCluster,"6. VND NNI->SPR (Inc)",49,true,86.0000,10.6918,14107,0,0,10657486,14067840,744202816
30,true,RFCluster,"6. VND NNI->SPR (Inc)",50,true,109.0000,12.9215,25900,0,0,12869522,16476952,777757248
30,true,RFCluster,"6. VND NNI->SPR (Inc)",51,true,124.0000,11.2722,13205,0,0,11243620,14706528,777757248
30,true,RFCluster,"6. VND NNI->SPR (Inc)",52,true,98.0000,12.4712,13075,0,0,12443311,15914464,811311680
30,true,RFCluster,"6. VND NNI->SPR (Inc)",53,true,140.0000,12.3686,13606,0,0,12339845,15866240,811311680
30,true,RFCluster,"6. VND NNI->SPR (Inc)",54,true,110.0000,12.0314,13516,0,0,12001932,15282200,844866112
30,true,RFCluster,"6. VND NNI->SPR (Inc)",55,true,112.0000,11.9420,70163,0,0,11854312,16108472,844866112
30,true,RFCluster,"6. VND NNI->SPR (Inc)",56,true,124.0000,12.7787,44083,0,0,12715639,16610920,878420544
30,true,RFCluster,"6. VND NNI->SPR (Inc)",57,true,114.0000,11.6819,12824,0,0,11653560,15331264,878420544
30,true,RFCluster,"6. VND NNI->SPR (Inc)",58,true,103.0000,11.1653,13416,0,0,11136937,14655016,878420544
30,true,RFCluster,"6. VND NNI->SPR (Inc)",59,true,134.0000,11.8926,13265,0,0,11864020,15326520,911974976
30,true,RFCluster,"6. VND NNI->SPR (Inc)",60,true,117.0000,11.8594,42602,0,0,11798355,15432072,911974976
30,true,RFCluster,"6. VND NNI->SPR (Inc)",61,true,110.0000,10.1249,12744,0,0,10097200,13465320,945529408
30,true,RFCluster,"6. VND NNI->SPR (Inc)",62,true,105.0000,12.4051,12844,0,0,12376204,15896192,945529408
30,true,RFCluster,"6. VND NNI->SPR (Inc)",63,true,115.0000,12.3269,12835,0,0,12299157,15947832,979083840
30,true,RFCluster,"6. VND NNI->SPR (Inc)",64,true,96.0000,11.2093,12895,0,0,11180660,14677496,979083840
30,true,RFCluster,"6. VND NNI->SPR (Inc)",65,true,102.0000,12.2865,12213,0,0,12258971,15885304,1012638272
30,true,RFCluster,"6. VND NNI->SPR (Inc)",66,true,115.0000,13.7493,13015,0,0,13721331,17855248,1012638272
30,true,RFCluster,"6. VND NNI->SPR (Inc)",67,true,107.0000,11.9667,42901,0,0,11907573,15360784,1046192704
30,true,RFCluster,"6. VND NNI->SPR (Inc)",68,true,113.0000,12.4303,40677,0,0,12372937,15935096,1046192704
30,true,RFCluster,"6. VND NNI->SPR (Inc)",69,true,116.0000,13.0311,12644,0,0,13002786,16527888,1079747136
30,true,RFCluster,"6. VND NNI->SPR (Inc)",70,true,142.0000,11.4763,12905,0,0,11448680,14643488,1079747136
30,true,RFCluster,"6. VND NNI->SPR (Inc)",71,true,104.0000,11.5777,12944,0,0,11550805,14630944,1079747136
30,true,RFCluster,"6. VND NNI->SPR (Inc)",72,true,113.0000,11.5774,12834,0,0,11549332,15348304,1113301568
30,true,RFCluster,"6. VND NNI->SPR (Inc)",73,true,100.0000,10.4967,12735,0,0,10469408,14091232,1113301568
30,true,RFCluster,"6. VND NNI->SPR (Inc)",74,true,93.0000,12.1553,43633,0,0,12094077,16078656,1146856000
30,true,RFCluster,"6. VND NNI->SPR (Inc)",75,true,123.0000,12.3744,13225,0,0,12345345,15925272,1146856000
30,true,RFCluster,"6. VND NNI->SPR (Inc)",76,true,123.0000,12.3504,42871,0,0,12288498,15798224,1180410432
30,true,RFCluster,"6. VND NNI->SPR (Inc)",77,true,113.0000,11.7178,12764,0,0,11689839,15375144,1180410432
30,true,RFCluster,"6. VND NNI->SPR (Inc)",78,true,107.0000,12.4367,13766,0,0,12408034,15908776,1213964864
30,true,RFCluster,"6. VND NNI->SPR (Inc)",79,true,107.0000,11.7917,51257,0,0,11723413,15403192,1213964864
30,true,RFCluster,"6. VND NNI->SPR (Inc)",80,true,94.0000,10.7663,12775,0,0,10737047,14038712,1247519296
30,true,RFCluster,"6. VND NNI->SPR (Inc)",81,true,87.0000,12.0566,13616,0,0,12027059,15285976,1247519296
30,true,RFCluster,"6. VND NNI->SPR (Inc)",82,true,109.0000,11.5935,43563,0,0,11532951,15410568,1281073728
30,true,RFCluster,"6. VND NNI->SPR (Inc)",83,true,88.0000,11.5841,12864,0,0,11555373,15387248,1281073728
30,true,RFCluster,"6. VND NNI->SPR (Inc)",84,true,102.0000,11.1184,13596,0,0,11089697,14693944,1281073728
30,true,RFCluster,"6. VND NNI->SPR (Inc)",85,true,116.0000,11.7844,12824,0,0,11756395,15267552,1314628160
30,true,RFCluster,"6. VND NNI->SPR (Inc)",86,true,118.0000,12.7147,12925,0,0,12686644,15885112,1314628160
30,true,RFCluster,"6. VND NNI->SPR (Inc)",87,true,115.0000,10.7096,42000,0,0,10649390,14160352,1348182592
30,true,RFCluster,"6. VND NNI->SPR (Inc)",88,true,127.0000,13.4340,16671,0,0,13401374,17211888,1348182592
30,true,RFCluster,"6. VND NNI->SPR (Inc)",89,true,100.0000,12.4011,12493,0,0,12374090,15896672,1381737024
30,true,RFCluster,"6. VND NNI->SPR (Inc)",90,true,103.0000,12.9038,43453,0,0,12844243,16603736,1381737024
30,true,RFCluster,"6. VND NNI->SPR (Inc)",91,true,104.0000,12.1805,12664,0,0,12152719,16010136,1415291456
30,true,RFCluster,"6. VND NNI->SPR (Inc)",92,true,134.0000,12.6728,13466,0,0,12643813,16623360,1415291456
30,true,RFCluster,"6. VND NNI->SPR (Inc)",93,true,104.0000,12.4989,12674,0,0,12471214,15907960,1448845888
30,true,RFCluster,"6. VND NNI->SPR (Inc)",94,true,95.0000,13.1222,12724,0,0,13094100,16479240,1448845888
30,true,RFCluster,"6. VND NNI->SPR (Inc)",95,true,98.0000,13.5368,13295,0,0,13476707,17184216,1482400320
30,true,RFCluster,"6. VND NNI->SPR (Inc)",96,true,115.0000,11.9525,14297,0,0,11900539,15346544,1482400320
30,true,RFCluster,"6. VND NNI->SPR (Inc)",97,true,121.0000,12.0881,13426,0,0,12050685,15964960,1515954752
30,true,RFCluster,"6. VND NNI->SPR (Inc)",98,true,102.0000,11.8731,48102,0,0,11805238,15399720,1515954752
30,true,RFCluster,"6. VND NNI->SPR (Inc)",99,true,115.0000,12.2636,45987,0,0,12198846,16043992,1549509184
30,true,RFCluster,"6. VND NNI->SPR (Inc)",100,true,100.0000,11.7116,12564,0,0,11683417,15329944,1549509184
30,true,MC,"1. NNI (Classic)",1,false,Infinity,86.5159,0,0,0,0,23340592,6048928
30,true,MC,"1. NNI (Classic)",2,false,Infinity,21.9408,0,0,0,0,19745000,39603360
30,true,MC,"1. NNI (Classic)",3,false,Infinity,34.4903,0,0,0,0,33275336,73157792
30,true,MC,"1. NNI (Classic)",4,false,Infinity,25.5553,0,0,0,0,29581120,106712224
30,true,MC,"1. NNI (Classic)",5,false,Infinity,38.9077,0,0,0,0,31353112,140266656
30,true,MC,"1. NNI (Classic)",6,false,Infinity,33.9300,0,0,0,0,40792312,173821088
30,true,MC,"1. NNI (Classic)",7,false,Infinity,30.6322,0,0,0,0,33284952,207375520
30,true,MC,"1. NNI (Classic)",8,false,Infinity,14.4124,0,0,0,0,17480232,207375520
30,true,MC,"1. NNI (Classic)",9,false,Infinity,25.8773,0,0,0,0,31308584,240929952
30,true,MC,"1. NNI (Classic)",10,false,Infinity,32.3431,0,0,0,0,39113960,274484384
30,true,MC,"1. NNI (Classic)",11,false,Infinity,22.5238,0,0,0,0,27331600,308038816
30,true,MC,"1. NNI (Classic)",12,false,Infinity,14.7223,0,0,0,0,17757624,341593248
30,true,MC,"1. NNI (Classic)",13,false,Infinity,10.0998,0,0,0,0,11995376,341593248
30,true,MC,"1. NNI (Classic)",14,false,Infinity,30.2570,0,0,0,0,36889800,375147680
30,true,MC,"1. NNI (Classic)",15,false,Infinity,23.6432,0,0,0,0,29114496,408702112
30,true,MC,"1. NNI (Classic)",16,false,Infinity,25.6948,0,0,0,0,31358048,442256544
30,true,MC,"1. NNI (Classic)",17,false,Infinity,33.4905,0,0,0,0,40544712,475810976
30,true,MC,"1. NNI (Classic)",18,false,Infinity,19.6238,0,0,0,0,23437936,509365408
30,true,MC,"1. NNI (Classic)",19,false,Infinity,21.2349,0,0,0,0,25949760,542919840
30,true,MC,"1. NNI (Classic)",20,false,Infinity,35.3668,0,0,0,0,42773520,576474272
30,true,MC,"1. NNI (Classic)",21,false,Infinity,14.5859,0,0,0,0,17732088,610028704
30,true,MC,"1. NNI (Classic)",22,false,Infinity,23.7253,0,0,0,0,29306480,610028704
30,true,MC,"1. NNI (Classic)",23,false,Infinity,28.4869,0,0,0,0,34810952,643583136
30,true,MC,"1. NNI (Classic)",24,false,Infinity,22.8445,0,0,0,0,27487408,677137568
30,true,MC,"1. NNI (Classic)",25,false,Infinity,9.7799,0,0,0,0,11870280,710692000
30,true,MC,"1. NNI (Classic)",26,false,Infinity,22.4081,0,0,0,0,27349080,710692000
30,true,MC,"1. NNI (Classic)",27,false,Infinity,19.1331,0,0,0,0,23411672,744246432
30,true,MC,"1. NNI (Classic)",28,false,Infinity,17.7062,0,0,0,0,21585632,777800864
30,true,MC,"1. NNI (Classic)",29,false,Infinity,16.4038,0,0,0,0,19683576,777800864
30,true,MC,"1. NNI (Classic)",30,false,Infinity,14.5564,0,0,0,0,17558744,811355296
30,true,MC,"1. NNI (Classic)",31,false,Infinity,17.7138,0,0,0,0,21684088,844909728
30,true,MC,"1. NNI (Classic)",32,false,Infinity,22.5505,0,0,0,0,27404720,844909728
30,true,MC,"1. NNI (Classic)",33,false,Infinity,35.8657,0,0,0,0,42915160,912018592
30,true,MC,"1. NNI (Classic)",34,false,Infinity,17.9253,0,0,0,0,21485536,912018592
30,true,MC,"1. NNI (Classic)",35,false,Infinity,24.3713,0,0,0,0,29456248,945573024
30,true,MC,"1. NNI (Classic)",36,false,Infinity,21.1412,0,0,0,0,25280488,979127456
30,true,MC,"1. NNI (Classic)",37,false,Infinity,22.3544,0,0,0,0,27356952,1012681888
30,true,MC,"1. NNI (Classic)",38,false,Infinity,35.1648,0,0,0,0,42703536,1046236320
30,true,MC,"1. NNI (Classic)",39,false,Infinity,14.7161,0,0,0,0,17682656,1079790752
30,true,MC,"1. NNI (Classic)",40,false,Infinity,13.0935,0,0,0,0,15805592,1079790752
30,true,MC,"1. NNI (Classic)",41,false,Infinity,13.2202,0,0,0,0,15812480,1079790752
30,true,MC,"1. NNI (Classic)",42,false,Infinity,38.3630,0,0,0,0,46894256,1146899616
30,true,MC,"1. NNI (Classic)",43,false,Infinity,18.3048,0,0,0,0,21634136,1180454048
30,true,MC,"1. NNI (Classic)",44,false,Infinity,30.9614,0,0,0,0,37333864,1214008480
30,true,MC,"1. NNI (Classic)",45,false,Infinity,8.4557,0,0,0,0,10043304,1214008480
30,true,MC,"1. NNI (Classic)",46,false,Infinity,19.2222,0,0,0,0,23362600,1247562912
30,true,MC,"1. NNI (Classic)",47,false,Infinity,22.8360,0,0,0,0,27478816,1247562912
30,true,MC,"1. NNI (Classic)",48,false,Infinity,18.9664,0,0,0,0,23263488,1281117344
30,true,MC,"1. NNI (Classic)",49,false,Infinity,29.3801,0,0,0,0,35258712,1314671776
30,true,MC,"1. NNI (Classic)",50,false,Infinity,34.2068,0,0,0,0,41132240,1348226208
30,true,MC,"1. NNI (Classic)",51,false,Infinity,36.5965,0,0,0,0,44396472,1415335072
30,true,MC,"1. NNI (Classic)",52,false,Infinity,24.5176,0,0,0,0,29576920,1448889504
30,true,MC,"1. NNI (Classic)",53,false,Infinity,21.5766,0,0,0,0,25675512,1448889504
30,true,MC,"1. NNI (Classic)",54,false,Infinity,12.0026,0,0,0,0,14274448,1482443936
30,true,MC,"1. NNI (Classic)",55,false,Infinity,17.7997,0,0,0,0,21558896,1482443936
30,true,MC,"1. NNI (Classic)",56,false,Infinity,28.8791,0,0,0,0,34910856,1515998368
30,true,MC,"1. NNI (Classic)",57,false,Infinity,24.3403,0,0,0,0,29428920,1549552800
30,true,MC,"1. NNI (Classic)",58,false,Infinity,16.1901,0,0,0,0,19657216,1583107232
30,true,MC,"1. NNI (Classic)",59,false,Infinity,28.5283,0,0,0,0,35108072,1616661664
30,true,MC,"1. NNI (Classic)",60,false,Infinity,17.5977,0,0,0,0,21558624,1650216096
30,true,MC,"1. NNI (Classic)",61,false,Infinity,22.9233,0,0,0,0,27972160,1650216096
30,true,MC,"1. NNI (Classic)",62,false,Infinity,14.7172,0,0,0,0,17953760,1683770528
30,true,MC,"1. NNI (Classic)",63,false,Infinity,22.2287,0,0,0,0,27279200,1717324960
30,true,MC,"1. NNI (Classic)",64,false,Infinity,20.7252,0,0,0,0,25353184,1750879392
30,true,MC,"1. NNI (Classic)",65,false,Infinity,35.6078,0,0,0,0,42853976,1784433824
30,true,MC,"1. NNI (Classic)",66,false,Infinity,10.0413,0,0,0,0,12167224,1784433824
30,true,MC,"1. NNI (Classic)",67,false,Infinity,25.8082,0,0,0,0,31205744,1817988256
30,true,MC,"1. NNI (Classic)",68,false,Infinity,27.1912,0,0,0,0,33008824,1851542688
30,true,MC,"1. NNI (Classic)",69,false,Infinity,19.5289,0,0,0,0,23435696,1885097120
30,true,MC,"1. NNI (Classic)",70,false,Infinity,22.3607,0,0,0,0,27328960,1918651552
30,true,MC,"1. NNI (Classic)",71,false,Infinity,22.6703,0,0,0,0,27477152,1918651552
30,true,MC,"1. NNI (Classic)",72,false,Infinity,16.2569,0,0,0,0,19607864,1952205984
30,true,MC,"1. NNI (Classic)",73,false,Infinity,19.5673,0,0,0,0,23485024,1985760416
30,true,MC,"1. NNI (Classic)",74,false,Infinity,19.3788,0,0,0,0,23484752,1985760416
30,true,MC,"1. NNI (Classic)",75,false,Infinity,22.8219,0,0,0,0,27180960,2019314848
30,true,MC,"1. NNI (Classic)",76,false,Infinity,26.8732,0,0,0,0,32909872,2052869280
30,true,MC,"1. NNI (Classic)",77,false,Infinity,26.0065,0,0,0,0,31331120,2086423712
30,true,MC,"1. NNI (Classic)",78,false,Infinity,19.3448,0,0,0,0,23782112,2119978144
30,true,MC,"1. NNI (Classic)",79,false,Infinity,14.5735,0,0,0,0,17607072,2119978144
30,true,MC,"1. NNI (Classic)",80,false,Infinity,9.8838,0,0,0,0,11820152,2153532576
30,true,MC,"1. NNI (Classic)",81,false,Infinity,28.2659,0,0,0,0,33355128,2187087008
30,true,MC,"1. NNI (Classic)",82,false,Infinity,14.3267,0,0,0,0,17532704,2187087008
30,true,MC,"1. NNI (Classic)",83,false,Infinity,20.7374,0,0,0,0,25442960,2220641440
30,true,MC,"1. NNI (Classic)",84,false,Infinity,19.4195,0,0,0,0,23559880,2254195872
30,true,MC,"1. NNI (Classic)",85,false,Infinity,22.7052,0,0,0,0,27774216,2287750304
30,true,MC,"1. NNI (Classic)",86,false,Infinity,22.5934,0,0,0,0,27304080,2287750304
30,true,MC,"1. NNI (Classic)",87,false,Infinity,17.5003,0,0,0,0,21479592,2321304736
30,true,MC,"1. NNI (Classic)",88,false,Infinity,9.8384,0,0,0,0,11968944,2321304736
30,true,MC,"1. NNI (Classic)",89,false,Infinity,22.6590,0,0,0,0,27527048,2354859168
30,true,MC,"1. NNI (Classic)",90,false,Infinity,25.8236,0,0,0,0,31181264,2388413600
30,true,MC,"1. NNI (Classic)",91,false,Infinity,14.5664,0,0,0,0,17606936,2421968032
30,true,MC,"1. NNI (Classic)",92,false,Infinity,20.9184,0,0,0,0,25649840,2421968032
30,true,MC,"1. NNI (Classic)",93,false,Infinity,20.8673,0,0,0,0,25402728,2455522464
30,true,MC,"1. NNI (Classic)",94,false,Infinity,20.0637,0,0,0,0,23682976,2489076896
30,true,MC,"1. NNI (Classic)",95,false,Infinity,12.9770,0,0,0,0,15680528,2489076896
30,true,MC,"1. NNI (Classic)",96,false,Infinity,22.3480,0,0,0,0,27254456,2522631328
30,true,MC,"1. NNI (Classic)",97,false,Infinity,19.3949,0,0,0,0,23559280,2556185760
30,true,MC,"1. NNI (Classic)",98,false,Infinity,12.8450,0,0,0,0,15606176,2556185760
30,true,MC,"1. NNI (Classic)",99,false,Infinity,24.1733,0,0,0,0,29177760,2589740192
30,true,MC,"1. NNI (Classic)",100,false,Infinity,11.2690,0,0,0,0,13655384,2623294624
30,true,MC,"2. NNI (Incremental)",1,false,Infinity,7.2606,0,0,0,0,2193632,6148232
30,true,MC,"2. NNI (Incremental)",2,false,Infinity,1.3109,0,0,0,0,2424592,6148232
30,true,MC,"2. NNI (Incremental)",3,false,Infinity,1.8154,0,0,0,0,3360688,6148232
30,true,MC,"2. NNI (Incremental)",4,false,Infinity,1.9417,0,0,0,0,3599832,6148232
30,true,MC,"2. NNI (Incremental)",5,false,Infinity,1.9240,0,0,0,0,3602520,6148232
30,true,MC,"2. NNI (Incremental)",6,false,Infinity,2.2538,0,0,0,0,4314576,39702664
30,true,MC,"2. NNI (Incremental)",7,false,Infinity,1.6229,0,0,0,0,3131032,39702664
30,true,MC,"2. NNI (Incremental)",8,false,Infinity,1.1689,0,0,0,0,2184792,39702664
30,true,MC,"2. NNI (Incremental)",9,false,Infinity,1.9248,0,0,0,0,3604312,39702664
30,true,MC,"2. NNI (Incremental)",10,false,Infinity,2.2801,0,0,0,0,4304496,39702664
30,true,MC,"2. NNI (Incremental)",11,false,Infinity,3.1244,0,0,0,0,5723064,39702664
30,true,MC,"2. NNI (Incremental)",12,false,Infinity,0.8733,0,0,0,0,1477216,39702664
30,true,MC,"2. NNI (Incremental)",13,false,Infinity,0.7904,0,0,0,0,1478336,39702664
30,true,MC,"2. NNI (Incremental)",14,false,Infinity,1.6835,0,0,0,0,3345176,39702664
30,true,MC,"2. NNI (Incremental)",15,false,Infinity,1.6772,0,0,0,0,3339072,39702664
30,true,MC,"2. NNI (Incremental)",16,false,Infinity,1.9616,0,0,0,0,3812656,73257096
30,true,MC,"2. NNI (Incremental)",17,false,Infinity,2.2465,0,0,0,0,4283328,73257096
30,true,MC,"2. NNI (Incremental)",18,false,Infinity,1.4339,0,0,0,0,2868288,73257096
30,true,MC,"2. NNI (Incremental)",19,false,Infinity,1.2539,0,0,0,0,2871200,73257096
30,true,MC,"2. NNI (Incremental)",20,false,Infinity,1.9188,0,0,0,0,4049280,73257096
30,true,MC,"2. NNI (Incremental)",21,false,Infinity,1.0649,0,0,0,0,2161104,73257096
30,true,MC,"2. NNI (Incremental)",22,false,Infinity,1.6132,0,0,0,0,3578888,73257096
30,true,MC,"2. NNI (Incremental)",23,false,Infinity,1.7853,0,0,0,0,4049952,73257096
30,true,MC,"2. NNI (Incremental)",24,false,Infinity,1.3933,0,0,0,0,3577152,73257096
30,true,MC,"2. NNI (Incremental)",25,false,Infinity,0.6654,0,0,0,0,1451456,73257096
30,true,MC,"2. NNI (Incremental)",26,false,Infinity,1.2974,0,0,0,0,3106144,106811528
30,true,MC,"2. NNI (Incremental)",27,false,Infinity,1.3798,0,0,0,0,3337000,106811528
30,true,MC,"2. NNI (Incremental)",28,false,Infinity,0.8246,0,0,0,0,1924704,106811528
30,true,MC,"2. NNI (Incremental)",29,false,Infinity,1.0722,0,0,0,0,2397168,106811528
30,true,MC,"2. NNI (Incremental)",30,false,Infinity,0.9082,0,0,0,0,2159760,106811528
30,true,MC,"2. NNI (Incremental)",31,false,Infinity,1.2019,0,0,0,0,2872936,106811528
30,true,MC,"2. NNI (Incremental)",32,false,Infinity,1.1484,0,0,0,0,2868400,106811528
30,true,MC,"2. NNI (Incremental)",33,false,Infinity,2.0368,0,0,0,0,4991912,106811528
30,true,MC,"2. NNI (Incremental)",34,false,Infinity,0.8284,0,0,0,0,2161608,106811528
30,true,MC,"2. NNI (Incremental)",35,false,Infinity,1.4449,0,0,0,0,3811480,106811528
30,true,MC,"2. NNI (Incremental)",36,false,Infinity,1.2927,0,0,0,0,3104184,106811528
30,true,MC,"2. NNI (Incremental)",37,false,Infinity,1.3273,0,0,0,0,3341088,140365960
30,true,MC,"2. NNI (Incremental)",38,false,Infinity,1.8073,0,0,0,0,4292680,140365960
30,true,MC,"2. NNI (Incremental)",39,false,Infinity,0.8750,0,0,0,0,2156792,140365960
30,true,MC,"2. NNI (Incremental)",40,false,Infinity,0.9398,0,0,0,0,2160096,140365960
30,true,MC,"2. NNI (Incremental)",41,false,Infinity,0.7459,0,0,0,0,1687016,140365960
30,true,MC,"2. NNI (Incremental)",42,false,Infinity,0.8320,0,0,0,0,2867056,140365960
30,true,MC,"2. NNI (Incremental)",43,false,Infinity,0.8273,0,0,0,0,2868960,140365960
30,true,MC,"2. NNI (Incremental)",44,false,Infinity,1.0809,0,0,0,0,4051464,140365960
30,true,MC,"2. NNI (Incremental)",45,false,Infinity,0.3421,0,0,0,0,967088,140365960
30,true,MC,"2. NNI (Incremental)",46,false,Infinity,0.6004,0,0,0,0,2182624,140365960
30,true,MC,"2. NNI (Incremental)",47,false,Infinity,0.7347,0,0,0,0,2539448,140365960
30,true,MC,"2. NNI (Incremental)",48,false,Infinity,0.8112,0,0,0,0,2888936,140365960
30,true,MC,"2. NNI (Incremental)",49,false,Infinity,1.0501,0,0,0,0,3782816,140365960
30,true,MC,"2. NNI (Incremental)",50,false,Infinity,0.8166,0,0,0,0,3074600,173920392
30,true,MC,"2. NNI (Incremental)",51,false,Infinity,1.2586,0,0,0,0,5028144,173920392
30,true,MC,"2. NNI (Incremental)",52,false,Infinity,0.8120,0,0,0,0,3076112,173920392
30,true,MC,"2. NNI (Incremental)",53,false,Infinity,0.8430,0,0,0,0,3247552,173920392
30,true,MC,"2. NNI (Incremental)",54,false,Infinity,0.4425,0,0,0,0,1465000,173920392
30,true,MC,"2. NNI (Incremental)",55,false,Infinity,0.4347,0,0,0,0,1463992,173920392
30,true,MC,"2. NNI (Incremental)",56,false,Infinity,0.7365,0,0,0,0,2536424,173920392
30,true,MC,"2. NNI (Incremental)",57,false,Infinity,0.6022,0,0,0,0,2175624,173920392
30,true,MC,"2. NNI (Incremental)",58,false,Infinity,0.5180,0,0,0,0,1820872,173920392
30,true,MC,"2. NNI (Incremental)",59,false,Infinity,0.6587,0,0,0,0,2356416,173920392
30,true,MC,"2. NNI (Incremental)",60,false,Infinity,0.5575,0,0,0,0,2000320,173920392
30,true,MC,"2. NNI (Incremental)",61,false,Infinity,0.6861,0,0,0,0,2537320,173920392
30,true,MC,"2. NNI (Incremental)",62,false,Infinity,0.4996,0,0,0,0,1645960,173920392
30,true,MC,"2. NNI (Incremental)",63,false,Infinity,0.6699,0,0,0,0,2539728,207474824
30,true,MC,"2. NNI (Incremental)",64,false,Infinity,0.6447,0,0,0,0,2354568,207474824
30,true,MC,"2. NNI (Incremental)",65,false,Infinity,0.9273,0,0,0,0,3608408,207474824
30,true,MC,"2. NNI (Incremental)",66,false,Infinity,0.4280,0,0,0,0,1465336,207474824
30,true,MC,"2. NNI (Incremental)",67,false,Infinity,0.7218,0,0,0,0,2717440,207474824
30,true,MC,"2. NNI (Incremental)",68,false,Infinity,0.7874,0,0,0,0,2893976,207474824
30,true,MC,"2. NNI (Incremental)",69,false,Infinity,0.5774,0,0,0,0,2183408,207474824
30,true,MC,"2. NNI (Incremental)",70,false,Infinity,0.7219,0,0,0,0,2717160,207474824
30,true,MC,"2. NNI (Incremental)",71,false,Infinity,0.7850,0,0,0,0,2708960,207474824
30,true,MC,"2. NNI (Incremental)",72,false,Infinity,0.5089,0,0,0,0,1821296,207474824
30,true,MC,"2. NNI (Incremental)",73,false,Infinity,0.6012,0,0,0,0,2174888,207474824
30,true,MC,"2. NNI (Incremental)",74,false,Infinity,0.5342,0,0,0,0,1820864,207474824
30,true,MC,"2. NNI (Incremental)",75,false,Infinity,0.5987,0,0,0,0,2178128,207474824
30,true,MC,"2. NNI (Incremental)",76,false,Infinity,0.4994,0,0,0,0,1817040,207474824
30,true,MC,"2. NNI (Incremental)",77,false,Infinity,0.5414,0,0,0,0,2027104,241029256
30,true,MC,"2. NNI (Incremental)",78,false,Infinity,0.5593,0,0,0,0,2203048,241029256
30,true,MC,"2. NNI (Incremental)",79,false,Infinity,0.5178,0,0,0,0,2024168,241029256
30,true,MC,"2. NNI (Incremental)",80,false,Infinity,0.2961,0,0,0,0,1131056,241029256
30,true,MC,"2. NNI (Incremental)",81,false,Infinity,0.7203,0,0,0,0,3095368,241029256
30,true,MC,"2. NNI (Incremental)",82,false,Infinity,0.4432,0,0,0,0,1664048,241029256
30,true,MC,"2. NNI (Incremental)",83,false,Infinity,0.5836,0,0,0,0,2384400,241029256
30,true,MC,"2. NNI (Incremental)",84,false,Infinity,0.7476,0,0,0,0,2913232,241029256
30,true,MC,"2. NNI (Incremental)",85,false,Infinity,0.5813,0,0,0,0,2562112,241029256
30,true,MC,"2. NNI (Incremental)",86,false,Infinity,1.0587,0,0,0,0,4349496,241029256
30,true,MC,"2. NNI (Incremental)",87,false,Infinity,0.6230,0,0,0,0,2563800,241029256
30,true,MC,"2. NNI (Incremental)",88,false,Infinity,0.2989,0,0,0,0,1131672,241029256
30,true,MC,"2. NNI (Incremental)",89,false,Infinity,0.5068,0,0,0,0,2030376,241029256
30,true,MC,"2. NNI (Incremental)",90,false,Infinity,0.8227,0,0,0,0,3271376,241029256
30,true,MC,"2. NNI (Incremental)",91,false,Infinity,0.4206,0,0,0,0,1665984,274583688
30,true,MC,"2. NNI (Incremental)",92,false,Infinity,0.5645,0,0,0,0,2381424,274583688
30,true,MC,"2. NNI (Incremental)",93,false,Infinity,0.6161,0,0,0,0,2383648,274583688
30,true,MC,"2. NNI (Incremental)",94,false,Infinity,0.7855,0,0,0,0,3274432,274583688
30,true,MC,"2. NNI (Incremental)",95,false,Infinity,0.5224,0,0,0,0,2022144,274583688
30,true,MC,"2. NNI (Incremental)",96,false,Infinity,0.8370,0,0,0,0,3272632,274583688
30,true,MC,"2. NNI (Incremental)",97,false,Infinity,0.6990,0,0,0,0,2733768,274583688
30,true,MC,"2. NNI (Incremental)",98,false,Infinity,0.3766,0,0,0,0,1486784,274583688
30,true,MC,"2. NNI (Incremental)",99,false,Infinity,0.6769,0,0,0,0,2736400,274583688
30,true,MC,"2. NNI (Incremental)",100,false,Infinity,0.4413,0,0,0,0,1842832,274583688
30,true,MC,"3. VND NNI->ECR->SPR (Classic)",1,true,92.0000,10207.4424,28342764,725046695,8474011472,979541607,20734907408,10512243888
30,true,MC,"3. VND NNI->ECR->SPR (Classic)",2,true,67.0000,19571.7376,21485737,524872195,18617112155,407905429,37936067744,10768314016
30,true,MC,"3. VND NNI->ECR->SPR (Classic)",3,true,90.0000,17426.9618,32819458,501582698,16338241882,553901065,35879712304,10900600928
30,true,MC,"3. VND NNI->ECR->SPR (Classic)",4,true,112.0000,8813.1342,29873135,562688984,6831269203,1388966636,18077897312,10867065952
30,true,MC,"3. VND NNI->ECR->SPR (Classic)",5,true,79.0000,14365.8111,31633572,372306726,13270927551,690559146,28401051384,10612625712
30,true,MC,"3. VND NNI->ECR->SPR (Classic)",6,true,85.0000,14648.2439,38592255,347990378,13427737171,833545290,30074781128,10658947440
30,true,MC,"3. VND NNI->ECR->SPR (Classic)",7,true,85.0000,21284.5790,32794660,452141636,20387049481,412201017,43399280040,11064200128
30,true,MC,"3. VND NNI->ECR->SPR (Classic)",8,true,77.0000,11320.4344,19528214,821482992,10066108921,412973345,22479390184,10997459904
30,true,MC,"3. VND NNI->ECR->SPR (Classic)",9,true,83.0000,27312.5021,31459100,364621262,26363680234,552344414,52675733200,11060501080
30,true,MC,"3. VND NNI->ECR->SPR (Classic)",10,true,102.0000,12840.4757,37496493,324407604,11498990070,979253109,26773012672,10560158640
30,true,MC,"3. VND NNI->ECR->SPR (Classic)",11,false,Infinity,19228.2773,29565539,586759837,18203245601,408228063,37369732768,10970171904
30,true,MC,"3. VND NNI->ECR->SPR (Classic)",12,true,92.0000,20910.0414,20113606,680673028,19515386441,693470362,42351504656,10903068160
30,true,MC,"3. VND NNI->ECR->SPR (Classic)",13,true,87.0000,20267.6294,15479476,701053541,18865902950,684777973,38122868920,10896454248
30,true,MC,"3. VND NNI->ECR->SPR (Classic)",14,true,83.0000,14804.9447,35924673,552675484,13529592813,686383015,28831506776,10823892704
30,true,MC,"3. VND NNI->ECR->SPR (Classic)",15,true,68.0000,25915.4245,28986429,287585686,25325007667,273437652,54331192672,11337263264
30,true,MC,"3. VND NNI->ECR->SPR (Classic)",16,true,68.0000,23342.4829,29273255,242933948,23069859473,0,47854409768,12473193600
30,true,MC,"3. VND NNI->ECR->SPR (Classic)",17,true,87.0000,14553.6273,38757378,334412760,13347248679,832859255,30169544864,12421905432
30,true,MC,"3. VND NNI->ECR->SPR (Classic)",18,true,89.0000,22244.5676,24725866,456357002,21084625970,678506607,40628300376,12998633952
30,true,MC,"3. VND NNI->ECR->SPR (Classic)",19,true,85.0000,15449.3118,26403739,701475043,14308385014,412662915,31395504184,13092775552
30,true,MC,"3. VND NNI->ECR->SPR (Classic)",20,true,100.0000,16359.3465,40974106,249359941,15107085722,961564791,33880724032,12800637328
30,true,MC,"3. VND NNI->ECR->SPR (Classic)",21,true,97.0000,9086.3429,20091787,403933977,6830508468,1831526540,18677416072,12537173952
30,true,MC,"3. VND NNI->ECR->SPR (Classic)",22,true,102.0000,5387.3613,29009786,1006716812,3250891418,1100290701,9823366776,12436510656
30,true,MC,"3. VND NNI->ECR->SPR (Classic)",23,true,66.0000,18736.2514,33593701,265903349,18024295736,412104203,37172828552,12995230448
30,true,MC,"3. VND NNI->ECR->SPR (Classic)",24,true,86.0000,9786.3673,28440302,347987289,8436438065,973223932,20128263400,12995230448
30,true,MC,"3. VND NNI->ECR->SPR (Classic)",25,true,80.0000,15427.9663,15193473,560456859,14164815663,687183630,30423254576,12843241056
30,true,MC,"3. VND NNI->ECR->SPR (Classic)",26,true,88.0000,2811.1903,26169572,916296509,907344596,961111569,5241409584,12440587872
30,true,MC,"3. VND NNI->ECR->SPR (Classic)",27,true,107.0000,6978.9332,24460314,813696587,4755148656,1385340878,13561276992,12447290112
30,true,MC,"3. VND NNI->ECR->SPR (Classic)",28,true,94.0000,8081.4297,23162235,574024090,6240536564,1243447115,16164362720,12509416216
30,true,MC,"3. VND NNI->ECR->SPR (Classic)",29,true,77.0000,13151.9149,21850400,998471802,11858497954,272684734,24454473240,12751165448
30,true,MC,"3. VND NNI->ECR->SPR (Classic)",30,true,62.0000,15212.2442,19875123,264416732,14373095685,554545517,31556830176,12829934392
30,true,MC,"3. VND NNI->ECR->SPR (Classic)",31,true,95.0000,17892.2487,23395287,560070874,16471379208,837063911,37978289920,12985686744
30,true,MC,"3. VND NNI->ECR->SPR (Classic)",32,true,85.0000,23951.0725,27990477,429969775,23077625189,415120929,47230833776,13255984488
30,true,MC,"3. VND NNI->ECR->SPR (Classic)",33,true,100.0000,18941.3218,41051844,660862450,17558473054,680558803,36678090424,13494382440
30,true,MC,"3. VND NNI->ECR->SPR (Classic)",34,true,81.0000,21575.4021,23274608,506001527,20490370747,555400393,44506846576,14072756160
30,true,MC,"3. VND NNI->ECR->SPR (Classic)",35,true,110.0000,10905.0137,29932059,836920609,9069181022,968649072,21925915928,14110485440
30,true,MC,"3. VND NNI->ECR->SPR (Classic)",36,true,69.0000,6083.7479,27826346,579831480,4932812260,543006505,11886503568,13569852624
30,true,MC,"3. VND NNI->ECR->SPR (Classic)",37,true,94.0000,7843.5113,27383222,992939502,5991182264,831708969,16169100264,13532651360
30,true,MC,"3. VND NNI->ECR->SPR (Classic)",38,true,84.0000,11886.8327,40480288,888514659,10550075194,407413112,22298323408,13595570080
30,true,MC,"3. VND NNI->ECR->SPR (Classic)",39,true,97.0000,12775.4497,20069772,675173784,11246440584,833435832,26494061296,13781838224
30,true,MC,"3. VND NNI->ECR->SPR (Classic)",40,true,79.0000,16490.8891,18502795,508822772,15125078636,838199951,33892859408,13826218784
30,true,MC,"3. VND NNI->ECR->SPR (Classic)",41,true,90.0000,21036.6434,18856337,345922884,19851504325,820011826,41692408120,13984752024
30,true,MC,"3. VND NNI->ECR->SPR (Classic)",42,true,99.0000,7970.2505,43490943,608867324,6200886185,1116701257,16786330688,13450469312
30,true,MC,"3. VND NNI->ECR->SPR (Classic)",43,true,81.0000,14076.8441,23728692,934873214,12843153455,274736926,27962828048,13865670752
30,true,MC,"3. VND NNI->ECR->SPR (Classic)",44,true,76.0000,22926.7287,36684319,254817538,22080799186,554094140,47102913928,14219027728
30,true,MC,"3. VND NNI->ECR->SPR (Classic)",45,true,78.0000,16731.0846,14065706,658771432,15511058192,546862227,31774933784,14942521616
30,true,MC,"3. VND NNI->ECR->SPR (Classic)",46,true,67.0000,17296.2027,22907471,660706612,16612278360,0,35371196704,14891320832
30,true,MC,"3. VND NNI->ECR->SPR (Classic)",47,true,92.0000,11601.8970,27932025,762102105,10249209310,562329499,23355683880,14915252224
30,true,MC,"3. VND NNI->ECR->SPR (Classic)",48,true,74.0000,18875.3723,23984509,564915557,18149851582,136304004,35249336736,14845420144
30,true,MC,"3. VND NNI->ECR->SPR (Classic)",49,true,97.0000,17026.0906,34769548,587498972,15587428667,816073566,31428091288,14845420144
30,true,MC,"3. VND NNI->ECR->SPR (Classic)",50,true,100.0000,10130.3158,39214972,611355146,8657212638,822243279,20155357416,14429580168
30,true,MC,"3. VND NNI->ECR->SPR (Classic)",51,true,74.0000,12923.8479,41864389,451298424,12155599910,274755623,26884750128,14708363392
30,true,MC,"3. VND NNI->ECR->SPR (Classic)",52,true,80.0000,19695.2607,29196149,601591208,18514375716,549776789,39082441592,15113569600
30,true,MC,"3. VND NNI->ECR->SPR (Classic)",53,true,90.0000,13153.4810,27008038,1109863284,11880225702,135995457,25669816448,14945797440
30,true,MC,"3. VND NNI->ECR->SPR (Classic)",54,true,86.0000,13657.7018,17343462,909590989,12453214290,277193538,27203974744,14665523464
30,true,MC,"3. VND NNI->ECR->SPR (Classic)",55,true,95.0000,13874.4801,22757785,540923093,12056930952,1253618486,27798774776,14645237120
30,true,MC,"3. VND NNI->ECR->SPR (Classic)",56,true,83.0000,20213.6411,34296307,575499343,19064518381,538976522,39161599000,14880762112
30,true,MC,"3. VND NNI->ECR->SPR (Classic)",57,true,74.0000,18757.5772,30044263,627454210,17684843798,414866556,38802034824,14981191232
30,true,MC,"3. VND NNI->ECR->SPR (Classic)",58,true,91.0000,18254.9429,22014102,533459430,16867140203,832003319,37096918424,14914082368
30,true,MC,"3. VND NNI->ECR->SPR (Classic)",59,true,96.0000,20079.0211,34373845,331741666,19160203335,552373066,38713295056,14872269040
30,true,MC,"3. VND NNI->ECR->SPR (Classic)",60,true,83.0000,14549.0910,23092192,870231924,12959871305,695572563,29812841560,14905823472
30,true,MC,"3. VND NNI->ECR->SPR (Classic)",61,true,102.0000,9689.6972,28765699,624531281,7634053821,1402041947,18952030248,14643403936
30,true,MC,"3. VND NNI->ECR->SPR (Classic)",62,true,87.0000,8282.5285,20288039,746738970,6541431993,973733651,16148620152,14455633984
30,true,MC,"3. VND NNI->ECR->SPR (Classic)",63,true,103.0000,7526.2205,27711535,572008414,5384174806,1542074742,15000293672,14448034984
30,true,MC,"3. VND NNI->ECR->SPR (Classic)",64,true,92.0000,6422.7584,26120951,775090553,4776028474,845253906,13041639104,14421871576
30,true,MC,"3. VND NNI->ECR->SPR (Classic)",65,true,90.0000,10180.0388,41252515,496914438,8803310175,838282449,20669783944,14585131520
30,true,MC,"3. VND NNI->ECR->SPR (Classic)",66,true,91.0000,22698.3280,15784235,1009451511,21534946900,137749643,44093111496,15235536712
30,true,MC,"3. VND NNI->ECR->SPR (Classic)",67,true,89.0000,15294.1035,31507303,155139131,13991641366,1115538276,31436679704,14819365976
30,true,MC,"3. VND NNI->ECR->SPR (Classic)",68,true,86.0000,12931.6022,33206277,418627717,11520365426,959130151,24777000856,14533606856
30,true,MC,"3. VND NNI->ECR->SPR (Classic)",69,true,87.0000,20316.4708,24755716,617905072,19397459379,275985421,41404396312,15076275680
30,true,MC,"3. VND NNI->ECR->SPR (Classic)",70,true,96.0000,16989.4540,27580668,722523873,15825871537,413126206,34375471680,14842691472
30,true,MC,"3. VND NNI->ECR->SPR (Classic)",71,true,87.0000,17009.8909,27691658,347862582,15663304642,970773943,33697087088,14757701904
30,true,MC,"3. VND NNI->ECR->SPR (Classic)",72,true,103.0000,7875.3610,21927467,228150678,5762598331,1862505920,16188134528,14550603680
30,true,MC,"3. VND NNI->ECR->SPR (Classic)",73,true,74.0000,6125.3275,24574560,663316275,4614087246,823113654,11808332712,14282168224
30,true,MC,"3. VND NNI->ECR->SPR (Classic)",74,true,75.0000,11354.4527,25070412,332649633,10014178508,982311663,23778889728,14519479888
30,true,MC,"3. VND NNI->ECR->SPR (Classic)",75,true,92.0000,26883.8700,28226254,591297734,25860576078,403422474,50631852392,15317575536
30,true,MC,"3. VND NNI->ECR->SPR (Classic)",76,true,89.0000,14268.7352,32169384,673917705,13011437210,550883544,29651187568,14645966880
30,true,MC,"3. VND NNI->ECR->SPR (Classic)",77,false,Infinity,24681.6280,33319901,748466926,23356332828,543131513,45112319312,15266037536
30,true,MC,"3. VND NNI->ECR->SPR (Classic)",78,true,93.0000,19974.5704,24906553,489673959,18594201732,865493282,39291915752,17989917984
30,true,MC,"3. VND NNI->ECR->SPR (Classic)",79,true,88.0000,14842.1881,19679413,761007744,13328288972,732930963,28938527224,12152571824
30,true,MC,"3. VND NNI->ECR->SPR (Classic)",80,true,86.0000,8940.0111,14940952,727490858,7359653103,837627683,18667281488,11894036816
30,true,MC,"3. VND NNI->ECR->SPR (Classic)",81,true,65.0000,15871.7916,33702388,445284337,15255001249,137473277,32841894944,12418628176
30,true,MC,"3. VND NNI->ECR->SPR (Classic)",82,true,75.0000,22483.8252,19614359,428281725,21213846250,821811036,42390530616,12646968400
30,true,MC,"3. VND NNI->ECR->SPR (Classic)",83,true,82.0000,11530.1741,26320380,306791502,10045429135,1151385641,24419483320,12561262512
30,true,MC,"3. VND NNI->ECR->SPR (Classic)",84,true,90.0000,14912.2224,24856648,396483700,13528874794,961748329,28256422720,12249343168
30,true,MC,"3. VND NNI->ECR->SPR (Classic)",85,true,108.0000,13568.1321,28359879,1158086853,11967997368,413276532,27199918704,12323594720
30,true,MC,"3. VND NNI->ECR->SPR (Classic)",86,true,95.0000,17022.2067,28031254,692827443,15492687419,808348887,29612498304,12354194776
30,true,MC,"3. VND NNI->ECR->SPR (Classic)",87,true,98.0000,11713.6243,22667374,260547333,10166869293,1263309726,24064140424,12320640344
30,true,MC,"3. VND NNI->ECR->SPR (Classic)",88,true,88.0000,11033.3298,15369107,685114807,9500845831,831698568,22648491968,12229440256
30,true,MC,"3. VND NNI->ECR->SPR (Classic)",89,true,83.0000,19138.3078,28050852,767461357,17799580111,542897568,34675013216,12486473856
30,true,MC,"3. VND NNI->ECR->SPR (Classic)",90,true,93.0000,20751.5160,31539244,163821903,19724974487,830886427,42485612880,12585643896
30,true,MC,"3. VND NNI->ECR->SPR (Classic)",91,true,68.0000,22928.5802,19639279,488946661,22148468021,271210264,44329190616,12667793664
30,true,MC,"3. VND NNI->ECR->SPR (Classic)",92,true,81.0000,18836.1011,26059494,687613323,17567945796,554157220,39286835096,12667793664
30,true,MC,"3. VND NNI->ECR->SPR (Classic)",93,true,81.0000,10761.9647,26665368,802455389,9389519059,543037431,19503007632,12579727280
30,true,MC,"3. VND NNI->ECR->SPR (Classic)",94,true,82.0000,13480.2919,25631350,761867550,12001435429,691061223,26257437664,12160987656
30,true,MC,"3. VND NNI->ECR->SPR (Classic)",95,true,78.0000,8226.4511,18349325,656981570,6859075441,691794719,16566534632,12223461280
30,true,MC,"3. VND NNI->ECR->SPR (Classic)",96,true,81.0000,23774.0445,27671103,515563737,22821978570,408479392,45282597952,12587860608
30,true,MC,"3. VND NNI->ECR->SPR (Classic)",97,true,86.0000,16164.8839,24747048,491902906,14948201341,699724277,33941800632,12420088448
30,true,MC,"3. VND NNI->ECR->SPR (Classic)",98,true,94.0000,16276.8332,18203296,527111318,14889573057,841646368,33295655328,12420088448
30,true,MC,"3. VND NNI->ECR->SPR (Classic)",99,true,78.0000,15788.3376,29690605,354333347,14567866943,836165129,31091976056,12406748880
30,true,MC,"3. VND NNI->ECR->SPR (Classic)",100,true,76.0000,15653.3908,16395476,540032674,14409545508,687127578,32969412032,12322557088
30,true,MC,"4. VND NNI->SPR (Classic)",1,true,105.0000,2826.0780,20817019,0,0,2805135276,4884872608,4871828856
30,true,MC,"4. VND NNI->SPR (Classic)",2,true,101.0000,2525.1961,18278579,0,0,2506819548,4367349808,9233905016
30,true,MC,"4. VND NNI->SPR (Classic)",3,true,124.0000,2551.7846,29726803,0,0,2521938335,4414604656,10390497848
30,true,MC,"4. VND NNI->SPR (Classic)",4,true,121.0000,2836.3486,26554636,0,0,2809676688,4897494024,8343677496
30,true,MC,"4. VND NNI->SPR (Classic)",5,true,112.0000,2815.7425,28592433,0,0,2787029977,4860694136,10360414200
30,true,MC,"4. VND NNI->SPR (Classic)",6,true,109.0000,2416.4516,35823222,0,0,2380501467,4160723152,7239852024
30,true,MC,"4. VND NNI->SPR (Classic)",7,true,133.0000,3125.1824,29991747,0,0,3095074457,5353158640,10381395736
30,true,MC,"4. VND NNI->SPR (Classic)",8,true,112.0000,2814.9109,16228850,0,0,2798589191,4862714152,7395051288
30,true,MC,"4. VND NNI->SPR (Classic)",9,false,Infinity,2535.8900,29917596,0,0,2505848570,4369645144,10280732440
30,true,MC,"4. VND NNI->SPR (Classic)",10,true,122.0000,2276.3184,34317997,0,0,2241882581,3929854752,5641867064
30,true,MC,"4. VND NNI->SPR (Classic)",11,true,118.0000,2998.1786,24281672,0,0,2973790504,5125125288,10443708792
30,true,MC,"4. VND NNI->SPR (Classic)",12,true,114.0000,2845.8139,16833290,0,0,2828887711,4873513144,5712533880
30,true,MC,"4. VND NNI->SPR (Classic)",13,true,114.0000,3405.1534,12243145,0,0,3392824980,5792982872,10279532888
30,true,MC,"4. VND NNI->SPR (Classic)",14,true,119.0000,3108.9536,32414127,0,0,3076415584,5342479912,6957644120
30,true,MC,"4. VND NNI->SPR (Classic)",15,true,111.0000,2473.4539,26055867,0,0,2447278366,4172642704,10279532888
30,true,MC,"4. VND NNI->SPR (Classic)",16,true,120.0000,2849.8869,28203474,0,0,2821564878,4886792088,6021422480
30,true,MC,"4. VND NNI->SPR (Classic)",17,true,112.0000,2173.1932,35892925,0,0,2137153828,3690258368,9712410000
30,true,MC,"4. VND NNI->SPR (Classic)",18,true,117.0000,2931.6216,22018856,0,0,2909512149,5038589160,10282835344
30,true,MC,"4. VND NNI->SPR (Classic)",19,true,117.0000,2995.3238,23278283,0,0,2971945533,5129194192,9657692288
30,true,MC,"4. VND NNI->SPR (Classic)",20,true,117.0000,2286.3250,37597498,0,0,2248608528,3922567128,10295226496
30,true,MC,"4. VND NNI->SPR (Classic)",21,true,115.0000,2868.3311,16880790,0,0,2851353168,4897492680,8245827208
30,true,MC,"4. VND NNI->SPR (Classic)",22,true,118.0000,2980.2512,26162942,0,0,2953977224,5091685608,10396980304
30,true,MC,"4. VND NNI->SPR (Classic)",23,true,118.0000,2434.1317,30979035,0,0,2403027530,4154305096,7377081424
30,true,MC,"4. VND NNI->SPR (Classic)",24,true,100.0000,2729.6531,25474121,0,0,2704063843,4649075056,10370852240
30,true,MC,"4. VND NNI->SPR (Classic)",25,true,120.0000,3385.7104,11829719,0,0,3373793598,5812484136,7787160976
30,true,MC,"4. VND NNI->SPR (Classic)",26,true,114.0000,2714.1621,24800220,0,0,2689252040,4631605920,10303743376
30,true,MC,"4. VND NNI->SPR (Classic)",27,false,Infinity,3247.0423,22883993,0,0,3224037089,5586959960,7896855288
30,true,MC,"4. VND NNI->SPR (Classic)",28,true,117.0000,3005.4414,20018920,0,0,2985327737,5126718296,10279219960
30,true,MC,"4. VND NNI->SPR (Classic)",29,true,119.0000,3094.9401,18649475,0,0,3076186438,5309081640,8257170776
30,true,MC,"4. VND NNI->SPR (Classic)",30,true,121.0000,2862.0017,16864390,0,0,2845043331,4881554056,10303991128
30,true,MC,"4. VND NNI->SPR (Classic)",31,true,107.0000,2877.4051,20076661,0,0,2857231403,4901284352,7926862264
30,true,MC,"4. VND NNI->SPR (Classic)",32,true,132.0000,2854.7538,24728852,0,0,2829912731,4876974120,10297809584
30,true,MC,"4. VND NNI->SPR (Classic)",33,true,116.0000,2703.5748,37873654,0,0,2665576572,4619885576,7345019568
30,true,MC,"4. VND NNI->SPR (Classic)",34,true,122.0000,2870.2850,20121697,0,0,2850060386,4882968104,10347214968
30,true,MC,"4. VND NNI->SPR (Classic)",35,true,130.0000,2984.3083,26473352,0,0,2957726669,5119629544,7293761656
30,true,MC,"4. VND NNI->SPR (Classic)",36,true,80.0000,2561.7037,23231403,0,0,2538363658,4367696808,10285050424
30,true,MC,"4. VND NNI->SPR (Classic)",37,true,117.0000,2716.6764,24860965,0,0,2691706150,4644008112,6258518584
30,true,MC,"4. VND NNI->SPR (Classic)",38,true,101.0000,2432.9497,37579324,0,0,2395237105,4124449656,10358430488
30,true,MC,"4. VND NNI->SPR (Classic)",39,true,103.0000,2859.2102,16926696,0,0,2842185564,4885275904,5325265688
30,true,MC,"4. VND NNI->SPR (Classic)",40,true,111.0000,3040.5447,15312546,0,0,3025139148,5136276880,10384412728
30,true,MC,"4. VND NNI->SPR (Classic)",41,true,121.0000,3112.8117,15456490,0,0,3097251529,5347126504,5921673272
30,true,MC,"4. VND NNI->SPR (Classic)",42,true,117.0000,2391.6156,44389863,0,0,2347093150,3956420168,9881096248
30,true,MC,"4. VND NNI->SPR (Classic)",43,true,123.0000,3277.5503,20468566,0,0,3256974060,5591503264,10283749432
30,true,MC,"4. VND NNI->SPR (Classic)",44,true,119.0000,2458.1573,33319609,0,0,2424715705,4177513064,9471860520
30,true,MC,"4. VND NNI->SPR (Classic)",45,false,Infinity,3236.9773,12593071,0,0,3224287516,5553014160,10277879992
30,true,MC,"4. VND NNI->SPR (Classic)",46,false,Infinity,3278.6362,23195054,0,0,3255334240,5607354096,10277879992
30,true,MC,"4. VND NNI->SPR (Classic)",47,false,Infinity,2875.2707,26675596,0,0,2848481142,4891919808,5054099880
30,true,MC,"4. VND NNI->SPR (Classic)",48,true,137.0000,3290.8940,21132019,0,0,3269661081,5572601520,10669927304
30,true,MC,"4. VND NNI->SPR (Classic)",49,true,103.0000,2407.2620,31476582,0,0,2375658371,4135108256,4865010568
30,true,MC,"4. VND NNI->SPR (Classic)",50,true,116.0000,2296.5864,36926541,0,0,2259517676,3934915360,8824433544
30,true,MC,"4. VND NNI->SPR (Classic)",51,false,Infinity,2978.7552,39976075,0,0,2938617889,5144460336,10300828552
30,true,MC,"4. VND NNI->SPR (Classic)",52,true,123.0000,2564.4166,26416524,0,0,2537884938,4402147192,8196324096
30,true,MC,"4. VND NNI->SPR (Classic)",53,false,Infinity,3522.7837,25372987,0,0,3497290561,6061880760,10310391560
30,true,MC,"4. VND NNI->SPR (Classic)",54,false,Infinity,3117.2321,15547021,0,0,3101591698,5357119760,9505085192
30,true,MC,"4. VND NNI->SPR (Classic)",55,true,122.0000,2962.9211,19936434,0,0,2942888875,5124806736,10276837128
30,true,MC,"4. VND NNI->SPR (Classic)",56,true,118.0000,2819.0875,31294235,0,0,2787677429,4860449880,9307795552
30,true,MC,"4. VND NNI->SPR (Classic)",57,true,116.0000,2699.8370,26907548,0,0,2672815646,4651115552,10287407648
30,true,MC,"4. VND NNI->SPR (Classic)",58,true,112.0000,2692.5280,18366146,0,0,2674068199,4631730408,8408359456
30,true,MC,"4. VND NNI->SPR (Classic)",59,true,128.0000,2678.4170,30922768,0,0,2647354621,4620457976,10354054584
30,true,MC,"4. VND NNI->SPR (Classic)",60,true,109.0000,3391.8787,19627886,0,0,3372127187,5835933048,8709887416
30,true,MC,"4. VND NNI->SPR (Classic)",61,false,Infinity,2556.2983,26794642,0,0,2529391477,4406189192,10286945720
30,true,MC,"4. VND NNI->SPR (Classic)",62,true,107.0000,3089.0082,16760009,0,0,3072148094,5335720976,8323090416
30,true,MC,"4. VND NNI->SPR (Classic)",63,true,121.0000,2997.8678,24326026,0,0,2973435309,5140169344,10335258624
30,true,MC,"4. VND NNI->SPR (Classic)",64,true,111.0000,2572.3042,22929058,0,0,2549268458,4415798864,7718012928
30,true,MC,"4. VND NNI->SPR (Classic)",65,false,Infinity,2712.1684,39732641,0,0,2672297680,4651100800,10346094072
30,true,MC,"4. VND NNI->SPR (Classic)",66,true,124.0000,3233.2149,12116133,0,0,3221023484,5578130144,7863066104
30,true,MC,"4. VND NNI->SPR (Classic)",67,true,107.0000,2434.2381,28101851,0,0,2406024320,4165460920,10278985208
30,true,MC,"4. VND NNI->SPR (Classic)",68,false,Infinity,2673.4985,30959588,0,0,2642424569,4627884120,6582224560
30,true,MC,"4. VND NNI->SPR (Classic)",69,true,127.0000,3153.4369,21635527,0,0,3131702281,5368498992,10407667864
30,true,MC,"4. VND NNI->SPR (Classic)",70,true,131.0000,3136.0681,24122028,0,0,3111848152,5375231280,7354214552
30,true,MC,"4. VND NNI->SPR (Classic)",71,true,109.0000,2562.4893,24856516,0,0,2537529380,4388670688,10307004568
30,true,MC,"4. VND NNI->SPR (Classic)",72,true,114.0000,2700.7474,18475915,0,0,2682179423,4655558528,6330060032
30,true,MC,"4. VND NNI->SPR (Classic)",73,true,100.0000,2832.6557,21804859,0,0,2810752354,4838830400,10359418344
30,true,MC,"4. VND NNI->SPR (Classic)",74,true,111.0000,2978.7349,21306381,0,0,2957331417,5135126776,6332886504
30,true,MC,"4. VND NNI->SPR (Classic)",75,true,113.0000,2961.4022,25167268,0,0,2936128843,5075644328,10296012512
30,true,MC,"4. VND NNI->SPR (Classic)",76,true,132.0000,2700.0495,28545895,0,0,2671389602,4669585856,6135262944
30,true,MC,"4. VND NNI->SPR (Classic)",77,true,129.0000,3511.9049,28263659,0,0,3483531900,6030339080,10315493416
30,true,MC,"4. VND NNI->SPR (Classic)",78,false,Infinity,2978.0434,22774905,0,0,2955168282,5122424208,7329148968
30,true,MC,"4. VND NNI->SPR (Classic)",79,true,119.0000,2971.2595,16680189,0,0,2954487967,5105314856,10281938984
30,true,MC,"4. VND NNI->SPR (Classic)",80,true,109.0000,2990.4510,11801536,0,0,2978569017,5123110040,7541463688
30,true,MC,"4. VND NNI->SPR (Classic)",81,true,98.0000,2309.3413,30474365,0,0,2278751452,3933881936,10292927112
30,true,MC,"4. VND NNI->SPR (Classic)",82,true,108.0000,2794.9891,16070557,0,0,2778829634,4832166728,6243774504
30,true,MC,"4. VND NNI->SPR (Classic)",83,true,116.0000,2592.4771,22976648,0,0,2569397036,4412782552,10397385176
30,true,MC,"4. VND NNI->SPR (Classic)",84,true,115.0000,2381.0176,21458711,0,0,2359461894,4130939048,4827349464
30,true,MC,"4. VND NNI->SPR (Classic)",85,false,Infinity,3297.8952,26633486,0,0,3271139103,5623654728,10296721880
30,true,MC,"4. VND NNI->SPR (Classic)",86,false,Infinity,2503.7287,26475726,0,0,2477137310,4320746320,4524950088
30,true,MC,"4. VND NNI->SPR (Classic)",87,true,120.0000,2572.0984,19829952,0,0,2552174336,4401749576,8954135112
30,true,MC,"4. VND NNI->SPR (Classic)",88,false,Infinity,2964.0527,13680701,0,0,2950281193,5114794280,10350511272
30,true,MC,"4. VND NNI->SPR (Classic)",89,true,117.0000,3307.7261,25028262,0,0,3282597465,5761480792,9645868200
30,true,MC,"4. VND NNI->SPR (Classic)",90,true,111.0000,1978.7423,27589806,0,0,1951035463,3430243496,10283402408
30,true,MC,"4. VND NNI->SPR (Classic)",91,true,122.0000,2659.3434,16523931,0,0,2642728278,4599727744,7446902760
30,true,MC,"4. VND NNI->SPR (Classic)",92,true,116.0000,3118.1437,22985136,0,0,3095057865,5372020616,10460824360
30,true,MC,"4. VND NNI->SPR (Classic)",93,true,116.0000,3332.1205,22818377,0,0,3309202768,5778422944,8514667304
30,true,MC,"4. VND NNI->SPR (Classic)",94,true,134.0000,2966.0615,22433044,0,0,2943530948,5093264680,10293052200
30,true,MC,"4. VND NNI->SPR (Classic)",95,true,102.0000,2834.2670,15014297,0,0,2819169030,4883708120,8375332280
30,true,MC,"4. VND NNI->SPR (Classic)",96,true,100.0000,2814.6453,24416419,0,0,2790121850,4854504272,10296438536
30,true,MC,"4. VND NNI->SPR (Classic)",97,true,113.0000,2988.2993,21559633,0,0,2966640520,5140674040,8249618184
30,true,MC,"4. VND NNI->SPR (Classic)",98,true,105.0000,2981.3415,14865705,0,0,2966390825,5116304592,10311616768
30,true,MC,"4. VND NNI->SPR (Classic)",99,true,104.0000,2692.3137,26266188,0,0,2665946854,4630249352,7862143232
30,true,MC,"4. VND NNI->SPR (Classic)",100,true,121.0000,3002.8461,13233028,0,0,2989522679,5130356576,10304756656
30,true,MC,"5. VND NNI->ECR->SPR (Inc)",1,true,87.0000,141.9602,1861221,21183886,79082634,39657408,382232936,376364864
30,true,MC,"5. VND NNI->ECR->SPR (Inc)",2,true,74.0000,167.0473,1190265,22072137,128597088,15079883,493503832,879681344
30,true,MC,"5. VND NNI->ECR->SPR (Inc)",3,true,73.0000,338.4254,1628378,8284583,321056428,7366496,1007520704,1886314304
30,true,MC,"5. VND NNI->ECR->SPR (Inc)",4,true,98.0000,217.4612,1212246,6270250,180379145,29530930,644720024,2523848512
30,true,MC,"5. VND NNI->ECR->SPR (Inc)",5,true,71.0000,223.2780,1251952,13987965,196922804,11049744,641032064,3161382720
30,true,MC,"5. VND NNI->ECR->SPR (Inc)",6,true,86.0000,161.7390,1420603,11266206,134165041,14825990,483219032,3664699200
30,true,MC,"5. VND NNI->ECR->SPR (Inc)",7,true,99.0000,155.0066,1110501,22483170,112783818,18564263,464731840,4134461248
30,true,MC,"5. VND NNI->ECR->SPR (Inc)",8,true,78.0000,164.2703,895714,16575300,135549415,11184380,485496648,4604223296
30,true,MC,"5. VND NNI->ECR->SPR (Inc)",9,false,Infinity,253.3994,1342132,6466113,223233928,22254936,746714296,5342420800
30,true,MC,"5. VND NNI->ECR->SPR (Inc)",10,true,109.0000,247.7988,1460981,9790929,210189246,26273722,733470328,6080618304
30,true,MC,"5. VND NNI->ECR->SPR (Inc)",11,true,85.0000,202.8077,1876108,10552830,182835559,7472208,608008616,6684598080
30,true,MC,"5. VND NNI->ECR->SPR (Inc)",12,true,82.0000,308.2794,661609,11856500,284515891,11137131,912761048,7624122176
30,true,MC,"5. VND NNI->ECR->SPR (Inc)",13,true,90.0000,236.8530,666088,13326697,196719678,26052731,702697048,8328765248
30,true,MC,"5. VND NNI->ECR->SPR (Inc)",14,true,82.0000,205.7407,1168575,9668947,179981219,14845097,605386544,8932745024
30,true,MC,"5. VND NNI->ECR->SPR (Inc)",15,true,96.0000,261.9470,1173663,5786381,232624224,22280104,770523624,9704496960
30,true,MC,"5. VND NNI->ECR->SPR (Inc)",16,true,92.0000,265.8948,1320191,8326674,245084052,11091885,799983816,10334328160
30,true,MC,"5. VND NNI->ECR->SPR (Inc)",17,true,85.0000,142.4632,1511405,8870780,109821723,22199750,426672840,637097312
30,true,MC,"5. VND NNI->ECR->SPR (Inc)",18,true,97.0000,206.7524,1068202,8742865,158893514,37981208,605350928,1241077088
30,true,MC,"5. VND NNI->ECR->SPR (Inc)",19,true,95.0000,211.2772,935430,13506620,174769421,22006011,639627776,1878611296
30,true,MC,"5. VND NNI->ECR->SPR (Inc)",20,true,96.0000,166.3096,1361640,20453888,133422288,11010130,450559856,2348373344
30,true,MC,"5. VND NNI->ECR->SPR (Inc)",21,true,88.0000,169.0335,855296,11999923,129417027,26639859,493129888,2851689824
30,true,MC,"5. VND NNI->ECR->SPR (Inc)",22,true,89.0000,158.2380,1257362,21485953,124475997,10973590,451067760,3287897440
30,true,MC,"5. VND NNI->ECR->SPR (Inc)",23,true,99.0000,202.8432,1361600,11711172,163585982,26139196,611488264,3925431648
30,true,MC,"5. VND NNI->ECR->SPR (Inc)",24,true,82.0000,154.7267,1238506,12134008,126456455,14852931,447785088,4361639264
30,true,MC,"5. VND NNI->ECR->SPR (Inc)",25,true,82.0000,314.9779,634918,15277018,287810821,11209649,904810000,5267608928
30,true,MC,"5. VND NNI->ECR->SPR (Inc)",26,true,87.0000,198.4976,1127094,8649748,166108802,22564074,583621864,5838034272
30,true,MC,"5. VND NNI->ECR->SPR (Inc)",27,true,91.0000,182.1493,1182671,16419542,142551959,21941499,537060304,6374905184
30,true,MC,"5. VND NNI->ECR->SPR (Inc)",28,true,91.0000,236.9736,778864,7875445,198512509,29713417,702279752,7079548256
30,true,MC,"5. VND NNI->ECR->SPR (Inc)",29,true,77.0000,211.0145,929337,13390828,181834445,14798829,617414232,7717082464
30,true,MC,"5. VND NNI->ECR->SPR (Inc)",30,true,77.0000,188.6292,844777,16887122,152300689,18539997,562864680,8253953376
30,true,MC,"5. VND NNI->ECR->SPR (Inc)",31,true,93.0000,288.6897,1134730,5038917,256559648,25886205,840828144,9092814176
30,true,MC,"5. VND NNI->ECR->SPR (Inc)",32,true,89.0000,303.0283,1042234,5727438,281497017,14681024,885889328,9998783840
30,true,MC,"5. VND NNI->ECR->SPR (Inc)",33,true,119.0000,173.7248,1637817,22756901,122983897,26263944,490386664,10300773728
30,true,MC,"5. VND NNI->ECR->SPR (Inc)",34,true,95.0000,195.5136,814851,14342801,154247264,26055668,593403648,787429264
30,true,MC,"5. VND NNI->ECR->SPR (Inc)",35,true,105.0000,201.2338,1217137,20096368,165288201,14583358,590340312,1391409040
30,true,MC,"5. VND NNI->ECR->SPR (Inc)",36,true,69.0000,88.9033,1075207,12772142,60465731,14546889,272704192,1659844496
30,true,MC,"5. VND NNI->ECR->SPR (Inc)",37,true,93.0000,152.2389,1116093,15357752,113903699,21818235,460989752,2129606544
30,true,MC,"5. VND NNI->ECR->SPR (Inc)",38,true,82.0000,146.2520,1450810,13645164,112762538,18349565,426492576,2532259728
30,true,MC,"5. VND NNI->ECR->SPR (Inc)",39,true,93.0000,253.5054,832946,11205141,219181497,22242572,755620808,3304011664
30,true,MC,"5. VND NNI->ECR->SPR (Inc)",40,true,95.0000,232.1925,839076,15118928,201427645,14753622,692789672,3975100304
30,true,MC,"5. VND NNI->ECR->SPR (Inc)",41,true,87.0000,223.2881,736001,15781378,195625756,11087236,663457776,4646188944
30,true,MC,"5. VND NNI->ECR->SPR (Inc)",42,true,103.0000,171.8937,1011074,9276671,127825268,33721153,527151224,5183059856
30,true,MC,"5. VND NNI->ECR->SPR (Inc)",43,true,96.0000,150.2182,1047203,17307994,116948554,14859684,456626664,5652821904
30,true,MC,"5. VND NNI->ECR->SPR (Inc)",44,true,75.0000,280.8697,1394423,6526708,258074529,14800682,850443512,6491682704
30,true,MC,"5. VND NNI->ECR->SPR (Inc)",45,true,75.0000,146.5142,581707,19748266,115050802,11072889,423791112,6927890320
30,true,MC,"5. VND NNI->ECR->SPR (Inc)",46,true,86.0000,116.5927,1032805,15847453,77621894,22040428,353361448,7263434640
30,true,MC,"5. VND NNI->ECR->SPR (Inc)",47,true,91.0000,164.7628,1190535,17367635,131298798,14854505,493536568,7766751120
30,true,MC,"5. VND NNI->ECR->SPR (Inc)",48,true,100.0000,239.4902,1331412,6578888,208633737,22886918,710110040,8471394192
30,true,MC,"5. VND NNI->ECR->SPR (Inc)",49,true,88.0000,278.4188,1718701,8500174,257104716,11025338,789575016,9243146128
30,true,MC,"5. VND NNI->ECR->SPR (Inc)",50,true,81.0000,264.5700,1372072,9716969,246069087,7340297,785226912,10048452496
30,true,MC,"5. VND NNI->ECR->SPR (Inc)",51,true,100.0000,153.0849,2050262,11818357,109277568,29876557,469837832,10283333520
30,true,MC,"5. VND NNI->ECR->SPR (Inc)",52,true,103.0000,224.4139,1346773,14449114,185940708,22613698,671812192,913816864
30,true,MC,"5. VND NNI->ECR->SPR (Inc)",53,true,90.0000,322.3776,1402789,10058229,307199202,3647821,972691032,1886895392
30,true,MC,"5. VND NNI->ECR->SPR (Inc)",54,true,97.0000,225.4311,770305,16276639,189762961,18550768,677518976,2557984032
30,true,MC,"5. VND NNI->ECR->SPR (Inc)",55,true,89.0000,200.4831,759506,17118914,160419969,22112805,586553384,3161963808
30,true,MC,"5. VND NNI->ECR->SPR (Inc)",56,true,83.0000,219.8530,1214261,15734378,187968125,14856117,643474040,3799498016
30,true,MC,"5. VND NNI->ECR->SPR (Inc)",57,true,80.0000,225.6863,1055108,13380870,196622351,14561708,669536872,4470586656
30,true,MC,"5. VND NNI->ECR->SPR (Inc)",58,true,98.0000,199.0932,906996,10204847,150851542,37073090,596636176,5074566432
30,true,MC,"5. VND NNI->ECR->SPR (Inc)",59,true,110.0000,248.3178,1098521,11795946,213280879,22073059,625559472,5678546208
30,true,MC,"5. VND NNI->ECR->SPR (Inc)",60,true,88.0000,229.6255,981096,13908946,199925066,14733424,656645904,6349634848
30,true,MC,"5. VND NNI->ECR->SPR (Inc)",61,true,105.0000,115.3948,1124939,15169474,73043114,26007816,354184144,6685179168
30,true,MC,"5. VND NNI->ECR->SPR (Inc)",62,true,71.0000,143.9559,839679,15615372,112538993,14915951,403440240,7087832352
30,true,MC,"5. VND NNI->ECR->SPR (Inc)",63,true,95.0000,203.5513,1152994,6717511,173672274,21951238,631625088,7725366560
30,true,MC,"5. VND NNI->ECR->SPR (Inc)",64,true,80.0000,105.4669,1121364,15215360,74460319,14620810,324910216,8060910880
30,true,MC,"5. VND NNI->ECR->SPR (Inc)",65,true,91.0000,169.0688,1563054,11156569,134171925,22128816,502819440,8564227360
30,true,MC,"5. VND NNI->ECR->SPR (Inc)",66,true,103.0000,121.2701,782108,17902494,65569963,36966698,378160528,8933326112
30,true,MC,"5. VND NNI->ECR->SPR (Inc)",67,true,85.0000,107.6049,1216415,17227380,74545531,14568039,321032264,9268870432
30,true,MC,"5. VND NNI->ECR->SPR (Inc)",68,true,89.0000,174.6352,1324771,8753886,139090794,25416622,518777336,9772186912
30,true,MC,"5. VND NNI->ECR->SPR (Inc)",69,true,108.0000,223.4596,1007276,17582464,190219900,14586024,663365616,10275507056
30,true,MC,"5. VND NNI->ECR->SPR (Inc)",70,true,105.0000,295.2615,1213138,11129777,268159420,14693778,904569744,1081592688
30,true,MC,"5. VND NNI->ECR->SPR (Inc)",71,true,89.0000,80.4739,1230962,17440423,32559782,29186024,256930048,1316473712
30,true,MC,"5. VND NNI->ECR->SPR (Inc)",72,true,105.0000,133.7775,892789,9307991,83290981,40237031,410895104,1752681328
30,true,MC,"5. VND NNI->ECR->SPR (Inc)",73,true,75.0000,157.0909,1028568,13412220,124657572,17944895,460832560,2188888944
30,true,MC,"5. VND NNI->ECR->SPR (Inc)",74,true,88.0000,96.0415,899031,10970514,54528064,29597927,298121536,2490878832
30,true,MC,"5. VND NNI->ECR->SPR (Inc)",75,true,103.0000,172.0163,1008279,11386244,126166744,33407727,517885784,3027749744
30,true,MC,"5. VND NNI->ECR->SPR (Inc)",76,true,91.0000,268.3088,874694,9862336,239241706,18271256,801230744,3833056112
30,true,MC,"5. VND NNI->ECR->SPR (Inc)",77,true,99.0000,129.9040,983270,20896590,82086710,25886265,385576632,4202154864
30,true,MC,"5. VND NNI->ECR->SPR (Inc)",78,true,94.0000,245.0298,1026061,10903137,210654722,22389773,719489520,4940352368
30,true,MC,"5. VND NNI->ECR->SPR (Inc)",79,true,102.0000,202.4626,991588,11094661,171901736,18412063,608341784,5544332144
30,true,MC,"5. VND NNI->ECR->SPR (Inc)",80,true,85.0000,135.0376,653112,15590275,96667864,22074402,405088960,5946985328
30,true,MC,"5. VND NNI->ECR->SPR (Inc)",81,true,80.0000,117.2986,1416957,8334950,85313860,22183700,352702392,6282529648
30,true,MC,"5. VND NNI->ECR->SPR (Inc)",82,true,79.0000,193.8153,860677,11314480,163500861,18081274,571618736,6852954992
30,true,MC,"5. VND NNI->ECR->SPR (Inc)",83,true,86.0000,133.5380,1114751,7284141,91443804,33647453,406584744,7255608176
30,true,MC,"5. VND NNI->ECR->SPR (Inc)",84,true,96.0000,228.9213,1355318,8828188,192216028,26455418,658220048,7926696816
30,true,MC,"5. VND NNI->ECR->SPR (Inc)",85,true,103.0000,239.4184,1098871,19220481,204128424,14896494,719030256,8664894320
30,true,MC,"5. VND NNI->ECR->SPR (Inc)",86,true,100.0000,345.2829,1836305,11873090,327878629,3623424,982528416,9637972848
30,true,MC,"5. VND NNI->ECR->SPR (Inc)",87,true,82.0000,286.1577,1148935,6149139,264119011,14676436,846314888,10275507056
30,true,MC,"5. VND NNI->ECR->SPR (Inc)",88,true,88.0000,279.0402,647752,11736190,252023626,14587887,807530752,1014285952
30,true,MC,"5. VND NNI->ECR->SPR (Inc)",89,true,78.0000,184.8252,972169,10074911,155474688,18260726,547136336,1551156864
30,true,MC,"5. VND NNI->ECR->SPR (Inc)",90,true,82.0000,271.6956,1421576,3592435,248518848,18106021,814172104,2390017664
30,true,MC,"5. VND NNI->ECR->SPR (Inc)",91,true,69.0000,260.5742,837804,10229904,242177232,7268250,777270064,3161769600
30,true,MC,"5. VND NNI->ECR->SPR (Inc)",92,true,103.0000,200.7777,1040208,13754442,159802454,26124017,595032168,3765749376
30,true,MC,"5. VND NNI->ECR->SPR (Inc)",93,true,82.0000,139.3841,1145009,18162971,105410670,14614388,402676496,4168402560
30,true,MC,"5. VND NNI->ECR->SPR (Inc)",94,true,78.0000,80.5039,1394293,20544271,43947391,14569622,249656240,4403283584
30,true,MC,"5. VND NNI->ECR->SPR (Inc)",95,true,92.0000,170.8677,981938,7622704,136324290,25883800,506025432,4906600064
30,true,MC,"5. VND NNI->ECR->SPR (Inc)",96,true,86.0000,191.6369,1463646,5974559,162211908,21931690,553876800,5477025408
30,true,MC,"5. VND NNI->ECR->SPR (Inc)",97,true,71.0000,253.9683,1234440,9976634,235102270,7598227,743082496,6215222912
30,true,MC,"5. VND NNI->ECR->SPR (Inc)",98,true,71.0000,201.8076,778532,25260695,172034638,3681034,601014752,6819202688
30,true,MC,"5. VND NNI->ECR->SPR (Inc)",99,true,76.0000,244.1713,1245139,7353202,220754280,14756518,700044136,7523845760
30,true,MC,"5. VND NNI->ECR->SPR (Inc)",100,true,91.0000,240.5764,902156,11129186,209971623,18512925,710244936,8228488832
30,true,MC,"6. VND NNI->SPR (Inc)",1,true,109.0000,85.2466,1376699,0,0,83795261,294349040,275770832
30,true,MC,"6. VND NNI->SPR (Inc)",2,true,101.0000,68.1655,706344,0,0,67429361,239634208,510651856
30,true,MC,"6. VND NNI->SPR (Inc)",3,true,126.0000,70.5628,1026033,0,0,69508477,242219544,779087312
30,true,MC,"6. VND NNI->SPR (Inc)",4,true,121.0000,77.6617,1044548,0,0,76588127,269607928,1047522768
30,true,MC,"6. VND NNI->SPR (Inc)",5,true,115.0000,77.2035,1082740,0,0,76089268,266629064,1315958224
30,true,MC,"6. VND NNI->SPR (Inc)",6,true,106.0000,69.5319,1211676,0,0,68291050,242792776,1550839248
30,true,MC,"6. VND NNI->SPR (Inc)",7,true,132.0000,88.5788,905964,0,0,87643763,306821680,1852829136
30,true,MC,"6. VND NNI->SPR (Inc)",8,true,112.0000,77.1014,666287,0,0,76406762,266413376,2121264592
30,true,MC,"6. VND NNI->SPR (Inc)",9,true,108.0000,61.7529,1063895,0,0,60660031,214392536,2322591184
30,true,MC,"6. VND NNI->SPR (Inc)",10,true,125.0000,80.5846,1258906,0,0,79297012,282144928,2624581072
30,true,MC,"6. VND NNI->SPR (Inc)",11,false,Infinity,81.8463,1712358,0,0,80103557,283073544,2893016528
30,true,MC,"6. VND NNI->SPR (Inc)",12,true,119.0000,85.4216,500683,0,0,84892409,292624976,3195006416
30,true,MC,"6. VND NNI->SPR (Inc)",13,true,114.0000,94.7114,482007,0,0,94200640,316584776,3496996304
30,true,MC,"6. VND NNI->SPR (Inc)",14,false,Infinity,97.0669,1063745,0,0,95972411,332356736,3832540624
30,true,MC,"6. VND NNI->SPR (Inc)",15,true,118.0000,70.4281,997959,0,0,69402145,242626688,4067421648
30,true,MC,"6. VND NNI->SPR (Inc)",16,true,120.0000,73.6758,1153305,0,0,72495000,255509040,4335857104
30,true,MC,"6. VND NNI->SPR (Inc)",17,true,109.0000,69.5893,1302288,0,0,68259219,243062472,4570738128
30,true,MC,"6. VND NNI->SPR (Inc)",18,true,117.0000,80.4401,890845,0,0,79519886,276257984,4872728016
30,true,MC,"6. VND NNI->SPR (Inc)",19,true,121.0000,85.7362,772590,0,0,84935230,294559512,5141163472
30,true,MC,"6. VND NNI->SPR (Inc)",20,false,Infinity,71.0546,1316455,0,0,69703959,241760880,5409598928
30,true,MC,"6. VND NNI->SPR (Inc)",21,true,115.0000,77.7467,669564,0,0,77047672,268847768,5678034384
30,true,MC,"6. VND NNI->SPR (Inc)",22,true,118.0000,83.2805,1082790,0,0,82170549,279690704,5946469840
30,true,MC,"6. VND NNI->SPR (Inc)",23,true,117.0000,66.9358,1186638,0,0,65720920,228760512,6181350864
30,true,MC,"6. VND NNI->SPR (Inc)",24,true,98.0000,67.1803,1052442,0,0,66099129,229489344,6416231888
30,true,MC,"6. VND NNI->SPR (Inc)",25,true,120.0000,93.6603,466568,0,0,93164679,318526592,6718221776
30,true,MC,"6. VND NNI->SPR (Inc)",26,true,116.0000,78.4484,949296,0,0,77468623,267198152,6986657232
30,true,MC,"6. VND NNI->SPR (Inc)",27,false,Infinity,90.7582,1065819,0,0,89655311,306975048,7288647120
30,true,MC,"6. VND NNI->SPR (Inc)",28,true,117.0000,80.9695,607655,0,0,80334877,280866352,7590637008
30,true,MC,"6. VND NNI->SPR (Inc)",29,true,123.0000,85.1846,754867,0,0,84402787,290686144,7859072464
30,true,MC,"6. VND NNI->SPR (Inc)",30,true,121.0000,78.5037,661109,0,0,77813860,267989488,8127507920
30,true,MC,"6. VND NNI->SPR (Inc)",31,false,Infinity,76.8845,932713,0,0,75920486,270252144,8395943376
30,true,MC,"6. VND NNI->SPR (Inc)",32,true,125.0000,78.8208,872871,0,0,77919231,267232488,8664378832
30,true,MC,"6. VND NNI->SPR (Inc)",33,true,133.0000,85.8552,1454839,0,0,84371417,295181144,8966368720
30,true,MC,"6. VND NNI->SPR (Inc)",34,true,123.0000,90.0827,640008,0,0,89414733,307758392,9268358608
30,true,MC,"6. VND NNI->SPR (Inc)",35,true,131.0000,80.9228,1072209,0,0,79822562,281439560,9570348496
30,true,MC,"6. VND NNI->SPR (Inc)",36,true,80.0000,68.8454,935520,0,0,67881030,240146608,9805229520
30,true,MC,"6. VND NNI->SPR (Inc)",37,true,118.0000,73.9804,945479,0,0,73006653,255561856,10040110544
30,true,MC,"6. VND NNI->SPR (Inc)",38,false,Infinity,83.0635,1314672,0,0,81716325,279785536,10308660248
30,true,MC,"6. VND NNI->SPR (Inc)",39,true,106.0000,73.4459,672680,0,0,72743542,254735256,275885080
30,true,MC,"6. VND NNI->SPR (Inc)",40,true,111.0000,81.9470,656038,0,0,81262652,281741120,577874968
30,true,MC,"6. VND NNI->SPR (Inc)",41,true,122.0000,84.9315,537253,0,0,84366177,292835800,846310424
30,true,MC,"6. VND NNI->SPR (Inc)",42,true,120.0000,73.9966,845980,0,0,73122293,256219248,1114745880
30,true,MC,"6. VND NNI->SPR (Inc)",43,true,121.0000,89.2450,879313,0,0,88335761,306774952,1416735768
30,true,MC,"6. VND NNI->SPR (Inc)",44,false,Infinity,72.7211,1295115,0,0,71391900,256901312,1685171224
30,true,MC,"6. VND NNI->SPR (Inc)",45,true,115.0000,84.6475,410360,0,0,84209770,290008120,1987161112
30,true,MC,"6. VND NNI->SPR (Inc)",46,true,110.0000,81.6971,869183,0,0,80798488,281067144,2255596568
30,true,MC,"6. VND NNI->SPR (Inc)",47,false,Infinity,78.0695,1069245,0,0,76965345,268610824,2524032024
30,true,MC,"6. VND NNI->SPR (Inc)",48,true,124.0000,80.7917,1128176,0,0,79635496,279149464,2792467480
30,true,MC,"6. VND NNI->SPR (Inc)",49,true,111.0000,72.9447,1504273,0,0,71411378,254211776,3060902936
30,true,MC,"6. VND NNI->SPR (Inc)",50,true,120.0000,77.9301,1188652,0,0,76713156,269420200,3329338392
30,true,MC,"6. VND NNI->SPR (Inc)",51,true,122.0000,74.1431,1879766,0,0,72236036,258743152,3597773848
30,true,MC,"6. VND NNI->SPR (Inc)",52,true,110.0000,70.6777,1188621,0,0,69458722,242298008,3832654872
30,true,MC,"6. VND NNI->SPR (Inc)",53,true,128.0000,78.6244,1217827,0,0,77376878,268165280,4101090328
30,true,MC,"6. VND NNI->SPR (Inc)",54,false,Infinity,86.7241,680526,0,0,86012790,293825576,4369525784
30,true,MC,"6. VND NNI->SPR (Inc)",55,true,124.0000,88.7447,605984,0,0,88110612,307015968,4705070104
30,true,MC,"6. VND NNI->SPR (Inc)",56,false,Infinity,89.2794,1134098,0,0,88113958,305651736,5007059992
30,true,MC,"6. VND NNI->SPR (Inc)",57,true,129.0000,79.2369,890494,0,0,78316567,268680872,5275495448
30,true,MC,"6. VND NNI->SPR (Inc)",58,true,112.0000,72.9017,729458,0,0,72143350,254216512,5510376472
30,true,MC,"6. VND NNI->SPR (Inc)",59,false,Infinity,82.4195,993901,0,0,81394663,279182776,5812366360
30,true,MC,"6. VND NNI->SPR (Inc)",60,true,109.0000,93.3562,775956,0,0,92551562,320658104,6114356248
30,true,MC,"6. VND NNI->SPR (Inc)",61,true,106.0000,69.8404,975466,0,0,68825868,242122608,6349237272
30,true,MC,"6. VND NNI->SPR (Inc)",62,true,97.0000,81.3517,682279,0,0,80640418,279715872,6651227160
30,true,MC,"6. VND NNI->SPR (Inc)",63,true,127.0000,76.9751,981467,0,0,75961526,269182384,6919662616
30,true,MC,"6. VND NNI->SPR (Inc)",64,true,111.0000,71.7771,960688,0,0,70784885,242792816,7154543640
30,true,MC,"6. VND NNI->SPR (Inc)",65,true,123.0000,70.5081,1415603,0,0,69062107,243227656,7389424664
30,true,MC,"6. VND NNI->SPR (Inc)",66,true,133.0000,93.0579,613458,0,0,92414241,317658504,7724968984
30,true,MC,"6. VND NNI->SPR (Inc)",67,true,92.0000,69.1049,1049707,0,0,68021928,242430208,7959850008
30,true,MC,"6. VND NNI->SPR (Inc)",68,true,109.0000,70.2374,1162141,0,0,69039955,241603888,8194731032
30,true,MC,"6. VND NNI->SPR (Inc)",69,true,127.0000,86.1283,844707,0,0,85246723,294780256,8496720920
30,true,MC,"6. VND NNI->SPR (Inc)",70,true,131.0000,75.1257,1034730,0,0,74059426,255669256,8765156376
30,true,MC,"6. VND NNI->SPR (Inc)",71,true,101.0000,69.3077,1100644,0,0,68176543,241739272,9000037400
30,true,MC,"6. VND NNI->SPR (Inc)",72,true,109.0000,69.7829,730660,0,0,69020779,242306352,9234918424
30,true,MC,"6. VND NNI->SPR (Inc)",73,true,95.0000,73.9721,865617,0,0,73076496,252895744,9503353880
30,true,MC,"6. VND NNI->SPR (Inc)",74,true,108.0000,73.8817,748615,0,0,73102154,255336192,9738234904
30,true,MC,"6. VND NNI->SPR (Inc)",75,true,115.0000,87.9814,851561,0,0,87099648,304078776,10040224792
30,true,MC,"6. VND NNI->SPR (Inc)",76,false,Infinity,102.1320,776208,0,0,101319264,349301488,10275111232
30,true,MC,"6. VND NNI->SPR (Inc)",77,true,128.0000,93.2450,813618,0,0,92402769,317231360,443662656
30,true,MC,"6. VND NNI->SPR (Inc)",78,false,Infinity,85.2037,906255,0,0,84266478,294549888,745652544
30,true,MC,"6. VND NNI->SPR (Inc)",79,true,117.0000,92.7068,817545,0,0,91860066,319364216,1047642432
30,true,MC,"6. VND NNI->SPR (Inc)",80,true,107.0000,81.4262,472919,0,0,80924288,280950968,1349632320
30,true,MC,"6. VND NNI->SPR (Inc)",81,true,92.0000,74.1110,1170818,0,0,72911151,256745288,1584513344
30,true,MC,"6. VND NNI->SPR (Inc)",82,true,108.0000,75.8084,670546,0,0,75110666,264682408,1852948800
30,true,MC,"6. VND NNI->SPR (Inc)",83,true,116.0000,69.7336,923778,0,0,68781984,242935560,2121384256
30,true,MC,"6. VND NNI->SPR (Inc)",84,true,111.0000,77.5641,1122977,0,0,76412805,266277280,2356265280
30,true,MC,"6. VND NNI->SPR (Inc)",85,true,134.0000,93.2103,908778,0,0,92273544,321829656,2691809600
30,true,MC,"6. VND NNI->SPR (Inc)",86,false,Infinity,69.3205,1726735,0,0,67562264,239245616,2926690624
30,true,MC,"6. VND NNI->SPR (Inc)",87,true,123.0000,65.6899,966749,0,0,64694838,229275440,3161571648
30,true,MC,"6. VND NNI->SPR (Inc)",88,false,Infinity,82.3642,556989,0,0,81775797,279988720,3430007104
30,true,MC,"6. VND NNI->SPR (Inc)",89,true,117.0000,86.0328,812236,0,0,85192128,288958704,3731996992
30,true,MC,"6. VND NNI->SPR (Inc)",90,true,112.0000,57.7571,1251120,0,0,56478274,203139704,3933323584
30,true,MC,"6. VND NNI->SPR (Inc)",91,true,121.0000,73.4706,667820,0,0,72776906,251833488,4201759040
30,true,MC,"6. VND NNI->SPR (Inc)",92,true,116.0000,85.2159,859465,0,0,84329197,295246256,4470194496
30,true,MC,"6. VND NNI->SPR (Inc)",93,true,116.0000,92.3865,959536,0,0,91398047,316955776,4805738816
30,true,MC,"6. VND NNI->SPR (Inc)",94,true,121.0000,74.0381,1262773,0,0,72746498,254424960,5040619840
30,true,MC,"6. VND NNI->SPR (Inc)",95,true,99.0000,73.0148,797617,0,0,72189819,254834656,5309055296
30,true,MC,"6. VND NNI->SPR (Inc)",96,true,100.0000,65.5986,1271990,0,0,64298403,227597896,5543936320
30,true,MC,"6. VND NNI->SPR (Inc)",97,true,104.0000,78.1115,1073182,0,0,77010251,269253128,5812371776
30,true,MC,"6. VND NNI->SPR (Inc)",98,true,121.0000,82.8584,592076,0,0,82239060,280858992,6080807232
30,true,MC,"6. VND NNI->SPR (Inc)",99,true,102.0000,69.8851,1068182,0,0,68787585,241589736,6315688256
30,true,MC,"6. VND NNI->SPR (Inc)",100,false,Infinity,81.8481,784373,0,0,81031672,282316784,6617678144
30,true,MP,"1. NNI (Classic)",1,false,Infinity,50.6864,0,0,0,0,20914504,7381008
30,true,MP,"1. NNI (Classic)",2,false,Infinity,35.8302,0,0,0,0,33632840,40935440
30,true,MP,"1. NNI (Classic)",3,false,Infinity,33.7845,0,0,0,0,34218776,74489872
30,true,MP,"1. NNI (Classic)",4,false,Infinity,31.8886,0,0,0,0,17349080,108044304
30,true,MP,"1. NNI (Classic)",5,false,Infinity,47.8824,0,0,0,0,27201216,108044304
30,true,MP,"1. NNI (Classic)",6,false,Infinity,12.0680,0,0,0,0,31939224,141598736
30,true,MP,"1. NNI (Classic)",7,false,Infinity,7.5253,0,0,0,0,19172608,175153168
30,true,MP,"1. NNI (Classic)",8,false,Infinity,12.8120,0,0,0,0,33994344,208707600
30,true,MP,"1. NNI (Classic)",9,false,Infinity,10.9603,0,0,0,0,30019544,242262032
30,true,MP,"1. NNI (Classic)",10,false,Infinity,7.8313,0,0,0,0,21094472,275816464
30,true,MP,"1. NNI (Classic)",11,false,Infinity,8.2691,0,0,0,0,22774976,275816464
30,true,MP,"1. NNI (Classic)",12,false,Infinity,7.6234,0,0,0,0,20919712,309370896
30,true,MP,"1. NNI (Classic)",13,false,Infinity,12.3924,0,0,0,0,33801048,342925328
30,true,MP,"1. NNI (Classic)",14,false,Infinity,17.8187,0,0,0,0,49250144,376479760
30,true,MP,"1. NNI (Classic)",15,false,Infinity,9.5993,0,0,0,0,26373736,410034192
30,true,MP,"1. NNI (Classic)",16,false,Infinity,3.7173,0,0,0,0,10009872,410034192
30,true,MP,"1. NNI (Classic)",17,false,Infinity,9.6689,0,0,0,0,26640176,443588624
30,true,MP,"1. NNI (Classic)",18,false,Infinity,20.5127,0,0,0,0,56414848,510697488
30,true,MP,"1. NNI (Classic)",19,false,Infinity,7.1902,0,0,0,0,19355552,510697488
30,true,MP,"1. NNI (Classic)",20,false,Infinity,7.0594,0,0,0,0,19314800,544251920
30,true,MP,"1. NNI (Classic)",21,false,Infinity,5.8281,0,0,0,0,15523256,577806352
30,true,MP,"1. NNI (Classic)",22,false,Infinity,5.0902,0,0,0,0,13665792,577806352
30,true,MP,"1. NNI (Classic)",23,false,Infinity,12.0791,0,0,0,0,33754904,611360784
30,true,MP,"1. NNI (Classic)",24,false,Infinity,3.5632,0,0,0,0,9781280,611360784
30,true,MP,"1. NNI (Classic)",25,false,Infinity,13.2054,0,0,0,0,36111416,644915216
30,true,MP,"1. NNI (Classic)",26,false,Infinity,12.4297,0,0,0,0,33695448,678469648
30,true,MP,"1. NNI (Classic)",27,false,Infinity,5.7867,0,0,0,0,15637216,712024080
30,true,MP,"1. NNI (Classic)",28,false,Infinity,7.9301,0,0,0,0,21274840,712024080
30,true,MP,"1. NNI (Classic)",29,false,Infinity,10.4708,0,0,0,0,28649328,745578512
30,true,MP,"1. NNI (Classic)",30,false,Infinity,16.0221,0,0,0,0,43469968,812687376
30,true,MP,"1. NNI (Classic)",31,false,Infinity,9.7288,0,0,0,0,26593024,812687376
30,true,MP,"1. NNI (Classic)",32,false,Infinity,13.3000,0,0,0,0,35961160,846241808
30,true,MP,"1. NNI (Classic)",33,false,Infinity,11.5157,0,0,0,0,30618320,879796240
30,true,MP,"1. NNI (Classic)",34,false,Infinity,9.1465,0,0,0,0,24723024,913350672
30,true,MP,"1. NNI (Classic)",35,false,Infinity,19.7222,0,0,0,0,53838696,980459536
30,true,MP,"1. NNI (Classic)",36,false,Infinity,12.1083,0,0,0,0,33777800,1014013968
30,true,MP,"1. NNI (Classic)",37,false,Infinity,9.3380,0,0,0,0,25282488,1014013968
30,true,MP,"1. NNI (Classic)",38,false,Infinity,14.6408,0,0,0,0,39885192,1081122832
30,true,MP,"1. NNI (Classic)",39,false,Infinity,14.0224,0,0,0,0,38071816,1114677264
30,true,MP,"1. NNI (Classic)",40,false,Infinity,5.1312,0,0,0,0,13901600,1114677264
30,true,MP,"1. NNI (Classic)",41,false,Infinity,5.0263,0,0,0,0,13744792,1148231696
30,true,MP,"1. NNI (Classic)",42,false,Infinity,9.2317,0,0,0,0,24589696,1148231696
30,true,MP,"1. NNI (Classic)",43,false,Infinity,13.1996,0,0,0,0,36155544,1181786128
30,true,MP,"1. NNI (Classic)",44,false,Infinity,8.3556,0,0,0,0,22596928,1215340560
30,true,MP,"1. NNI (Classic)",45,false,Infinity,9.1270,0,0,0,0,24956096,1248894992
30,true,MP,"1. NNI (Classic)",46,false,Infinity,6.3718,0,0,0,0,17259120,1248894992
30,true,MP,"1. NNI (Classic)",47,false,Infinity,7.5682,0,0,0,0,20585448,1282449424
30,true,MP,"1. NNI (Classic)",48,false,Infinity,13.8173,0,0,0,0,38138688,1316003856
30,true,MP,"1. NNI (Classic)",49,false,Infinity,9.8031,0,0,0,0,26495856,1349558288
30,true,MP,"1. NNI (Classic)",50,false,Infinity,11.1982,0,0,0,0,30596640,1383112720
30,true,MP,"1. NNI (Classic)",51,false,Infinity,7.8181,0,0,0,0,21279104,1383112720
30,true,MP,"1. NNI (Classic)",52,false,Infinity,13.0803,0,0,0,0,35183032,1416667152
30,true,MP,"1. NNI (Classic)",53,false,Infinity,13.4880,0,0,0,0,36015200,1483776016
30,true,MP,"1. NNI (Classic)",54,false,Infinity,12.4096,0,0,0,0,33254944,1517330448
30,true,MP,"1. NNI (Classic)",55,false,Infinity,7.3858,0,0,0,0,19331112,1517330448
30,true,MP,"1. NNI (Classic)",56,false,Infinity,9.9580,0,0,0,0,27114384,1550884880
30,true,MP,"1. NNI (Classic)",57,false,Infinity,9.8374,0,0,0,0,26640912,1584439312
30,true,MP,"1. NNI (Classic)",58,false,Infinity,7.8074,0,0,0,0,20897160,1584439312
30,true,MP,"1. NNI (Classic)",59,false,Infinity,14.6325,0,0,0,0,39666016,1651548176
30,true,MP,"1. NNI (Classic)",60,false,Infinity,11.2665,0,0,0,0,30727928,1651548176
30,true,MP,"1. NNI (Classic)",61,false,Infinity,11.1220,0,0,0,0,30506360,1685102608
30,true,MP,"1. NNI (Classic)",62,false,Infinity,11.9256,0,0,0,0,32426800,1718657040
30,true,MP,"1. NNI (Classic)",63,false,Infinity,7.6306,0,0,0,0,20918632,1752211472
30,true,MP,"1. NNI (Classic)",64,false,Infinity,5.6569,0,0,0,0,15550080,1752211472
30,true,MP,"1. NNI (Classic)",65,false,Infinity,5.9431,0,0,0,0,15952912,1785765904
30,true,MP,"1. NNI (Classic)",66,false,Infinity,17.3861,0,0,0,0,47165656,1819320336
30,true,MP,"1. NNI (Classic)",67,false,Infinity,5.1082,0,0,0,0,13839320,1852874768
30,true,MP,"1. NNI (Classic)",68,false,Infinity,4.3712,0,0,0,0,11866136,1852874768
30,true,MP,"1. NNI (Classic)",69,false,Infinity,5.7516,0,0,0,0,15540024,1886429200
30,true,MP,"1. NNI (Classic)",70,false,Infinity,5.5918,0,0,0,0,15377256,1886429200
30,true,MP,"1. NNI (Classic)",71,false,Infinity,8.2107,0,0,0,0,22489704,1919983632
30,true,MP,"1. NNI (Classic)",72,false,Infinity,7.0854,0,0,0,0,19154432,1919983632
30,true,MP,"1. NNI (Classic)",73,false,Infinity,13.0674,0,0,0,0,35561848,1953538064
30,true,MP,"1. NNI (Classic)",74,false,Infinity,6.4354,0,0,0,0,17369264,1987092496
30,true,MP,"1. NNI (Classic)",75,false,Infinity,13.2345,0,0,0,0,35811000,2020646928
30,true,MP,"1. NNI (Classic)",76,false,Infinity,7.2417,0,0,0,0,19296784,2020646928
30,true,MP,"1. NNI (Classic)",77,false,Infinity,12.4567,0,0,0,0,33995992,2054201360
30,true,MP,"1. NNI (Classic)",78,false,Infinity,8.4072,0,0,0,0,22890080,2087755792
30,true,MP,"1. NNI (Classic)",79,false,Infinity,12.3217,0,0,0,0,33541744,2121310224
30,true,MP,"1. NNI (Classic)",80,false,Infinity,6.2967,0,0,0,0,17279008,2154864656
30,true,MP,"1. NNI (Classic)",81,false,Infinity,9.2426,0,0,0,0,24993520,2154864656
30,true,MP,"1. NNI (Classic)",82,false,Infinity,12.0698,0,0,0,0,32161264,2188419088
30,true,MP,"1. NNI (Classic)",83,false,Infinity,7.0699,0,0,0,0,19197272,2221973520
30,true,MP,"1. NNI (Classic)",84,false,Infinity,8.6826,0,0,0,0,23605256,2255527952
30,true,MP,"1. NNI (Classic)",85,false,Infinity,7.7147,0,0,0,0,20906224,2255527952
30,true,MP,"1. NNI (Classic)",86,false,Infinity,15.1075,0,0,0,0,41516624,2322636816
30,true,MP,"1. NNI (Classic)",87,false,Infinity,8.3448,0,0,0,0,22675024,2322636816
30,true,MP,"1. NNI (Classic)",88,false,Infinity,12.4833,0,0,0,0,33955800,2356191248
30,true,MP,"1. NNI (Classic)",89,false,Infinity,9.0498,0,0,0,0,25004936,2389745680
30,true,MP,"1. NNI (Classic)",90,false,Infinity,14.2332,0,0,0,0,39010880,2423300112
30,true,MP,"1. NNI (Classic)",91,false,Infinity,9.2825,0,0,0,0,24819352,2456854544
30,true,MP,"1. NNI (Classic)",92,false,Infinity,5.1437,0,0,0,0,13709840,2456854544
30,true,MP,"1. NNI (Classic)",93,false,Infinity,10.4303,0,0,0,0,28306744,2490408976
30,true,MP,"1. NNI (Classic)",94,false,Infinity,6.5024,0,0,0,0,17501760,2523963408
30,true,MP,"1. NNI (Classic)",95,false,Infinity,10.3033,0,0,0,0,28148168,2523963408
30,true,MP,"1. NNI (Classic)",96,false,Infinity,7.2302,0,0,0,0,19190248,2557517840
30,true,MP,"1. NNI (Classic)",97,false,Infinity,12.7142,0,0,0,0,34855512,2591072272
30,true,MP,"1. NNI (Classic)",98,false,Infinity,4.2978,0,0,0,0,11695232,2591072272
30,true,MP,"1. NNI (Classic)",99,false,Infinity,7.0703,0,0,0,0,19201968,2624626704
30,true,MP,"1. NNI (Classic)",100,false,Infinity,3.7131,0,0,0,0,10019440,2624626704
30,true,MP,"2. NNI (Incremental)",1,false,Infinity,21.1019,0,0,0,0,18263232,40985288
30,true,MP,"2. NNI (Incremental)",2,false,Infinity,22.0594,0,0,0,0,36023032,74539720
30,true,MP,"2. NNI (Incremental)",3,false,Infinity,24.1748,0,0,0,0,42171312,108094152
30,true,MP,"2. NNI (Incremental)",4,false,Infinity,9.2983,0,0,0,0,16199432,108094152
30,true,MP,"2. NNI (Incremental)",5,false,Infinity,16.9448,0,0,0,0,30073552,141648584
30,true,MP,"2. NNI (Incremental)",6,false,Infinity,12.3042,0,0,0,0,35730632,175203016
30,true,MP,"2. NNI (Incremental)",7,false,Infinity,7.3280,0,0,0,0,26220808,208757448
30,true,MP,"2. NNI (Incremental)",8,false,Infinity,11.2330,0,0,0,0,40297624,242311880
30,true,MP,"2. NNI (Incremental)",9,false,Infinity,9.1978,0,0,0,0,31841480,275866312
30,true,MP,"2. NNI (Incremental)",10,false,Infinity,6.3553,0,0,0,0,22299520,309420744
30,true,MP,"2. NNI (Incremental)",11,false,Infinity,6.6465,0,0,0,0,23858184,342975176
30,true,MP,"2. NNI (Incremental)",12,false,Infinity,5.5566,0,0,0,0,20041200,342975176
30,true,MP,"2. NNI (Incremental)",13,false,Infinity,9.4782,0,0,0,0,33971904,376529608
30,true,MP,"2. NNI (Incremental)",14,false,Infinity,12.4589,0,0,0,0,45636880,443638472
30,true,MP,"2. NNI (Incremental)",15,false,Infinity,6.7310,0,0,0,0,24301192,443638472
30,true,MP,"2. NNI (Incremental)",16,false,Infinity,2.8609,0,0,0,0,10134608,477192904
30,true,MP,"2. NNI (Incremental)",17,false,Infinity,7.6459,0,0,0,0,26234696,477192904
30,true,MP,"2. NNI (Incremental)",18,false,Infinity,17.9853,0,0,0,0,64089984,544301768
30,true,MP,"2. NNI (Incremental)",19,false,Infinity,5.5088,0,0,0,0,19841584,577856200
30,true,MP,"2. NNI (Incremental)",20,false,Infinity,5.3468,0,0,0,0,19704376,611410632
30,true,MP,"2. NNI (Incremental)",21,false,Infinity,5.9547,0,0,0,0,22075696,611410632
30,true,MP,"2. NNI (Incremental)",22,false,Infinity,3.9303,0,0,0,0,14143920,644965064
30,true,MP,"2. NNI (Incremental)",23,false,Infinity,9.7918,0,0,0,0,35877360,678519496
30,true,MP,"2. NNI (Incremental)",24,false,Infinity,2.9299,0,0,0,0,10178448,678519496
30,true,MP,"2. NNI (Incremental)",25,false,Infinity,9.9584,0,0,0,0,36176504,712073928
30,true,MP,"2. NNI (Incremental)",26,false,Infinity,8.7139,0,0,0,0,31839448,745628360
30,true,MP,"2. NNI (Incremental)",27,false,Infinity,6.0708,0,0,0,0,22279000,779182792
30,true,MP,"2. NNI (Incremental)",28,false,Infinity,7.6176,0,0,0,0,28130688,812737224
30,true,MP,"2. NNI (Incremental)",29,false,Infinity,10.4347,0,0,0,0,38047912,846291656
30,true,MP,"2. NNI (Incremental)",30,false,Infinity,10.1270,0,0,0,0,35984288,879846088
30,true,MP,"2. NNI (Incremental)",31,false,Infinity,6.6753,0,0,0,0,23948976,879846088
30,true,MP,"2. NNI (Incremental)",32,false,Infinity,10.3221,0,0,0,0,37607296,946954952
30,true,MP,"2. NNI (Incremental)",33,false,Infinity,9.3807,0,0,0,0,34008008,980509384
30,true,MP,"2. NNI (Incremental)",34,false,Infinity,5.6040,0,0,0,0,20072720,980509384
30,true,MP,"2. NNI (Incremental)",35,false,Infinity,15.7641,0,0,0,0,58179152,1047618248
30,true,MP,"2. NNI (Incremental)",36,false,Infinity,9.3528,0,0,0,0,34332680,1081172680
30,true,MP,"2. NNI (Incremental)",37,false,Infinity,7.0119,0,0,0,0,26047720,1114727112
30,true,MP,"2. NNI (Incremental)",38,false,Infinity,11.2761,0,0,0,0,41723896,1148281544
30,true,MP,"2. NNI (Incremental)",39,false,Infinity,9.2026,0,0,0,0,34210192,1181835976
30,true,MP,"2. NNI (Incremental)",40,false,Infinity,3.9426,0,0,0,0,14080408,1181835976
30,true,MP,"2. NNI (Incremental)",41,false,Infinity,4.4806,0,0,0,0,16057408,1215390408
30,true,MP,"2. NNI (Incremental)",42,false,Infinity,6.6190,0,0,0,0,24259104,1248944840
30,true,MP,"2. NNI (Incremental)",43,false,Infinity,9.4180,0,0,0,0,34092960,1282499272
30,true,MP,"2. NNI (Incremental)",44,false,Infinity,6.4155,0,0,0,0,23951784,1282499272
30,true,MP,"2. NNI (Incremental)",45,false,Infinity,7.6342,0,0,0,0,28113096,1316053704
30,true,MP,"2. NNI (Incremental)",46,false,Infinity,4.3927,0,0,0,0,15991696,1349608136
30,true,MP,"2. NNI (Incremental)",47,false,Infinity,5.9595,0,0,0,0,22149288,1349608136
30,true,MP,"2. NNI (Incremental)",48,false,Infinity,9.3882,0,0,0,0,34028392,1383162568
30,true,MP,"2. NNI (Incremental)",49,false,Infinity,6.2247,0,0,0,0,22277544,1416717000
30,true,MP,"2. NNI (Incremental)",50,false,Infinity,8.3534,0,0,0,0,29716208,1450271432
30,true,MP,"2. NNI (Incremental)",51,false,Infinity,5.2744,0,0,0,0,18136952,1450271432
30,true,MP,"2. NNI (Incremental)",52,false,Infinity,13.3118,0,0,0,0,48368472,1517380296
30,true,MP,"2. NNI (Incremental)",53,false,Infinity,9.7152,0,0,0,0,36088856,1550934728
30,true,MP,"2. NNI (Incremental)",54,false,Infinity,10.4254,0,0,0,0,38291096,1584489160
30,true,MP,"2. NNI (Incremental)",55,false,Infinity,7.6862,0,0,0,0,28305176,1618043592
30,true,MP,"2. NNI (Incremental)",56,false,Infinity,7.7531,0,0,0,0,28000544,1651598024
30,true,MP,"2. NNI (Incremental)",57,false,Infinity,7.6802,0,0,0,0,28370760,1685152456
30,true,MP,"2. NNI (Incremental)",58,false,Infinity,6.1038,0,0,0,0,22370112,1685152456
30,true,MP,"2. NNI (Incremental)",59,false,Infinity,10.8076,0,0,0,0,40085016,1718706888
30,true,MP,"2. NNI (Incremental)",60,false,Infinity,8.3216,0,0,0,0,30231768,1752261320
30,true,MP,"2. NNI (Incremental)",61,false,Infinity,9.2014,0,0,0,0,33937888,1785815752
30,true,MP,"2. NNI (Incremental)",62,false,Infinity,8.4742,0,0,0,0,32098912,1819370184
30,true,MP,"2. NNI (Incremental)",63,false,Infinity,5.9935,0,0,0,0,21982168,1852924616
30,true,MP,"2. NNI (Incremental)",64,false,Infinity,4.5637,0,0,0,0,16085320,1852924616
30,true,MP,"2. NNI (Incremental)",65,false,Infinity,5.4956,0,0,0,0,20269008,1886479048
30,true,MP,"2. NNI (Incremental)",66,false,Infinity,14.5767,0,0,0,0,54285832,1953587912
30,true,MP,"2. NNI (Incremental)",67,false,Infinity,3.8733,0,0,0,0,14049848,1953587912
30,true,MP,"2. NNI (Incremental)",68,false,Infinity,3.2795,0,0,0,0,12097104,1953587912
30,true,MP,"2. NNI (Incremental)",69,false,Infinity,4.4645,0,0,0,0,16071256,1987142344
30,true,MP,"2. NNI (Incremental)",70,false,Infinity,5.3972,0,0,0,0,20041544,2020696776
30,true,MP,"2. NNI (Incremental)",71,false,Infinity,6.6060,0,0,0,0,24179880,2020696776
30,true,MP,"2. NNI (Incremental)",72,false,Infinity,5.8183,0,0,0,0,20095904,2054251208
30,true,MP,"2. NNI (Incremental)",73,false,Infinity,11.3560,0,0,0,0,40336976,2087805640
30,true,MP,"2. NNI (Incremental)",74,false,Infinity,6.2350,0,0,0,0,22311528,2121360072
30,true,MP,"2. NNI (Incremental)",75,false,Infinity,10.1781,0,0,0,0,37881704,2154914504
30,true,MP,"2. NNI (Incremental)",76,false,Infinity,4.8455,0,0,0,0,18150160,2154914504
30,true,MP,"2. NNI (Incremental)",77,false,Infinity,9.2262,0,0,0,0,33780248,2188468936
30,true,MP,"2. NNI (Incremental)",78,false,Infinity,6.9565,0,0,0,0,26123248,2222023368
30,true,MP,"2. NNI (Incremental)",79,false,Infinity,7.5027,0,0,0,0,28036984,2255577800
30,true,MP,"2. NNI (Incremental)",80,false,Infinity,6.5736,0,0,0,0,24339232,2289132232
30,true,MP,"2. NNI (Incremental)",81,false,Infinity,12.9638,0,0,0,0,47757864,2322686664
30,true,MP,"2. NNI (Incremental)",82,false,Infinity,8.7881,0,0,0,0,32308232,2356241096
30,true,MP,"2. NNI (Incremental)",83,false,Infinity,4.8935,0,0,0,0,18026848,2389795528
30,true,MP,"2. NNI (Incremental)",84,false,Infinity,6.5862,0,0,0,0,24172720,2389795528
30,true,MP,"2. NNI (Incremental)",85,false,Infinity,8.4577,0,0,0,0,31935264,2423349960
30,true,MP,"2. NNI (Incremental)",86,false,Infinity,11.7556,0,0,0,0,41940480,2490458824
30,true,MP,"2. NNI (Incremental)",87,false,Infinity,6.4815,0,0,0,0,24003880,2490458824
30,true,MP,"2. NNI (Incremental)",88,false,Infinity,9.3539,0,0,0,0,34191248,2524013256
30,true,MP,"2. NNI (Incremental)",89,false,Infinity,8.8272,0,0,0,0,31685136,2557567688
30,true,MP,"2. NNI (Incremental)",90,false,Infinity,11.3262,0,0,0,0,42225472,2624676552
30,true,MP,"2. NNI (Incremental)",91,false,Infinity,8.1584,0,0,0,0,30231640,2624676552
30,true,MP,"2. NNI (Incremental)",92,false,Infinity,3.7707,0,0,0,0,14005464,2658230984
30,true,MP,"2. NNI (Incremental)",93,false,Infinity,13.0966,0,0,0,0,48075760,2691785416
30,true,MP,"2. NNI (Incremental)",94,false,Infinity,4.9912,0,0,0,0,18083824,2725339848
30,true,MP,"2. NNI (Incremental)",95,false,Infinity,9.2409,0,0,0,0,34175776,2758894280
30,true,MP,"2. NNI (Incremental)",96,false,Infinity,8.3526,0,0,0,0,30237184,2792448712
30,true,MP,"2. NNI (Incremental)",97,false,Infinity,9.0505,0,0,0,0,32245488,2826003144
30,true,MP,"2. NNI (Incremental)",98,false,Infinity,3.4077,0,0,0,0,12177536,2826003144
30,true,MP,"2. NNI (Incremental)",99,false,Infinity,6.7070,0,0,0,0,24037392,2859557576
30,true,MP,"2. NNI (Incremental)",100,false,Infinity,2.7812,0,0,0,0,10169816,2859557576
30,true,MP,"3. VND NNI->ECR->SPR (Classic)",1,true,95.0000,6551.9985,15880288,484855199,5486791834,564062347,14144459952,10534984368
30,true,MP,"3. VND NNI->ECR->SPR (Classic)",2,true,79.0000,11343.5904,14980785,181904228,10583668791,562820734,21765876592,10514931296
30,true,MP,"3. VND NNI->ECR->SPR (Classic)",3,true,106.0000,7432.7758,15107135,291832902,6560757468,564812674,15813020712,10514931296
30,true,MP,"3. VND NNI->ECR->SPR (Classic)",4,true,109.0000,6907.3728,9286449,463788491,5393413108,1040681230,14513948184,10463952336
30,true,MP,"3. VND NNI->ECR->SPR (Classic)",5,true,100.0000,5978.5653,12679116,234264235,4795685135,935759581,12222781240,10296180176
30,true,MP,"3. VND NNI->ECR->SPR (Classic)",6,true,93.0000,6860.1211,14582086,149799672,5939304882,756219402,14554648848,10325507328
30,true,MP,"3. VND NNI->ECR->SPR (Classic)",7,true,86.0000,12571.3809,9983065,360254413,11631522289,569390886,26100442360,10691529728
30,true,MP,"3. VND NNI->ECR->SPR (Classic)",8,true,109.0000,5803.0107,15173952,364300512,4754474270,668813301,12794006224,10657975296
30,true,MP,"3. VND NNI->ECR->SPR (Classic)",9,true,93.0000,5421.2901,13283915,449611715,4397585704,560589599,11049086880,10301319968
30,true,MP,"3. VND NNI->ECR->SPR (Classic)",10,true,84.0000,16245.5959,10352287,294683217,15658249092,282040180,34641669552,10949514288
30,true,MP,"3. VND NNI->ECR->SPR (Classic)",11,true,82.0000,15035.4336,10783808,165628739,14671686754,187033086,32153415128,10882406448
30,true,MP,"3. VND NNI->ECR->SPR (Classic)",12,true,102.0000,9469.4779,10454452,182524227,8513528221,762752143,19912117320,10822561600
30,true,MP,"3. VND NNI->ECR->SPR (Classic)",13,true,130.0000,4017.0645,15237282,231053557,2648494811,1122103236,8187776144,10285836384
30,true,MP,"3. VND NNI->ECR->SPR (Classic)",14,true,130.0000,5303.6814,19938988,52825683,4118873295,1111880175,10227374968,10358438144
30,true,MP,"3. VND NNI->ECR->SPR (Classic)",15,true,102.0000,6133.5826,12336614,334022160,5024107453,762912477,13757132808,10291329280
30,true,MP,"3. VND NNI->ECR->SPR (Classic)",16,true,102.0000,9152.6423,6334191,520311050,8153867820,471882983,20070254872,10495647464
30,true,MP,"3. VND NNI->ECR->SPR (Classic)",17,true,85.0000,16549.9691,12228259,189638303,15876322108,471530272,35142042264,10966265712
30,true,MP,"3. VND NNI->ECR->SPR (Classic)",18,true,116.0000,6299.0454,23364116,451948331,5177869363,645606525,12181969032,10295177072
30,true,MP,"3. VND NNI->ECR->SPR (Classic)",19,true,96.0000,9927.2931,9845764,408535880,8944151458,564502253,21270063680,10482319664
30,true,MP,"3. VND NNI->ECR->SPR (Classic)",20,true,96.0000,13654.8973,9892824,157528307,12926961559,560277064,27451063464,10832346800
30,true,MP,"3. VND NNI->ECR->SPR (Classic)",21,true,95.0000,7445.3659,8522687,295845798,6384305574,756472684,16803680152,10766086320
30,true,MP,"3. VND NNI->ECR->SPR (Classic)",22,true,95.0000,7374.2227,7740148,681367699,6123896913,560970563,15573768296,10395996464
30,true,MP,"3. VND NNI->ECR->SPR (Classic)",23,true,113.0000,7358.7122,14947602,283495750,6308234141,751818940,14169660680,10362442032
30,true,MP,"3. VND NNI->ECR->SPR (Classic)",24,true,91.0000,9119.1749,6229853,351256382,8101744632,659746660,18890093400,10436790048
30,true,MP,"3. VND NNI->ECR->SPR (Classic)",25,true,85.0000,14700.8561,15608427,371043642,14126941725,186975798,30064163048,10733019568
30,true,MP,"3. VND NNI->ECR->SPR (Classic)",26,true,90.0000,9066.0840,14755355,258982398,8228671733,563446084,18835526096,10665910704
30,true,MP,"3. VND NNI->ECR->SPR (Classic)",27,true,91.0000,10346.6900,8523790,410670350,9457856657,469363048,21376325904,10522510264
30,true,MP,"3. VND NNI->ECR->SPR (Classic)",28,true,120.0000,5363.3961,10645326,321097236,3977315947,1054130601,10943373064,10522510264
30,true,MP,"3. VND NNI->ECR->SPR (Classic)",29,true,97.0000,7195.7709,12949861,526247355,6005618870,650718121,14518886080,10333437664
30,true,MP,"3. VND NNI->ECR->SPR (Classic)",30,true,98.0000,10331.5175,18925111,169277783,9671437036,471601737,21613075024,10526204480
30,true,MP,"3. VND NNI->ECR->SPR (Classic)",31,true,93.0000,8667.6521,12439089,233695812,7755705897,665586581,19223061472,10559758912
30,true,MP,"3. VND NNI->ECR->SPR (Classic)",32,true,144.0000,4915.6256,15823538,378478439,3403323225,1117786171,9722948600,10308022032
30,true,MP,"3. VND NNI->ECR->SPR (Classic)",33,true,133.0000,7980.0489,13420065,55263633,6380567471,1530613677,15793265288,10438388696
30,true,MP,"3. VND NNI->ECR->SPR (Classic)",34,true,127.0000,4366.0215,11827686,297465831,2823251716,1233281720,9334550456,10102844376
30,true,MP,"3. VND NNI->ECR->SPR (Classic)",35,true,108.0000,6723.3826,22259476,251331301,5795651185,653886820,14023873896,10505497560
30,true,MP,"3. VND NNI->ECR->SPR (Classic)",36,true,68.0000,11433.7099,14809699,218267958,10919522895,280870265,22789140712,10515199472
30,true,MP,"3. VND NNI->ECR->SPR (Classic)",37,true,120.0000,10345.4488,12147483,251802395,8946892242,1134380145,20240944192,10548753904
30,true,MP,"3. VND NNI->ECR->SPR (Classic)",38,true,96.0000,4430.6879,17263839,474488200,3289906081,648804820,9048751840,10309687552
30,true,MP,"3. VND NNI->ECR->SPR (Classic)",39,true,103.0000,3496.8407,16980600,219324499,2313391033,946961035,7797805400,10297884168
30,true,MP,"3. VND NNI->ECR->SPR (Classic)",40,true,108.0000,6002.4157,8078673,407907474,4552571261,1033648148,12791199856,10429303200
30,true,MP,"3. VND NNI->ECR->SPR (Classic)",41,true,151.0000,4139.2070,7917243,342792006,2303803079,1484526685,8616411464,10295085472
30,true,MP,"3. VND NNI->ECR->SPR (Classic)",42,true,107.0000,8080.7102,12219099,185812114,6826110705,1056369552,18200813816,10419104888
30,true,MP,"3. VND NNI->ECR->SPR (Classic)",43,true,116.0000,8688.6543,15757083,147861182,7676211271,848625959,17172656000,10468135528
30,true,MP,"3. VND NNI->ECR->SPR (Classic)",44,true,100.0000,9940.7249,11183169,136304271,8925712071,867347010,22162924056,10496004336
30,true,MP,"3. VND NNI->ECR->SPR (Classic)",45,true,122.0000,3506.8916,11829117,178811764,2192870492,1123224710,7597257080,8396698144
30,true,MP,"3. VND NNI->ECR->SPR (Classic)",46,true,73.0000,6843.8270,9138879,505898516,5860865220,467680357,14820320952,10409964064
30,true,MP,"3. VND NNI->ECR->SPR (Classic)",47,true,100.0000,5666.7799,10047037,205697049,4495419857,955427936,12579105584,10466246752
30,true,MP,"3. VND NNI->ECR->SPR (Classic)",48,true,145.0000,6007.2725,16455220,151128430,4544026012,1295486009,11720983144,10298474592
30,true,MP,"3. VND NNI->ECR->SPR (Classic)",49,true,89.0000,7426.6179,12509311,577062733,6273542360,563261663,14368626536,10382039392
30,true,MP,"3. VND NNI->ECR->SPR (Classic)",50,true,129.0000,5464.9107,13846246,90745205,3640840761,1719316872,11487279288,10400617936
30,true,MP,"3. VND NNI->ECR->SPR (Classic)",51,true,117.0000,4754.5361,10489328,406863538,3206948575,1130051710,10553911968,10299954640
30,true,MP,"3. VND NNI->ECR->SPR (Classic)",52,true,107.0000,10073.5220,15369396,213671662,9177912595,666338082,22239461088,10652609248
30,true,MP,"3. VND NNI->ECR->SPR (Classic)",53,true,113.0000,13034.3599,16298724,285927438,12164638803,567184717,26382950552,10567891024
30,true,MP,"3. VND NNI->ECR->SPR (Classic)",54,true,121.0000,4336.2835,14797946,499279983,3145269284,676699086,9551291680,10342578560
30,true,MP,"3. VND NNI->ECR->SPR (Classic)",55,true,93.0000,11359.3721,10036987,520712793,10262958711,565404651,23960260800,10611891488
30,true,MP,"3. VND NNI->ECR->SPR (Classic)",56,true,97.0000,16058.4836,12854377,320848233,15259140550,465345213,31521128672,10773634336
30,true,MP,"3. VND NNI->ECR->SPR (Classic)",57,true,100.0000,6528.2877,12422547,325700586,5435258321,754666678,13784789384,10303872288
30,true,MP,"3. VND NNI->ECR->SPR (Classic)",58,true,100.0000,7016.1275,10494208,511706717,5740876152,752812410,14227476328,10385994016
30,true,MP,"3. VND NNI->ECR->SPR (Classic)",59,true,148.0000,5590.1729,17430185,358361360,4288982218,925146748,11247413112,10460157296
30,true,MP,"3. VND NNI->ECR->SPR (Classic)",60,true,118.0000,3763.7368,14168159,204865928,2413853837,1130676409,8256971096,10292385136
30,true,MP,"3. VND NNI->ECR->SPR (Classic)",61,true,103.0000,3375.3079,13555182,315979789,2292178200,753370271,7567044712,10170131664
30,true,MP,"3. VND NNI->ECR->SPR (Classic)",62,true,88.0000,7831.8433,14391313,231952065,7023761306,561513968,16108696776,10523445792
30,true,MP,"3. VND NNI->ECR->SPR (Classic)",63,true,84.0000,12810.3547,10363369,234389514,12003746045,561607887,26506534840,10518391376
30,true,MP,"3. VND NNI->ECR->SPR (Classic)",64,true,120.0000,3366.2454,8361080,291612313,1827668747,1238454473,7610233520,9760942048
30,true,MP,"3. VND NNI->ECR->SPR (Classic)",65,true,81.0000,12707.5491,8527256,244122113,12074709590,379937024,27520936976,10770005416
30,true,MP,"3. VND NNI->ECR->SPR (Classic)",66,true,145.0000,4558.9430,20315725,353491585,3258932658,925988039,8735794568,10300243368
30,true,MP,"3. VND NNI->ECR->SPR (Classic)",67,true,84.0000,6211.5717,7932435,456721254,5181555096,565136731,14029008328,10309901600
30,true,MP,"3. VND NNI->ECR->SPR (Classic)",68,true,81.0000,8326.4886,7055555,480130375,7370068329,468982664,16871616592,10471818648
30,true,MP,"3. VND NNI->ECR->SPR (Classic)",69,true,122.0000,4111.8888,8472412,357244354,2522547097,1223436772,8917602848,10304046488
30,true,MP,"3. VND NNI->ECR->SPR (Classic)",70,true,109.0000,7275.4686,8387876,525968355,6083750814,657112834,15424950664,10298373040
30,true,MP,"3. VND NNI->ECR->SPR (Classic)",71,true,80.0000,14863.7365,10753544,224216079,14255954763,372542842,32039757776,10722753840
30,true,MP,"3. VND NNI->ECR->SPR (Classic)",72,true,91.0000,11439.8822,9634636,309434277,10545486301,575085093,26246802128,10600176160
30,true,MP,"3. VND NNI->ECR->SPR (Classic)",73,true,78.0000,9886.8516,15859479,249310653,9153565071,467872636,19736882984,10633730592
30,true,MP,"3. VND NNI->ECR->SPR (Classic)",74,true,87.0000,11598.0590,9000781,240874075,10782151209,565787638,26108069512,10760989200
30,true,MP,"3. VND NNI->ECR->SPR (Classic)",75,true,106.0000,6278.0365,16036083,266130517,4976910690,1018755212,12419526096,10291227152
30,true,MP,"3. VND NNI->ECR->SPR (Classic)",76,true,102.0000,9871.9221,10041400,451320793,8748389908,661906673,21639957920,10491947152
30,true,MP,"3. VND NNI->ECR->SPR (Classic)",77,true,142.0000,4468.1053,15196406,278789928,3162903279,1011009097,8890850568,10290620560
30,true,MP,"3. VND NNI->ECR->SPR (Classic)",78,true,114.0000,6680.2802,11122067,397617057,5519998940,751302580,14021186408,10299130848
30,true,MP,"3. VND NNI->ECR->SPR (Classic)",79,true,118.0000,6487.8084,14870045,163647757,5462819554,846273211,14059394560,10533012768
30,true,MP,"3. VND NNI->ECR->SPR (Classic)",80,true,89.0000,3475.2929,9020308,415276388,2388405137,662386796,8071566864,10298131744
30,true,MP,"3. VND NNI->ECR->SPR (Classic)",81,true,74.0000,3749.7094,11852767,308772359,2673107801,755790707,8290631912,9959521768
30,true,MP,"3. VND NNI->ECR->SPR (Classic)",82,true,108.0000,8318.2396,14748614,293817633,6983490809,1025960768,16532865344,10499215392
30,true,MP,"3. VND NNI->ECR->SPR (Classic)",83,true,88.0000,12150.1840,9803598,87527302,11392578450,660057445,27428771952,10753050328
30,true,MP,"3. VND NNI->ECR->SPR (Classic)",84,true,117.0000,4443.3567,11514222,392400665,3018547759,1020696926,8976144776,10283288280
30,true,MP,"3. VND NNI->ECR->SPR (Classic)",85,true,121.0000,3526.6170,10340099,716765615,2027989693,771269280,7775302720,10366606936
30,true,MP,"3. VND NNI->ECR->SPR (Classic)",86,true,94.0000,7062.7105,17648420,708073290,5795243974,541490259,12461493512,10299498072
30,true,MP,"3. VND NNI->ECR->SPR (Classic)",87,true,113.0000,3343.2323,10955560,371846649,2010702391,949528650,7425410232,9801150304
30,true,MP,"3. VND NNI->ECR->SPR (Classic)",88,true,105.0000,8146.9333,15241162,154074618,7216576208,760831034,17550986896,10533386536
30,true,MP,"3. VND NNI->ECR->SPR (Classic)",89,true,86.0000,9993.5691,12000677,362886534,9062597406,555845636,19354371048,10512892480
30,true,MP,"3. VND NNI->ECR->SPR (Classic)",90,true,102.0000,4678.7364,17084268,406044939,3688849220,566521924,9955269736,10278011456
30,true,MP,"3. VND NNI->ECR->SPR (Classic)",91,true,103.0000,7066.8692,11991210,435164209,5869017605,750472731,14233763440,10286903408
30,true,MP,"3. VND NNI->ECR->SPR (Classic)",92,true,87.0000,14799.0487,7858098,281943075,14225431344,283534282,32222195792,10786414240
30,true,MP,"3. VND NNI->ECR->SPR (Classic)",93,true,84.0000,11622.6928,13040856,428783422,10721103075,459528404,20247683696,10407650848
30,true,MP,"3. VND NNI->ECR->SPR (Classic)",94,true,99.0000,13539.1495,9115428,356883295,12513060153,659812860,27168871568,10692420512
30,true,MP,"3. VND NNI->ECR->SPR (Classic)",95,true,90.0000,4808.7076,13380071,355542224,3482524675,957068623,10651693072,10289767328
30,true,MP,"3. VND NNI->ECR->SPR (Classic)",96,true,106.0000,4252.5414,10088540,510042622,2793050032,939147614,8395460624,10279460752
30,true,MP,"3. VND NNI->ECR->SPR (Classic)",97,true,94.0000,3960.9536,15636894,430404215,2747735997,766946728,8819275288,10292516472
30,true,MP,"3. VND NNI->ECR->SPR (Classic)",98,true,126.0000,3660.8916,7125263,275778399,2148819383,1229009102,8009971464,10286193816
30,true,MP,"3. VND NNI->ECR->SPR (Classic)",99,true,90.0000,7633.7369,9935449,419070656,6629680239,574809038,16825420040,10388511200
30,true,MP,"3. VND NNI->ECR->SPR (Classic)",100,true,113.0000,5466.0714,6667162,246721436,3970018986,1242496647,11932802240,10291189728
30,true,MP,"4. VND NNI->SPR (Classic)",1,true,119.0000,1725.2683,8854763,0,0,1716326054,4304888168,4303114632
30,true,MP,"4. VND NNI->SPR (Classic)",2,true,107.0000,1417.2178,13566315,0,0,1403560008,3566609760,7859884424
30,true,MP,"4. VND NNI->SPR (Classic)",3,true,146.0000,1564.2236,14029006,0,0,1550103079,3844255720,10501952176
30,true,MP,"4. VND NNI->SPR (Classic)",4,true,137.0000,1829.9322,7661624,0,0,1822202960,4541916808,6139876016
30,true,MP,"4. VND NNI->SPR (Classic)",5,true,113.0000,1630.1738,11171009,0,0,1618925902,4054352328,10199962288
30,true,MP,"4. VND NNI->SPR (Classic)",6,true,107.0000,1443.2875,12907252,0,0,1430294973,3601202648,10300625584
30,true,MP,"4. VND NNI->SPR (Classic)",7,true,136.0000,1734.0771,8469591,0,0,1725536745,4304235496,7823696760
30,true,MP,"4. VND NNI->SPR (Classic)",8,true,130.0000,1561.0478,13838443,0,0,1547109495,3842596760,10466923912
30,true,MP,"4. VND NNI->SPR (Classic)",9,true,99.0000,1519.2753,11953046,0,0,1507241639,3813671240,5400204680
30,true,MP,"4. VND NNI->SPR (Classic)",10,true,126.0000,1825.2733,8853430,0,0,1816349386,4547215352,9930053000
30,true,MP,"4. VND NNI->SPR (Classic)",11,true,134.0000,1817.5349,9214708,0,0,1808247966,4537497880,10299151752
30,true,MP,"4. VND NNI->SPR (Classic)",12,true,138.0000,1813.2708,8890763,0,0,1804308403,4528522344,8736186960
30,true,MP,"4. VND NNI->SPR (Classic)",13,true,120.0000,1345.3995,13693237,0,0,1331610658,3348508120,10361454264
30,true,MP,"4. VND NNI->SPR (Classic)",14,true,138.0000,1323.0887,18762180,0,0,1304230957,3346661096,5294735032
30,true,MP,"4. VND NNI->SPR (Classic)",15,true,117.0000,1452.3304,10828007,0,0,1441426167,3609744368,8918613688
30,true,MP,"4. VND NNI->SPR (Classic)",16,true,121.0000,1743.0686,4990513,0,0,1738021032,4307554048,10294345400
30,true,MP,"4. VND NNI->SPR (Classic)",17,true,129.0000,1819.9676,10838166,0,0,1809047095,4546720048,7572433344
30,true,MP,"4. VND NNI->SPR (Classic)",18,true,138.0000,1528.5111,21880431,0,0,1506510328,3809203280,10382822880
30,true,MP,"4. VND NNI->SPR (Classic)",19,true,145.0000,2002.1614,8288897,0,0,1993807262,4997543248,6322736608
30,true,MP,"4. VND NNI->SPR (Classic)",20,true,164.0000,2020.2311,8284478,0,0,2011880661,4989076304,10399233464
30,true,MP,"4. VND NNI->SPR (Classic)",21,true,136.0000,1920.3779,6785818,0,0,1913527556,4782185112,6137820600
30,true,MP,"4. VND NNI->SPR (Classic)",22,true,122.0000,1846.5995,6386910,0,0,1840111146,4513351400,10316334448
30,true,MP,"4. VND NNI->SPR (Classic)",23,true,129.0000,1524.2807,13134544,0,0,1511055964,3818466936,4511417712
30,true,MP,"4. VND NNI->SPR (Classic)",24,true,136.0000,2023.0335,4666377,0,0,2018311924,5005119056,9544582512
30,true,MP,"4. VND NNI->SPR (Classic)",25,true,122.0000,1535.7713,14628216,0,0,1521045677,3832840536,10282780016
30,true,MP,"4. VND NNI->SPR (Classic)",26,true,111.0000,1432.7837,13579230,0,0,1419112011,3587629792,6771183752
30,true,MP,"4. VND NNI->SPR (Classic)",27,true,139.0000,1926.5593,6988863,0,0,1919505096,4750737216,10487299160
30,true,MP,"4. VND NNI->SPR (Classic)",28,true,141.0000,1812.4246,9029135,0,0,1803322748,4529960864,6024559704
30,true,MP,"4. VND NNI->SPR (Classic)",29,true,159.0000,1926.0813,11724211,0,0,1914269748,4746923128,10352864632
30,true,MP,"4. VND NNI->SPR (Classic)",30,true,136.0000,1731.3873,17100487,0,0,1714186815,4326052312,5185482104
30,true,MP,"4. VND NNI->SPR (Classic)",31,true,123.0000,1548.5563,10923598,0,0,1537555872,3842064680,9010687352
30,true,MP,"4. VND NNI->SPR (Classic)",32,true,155.0000,1817.3380,14436611,0,0,1802811585,4526187016,10285755768
30,true,MP,"4. VND NNI->SPR (Classic)",33,true,125.0000,1719.7999,12607191,0,0,1707109703,4293179608,7684361592
30,true,MP,"4. VND NNI->SPR (Classic)",34,true,125.0000,1564.4474,10327474,0,0,1554043564,3840987544,10387705736
30,true,MP,"4. VND NNI->SPR (Classic)",35,true,125.0000,1249.7892,20636535,0,0,1229047893,3142537168,4582789000
30,true,MP,"4. VND NNI->SPR (Classic)",36,true,88.0000,1052.4428,13341196,0,0,1039016673,2639623464,7233589128
30,true,MP,"4. VND NNI->SPR (Classic)",37,true,125.0000,1661.8209,10591676,0,0,1651151010,4067702656,10327120232
30,true,MP,"4. VND NNI->SPR (Classic)",38,true,108.0000,1518.8577,15607338,0,0,1503158852,3826505016,5092628840
30,true,MP,"4. VND NNI->SPR (Classic)",39,true,110.0000,1346.1491,15244127,0,0,1330804374,3375288208,8481626472
30,true,MP,"4. VND NNI->SPR (Classic)",40,true,118.0000,1817.7073,6307147,0,0,1811336551,4544578672,10293588840
30,true,MP,"4. VND NNI->SPR (Classic)",41,true,163.0000,2063.3068,6037775,0,0,2057199125,5210221280,8117862856
30,true,MP,"4. VND NNI->SPR (Classic)",42,true,139.0000,1839.7207,10440611,0,0,1829179571,4558434400,10323197256
30,true,MP,"4. VND NNI->SPR (Classic)",43,true,155.0000,1700.5921,14113787,0,0,1686384109,4283629192,6833536328
30,true,MP,"4. VND NNI->SPR (Classic)",44,true,118.0000,1479.7939,9557540,0,0,1470156296,3603712256,10389407912
30,true,MP,"4. VND NNI->SPR (Classic)",45,true,124.0000,1524.5963,10397928,0,0,1514122077,3816299992,4248946856
30,true,MP,"4. VND NNI->SPR (Classic)",46,true,95.0000,1632.9095,7599606,0,0,1625243298,4060474336,8309033128
30,true,MP,"4. VND NNI->SPR (Classic)",47,true,119.0000,1733.9335,8654823,0,0,1725207578,4304994832,10288744616
30,true,MP,"4. VND NNI->SPR (Classic)",48,true,147.0000,1509.8703,14707586,0,0,1495071579,3814051136,6316405128
30,true,MP,"4. VND NNI->SPR (Classic)",49,true,111.0000,1743.6243,11006296,0,0,1732541429,4285010232,10463088616
30,true,MP,"4. VND NNI->SPR (Classic)",50,true,156.0000,1902.3464,12262936,0,0,1890001636,4769311416,5396369384
30,true,MP,"4. VND NNI->SPR (Classic)",51,true,138.0000,1817.2606,8973268,0,0,1808213280,4531308672,9926217704
30,true,MP,"4. VND NNI->SPR (Classic)",52,true,131.0000,1346.5688,13882006,0,0,1332592907,3373926592,10295316968
30,true,MP,"4. VND NNI->SPR (Classic)",53,true,171.0000,1999.6583,14555468,0,0,1985011130,4999286032,8079904200
30,true,MP,"4. VND NNI->SPR (Classic)",54,true,130.0000,1839.0431,13510901,0,0,1825444237,4554482952,10416728088
30,true,MP,"4. VND NNI->SPR (Classic)",55,true,137.0000,2045.5368,8505148,0,0,2036963042,5025893160,7531046936
30,true,MP,"4. VND NNI->SPR (Classic)",56,true,149.0000,1909.6863,11283915,0,0,1898324498,4741013728,10330960400
30,true,MP,"4. VND NNI->SPR (Classic)",57,true,121.0000,1630.5927,10837907,0,0,1619678764,4070573344,6304428560
30,true,MP,"4. VND NNI->SPR (Classic)",58,true,122.0000,1672.6139,9063490,0,0,1663477376,4068484784,10404751896
30,true,MP,"4. VND NNI->SPR (Classic)",59,true,164.0000,1613.5629,15803500,0,0,1597659419,4065276848,4465617432
30,true,MP,"4. VND NNI->SPR (Classic)",60,true,120.0000,1539.2766,12537338,0,0,1526652222,3831954664,8290822680
30,true,MP,"4. VND NNI->SPR (Classic)",61,true,110.0000,1360.5566,12391861,0,0,1348079554,3360834880,10304088600
30,true,MP,"4. VND NNI->SPR (Classic)",62,true,102.0000,1334.9023,13027681,0,0,1321795267,3351649784,4926310792
30,true,MP,"4. VND NNI->SPR (Classic)",63,true,170.0000,1899.3263,8810348,0,0,1890447895,4755402664,9657485704
30,true,MP,"4. VND NNI->SPR (Classic)",64,true,122.0000,1928.3236,6955792,0,0,1921304399,4783946824,10295019912
30,true,MP,"4. VND NNI->SPR (Classic)",65,true,113.0000,1741.1819,7147786,0,0,1733972731,4309252432,8530998152
30,true,MP,"4. VND NNI->SPR (Classic)",66,true,153.0000,1330.7975,18801083,0,0,1311887391,3338541040,10378594096
30,true,MP,"4. VND NNI->SPR (Classic)",67,true,107.0000,1822.1764,6072010,0,0,1816041481,4543760992,6251398960
30,true,MP,"4. VND NNI->SPR (Classic)",68,true,121.0000,1838.7985,5481557,0,0,1833256287,4525844184,10461900008
30,true,MP,"4. VND NNI->SPR (Classic)",69,true,130.0000,2074.6385,6723259,0,0,2067849944,5233482312,6066269416
30,true,MP,"4. VND NNI->SPR (Classic)",70,true,147.0000,1933.2279,6692180,0,0,1926471137,4773489912,10327359112
30,true,MP,"4. VND NNI->SPR (Classic)",71,true,108.0000,1511.2588,9138182,0,0,1502049552,3819566768,4723768968
30,true,MP,"4. VND NNI->SPR (Classic)",72,true,125.0000,1844.3278,8255704,0,0,1835998394,4564171120,9287171720
30,true,MP,"4. VND NNI->SPR (Classic)",73,true,95.0000,1324.3622,14096523,0,0,1310170614,3348046320,10293804680
30,true,MP,"4. VND NNI->SPR (Classic)",74,true,118.0000,1732.0104,7356062,0,0,1724587649,4314280600,6786167688
30,true,MP,"4. VND NNI->SPR (Classic)",75,true,126.0000,1613.8954,14346740,0,0,1599456448,4026137848,10485169648
30,true,MP,"4. VND NNI->SPR (Classic)",76,true,132.0000,1916.2393,8310177,0,0,1907863402,4778273704,5552668144
30,true,MP,"4. VND NNI->SPR (Classic)",77,true,150.0000,1922.5341,13479390,0,0,1908963715,4745506464,10384555560
30,true,MP,"4. VND NNI->SPR (Classic)",78,true,120.0000,1733.9793,9541009,0,0,1724362722,4314542376,4713856552
30,true,MP,"4. VND NNI->SPR (Classic)",79,true,124.0000,1443.7980,13571516,0,0,1430137623,3600899280,8304180776
30,true,MP,"4. VND NNI->SPR (Classic)",80,true,107.0000,2034.4491,7476212,0,0,2026903918,5023805440,10283892264
30,true,MP,"4. VND NNI->SPR (Classic)",81,true,97.0000,1536.1801,10470217,0,0,1525625979,3825010888,7060235368
30,true,MP,"4. VND NNI->SPR (Classic)",82,true,114.0000,1648.0371,13311209,0,0,1634631307,4050537896,10371599072
30,true,MP,"4. VND NNI->SPR (Classic)",83,true,115.0000,1540.6073,8294027,0,0,1532239499,3843281448,4935781088
30,true,MP,"4. VND NNI->SPR (Classic)",84,true,114.0000,1978.8169,9993110,0,0,1968746482,4989006208,9935391456
30,true,MP,"4. VND NNI->SPR (Classic)",85,true,132.0000,1721.6886,8723063,0,0,1712891712,4312322712,10304490208
30,true,MP,"4. VND NNI->SPR (Classic)",86,true,107.0000,1768.3630,16307991,0,0,1751951631,4482226424,8475938728
30,true,MP,"4. VND NNI->SPR (Classic)",87,true,113.0000,1554.4777,9535507,0,0,1544866889,3837022120,10387226248
30,true,MP,"4. VND NNI->SPR (Classic)",88,true,122.0000,1439.2000,13504998,0,0,1425614821,3607075168,5790269064
30,true,MP,"4. VND NNI->SPR (Classic)",89,true,105.0000,1597.8671,10266088,0,0,1587526104,4024434728,9816800904
30,true,MP,"4. VND NNI->SPR (Classic)",90,true,116.0000,1253.1397,15272501,0,0,1237776569,3137134280,10286562952
30,true,MP,"4. VND NNI->SPR (Classic)",91,true,176.0000,1967.0766,10369134,0,0,1956627268,4962039912,7671328744
30,true,MP,"4. VND NNI->SPR (Classic)",92,true,125.0000,2134.7370,6320112,0,0,2128353913,5258707440,10450789976
30,true,MP,"4. VND NNI->SPR (Classic)",93,true,111.0000,1521.4679,11514692,0,0,1509879156,3806012856,6659139160
30,true,MP,"4. VND NNI->SPR (Classic)",94,true,140.0000,1939.2635,7653688,0,0,1931543185,4757214952,10368549032
30,true,MP,"4. VND NNI->SPR (Classic)",95,true,101.0000,1543.2584,11365047,0,0,1531811666,3842992552,5301829800
30,true,MP,"4. VND NNI->SPR (Classic)",96,true,101.0000,1728.3400,8428101,0,0,1719841491,4287508992,9596797096
30,true,MP,"4. VND NNI->SPR (Classic)",97,true,125.0000,1542.7889,13947580,0,0,1528750303,3843575400,10301440168
30,true,MP,"4. VND NNI->SPR (Classic)",98,true,156.0000,2107.9020,5423096,0,0,2102417739,5238205008,8438964456
30,true,MP,"4. VND NNI->SPR (Classic)",99,true,101.0000,1742.9286,8341758,0,0,1734514652,4299507720,10359759928
30,true,MP,"4. VND NNI->SPR (Classic)",100,true,111.0000,1925.0070,4802846,0,0,1920148571,4776152568,7406969912
30,true,MP,"5. VND NNI->ECR->SPR (Inc)",1,true,92.0000,2288.9365,7456694,238865564,2021610238,20819112,7385984928,7424426904
30,true,MP,"5. VND NNI->ECR->SPR (Inc)",2,true,92.0000,844.7099,13076454,90980010,718790156,21730555,2708728256,10108781464
30,true,MP,"5. VND NNI->ECR->SPR (Inc)",3,true,136.0000,1073.3945,14793460,100147146,936403364,21922931,3493428032,10334940248
30,true,MP,"5. VND NNI->ECR->SPR (Inc)",4,true,123.0000,815.7731,6919181,107589684,669019873,32114748,2762964840,6107081816
30,true,MP,"5. VND NNI->ECR->SPR (Inc)",5,true,103.0000,670.7654,11234480,164181562,476940495,18280744,2297176744,8388783192
30,true,MP,"5. VND NNI->ECR->SPR (Inc)",6,true,110.0000,870.5294,12950575,55354134,781198357,20903382,2837903696,10301385816
30,true,MP,"5. VND NNI->ECR->SPR (Inc)",7,true,105.0000,1540.8577,9671187,108013571,1402630891,20417799,5129088528,6086504344
30,true,MP,"5. VND NNI->ECR->SPR (Inc)",8,true,98.0000,1532.3207,14188950,146970071,1361683292,9353171,5059531672,10280808344
30,true,MP,"5. VND NNI->ECR->SPR (Inc)",9,true,92.0000,727.1800,11625553,162085605,537328284,16015574,2404369840,3265276472
30,true,MP,"5. VND NNI->ECR->SPR (Inc)",10,true,115.0000,947.6349,8644353,157773322,755478242,25593062,3147523240,6419393080
30,true,MP,"5. VND NNI->ECR->SPR (Inc)",11,true,89.0000,1932.8983,9424325,73097105,1838780555,11459107,6558350192,10278152760
30,true,MP,"5. VND NNI->ECR->SPR (Inc)",12,true,124.0000,663.3177,8071063,76767887,548165287,30188604,2184600040,4908525928
30,true,MP,"5. VND NNI->ECR->SPR (Inc)",13,true,116.0000,1416.7039,12423072,158958998,1231155955,14043553,4568114448,9471928680
30,true,MP,"5. VND NNI->ECR->SPR (Inc)",14,true,98.0000,1542.5440,16069267,126665601,1385813991,13860055,5058129960,10277235048
30,true,MP,"5. VND NNI->ECR->SPR (Inc)",15,true,87.0000,1942.9869,9395048,178410569,1748281249,6776780,6627488368,10276925384
30,true,MP,"5. VND NNI->ECR->SPR (Inc)",16,true,119.0000,1097.2355,5050067,186230824,882538253,23289711,3566199584,4170018760
30,true,MP,"5. VND NNI->ECR->SPR (Inc)",17,true,86.0000,1847.5954,9863933,69289843,1750003285,18310870,6326974192,10276925384
30,true,MP,"5. VND NNI->ECR->SPR (Inc)",18,true,110.0000,1174.4305,21074539,152409640,984816154,16003201,3854570008,4102780072
30,true,MP,"5. VND NNI->ECR->SPR (Inc)",19,true,113.0000,468.3750,7321577,330241467,112395456,18304479,1575152936,5679838376
30,true,MP,"5. VND NNI->ECR->SPR (Inc)",20,true,117.0000,1658.9923,8163750,147386094,1480459796,22859432,5127273312,10276966848
30,true,MP,"5. VND NNI->ECR->SPR (Inc)",21,true,101.0000,805.9958,8402614,148675999,626081528,22715799,2812719712,3331199424
30,true,MP,"5. VND NNI->ECR->SPR (Inc)",22,true,104.0000,1024.6000,6293250,298191733,706161613,13821071,3447789248,6787305920
30,true,MP,"5. VND NNI->ECR->SPR (Inc)",23,true,118.0000,1491.6288,13029385,140837698,1321747476,15884605,4800261952,10276966848
30,true,MP,"5. VND NNI->ECR->SPR (Inc)",24,true,104.0000,1145.4366,4847813,85552395,1027135482,27779361,3771376136,5109497632
30,true,MP,"5. VND NNI->ECR->SPR (Inc)",25,true,96.0000,1005.1452,13039283,169136108,808964523,13876977,3302209288,8397831968
30,true,MP,"5. VND NNI->ECR->SPR (Inc)",26,true,108.0000,560.3933,11981250,97405712,426181572,24699433,1811530176,10209771296
30,true,MP,"5. VND NNI->ECR->SPR (Inc)",27,true,98.0000,754.5266,8642590,262389732,469913178,13468370,2528020968,10276880160
30,true,MP,"5. VND NNI->ECR->SPR (Inc)",28,true,121.0000,844.1932,10383211,98404804,707756698,27537070,2697646312,5176529856
30,true,MP,"5. VND NNI->ECR->SPR (Inc)",29,true,97.0000,406.9834,12914035,259723399,120338415,13897937,1348862576,6518707136
30,true,MP,"5. VND NNI->ECR->SPR (Inc)",30,true,113.0000,1581.9013,13100960,165535066,1387024685,16109473,5249270064,10276893320
30,true,MP,"5. VND NNI->ECR->SPR (Inc)",31,true,94.0000,1194.5803,9195581,89804263,1077250400,18205310,4213871208,5713490568
30,true,MP,"5. VND NNI->ECR->SPR (Inc)",32,true,142.0000,637.4228,13850986,142652841,452727017,28067640,2012024296,7726756488
30,true,MP,"5. VND NNI->ECR->SPR (Inc)",33,true,119.0000,996.3528,12369078,67881533,886574611,29411045,3289020712,10276893320
30,true,MP,"5. VND NNI->ECR->SPR (Inc)",34,true,101.0000,1912.2465,7930093,174388979,1720615013,9198387,6477949432,7223415392
30,true,MP,"5. VND NNI->ECR->SPR (Inc)",35,true,119.0000,876.7049,19661159,101106062,735221470,20594544,2928623456,10142650976
30,true,MP,"5. VND NNI->ECR->SPR (Inc)",36,true,73.0000,1587.2726,12240735,89888865,1475774993,9247450,5237708344,10276868704
30,true,MP,"5. VND NNI->ECR->SPR (Inc)",37,true,89.0000,1681.1788,9803438,127503605,1530227343,13520168,5794639056,10276937552
30,true,MP,"5. VND NNI->ECR->SPR (Inc)",38,true,102.0000,337.2750,14000332,204927769,102560619,15679676,1153971608,1787666256
30,true,MP,"5. VND NNI->ECR->SPR (Inc)",39,true,101.0000,809.9784,12460132,155890492,623268987,18243863,2801713216,4606238544
30,true,MP,"5. VND NNI->ECR->SPR (Inc)",40,true,104.0000,1391.2501,6189142,194479103,1172434617,18019627,4585406952,9203195728
30,true,MP,"5. VND NNI->ECR->SPR (Inc)",41,true,128.0000,1183.8666,6893292,106050889,1045676812,25129100,3656447656,10276937552
30,true,MP,"5. VND NNI->ECR->SPR (Inc)",42,true,111.0000,1432.3790,9216711,66885598,1333002195,23162278,4868736992,7458226688
30,true,MP,"5. VND NNI->ECR->SPR (Inc)",43,true,123.0000,772.6192,12841477,132900440,601867147,24899112,2468451080,9907700224
30,true,MP,"5. VND NNI->ECR->SPR (Inc)",44,true,114.0000,1241.6073,8934404,64932393,1147077674,20550701,4252636992,10276841984
30,true,MP,"5. VND NNI->ECR->SPR (Inc)",45,true,123.0000,488.8331,10447612,74624799,376052717,27591413,1634697936,5545589816
30,true,MP,"5. VND NNI->ECR->SPR (Inc)",46,true,83.0000,1144.4826,6774607,224686544,903728731,9166927,3907634488,9437903928
30,true,MP,"5. VND NNI->ECR->SPR (Inc)",47,true,90.0000,2201.9783,8584630,131433961,2054886255,6949930,7526609784,10276795584
30,true,MP,"5. VND NNI->ECR->SPR (Inc)",48,true,143.0000,907.4416,12628220,81764110,779670801,33252743,2746720024,9437934784
30,true,MP,"5. VND NNI->ECR->SPR (Inc)",49,true,94.0000,1312.8133,8766746,240434587,1052199308,11286178,4384514232,10276977312
30,true,MP,"5. VND NNI->ECR->SPR (Inc)",50,true,129.0000,721.1415,11008650,47078120,621420882,41519648,2424751264,5982010016
30,true,MP,"5. VND NNI->ECR->SPR (Inc)",51,true,125.0000,1216.1754,7482012,107392128,1074059710,27115238,3974103440,9974987424
30,true,MP,"5. VND NNI->ECR->SPR (Inc)",52,true,119.0000,1009.6844,16368315,99885691,874947503,18361917,3471183832,10277112416
30,true,MP,"5. VND NNI->ECR->SPR (Inc)",53,true,117.0000,2560.5113,12952880,87950167,2445934448,13552299,8665948904,10277258528
30,true,MP,"5. VND NNI->ECR->SPR (Inc)",54,true,121.0000,815.1600,13235156,181389485,603846062,16562665,2734249368,4304569632
30,true,MP,"5. VND NNI->ECR->SPR (Inc)",55,true,92.0000,1551.2825,10524408,208271439,1318935868,13408676,5211509976,9505506592
30,true,MP,"5. VND NNI->ECR->SPR (Inc)",56,true,100.0000,2499.0536,10407638,125898050,2351093374,11529331,8374832696,10277258528
30,true,MP,"5. VND NNI->ECR->SPR (Inc)",57,true,111.0000,815.5834,10640881,86526620,693664512,24625532,2739341984,10277026808
30,true,MP,"5. VND NNI->ECR->SPR (Inc)",58,true,102.0000,1780.7394,8582386,119180692,1634446184,18410931,5767601600,5847841784
30,true,MP,"5. VND NNI->ECR->SPR (Inc)",59,true,150.0000,892.1391,14611434,149381610,704372781,23649265,2830687096,8699968504
30,true,MP,"5. VND NNI->ECR->SPR (Inc)",60,true,104.0000,2074.3529,11403992,114641056,1936898463,11283924,6919147992,10277027832
30,true,MP,"5. VND NNI->ECR->SPR (Inc)",61,true,104.0000,272.6895,11798373,136493745,105920309,18380052,931124072,6284047664
30,true,MP,"5. VND NNI->ECR->SPR (Inc)",62,true,89.0000,1244.1840,11582741,97734528,1121092616,13652960,4094691856,10277025072
30,true,MP,"5. VND NNI->ECR->SPR (Inc)",63,true,86.0000,2167.5305,8665132,104946527,2039934846,13861056,7109229608,7223549504
30,true,MP,"5. VND NNI->ECR->SPR (Inc)",64,true,86.0000,1571.8340,6773434,164053459,1389759536,11122898,5427211104,10277084160
30,true,MP,"5. VND NNI->ECR->SPR (Inc)",65,true,90.0000,2027.2310,7985611,126744179,1880813536,11564448,6950488560,9337560064
30,true,MP,"5. VND NNI->ECR->SPR (Inc)",66,true,149.0000,705.0271,18491744,139310543,523615760,23488580,2175362312,10277084160
30,true,MP,"5. VND NNI->ECR->SPR (Inc)",67,true,80.0000,1496.4000,6068504,169761786,1309120146,11329712,5091985816,6317600536
30,true,MP,"5. VND NNI->ECR->SPR (Inc)",68,true,88.0000,1140.6442,5640551,213060560,910754065,11060689,3776458224,10109251352
30,true,MP,"5. VND NNI->ECR->SPR (Inc)",69,true,113.0000,1285.5653,6741943,248024107,1014458338,16216988,4418431080,10277039632
30,true,MP,"5. VND NNI->ECR->SPR (Inc)",70,true,136.0000,741.2982,8174588,138359215,566447744,28198408,2539157056,6787378704
30,true,MP,"5. VND NNI->ECR->SPR (Inc)",71,true,77.0000,2354.0059,9353041,88280775,2249321967,6925053,8034329480,10277108664
30,true,MP,"5. VND NNI->ECR->SPR (Inc)",72,true,101.0000,1646.0857,7997892,134910564,1483894118,19159986,5709778744,10277108664
30,true,MP,"5. VND NNI->ECR->SPR (Inc)",73,true,79.0000,1450.4601,14551750,97869816,1326559720,11327126,4843858200,4841212224
30,true,MP,"5. VND NNI->ECR->SPR (Inc)",74,true,89.0000,1723.0153,8742730,78561938,1620001218,15592079,5935438400,10277181072
30,true,MP,"5. VND NNI->ECR->SPR (Inc)",75,true,103.0000,527.6135,13448532,70154988,419197298,24695225,1732152160,2257671824
30,true,MP,"5. VND NNI->ECR->SPR (Inc)",76,true,97.0000,2426.0728,7450142,66802801,2336174285,15521665,8348060808,10277181072
30,true,MP,"5. VND NNI->ECR->SPR (Inc)",77,true,138.0000,881.2617,12168705,183143651,661915129,23907967,2769079832,3096336608
30,true,MP,"5. VND NNI->ECR->SPR (Inc)",78,true,116.0000,1283.3140,9787106,138046248,1114570589,20788052,4178730408,7257086176
30,true,MP,"5. VND NNI->ECR->SPR (Inc)",79,true,116.0000,1101.7943,10632997,119789030,950977135,20274656,3761021456,10277057760
30,true,MP,"5. VND NNI->ECR->SPR (Inc)",80,true,94.0000,937.3471,9145967,176101045,738467043,13510800,3279626720,4035933408
30,true,MP,"5. VND NNI->ECR->SPR (Inc)",81,true,85.0000,246.3830,16130342,114036457,98089734,17981123,848111456,4908348640
30,true,MP,"5. VND NNI->ECR->SPR (Inc)",82,true,107.0000,1365.1299,11791379,102518008,1227515261,23186826,4396710784,9303979232
30,true,MP,"5. VND NNI->ECR->SPR (Inc)",83,true,95.0000,1262.5164,7282563,61355299,1175364990,18396132,4315622608,10277272288
30,true,MP,"5. VND NNI->ECR->SPR (Inc)",84,true,105.0000,1451.6118,9509259,152112696,1273601956,16268015,4754105160,8096021272
30,true,MP,"5. VND NNI->ECR->SPR (Inc)",85,true,122.0000,1098.0267,11893484,201665493,866045571,18302595,3668059920,10277062120
30,true,MP,"5. VND NNI->ECR->SPR (Inc)",86,true,97.0000,1125.3305,14725080,275602986,823574073,11302730,3659938600,5143234024
30,true,MP,"5. VND NNI->ECR->SPR (Inc)",87,true,111.0000,787.7281,9261147,183666495,576226504,18450727,2619631416,7760479720
30,true,MP,"5. VND NNI->ECR->SPR (Inc)",88,true,104.0000,1309.8037,12695580,64747291,1214095564,18145495,4450781040,10277087104
30,true,MP,"5. VND NNI->ECR->SPR (Inc)",89,true,99.0000,888.5697,11529441,243054294,619923382,13940027,2887759248,4841269120
30,true,MP,"5. VND NNI->ECR->SPR (Inc)",90,true,99.0000,1076.6273,14800975,173470872,876702533,11529060,3667956888,8498702208
30,true,MP,"5. VND NNI->ECR->SPR (Inc)",91,true,104.0000,1215.1139,11309413,91767579,1091554028,20363945,4053425968,10277087104
30,true,MP,"5. VND NNI->ECR->SPR (Inc)",92,true,90.0000,3088.9324,6261321,132827541,2942992290,6727346,10542921712,10277267992
30,true,MP,"5. VND NNI->ECR->SPR (Inc)",93,true,82.0000,1612.1009,16412839,133566978,1452883070,9116962,5086514544,7660022296
30,true,MP,"5. VND NNI->ECR->SPR (Inc)",94,true,81.0000,3649.5217,7325585,64259594,3573288764,4522212,12562819768,10277422880
30,true,MP,"5. VND NNI->ECR->SPR (Inc)",95,true,93.0000,977.3462,12207851,170334076,778655049,16027187,3364708952,10277441904
30,true,MP,"5. VND NNI->ECR->SPR (Inc)",96,true,97.0000,867.4470,11288383,210613283,629454694,15976329,2888026016,5948920176
30,true,MP,"5. VND NNI->ECR->SPR (Inc)",97,true,107.0000,292.9943,11348578,156373751,99994177,25177812,1018241016,6955553136
30,true,MP,"5. VND NNI->ECR->SPR (Inc)",98,true,94.0000,1958.7561,5819700,99628000,1841663368,11526736,6457302368,10277441904
30,true,MP,"5. VND NNI->ECR->SPR (Inc)",99,true,91.0000,844.0845,9342552,249450149,573785251,11384385,2845946552,5982467768
30,true,MP,"5. VND NNI->ECR->SPR (Inc)",100,true,112.0000,1004.5874,4962618,105160755,868889450,25459498,3421515144,9405019832
30,true,MP,"6. VND NNI->SPR (Inc)",1,true,115.0000,49.2728,6087249,0,0,43094573,217112968,210419104
30,true,MP,"6. VND NNI->SPR (Inc)",2,true,107.0000,44.9926,11480869,0,0,33448194,192466944,411745696
30,true,MP,"6. VND NNI->SPR (Inc)",3,true,157.0000,50.5590,13373719,0,0,37119187,210477552,613072288
30,true,MP,"6. VND NNI->SPR (Inc)",4,true,137.0000,48.1074,5355727,0,0,42684663,214608256,814398880
30,true,MP,"6. VND NNI->SPR (Inc)",5,true,112.0000,44.0450,9843413,0,0,34133478,187206616,1015725472
30,true,MP,"6. VND NNI->SPR (Inc)",6,true,110.0000,42.9788,11368075,0,0,31543892,184277184,1183497632
30,true,MP,"6. VND NNI->SPR (Inc)",7,true,133.0000,46.8212,8349152,0,0,38405604,204665136,1418378656
30,true,MP,"6. VND NNI->SPR (Inc)",8,true,132.0000,47.1371,12682374,0,0,34383022,198363024,1586150816
30,true,MP,"6. VND NNI->SPR (Inc)",9,true,99.0000,45.8555,10128706,0,0,35660252,198808624,1787477408
30,true,MP,"6. VND NNI->SPR (Inc)",10,true,139.0000,52.6840,7278145,0,0,45341688,231235440,2022358432
30,true,MP,"6. VND NNI->SPR (Inc)",11,true,130.0000,48.7485,7844723,0,0,40838081,212245080,2257239456
30,true,MP,"6. VND NNI->SPR (Inc)",12,true,132.0000,47.1625,6704724,0,0,40391302,207722928,2458566048
30,true,MP,"6. VND NNI->SPR (Inc)",13,true,125.0000,47.2616,10861461,0,0,36335577,200609288,2659892640
30,true,MP,"6. VND NNI->SPR (Inc)",14,true,116.0000,46.2189,14335328,0,0,31814687,193032464,2861219232
30,true,MP,"6. VND NNI->SPR (Inc)",15,true,122.0000,45.1952,7885169,0,0,37244837,192644120,3028991392
30,true,MP,"6. VND NNI->SPR (Inc)",16,true,121.0000,45.2269,3707862,0,0,41443002,198708672,3230317984
30,true,MP,"6. VND NNI->SPR (Inc)",17,true,129.0000,52.7703,8496150,0,0,44204545,225332192,3465199008
30,true,MP,"6. VND NNI->SPR (Inc)",18,true,137.0000,50.4631,20198150,0,0,30195908,200463568,3666525600
30,true,MP,"6. VND NNI->SPR (Inc)",19,true,147.0000,57.6893,6641663,0,0,50979492,248641944,3901406624
30,true,MP,"6. VND NNI->SPR (Inc)",20,true,155.0000,56.5720,6859638,0,0,49644373,236682744,4136287648
30,true,MP,"6. VND NNI->SPR (Inc)",21,true,147.0000,53.4970,7234340,0,0,46195873,231555552,4371168672
30,true,MP,"6. VND NNI->SPR (Inc)",22,true,122.0000,49.1190,4910461,0,0,44138219,210547448,4606049696
30,true,MP,"6. VND NNI->SPR (Inc)",23,true,129.0000,48.9663,11574637,0,0,37312986,203433808,4807376288
30,true,MP,"6. VND NNI->SPR (Inc)",24,true,137.0000,52.2806,3639543,0,0,48566562,228309272,5008702880
30,true,MP,"6. VND NNI->SPR (Inc)",25,true,124.0000,48.5024,11662704,0,0,36770353,203977000,5210029472
30,true,MP,"6. VND NNI->SPR (Inc)",26,true,115.0000,47.0307,10618237,0,0,36341398,199043408,5411356064
30,true,MP,"6. VND NNI->SPR (Inc)",27,true,120.0000,53.4741,7319523,0,0,46086765,230477008,5646237088
30,true,MP,"6. VND NNI->SPR (Inc)",28,true,140.0000,51.7852,9256307,0,0,42463723,215552160,5881118112
30,true,MP,"6. VND NNI->SPR (Inc)",29,true,127.0000,52.4157,12205386,0,0,40142478,215051000,6082444704
30,true,MP,"6. VND NNI->SPR (Inc)",30,true,143.0000,60.9524,11697511,0,0,49176483,255712272,6350880160
30,true,MP,"6. VND NNI->SPR (Inc)",31,true,106.0000,41.9794,7918192,0,0,33988913,183010440,6518652320
30,true,MP,"6. VND NNI->SPR (Inc)",32,true,159.0000,55.5121,12584708,0,0,42853415,224744424,6753533344
30,true,MP,"6. VND NNI->SPR (Inc)",33,true,131.0000,50.5981,10979214,0,0,39547717,211249344,6954859936
30,true,MP,"6. VND NNI->SPR (Inc)",34,true,121.0000,48.2704,6783623,0,0,41417593,209095200,7156186528
30,true,MP,"6. VND NNI->SPR (Inc)",35,true,122.0000,50.6727,18285583,0,0,32318876,207779656,7391067552
30,true,MP,"6. VND NNI->SPR (Inc)",36,true,87.0000,36.3149,11029620,0,0,25219592,151186368,7525285280
30,true,MP,"6. VND NNI->SPR (Inc)",37,true,126.0000,47.9750,8461415,0,0,39444180,204709960,7726611872
30,true,MP,"6. VND NNI->SPR (Inc)",38,true,108.0000,49.6607,13573409,0,0,36017191,209582792,7927938464
30,true,MP,"6. VND NNI->SPR (Inc)",39,true,122.0000,50.2705,11403882,0,0,38799974,214479280,8162819488
30,true,MP,"6. VND NNI->SPR (Inc)",40,true,118.0000,48.5729,4938554,0,0,43548828,212624992,8364146080
30,true,MP,"6. VND NNI->SPR (Inc)",41,true,164.0000,57.2463,5647683,0,0,51523677,242033048,8599027104
30,true,MP,"6. VND NNI->SPR (Inc)",42,true,138.0000,51.8432,7996821,0,0,43773855,223984832,8833908128
30,true,MP,"6. VND NNI->SPR (Inc)",43,true,157.0000,53.9730,11146472,0,0,42761049,220698784,9068789152
30,true,MP,"6. VND NNI->SPR (Inc)",44,true,119.0000,42.4118,7933391,0,0,34401107,182412344,9236561312
30,true,MP,"6. VND NNI->SPR (Inc)",45,true,125.0000,46.5996,9197174,0,0,37334056,195226504,9437887904
30,true,MP,"6. VND NNI->SPR (Inc)",46,true,94.0000,43.5666,5480264,0,0,38017295,193811976,9639214496
30,true,MP,"6. VND NNI->SPR (Inc)",47,true,119.0000,47.6329,7075550,0,0,40490240,210575104,9840541088
30,true,MP,"6. VND NNI->SPR (Inc)",48,true,149.0000,51.2229,10979555,0,0,40171724,209845968,10041867680
30,true,MP,"6. VND NNI->SPR (Inc)",49,true,110.0000,47.5426,7169488,0,0,40307512,209047096,10243194272
30,true,MP,"6. VND NNI->SPR (Inc)",50,true,137.0000,53.0612,10864536,0,0,42123707,217314200,10310452480
30,true,MP,"6. VND NNI->SPR (Inc)",51,true,128.0000,56.0705,6119631,0,0,49882085,246719808,411895040
30,true,MP,"6. VND NNI->SPR (Inc)",52,true,128.0000,44.2029,15191046,0,0,28948726,187684760,613221632
30,true,MP,"6. VND NNI->SPR (Inc)",53,true,159.0000,55.4342,11403812,0,0,43956283,233406520,848102656
30,true,MP,"6. VND NNI->SPR (Inc)",54,true,123.0000,50.6382,12187963,0,0,38382871,217765384,1049429248
30,true,MP,"6. VND NNI->SPR (Inc)",55,true,132.0000,50.9979,9081194,0,0,41849595,228404928,1284310272
30,true,MP,"6. VND NNI->SPR (Inc)",56,true,149.0000,55.8717,9062739,0,0,46742112,234048784,1519191296
30,true,MP,"6. VND NNI->SPR (Inc)",57,true,115.0000,45.1668,9237081,0,0,35861855,197053496,1720517888
30,true,MP,"6. VND NNI->SPR (Inc)",58,true,123.0000,45.2199,7276592,0,0,37874995,200799024,1921844480
30,true,MP,"6. VND NNI->SPR (Inc)",59,true,168.0000,54.3610,12821578,0,0,41471465,227297808,2156725504
30,true,MP,"6. VND NNI->SPR (Inc)",60,true,119.0000,45.8541,9635989,0,0,36150875,198174520,2358052096
30,true,MP,"6. VND NNI->SPR (Inc)",61,true,111.0000,42.2020,11046162,0,0,31087044,182488136,2525824256
30,true,MP,"6. VND NNI->SPR (Inc)",62,true,101.0000,41.5983,9982698,0,0,31546878,179570312,2693596416
30,true,MP,"6. VND NNI->SPR (Inc)",63,true,170.0000,53.8254,7254709,0,0,46503117,229091768,2928477440
30,true,MP,"6. VND NNI->SPR (Inc)",64,true,122.0000,51.1757,5498910,0,0,45614517,225392696,3163358464
30,true,MP,"6. VND NNI->SPR (Inc)",65,true,134.0000,46.2714,6851182,0,0,39352515,198651072,3364685056
30,true,MP,"6. VND NNI->SPR (Inc)",66,true,152.0000,53.1688,17106510,0,0,35997825,211199120,3566011648
30,true,MP,"6. VND NNI->SPR (Inc)",67,true,107.0000,48.0111,4910921,0,0,43028959,213037656,3800892672
30,true,MP,"6. VND NNI->SPR (Inc)",68,true,121.0000,47.9939,4301142,0,0,43624442,209576112,4002219264
30,true,MP,"6. VND NNI->SPR (Inc)",69,true,130.0000,56.8502,5569374,0,0,51212596,244022408,4237100288
30,true,MP,"6. VND NNI->SPR (Inc)",70,true,162.0000,56.4726,6778063,0,0,49625667,237758512,4471981312
30,true,MP,"6. VND NNI->SPR (Inc)",71,true,108.0000,44.3129,7948800,0,0,36295000,191471840,4673307904
30,true,MP,"6. VND NNI->SPR (Inc)",72,true,125.0000,49.7920,6702098,0,0,43016204,220675688,4874634496
30,true,MP,"6. VND NNI->SPR (Inc)",73,true,96.0000,44.9049,13107192,0,0,31727241,187869936,5075961088
30,true,MP,"6. VND NNI->SPR (Inc)",74,true,112.0000,43.9798,7510226,0,0,36403236,190547904,5277287680
30,true,MP,"6. VND NNI->SPR (Inc)",75,true,108.0000,45.8143,12052036,0,0,33691477,194653088,5478614272
30,true,MP,"6. VND NNI->SPR (Inc)",76,true,130.0000,52.7279,6079805,0,0,46582829,227258128,5679940864
30,true,MP,"6. VND NNI->SPR (Inc)",77,true,148.0000,55.9838,11080787,0,0,44835465,230485376,5914821888
30,true,MP,"6. VND NNI->SPR (Inc)",78,true,132.0000,53.2752,8451076,0,0,44753028,225391088,6149702912
30,true,MP,"6. VND NNI->SPR (Inc)",79,true,134.0000,50.9872,9180734,0,0,41721121,216238072,6351029504
30,true,MP,"6. VND NNI->SPR (Inc)",80,true,122.0000,51.5733,8062056,0,0,43443838,223281344,6585910528
30,true,MP,"6. VND NNI->SPR (Inc)",81,true,92.0000,45.4025,15364326,0,0,29969627,186642648,6787237120
30,true,MP,"6. VND NNI->SPR (Inc)",82,true,113.0000,50.0624,10534939,0,0,39462664,209276096,6988563712
30,true,MP,"6. VND NNI->SPR (Inc)",83,true,116.0000,42.8056,5953565,0,0,36788378,186673960,7156335872
30,true,MP,"6. VND NNI->SPR (Inc)",84,true,114.0000,56.2135,8093355,0,0,48054188,241193648,7424771328
30,true,MP,"6. VND NNI->SPR (Inc)",85,true,130.0000,47.0281,10374074,0,0,36589109,201011176,7626097920
30,true,MP,"6. VND NNI->SPR (Inc)",86,true,115.0000,57.5455,13508346,0,0,43963637,236628768,7860978944
30,true,MP,"6. VND NNI->SPR (Inc)",87,true,114.0000,45.3024,7966354,0,0,37268492,192702728,8028751104
30,true,MP,"6. VND NNI->SPR (Inc)",88,true,121.0000,46.1494,11277242,0,0,34806148,192636864,8230077696
30,true,MP,"6. VND NNI->SPR (Inc)",89,true,120.0000,51.0348,10413458,0,0,40545665,205929488,8431404288
30,true,MP,"6. VND NNI->SPR (Inc)",90,true,116.0000,43.2218,13383979,0,0,29763205,181074120,8632730880
30,true,MP,"6. VND NNI->SPR (Inc)",91,true,149.0000,52.0856,9821312,0,0,42202156,217072256,8834057472
30,true,MP,"6. VND NNI->SPR (Inc)",92,true,125.0000,55.2159,5003528,0,0,50145866,244016816,9068938496
30,true,MP,"6. VND NNI->SPR (Inc)",93,true,93.0000,52.3060,15338747,0,0,36889861,215592296,9303819520
30,true,MP,"6. VND NNI->SPR (Inc)",94,true,152.0000,59.4140,6022545,0,0,53319563,256251712,9538700544
30,true,MP,"6. VND NNI->SPR (Inc)",95,true,100.0000,44.5997,10941163,0,0,33593120,192821920,9740027136
30,true,MP,"6. VND NNI->SPR (Inc)",96,true,112.0000,48.2647,9755226,0,0,38445370,206748840,9941353728
30,true,MP,"6. VND NNI->SPR (Inc)",97,true,115.0000,46.4154,10435290,0,0,35914606,201407720,10142680320
30,true,MP,"6. VND NNI->SPR (Inc)",98,true,159.0000,56.3587,4289289,0,0,52002067,240515760,10276899968
30,true,MP,"6. VND NNI->SPR (Inc)",99,true,108.0000,50.7012,8015647,0,0,42605363,222844856,344788096
30,true,MP,"6. VND NNI->SPR (Inc)",100,true,111.0000,48.4431,3618603,0,0,44753348,218970680,579669120
