Size,IsRooted,Metric,Variant,PairIndex,Success,Distance,TotalTimeMs,NniTimeNs,Ecr2TimeNs,Ecr3TimeNs,SprTimeNs,AllocBytes,PeakRamBytes
50,false,RF,"1. NNI (Classic)",1,false,Infinity,8.7620,0,0,0,0,5404656,5356392
50,false,RF,"1. NNI (Classic)",2,false,Infinity,4.9378,0,0,0,0,8892488,5356392
50,false,RF,"1. NNI (Classic)",3,false,Infinity,3.1021,0,0,0,0,5290080,5356392
50,false,RF,"1. NNI (Classic)",4,false,Infinity,4.7028,0,0,0,0,8622168,5356392
50,false,RF,"1. NNI (Classic)",5,false,Infinity,2.5462,0,0,0,0,5362560,38910824
50,false,RF,"1. NNI (Classic)",6,false,Infinity,3.8448,0,0,0,0,8636400,38910824
50,false,RF,"1. NNI (Classic)",7,false,Infinity,3.7836,0,0,0,0,8647792,38910824
50,false,RF,"1. NNI (Classic)",8,false,Infinity,2.3961,0,0,0,0,5320048,38910824
50,false,RF,"1. NNI (Classic)",9,false,Infinity,2.3777,0,0,0,0,5324576,38910824
50,false,RF,"1. NNI (Classic)",10,false,Infinity,3.6233,0,0,0,0,8585920,72465256
50,false,RF,"1. NNI (Classic)",11,false,Infinity,2.3025,0,0,0,0,5325488,72465256
50,false,RF,"1. NNI (Classic)",12,false,Infinity,2.3205,0,0,0,0,5324368,72465256
50,false,RF,"1. NNI (Classic)",13,false,Infinity,2.3241,0,0,0,0,5302936,72465256
50,false,RF,"1. NNI (Classic)",14,false,Infinity,2.3087,0,0,0,0,5342448,72465256
50,false,RF,"1. NNI (Classic)",15,false,Infinity,2.3343,0,0,0,0,5464656,72465256
50,false,RF,"1. NNI (Classic)",16,false,Infinity,2.2895,0,0,0,0,5328624,106019688
50,false,RF,"1. NNI (Classic)",17,false,Infinity,2.2570,0,0,0,0,5335352,106019688
50,false,RF,"1. NNI (Classic)",18,false,Infinity,3.6317,0,0,0,0,8813736,106019688
50,false,RF,"1. NNI (Classic)",19,false,Infinity,2.2442,0,0,0,0,5432536,106019688
50,false,RF,"1. NNI (Classic)",20,false,Infinity,4.8437,0,0,0,0,11895272,139574120
50,false,RF,"1. NNI (Classic)",21,false,Infinity,2.2520,0,0,0,0,5309920,139574120
50,false,RF,"1. NNI (Classic)",22,false,Infinity,2.2938,0,0,0,0,5326520,139574120
50,false,RF,"1. NNI (Classic)",23,false,Infinity,2.2600,0,0,0,0,5349840,139574120
50,false,RF,"1. NNI (Classic)",24,false,Infinity,2.2738,0,0,0,0,5298488,139574120
50,false,RF,"1. NNI (Classic)",25,false,Infinity,2.3119,0,0,0,0,5308536,139574120
50,false,RF,"1. NNI (Classic)",26,false,Infinity,2.2608,0,0,0,0,5460992,139574120
50,false,RF,"1. NNI (Classic)",27,false,Infinity,3.5137,0,0,0,0,8521528,173128552
50,false,RF,"1. NNI (Classic)",28,false,Infinity,2.2755,0,0,0,0,5445472,173128552
50,false,RF,"1. NNI (Classic)",29,false,Infinity,3.5940,0,0,0,0,8863184,173128552
50,false,RF,"1. NNI (Classic)",30,false,Infinity,2.3211,0,0,0,0,5337704,173128552
50,false,RF,"1. NNI (Classic)",31,false,Infinity,2.2596,0,0,0,0,5216408,173128552
50,false,RF,"1. NNI (Classic)",32,false,Infinity,3.6210,0,0,0,0,8536936,206682984
50,false,RF,"1. NNI (Classic)",33,false,Infinity,2.3135,0,0,0,0,5319944,206682984
50,false,RF,"1. NNI (Classic)",34,false,Infinity,2.3243,0,0,0,0,5301016,206682984
50,false,RF,"1. NNI (Classic)",35,false,Infinity,3.6125,0,0,0,0,8576528,206682984
50,false,RF,"1. NNI (Classic)",36,false,Infinity,3.6712,0,0,0,0,8625984,240237416
50,false,RF,"1. NNI (Classic)",37,false,Infinity,2.3152,0,0,0,0,5361496,240237416
50,false,RF,"1. NNI (Classic)",38,false,Infinity,2.2837,0,0,0,0,5276952,240237416
50,false,RF,"1. NNI (Classic)",39,false,Infinity,3.6733,0,0,0,0,8597480,240237416
50,false,RF,"1. NNI (Classic)",40,false,Infinity,2.2877,0,0,0,0,5342568,240237416
50,false,RF,"1. NNI (Classic)",41,false,Infinity,2.4168,0,0,0,0,5502688,240237416
50,false,RF,"1. NNI (Classic)",42,false,Infinity,1.7645,0,0,0,0,5264912,273791848
50,false,RF,"1. NNI (Classic)",43,false,Infinity,1.5457,0,0,0,0,5267944,273791848
50,false,RF,"1. NNI (Classic)",44,false,Infinity,1.5621,0,0,0,0,5289648,273791848
50,false,RF,"1. NNI (Classic)",45,false,Infinity,1.5308,0,0,0,0,5305688,273791848
50,false,RF,"1. NNI (Classic)",46,false,Infinity,1.5946,0,0,0,0,5313696,273791848
50,false,RF,"1. NNI (Classic)",47,false,Infinity,1.5249,0,0,0,0,5247712,273791848
50,false,RF,"1. NNI (Classic)",48,false,Infinity,1.5946,0,0,0,0,5344976,307346280
50,false,RF,"1. NNI (Classic)",49,false,Infinity,1.5618,0,0,0,0,5296408,307346280
50,false,RF,"1. NNI (Classic)",50,false,Infinity,1.5879,0,0,0,0,5418928,307346280
50,false,RF,"1. NNI (Classic)",51,false,Infinity,2.5213,0,0,0,0,8591320,307346280
50,false,RF,"1. NNI (Classic)",52,false,Infinity,1.5227,0,0,0,0,5289472,307346280
50,false,RF,"1. NNI (Classic)",53,false,Infinity,1.5654,0,0,0,0,5316952,307346280
50,false,RF,"1. NNI (Classic)",54,false,Infinity,3.5964,0,0,0,0,12100696,340900712
50,false,RF,"1. NNI (Classic)",55,false,Infinity,2.5081,0,0,0,0,8583200,340900712
50,false,RF,"1. NNI (Classic)",56,false,Infinity,1.5523,0,0,0,0,5280904,340900712
50,false,RF,"1. NNI (Classic)",57,false,Infinity,1.5942,0,0,0,0,5458712,340900712
50,false,RF,"1. NNI (Classic)",58,false,Infinity,2.4687,0,0,0,0,8564448,374455144
50,false,RF,"1. NNI (Classic)",59,false,Infinity,1.5455,0,0,0,0,5318696,374455144
50,false,RF,"1. NNI (Classic)",60,false,Infinity,1.5571,0,0,0,0,5308080,374455144
50,false,RF,"1. NNI (Classic)",61,false,Infinity,1.5352,0,0,0,0,5271392,374455144
50,false,RF,"1. NNI (Classic)",62,false,Infinity,2.5048,0,0,0,0,8578584,374455144
50,false,RF,"1. NNI (Classic)",63,false,Infinity,1.5756,0,0,0,0,5349520,408009576
50,false,RF,"1. NNI (Classic)",64,false,Infinity,2.5683,0,0,0,0,8813312,408009576
50,false,RF,"1. NNI (Classic)",65,false,Infinity,1.5938,0,0,0,0,5309808,408009576
50,false,RF,"1. NNI (Classic)",66,false,Infinity,2.5607,0,0,0,0,8746016,408009576
50,false,RF,"1. NNI (Classic)",67,false,Infinity,1.5282,0,0,0,0,5266600,408009576
50,false,RF,"1. NNI (Classic)",68,false,Infinity,2.5601,0,0,0,0,8672624,441564008
50,false,RF,"1. NNI (Classic)",69,false,Infinity,1.5357,0,0,0,0,5224328,441564008
50,false,RF,"1. NNI (Classic)",70,false,Infinity,1.5899,0,0,0,0,5319480,441564008
50,false,RF,"1. NNI (Classic)",71,false,Infinity,2.5157,0,0,0,0,8575312,441564008
50,false,RF,"1. NNI (Classic)",72,false,Infinity,1.5715,0,0,0,0,5290992,441564008
50,false,RF,"1. NNI (Classic)",73,false,Infinity,1.5605,0,0,0,0,5275888,475118440
50,false,RF,"1. NNI (Classic)",74,false,Infinity,2.5466,0,0,0,0,8625424,475118440
50,false,RF,"1. NNI (Classic)",75,false,Infinity,1.5820,0,0,0,0,5310464,475118440
50,false,RF,"1. NNI (Classic)",76,false,Infinity,1.5442,0,0,0,0,5234616,475118440
50,false,RF,"1. NNI (Classic)",77,false,Infinity,1.5693,0,0,0,0,5289808,475118440
50,false,RF,"1. NNI (Classic)",78,false,Infinity,1.5398,0,0,0,0,5279336,475118440
50,false,RF,"1. NNI (Classic)",79,false,Infinity,1.6216,0,0,0,0,5425224,508672872
50,false,RF,"1. NNI (Classic)",80,false,Infinity,2.5611,0,0,0,0,8590808,508672872
50,false,RF,"1. NNI (Classic)",81,false,Infinity,1.5968,0,0,0,0,5303320,508672872
50,false,RF,"1. NNI (Classic)",82,false,Infinity,1.5394,0,0,0,0,5265728,508672872
50,false,RF,"1. NNI (Classic)",83,false,Infinity,1.5605,0,0,0,0,5259504,508672872
50,false,RF,"1. NNI (Classic)",84,false,Infinity,1.5720,0,0,0,0,5248256,542227304
50,false,RF,"1. NNI (Classic)",85,false,Infinity,1.5475,0,0,0,0,5269808,542227304
50,false,RF,"1. NNI (Classic)",86,false,Infinity,3.4796,0,0,0,0,11769400,542227304
50,false,RF,"1. NNI (Classic)",87,false,Infinity,1.5863,0,0,0,0,5298840,542227304
50,false,RF,"1. NNI (Classic)",88,false,Infinity,1.5560,0,0,0,0,5288288,542227304
50,false,RF,"1. NNI (Classic)",89,false,Infinity,2.5071,0,0,0,0,8563352,575781736
50,false,RF,"1. NNI (Classic)",90,false,Infinity,1.5469,0,0,0,0,5417776,575781736
50,false,RF,"1. NNI (Classic)",91,false,Infinity,1.5814,0,0,0,0,5400264,575781736
50,false,RF,"1. NNI (Classic)",92,false,Infinity,1.5367,0,0,0,0,5254016,575781736
50,false,RF,"1. NNI (Classic)",93,false,Infinity,3.5060,0,0,0,0,11963808,575781736
50,false,RF,"1. NNI (Classic)",94,false,Infinity,2.5728,0,0,0,0,8672296,609336168
50,false,RF,"1. NNI (Classic)",95,false,Infinity,1.5686,0,0,0,0,5292896,609336168
50,false,RF,"1. NNI (Classic)",96,false,Infinity,1.5290,0,0,0,0,5294136,609336168
50,false,RF,"1. NNI (Classic)",97,false,Infinity,1.5826,0,0,0,0,5406032,609336168
50,false,RF,"1. NNI (Classic)",98,false,Infinity,1.5381,0,0,0,0,5254144,609336168
50,false,RF,"1. NNI (Classic)",99,false,Infinity,2.5069,0,0,0,0,8649048,642890600
50,false,RF,"1. NNI (Classic)",100,false,Infinity,1.5436,0,0,0,0,5264216,642890600
50,false,RF,"2. NNI (Incremental)",1,false,Infinity,0.5337,0,0,0,0,57840,5367312
50,false,RF,"2. NNI (Incremental)",2,false,Infinity,0.5478,0,0,0,0,59200,5367312
50,false,RF,"2. NNI (Incremental)",3,false,Infinity,0.3249,0,0,0,0,44744,5367312
50,false,RF,"2. NNI (Incremental)",4,false,Infinity,0.5055,0,0,0,0,55448,5367312
50,false,RF,"2. NNI (Incremental)",5,false,Infinity,0.3262,0,0,0,0,45528,5367312
50,false,RF,"2. NNI (Incremental)",6,false,Infinity,0.4850,0,0,0,0,56984,5367312
50,false,RF,"2. NNI (Incremental)",7,false,Infinity,0.4856,0,0,0,0,57936,5367312
50,false,RF,"2. NNI (Incremental)",8,false,Infinity,0.1499,0,0,0,0,44240,5367312
50,false,RF,"2. NNI (Incremental)",9,false,Infinity,0.1475,0,0,0,0,44552,5367312
50,false,RF,"2. NNI (Incremental)",10,false,Infinity,0.2264,0,0,0,0,59080,5367312
50,false,RF,"2. NNI (Incremental)",11,false,Infinity,0.1518,0,0,0,0,44616,5367312
50,false,RF,"2. NNI (Incremental)",12,false,Infinity,0.1495,0,0,0,0,43600,5367312
50,false,RF,"2. NNI (Incremental)",13,false,Infinity,0.1479,0,0,0,0,45688,5367312
50,false,RF,"2. NNI (Incremental)",14,false,Infinity,0.1482,0,0,0,0,45256,5367312
50,false,RF,"2. NNI (Incremental)",15,false,Infinity,0.1504,0,0,0,0,45480,5367312
50,false,RF,"2. NNI (Incremental)",16,false,Infinity,0.1559,0,0,0,0,43864,5367312
50,false,RF,"2. NNI (Incremental)",17,false,Infinity,0.1496,0,0,0,0,44896,5367312
50,false,RF,"2. NNI (Incremental)",18,false,Infinity,0.2267,0,0,0,0,57728,5367312
50,false,RF,"2. NNI (Incremental)",19,false,Infinity,0.1555,0,0,0,0,45248,5367312
50,false,RF,"2. NNI (Incremental)",20,false,Infinity,0.3051,0,0,0,0,68192,5367312
50,false,RF,"2. NNI (Incremental)",21,false,Infinity,0.1492,0,0,0,0,43768,5367312
50,false,RF,"2. NNI (Incremental)",22,false,Infinity,0.1505,0,0,0,0,46264,5367312
50,false,RF,"2. NNI (Incremental)",23,false,Infinity,0.1558,0,0,0,0,44464,5367312
50,false,RF,"2. NNI (Incremental)",24,false,Infinity,0.1504,0,0,0,0,44504,5367312
50,false,RF,"2. NNI (Incremental)",25,false,Infinity,0.1503,0,0,0,0,45456,5367312
50,false,RF,"2. NNI (Incremental)",26,false,Infinity,0.1544,0,0,0,0,45696,5367312
50,false,RF,"2. NNI (Incremental)",27,false,Infinity,0.2404,0,0,0,0,59416,5367312
50,false,RF,"2. NNI (Incremental)",28,false,Infinity,0.1503,0,0,0,0,44744,5367312
50,false,RF,"2. NNI (Incremental)",29,false,Infinity,0.2294,0,0,0,0,57056,5367312
50,false,RF,"2. NNI (Incremental)",30,false,Infinity,0.1487,0,0,0,0,45064,5367312
50,false,RF,"2. NNI (Incremental)",31,false,Infinity,0.1610,0,0,0,0,45008,5367312
50,false,RF,"2. NNI (Incremental)",32,false,Infinity,0.2335,0,0,0,0,57120,5367312
50,false,RF,"2. NNI (Incremental)",33,false,Infinity,0.1507,0,0,0,0,44576,5367312
50,false,RF,"2. NNI (Incremental)",34,false,Infinity,0.1529,0,0,0,0,45424,5367312
50,false,RF,"2. NNI (Incremental)",35,false,Infinity,0.2357,0,0,0,0,57600,5367312
50,false,RF,"2. NNI (Incremental)",36,false,Infinity,0.2331,0,0,0,0,56944,5367312
50,false,RF,"2. NNI (Incremental)",37,false,Infinity,0.1507,0,0,0,0,44896,5367312
50,false,RF,"2. NNI (Incremental)",38,false,Infinity,0.1515,0,0,0,0,45864,5367312
50,false,RF,"2. NNI (Incremental)",39,false,Infinity,0.2352,0,0,0,0,57432,5367312
50,false,RF,"2. NNI (Incremental)",40,false,Infinity,0.1497,0,0,0,0,44280,5367312
50,false,RF,"2. NNI (Incremental)",41,false,Infinity,0.1516,0,0,0,0,45232,5367312
50,false,RF,"2. NNI (Incremental)",42,false,Infinity,0.1508,0,0,0,0,46264,5367312
50,false,RF,"2. NNI (Incremental)",43,false,Infinity,0.1561,0,0,0,0,45064,5367312
50,false,RF,"2. NNI (Incremental)",44,false,Infinity,0.1490,0,0,0,0,44968,5367312
50,false,RF,"2. NNI (Incremental)",45,false,Infinity,0.1481,0,0,0,0,45472,5367312
50,false,RF,"2. NNI (Incremental)",46,false,Infinity,0.1505,0,0,0,0,44672,5367312
50,false,RF,"2. NNI (Incremental)",47,false,Infinity,0.1531,0,0,0,0,44312,5367312
50,false,RF,"2. NNI (Incremental)",48,false,Infinity,0.1517,0,0,0,0,45232,5367312
50,false,RF,"2. NNI (Incremental)",49,false,Infinity,0.1476,0,0,0,0,44256,5367312
50,false,RF,"2. NNI (Incremental)",50,false,Infinity,0.1499,0,0,0,0,45136,5367312
50,false,RF,"2. NNI (Incremental)",51,false,Infinity,0.2275,0,0,0,0,56232,5367312
50,false,RF,"2. NNI (Incremental)",52,false,Infinity,0.1519,0,0,0,0,45304,5367312
50,false,RF,"2. NNI (Incremental)",53,false,Infinity,0.1460,0,0,0,0,44424,5367312
50,false,RF,"2. NNI (Incremental)",54,false,Infinity,0.3020,0,0,0,0,71576,5367312
50,false,RF,"2. NNI (Incremental)",55,false,Infinity,0.2334,0,0,0,0,55864,5367312
50,false,RF,"2. NNI (Incremental)",56,false,Infinity,0.1493,0,0,0,0,46672,5367312
50,false,RF,"2. NNI (Incremental)",57,false,Infinity,0.1479,0,0,0,0,44240,5367312
50,false,RF,"2. NNI (Incremental)",58,false,Infinity,0.2249,0,0,0,0,56944,5367312
50,false,RF,"2. NNI (Incremental)",59,false,Infinity,0.1523,0,0,0,0,44912,5367312
50,false,RF,"2. NNI (Incremental)",60,false,Infinity,0.1502,0,0,0,0,43696,5367312
50,false,RF,"2. NNI (Incremental)",61,false,Infinity,0.1471,0,0,0,0,44672,5367312
50,false,RF,"2. NNI (Incremental)",62,false,Infinity,0.2294,0,0,0,0,56816,5367312
50,false,RF,"2. NNI (Incremental)",63,false,Infinity,0.1497,0,0,0,0,44576,5367312
50,false,RF,"2. NNI (Incremental)",64,false,Infinity,0.2289,0,0,0,0,57208,5367312
50,false,RF,"2. NNI (Incremental)",65,false,Infinity,0.1436,0,0,0,0,44816,5367312
50,false,RF,"2. NNI (Incremental)",66,false,Infinity,0.2270,0,0,0,0,57096,5367312
50,false,RF,"2. NNI (Incremental)",67,false,Infinity,0.1537,0,0,0,0,43360,5367312
50,false,RF,"2. NNI (Incremental)",68,false,Infinity,0.2348,0,0,0,0,54816,5367312
50,false,RF,"2. NNI (Incremental)",69,false,Infinity,0.1520,0,0,0,0,46040,5367312
50,false,RF,"2. NNI (Incremental)",70,false,Infinity,0.1503,0,0,0,0,44712,5367312
50,false,RF,"2. NNI (Incremental)",71,false,Infinity,0.2302,0,0,0,0,56408,5367312
50,false,RF,"2. NNI (Incremental)",72,false,Infinity,0.1491,0,0,0,0,44184,5367312
50,false,RF,"2. NNI (Incremental)",73,false,Infinity,0.1468,0,0,0,0,44112,5367312
50,false,RF,"2. NNI (Incremental)",74,false,Infinity,0.2262,0,0,0,0,59120,5367312
50,false,RF,"2. NNI (Incremental)",75,false,Infinity,0.1553,0,0,0,0,44800,5367312
50,false,RF,"2. NNI (Incremental)",76,false,Infinity,0.1461,0,0,0,0,43888,5367312
50,false,RF,"2. NNI (Incremental)",77,false,Infinity,0.1553,0,0,0,0,45736,5367312
50,false,RF,"2. NNI (Incremental)",78,false,Infinity,0.1562,0,0,0,0,44480,5367312
50,false,RF,"2. NNI (Incremental)",79,false,Infinity,0.1486,0,0,0,0,45008,5367312
50,false,RF,"2. NNI (Incremental)",80,false,Infinity,0.2297,0,0,0,0,57096,5367312
50,false,RF,"2. NNI (Incremental)",81,false,Infinity,0.1479,0,0,0,0,44432,5367312
50,false,RF,"2. NNI (Incremental)",82,false,Infinity,0.1475,0,0,0,0,45368,5367312
50,false,RF,"2. NNI (Incremental)",83,false,Infinity,0.1469,0,0,0,0,44368,5367312
50,false,RF,"2. NNI (Incremental)",84,false,Infinity,0.1534,0,0,0,0,45288,5367312
50,false,RF,"2. NNI (Incremental)",85,false,Infinity,0.1470,0,0,0,0,44104,5367312
50,false,RF,"2. NNI (Incremental)",86,false,Infinity,0.3116,0,0,0,0,68624,5367312
50,false,RF,"2. NNI (Incremental)",87,false,Infinity,0.1496,0,0,0,0,44784,5367312
50,false,RF,"2. NNI (Incremental)",88,false,Infinity,0.1519,0,0,0,0,45528,5367312
50,false,RF,"2. NNI (Incremental)",89,false,Infinity,0.2315,0,0,0,0,56648,5367312
50,false,RF,"2. NNI (Incremental)",90,false,Infinity,0.1487,0,0,0,0,44768,5367312
50,false,RF,"2. NNI (Incremental)",91,false,Infinity,0.1501,0,0,0,0,44928,5367312
50,false,RF,"2. NNI (Incremental)",92,false,Infinity,0.1574,0,0,0,0,44392,5367312
50,false,RF,"2. NNI (Incremental)",93,false,Infinity,0.2995,0,0,0,0,68456,5367312
50,false,RF,"2. NNI (Incremental)",94,false,Infinity,0.2310,0,0,0,0,57488,5367312
50,false,RF,"2. NNI (Incremental)",95,false,Infinity,0.1564,0,0,0,0,43472,5367312
50,false,RF,"2. NNI (Incremental)",96,false,Infinity,0.1508,0,0,0,0,44632,5367312
50,false,RF,"2. NNI (Incremental)",97,false,Infinity,0.1584,0,0,0,0,45328,5367312
50,false,RF,"2. NNI (Incremental)",98,false,Infinity,0.1492,0,0,0,0,44048,5367312
50,false,RF,"2. NNI (Incremental)",99,false,Infinity,0.2324,0,0,0,0,55920,5367312
50,false,RF,"2. NNI (Incremental)",100,false,Infinity,0.1496,0,0,0,0,43936,5367312
50,false,RF,"3. VND NNI->ECR->SPR (Classic)",1,true,238.0000,24189.0861,5053712,107921840,213039026,23858882507,66549570632,16178622072
50,false,RF,"3. VND NNI->ECR->SPR (Classic)",2,true,239.0000,20439.3169,6195855,54893103,216839353,20160025317,63706846968,27599479160
50,false,RF,"3. VND NNI->ECR->SPR (Classic)",3,true,224.0000,21356.0804,3401480,54105294,181070123,21115822256,63374357648,32762897976
50,false,RF,"3. VND NNI->ECR->SPR (Classic)",4,true,190.0000,18910.0687,7532787,71312803,568729645,18261171264,58797957024,35574186224
50,false,RF,"3. VND NNI->ECR->SPR (Classic)",5,true,242.0000,21429.6387,1713158,20020398,227645025,21178699434,63689229848,37378985304
50,false,RF,"3. VND NNI->ECR->SPR (Classic)",6,true,243.0000,19680.9320,6114179,39197591,510797853,19123332978,61578653336,38777653392
50,false,RF,"3. VND NNI->ECR->SPR (Classic)",7,true,231.0000,20410.5177,4265783,19731057,190213874,20195144581,63381052320,39471005008
50,false,RF,"3. VND NNI->ECR->SPR (Classic)",8,true,247.0000,20304.1011,1707398,20205770,206810168,20073881625,62119621832,40789985288
50,false,RF,"3. VND NNI->ECR->SPR (Classic)",9,true,236.0000,22631.1225,1764826,20496192,296602908,22310670476,69494234336,46626635632
50,false,RF,"3. VND NNI->ECR->SPR (Classic)",10,true,242.0000,22664.5340,4284018,20146958,198918409,22439864824,60723425128,26169457280
50,false,RF,"3. VND NNI->ECR->SPR (Classic)",11,true,236.0000,25032.1749,3440794,97745125,684178681,24245401551,64551579696,21612351832
50,false,RF,"3. VND NNI->ECR->SPR (Classic)",12,true,234.0000,27417.7603,3396359,40643422,570341470,26801985828,65992741280,31893252392
50,false,RF,"3. VND NNI->ECR->SPR (Classic)",13,true,237.0000,21085.1999,3270800,39166353,586257131,20455160903,64667333864,20203976592
50,false,RF,"3. VND NNI->ECR->SPR (Classic)",14,true,230.0000,21598.6599,3405437,39193132,489278925,21065600805,66036433776,19087428272
50,false,RF,"3. VND NNI->ECR->SPR (Classic)",15,true,248.0000,20476.2167,1725521,19700278,177469064,20275955447,63369065440,19925727288
50,false,RF,"3. VND NNI->ECR->SPR (Classic)",16,true,229.0000,21007.0744,1731233,20353712,182294161,20801188594,64928815968,15507048336
50,false,RF,"3. VND NNI->ECR->SPR (Classic)",17,true,243.0000,24473.3554,1783822,19746837,160735498,24289438216,61819936880,24783746896
50,false,RF,"3. VND NNI->ECR->SPR (Classic)",18,true,206.0000,21856.9539,7659627,34713102,341532922,21471761228,59173895976,36740165440
50,false,RF,"3. VND NNI->ECR->SPR (Classic)",19,true,211.0000,21221.7235,5739385,101909976,603935404,20508666347,63172693744,17288121112
50,false,RF,"3. VND NNI->ECR->SPR (Classic)",20,true,202.0000,23162.4826,9348741,34432909,324046504,22793445708,57555262680,32268004768
50,false,RF,"3. VND NNI->ECR->SPR (Classic)",21,true,174.0000,18583.3196,4728735,98472920,605282555,17873870767,57541598880,33078569040
50,false,RF,"3. VND NNI->ECR->SPR (Classic)",22,true,247.0000,24115.4053,3379819,40572647,511010467,23558953144,67432627640,19861297672
50,false,RF,"3. VND NNI->ECR->SPR (Classic)",23,true,220.0000,21718.1943,5117163,75173987,550767913,21085922908,64741376576,40151945312
50,false,RF,"3. VND NNI->ECR->SPR (Classic)",24,true,197.0000,24515.5148,3319644,40518783,697608334,23773034339,60679292216,27519495696
50,false,RF,"3. VND NNI->ECR->SPR (Classic)",25,true,239.0000,20873.0806,3138048,49377183,171215200,20648044952,62209646664,37047595024
50,false,RF,"3. VND NNI->ECR->SPR (Classic)",26,true,230.0000,21930.6825,1745730,20327842,177317335,21729708106,65106061440,41326372944
50,false,RF,"3. VND NNI->ECR->SPR (Classic)",27,true,218.0000,16837.3527,12831505,122322681,1104694974,15596365406,51965392672,44693841624
50,false,RF,"3. VND NNI->ECR->SPR (Classic)",28,true,233.0000,21547.5118,1665849,18686159,158853879,21367015565,67863329472,50414444592
50,false,RF,"3. VND NNI->ECR->SPR (Classic)",29,true,216.0000,21571.5680,5932223,67368688,376397833,21120600212,60924667144,51808810752
50,false,RF,"3. VND NNI->ECR->SPR (Classic)",30,true,223.0000,21736.4659,3222880,54873101,213753477,21463581386,62096075600,57999875152
50,false,RF,"3. VND NNI->ECR->SPR (Classic)",31,true,216.0000,19721.3388,3132729,37868768,714682855,18964520185,62215156528,52998886832
50,false,RF,"3. VND NNI->ECR->SPR (Classic)",32,true,231.0000,18924.3917,5678581,37200517,680730496,18199616259,59086903792,61873993312
50,false,RF,"3. VND NNI->ECR->SPR (Classic)",33,true,232.0000,21161.9462,1728538,19760936,205189087,20934195955,63515134408,65944963984
50,false,RF,"3. VND NNI->ECR->SPR (Classic)",34,true,267.0000,19984.1911,3302822,53634756,196146849,19729914765,62121098744,72264501648
50,false,RF,"3. VND NNI->ECR->SPR (Classic)",35,true,221.0000,20332.7482,7432408,74205482,696420098,19553434864,63241020992,69079634728
50,false,RF,"3. VND NNI->ECR->SPR (Classic)",36,true,221.0000,19116.9109,5996294,40579905,560897509,18508356765,58662160048,72172685200
50,false,RF,"3. VND NNI->ECR->SPR (Classic)",37,true,245.0000,19316.1558,1687210,20134146,171801643,19121252696,60512715928,72962951488
50,false,RF,"3. VND NNI->ECR->SPR (Classic)",38,true,229.0000,19627.0028,3287903,50377380,170086161,19402025005,60703952344,74096349904
50,false,RF,"3. VND NNI->ECR->SPR (Classic)",39,true,228.0000,20997.6775,6118638,38089048,433322365,20518865389,65652994712,74656952528
50,false,RF,"3. VND NNI->ECR->SPR (Classic)",40,true,230.0000,21201.1859,1767983,20694051,218936897,20958705513,65062588400,76460134464
50,false,RF,"3. VND NNI->ECR->SPR (Classic)",41,true,216.0000,20813.7193,1777871,20753064,202099741,20587945973,63730229936,75709839760
50,false,RF,"3. VND NNI->ECR->SPR (Classic)",42,true,265.0000,22252.9533,3228721,49774112,168996748,22029470248,66399519040,18648871424
50,false,RF,"3. VND NNI->ECR->SPR (Classic)",43,true,241.0000,20229.5218,1810744,20616163,193742566,20011980715,62248034000,18341440744
50,false,RF,"3. VND NNI->ECR->SPR (Classic)",44,true,232.0000,27173.9213,3266474,55136351,179491029,26934744618,65216433592,34429090712
50,false,RF,"3. VND NNI->ECR->SPR (Classic)",45,true,235.0000,19107.5203,3353278,39028884,620207718,18443698203,60226103344,27999307008
50,false,RF,"3. VND NNI->ECR->SPR (Classic)",46,true,245.0000,24572.5850,4821139,74087836,576529400,23915936649,66259382784,37345300864
50,false,RF,"3. VND NNI->ECR->SPR (Classic)",47,true,224.0000,20547.2819,1633607,19019526,161975403,20363428082,64903234496,45355747712
50,false,RF,"3. VND NNI->ECR->SPR (Classic)",48,true,200.0000,21038.4456,4759393,88267277,756598739,20187880795,59369498816,49056832544
50,false,RF,"3. VND NNI->ECR->SPR (Classic)",49,true,218.0000,19291.4134,3141796,53891605,208540192,19024769802,60734799848,53580613688
50,false,RF,"3. VND NNI->ECR->SPR (Classic)",50,true,230.0000,22284.8742,1793602,20116021,194044711,22067746000,65045477232,59204159672
50,false,RF,"3. VND NNI->ECR->SPR (Classic)",51,true,255.0000,21318.1718,4209386,19214557,164128950,21129309148,66722959432,60692064824
50,false,RF,"3. VND NNI->ECR->SPR (Classic)",52,true,254.0000,21246.6347,1663755,19435187,189098483,21035171413,63144821464,64831352208
50,false,RF,"3. VND NNI->ECR->SPR (Classic)",53,true,227.0000,21319.7311,3395559,52852478,176155524,21086056490,66576060888,64191405176
50,false,RF,"3. VND NNI->ECR->SPR (Classic)",54,true,220.0000,20942.1825,6772303,37310205,625548597,20271481166,63353098944,66116149464
50,false,RF,"3. VND NNI->ECR->SPR (Classic)",55,true,217.0000,18997.2485,5923727,52545594,186805561,18750838815,59237724240,66062648256
50,false,RF,"3. VND NNI->ECR->SPR (Classic)",56,true,218.0000,20359.9728,4700772,70079965,584284300,19699802301,64764569016,74367263760
50,false,RF,"3. VND NNI->ECR->SPR (Classic)",57,true,228.0000,21380.1096,1760718,19848272,177309981,21179975296,65238563296,76645649328
50,false,RF,"3. VND NNI->ECR->SPR (Classic)",58,true,245.0000,20074.9798,4090802,18404837,181251217,19869990574,63145353080,78864813696
50,false,RF,"3. VND NNI->ECR->SPR (Classic)",59,true,229.0000,20219.2680,3300909,52675872,171882708,19990185209,61975735744,80018159504
50,false,RF,"3. VND NNI->ECR->SPR (Classic)",60,true,219.0000,20827.3727,1711135,19920530,171909048,20632586702,65027024088,81655824272
50,false,RF,"3. VND NNI->ECR->SPR (Classic)",61,true,206.0000,20884.0515,3218051,37274236,442714600,20399718857,64447669864,82547987024
50,false,RF,"3. VND NNI->ECR->SPR (Classic)",62,true,211.0000,20232.6126,5688470,36404444,419621976,19769762878,62825800744,83217439408
50,false,RF,"3. VND NNI->ECR->SPR (Classic)",63,true,200.0000,20897.6210,3374709,41549599,593935217,20257766479,64734807360,89233639344
50,false,RF,"3. VND NNI->ECR->SPR (Classic)",64,true,226.0000,25236.7218,4358270,19469442,271624199,24939991852,63564090464,31099726312
50,false,RF,"3. VND NNI->ECR->SPR (Classic)",65,true,253.0000,20599.2563,1705414,20563753,232744849,20342952244,63912728832,37077256888
50,false,RF,"3. VND NNI->ECR->SPR (Classic)",66,true,237.0000,21722.7697,4340195,19595611,206778871,21490919843,62077457704,36575379568
50,false,RF,"3. VND NNI->ECR->SPR (Classic)",67,true,231.0000,21409.5372,5603999,64149023,942708949,20395581258,63271873040,45574810704
50,false,RF,"3. VND NNI->ECR->SPR (Classic)",68,true,248.0000,24331.4088,4800681,21727226,224733151,24078728766,60931304056,29640643744
50,false,RF,"3. VND NNI->ECR->SPR (Classic)",69,true,223.0000,20589.5406,1651050,19551989,185088376,20382013131,60626105184,39638798224
50,false,RF,"3. VND NNI->ECR->SPR (Classic)",70,true,237.0000,19093.4961,3402773,52915337,191165684,18844844898,59334868720,31642667920
50,false,RF,"3. VND NNI->ECR->SPR (Classic)",71,true,273.0000,20387.3640,4597014,20352291,208840182,20152248038,62074565856,40873326568
50,false,RF,"3. VND NNI->ECR->SPR (Classic)",72,true,230.0000,21660.1021,1737265,19682918,199196299,21438327853,68065239856,30134031616
50,false,RF,"3. VND NNI->ECR->SPR (Classic)",73,true,213.0000,23234.4185,1628759,18996591,175496662,23037137349,66440683696,39211896448
50,false,RF,"3. VND NNI->ECR->SPR (Classic)",74,true,226.0000,20246.3874,5815652,38469220,555795555,19645276860,63208969080,44875893320
50,false,RF,"3. VND NNI->ECR->SPR (Classic)",75,true,244.0000,21963.9015,1700654,19294208,167671007,21774043236,62132571368,51102706176
50,false,RF,"3. VND NNI->ECR->SPR (Classic)",76,true,206.0000,19515.8999,3142536,36778404,729420215,18745474822,60869661120,54207938448
50,false,RF,"3. VND NNI->ECR->SPR (Classic)",77,true,230.0000,20658.2675,3214574,66525795,184918633,20402551105,60697916912,57966738552
50,false,RF,"3. VND NNI->ECR->SPR (Classic)",78,true,259.0000,21612.5329,1771990,20149405,247725072,21341591662,68038086712,60733499584
50,false,RF,"3. VND NNI->ECR->SPR (Classic)",79,true,214.0000,22065.1146,4958580,75496756,554314235,21429281715,64754915288,66552750800
50,false,RF,"3. VND NNI->ECR->SPR (Classic)",80,true,234.0000,20681.8016,5956177,40142456,546947535,20087419281,64409178968,65333933656
50,false,RF,"3. VND NNI->ECR->SPR (Classic)",81,true,260.0000,23170.5574,1710192,19137006,180735457,22967648637,69678698512,71014449824
50,false,RF,"3. VND NNI->ECR->SPR (Classic)",82,true,222.0000,20361.4181,3252416,53686645,199052282,20104218892,63713758712,70924228296
50,false,RF,"3. VND NNI->ECR->SPR (Classic)",83,true,240.0000,19297.4251,3254109,39506136,564264029,18689285869,60198243952,74798164872
50,false,RF,"3. VND NNI->ECR->SPR (Classic)",84,true,213.0000,20401.4853,3191269,39273132,732761651,19625225717,63193693360,77683081648
50,false,RF,"3. VND NNI->ECR->SPR (Classic)",85,true,222.0000,20504.0074,4865783,82948237,480104358,19934869854,61657475808,78222761376
50,false,RF,"3. VND NNI->ECR->SPR (Classic)",86,true,202.0000,20191.7032,6724318,37959134,485045465,19660961734,62971327944,79464827280
50,false,RF,"3. VND NNI->ECR->SPR (Classic)",87,true,230.0000,20212.2552,1762442,20860554,205108370,19983390271,62187633264,79719650192
50,false,RF,"3. VND NNI->ECR->SPR (Classic)",88,true,218.0000,21271.8041,3332769,52544974,190380299,21024508127,65287328512,81664196832
50,false,RF,"3. VND NNI->ECR->SPR (Classic)",89,true,240.0000,21185.9627,4252277,93142706,200964769,20886407757,65043796616,86638134096
50,false,RF,"3. VND NNI->ECR->SPR (Classic)",90,true,231.0000,22357.3482,1705553,19611118,187616764,22147290868,66549504744,18024893992
50,false,RF,"3. VND NNI->ECR->SPR (Classic)",91,true,259.0000,26904.2032,1733356,20033421,189742266,26691471807,65129522536,34950570560
50,false,RF,"3. VND NNI->ECR->SPR (Classic)",92,true,182.0000,20190.8924,3189206,66665200,203003817,19917048900,60783903680,18452773936
50,false,RF,"3. VND NNI->ECR->SPR (Classic)",93,true,213.0000,23801.0108,12107196,93155721,328174817,23366437769,54885835616,37045279472
50,false,RF,"3. VND NNI->ECR->SPR (Classic)",94,true,206.0000,20628.5673,7521786,71843627,488784968,20059010571,61711600976,40316153264
50,false,RF,"3. VND NNI->ECR->SPR (Classic)",95,true,268.0000,22546.0702,2905435,33478893,294547292,22213739906,65133025144,45249148864
50,false,RF,"3. VND NNI->ECR->SPR (Classic)",96,true,264.0000,23701.7426,3470150,39683844,546413750,23110797255,66374598496,43033426768
50,false,RF,"3. VND NNI->ECR->SPR (Classic)",97,true,225.0000,20013.8388,3280599,37418776,481842995,19490090247,62947214192,48886754280
50,false,RF,"3. VND NNI->ECR->SPR (Classic)",98,true,233.0000,21956.8317,3186110,37444284,464077887,21450802183,64449027152,50265018944
50,false,RF,"3. VND NNI->ECR->SPR (Classic)",99,true,247.0000,21106.8985,4127030,19472664,190523993,20891481404,65140732960,59343273088
50,false,RF,"3. VND NNI->ECR->SPR (Classic)",100,true,225.0000,21672.3062,3184045,38257380,525866702,21103675643,64463304072,64598079960
50,false,RF,"4. VND NNI->SPR (Classic)",1,true,239.0000,21666.2035,1888091,0,0,21663179789,67309794512,14854946240
50,false,RF,"4. VND NNI->SPR (Classic)",2,true,238.0000,26491.6999,4457878,0,0,26486135524,61459277032,32677453920
50,false,RF,"4. VND NNI->SPR (Classic)",3,true,231.0000,19901.9313,1698911,0,0,19898797086,62759101968,36904292256
50,false,RF,"4. VND NNI->SPR (Classic)",4,true,188.0000,23904.9297,4565673,0,0,23899126308,61492967248,38070822624
50,false,RF,"4. VND NNI->SPR (Classic)",5,true,242.0000,20397.5264,2919783,0,0,20393348714,62994084760,38705564320
50,false,RF,"4. VND NNI->SPR (Classic)",6,true,245.0000,19522.0809,4290250,0,0,19516536475,61522190640,48114546432
50,false,RF,"4. VND NNI->SPR (Classic)",7,true,231.0000,20268.7860,4303194,0,0,20263368297,62805349864,52625340080
50,false,RF,"4. VND NNI->SPR (Classic)",8,true,247.0000,19601.2472,1749657,0,0,19598189297,61499958064,57525166768
50,false,RF,"4. VND NNI->SPR (Classic)",9,true,236.0000,23006.8434,1690686,0,0,23003800901,68853897568,61224070512
50,false,RF,"4. VND NNI->SPR (Classic)",10,true,242.0000,20779.2542,4236838,0,0,20773745909,60111723816,68146015488
50,false,RF,"4. VND NNI->SPR (Classic)",11,true,233.0000,20387.8281,1721584,0,0,20384884109,64408709760,65676946720
50,false,RF,"4. VND NNI->SPR (Classic)",12,true,237.0000,20981.3481,1786227,0,0,20978326585,65914830920,73826394080
50,false,RF,"4. VND NNI->SPR (Classic)",13,true,239.0000,21666.0604,1670086,0,0,21663212571,64343758824,76220788144
50,false,RF,"4. VND NNI->SPR (Classic)",14,true,233.0000,21195.9388,1697518,0,0,21193095539,66026746176,78452540400
50,false,RF,"4. VND NNI->SPR (Classic)",15,true,248.0000,20564.6574,1728137,0,0,20561698621,62811328792,79198459664
50,false,RF,"4. VND NNI->SPR (Classic)",16,true,229.0000,20653.6754,1915823,0,0,20650509528,64367173352,82312443904
50,false,RF,"4. VND NNI->SPR (Classic)",17,true,243.0000,19661.9596,1736183,0,0,19658909748,61317098392,81243946400
50,false,RF,"4. VND NNI->SPR (Classic)",18,true,206.0000,18916.3260,4397775,0,0,18910906592,58550797688,81035329944
50,false,RF,"4. VND NNI->SPR (Classic)",19,true,213.0000,21435.2140,1748956,0,0,21432294464,65985002800,82655790208
50,false,RF,"4. VND NNI->SPR (Classic)",20,true,202.0000,18717.9489,80011441,0,0,18636801268,56974064904,81433104144
50,false,RF,"4. VND NNI->SPR (Classic)",21,true,192.0000,21689.4245,1705513,0,0,21686569601,62787717808,26496722344
50,false,RF,"4. VND NNI->SPR (Classic)",22,true,248.0000,23304.2668,2878785,0,0,23300044459,67342981720,42625834816
50,false,RF,"4. VND NNI->SPR (Classic)",23,true,222.0000,22497.9449,1693050,0,0,22495047366,65867686688,44165077000
50,false,RF,"4. VND NNI->SPR (Classic)",24,true,204.0000,22931.7286,2906828,0,0,22927841196,64515016216,48283357912
50,false,RF,"4. VND NNI->SPR (Classic)",25,true,234.0000,22136.8195,1780486,0,0,22133807665,63006807352,54026145920
50,false,RF,"4. VND NNI->SPR (Classic)",26,true,230.0000,20735.9043,1698761,0,0,20732935464,64539106552,50874797984
50,false,RF,"4. VND NNI->SPR (Classic)",27,true,210.0000,18557.4193,4287935,0,0,18552090596,55662403328,59518300816
50,false,RF,"4. VND NNI->SPR (Classic)",28,true,233.0000,21306.7966,1681367,0,0,21303806386,67345257792,67203122272
50,false,RF,"4. VND NNI->SPR (Classic)",29,true,218.0000,21219.1807,4330285,0,0,21213631710,63140473976,69741785560
50,false,RF,"4. VND NNI->SPR (Classic)",30,true,224.0000,19980.8972,1715372,0,0,19978147544,62812512864,73910282960
50,false,RF,"4. VND NNI->SPR (Classic)",31,true,234.0000,21355.2272,1682449,0,0,21352351749,64499259656,72244433184
50,false,RF,"4. VND NNI->SPR (Classic)",32,true,234.0000,19288.9390,4154671,0,0,19283654982,60069711784,78490087616
50,false,RF,"4. VND NNI->SPR (Classic)",33,true,232.0000,19872.5208,1799692,0,0,19869595810,62902908528,78695797440
50,false,RF,"4. VND NNI->SPR (Classic)",34,true,269.0000,20780.4460,1644678,0,0,20777676178,62886242496,80371069264
50,false,RF,"4. VND NNI->SPR (Classic)",35,true,230.0000,20445.4073,4290179,0,0,20439850705,64435717712,80290649696
50,false,RF,"4. VND NNI->SPR (Classic)",36,true,227.0000,18839.4521,4272395,0,0,18834183795,58521015424,80872282720
50,false,RF,"4. VND NNI->SPR (Classic)",37,true,245.0000,19419.4429,1660178,0,0,19416515869,59976007400,82392205408
50,false,RF,"4. VND NNI->SPR (Classic)",38,true,229.0000,19835.7409,1671349,0,0,19832874572,61527166168,82808550320
50,false,RF,"4. VND NNI->SPR (Classic)",39,true,231.0000,22078.9476,4287224,0,0,22073182832,65803325936,89079974896
50,false,RF,"4. VND NNI->SPR (Classic)",40,true,230.0000,22692.3520,2936064,0,0,22688405980,64412286336,20380937968
50,false,RF,"4. VND NNI->SPR (Classic)",41,true,216.0000,20479.8402,1800093,0,0,20476929482,63120369944,26393279584
50,false,RF,"4. VND NNI->SPR (Classic)",42,true,265.0000,22506.4295,1741532,0,0,22503243976,67234429144,37882321600
50,false,RF,"4. VND NNI->SPR (Classic)",43,true,241.0000,22874.9877,1699151,0,0,22871951929,61650421744,35680776288
50,false,RF,"4. VND NNI->SPR (Classic)",44,true,236.0000,20709.1381,1706526,0,0,20706214178,64539282312,33589837408
50,false,RF,"4. VND NNI->SPR (Classic)",45,true,228.0000,21939.3985,1678442,0,0,21936573909,59934265904,41924420608
50,false,RF,"4. VND NNI->SPR (Classic)",46,true,240.0000,21004.3886,1652903,0,0,21001622820,65988441400,46515725584
50,false,RF,"4. VND NNI->SPR (Classic)",47,true,224.0000,22289.1677,1680707,0,0,22286330478,64379818112,51869107120
50,false,RF,"4. VND NNI->SPR (Classic)",48,true,208.0000,20050.5305,1627916,0,0,20048002015,62898853096,56099498720
50,false,RF,"4. VND NNI->SPR (Classic)",49,true,218.0000,20521.7333,1674084,0,0,20519051920,61444929160,58161067824
50,false,RF,"4. VND NNI->SPR (Classic)",50,true,230.0000,20499.6617,1660167,0,0,20496845089,64440726536,62787351584
50,false,RF,"4. VND NNI->SPR (Classic)",51,true,255.0000,22234.3012,4333271,0,0,22228696269,66194656040,67090443440
50,false,RF,"4. VND NNI->SPR (Classic)",52,true,254.0000,19646.8526,1652403,0,0,19643988848,62559741064,70206994016
50,false,RF,"4. VND NNI->SPR (Classic)",53,true,231.0000,22447.6469,1644928,0,0,22444796270,67410949256,74420155584
50,false,RF,"4. VND NNI->SPR (Classic)",54,true,224.0000,19894.7211,7440500,0,0,19886245214,62930595536,76156203616
50,false,RF,"4. VND NNI->SPR (Classic)",55,true,201.0000,21043.8140,4287554,0,0,21038496314,62913872696,77867205784
50,false,RF,"4. VND NNI->SPR (Classic)",56,true,223.0000,21155.3465,1676879,0,0,21152588036,67293859864,80375857600
50,false,RF,"4. VND NNI->SPR (Classic)",57,true,228.0000,20696.8556,1739548,0,0,20693927723,64668027648,81043690720
50,false,RF,"4. VND NNI->SPR (Classic)",58,true,245.0000,20127.5464,4118844,0,0,20122177021,62571374968,81937968168
50,false,RF,"4. VND NNI->SPR (Classic)",59,true,229.0000,20136.4269,1676819,0,0,20133554561,62783042720,82387836864
50,false,RF,"4. VND NNI->SPR (Classic)",60,true,219.0000,20798.5437,1705543,0,0,20795615473,64487683512,83292900040
50,false,RF,"4. VND NNI->SPR (Classic)",61,true,203.0000,21112.0318,1668433,0,0,21109305852,64511049736,83534902368
50,false,RF,"4. VND NNI->SPR (Classic)",62,true,212.0000,19746.8214,4140545,0,0,19741617390,62972099096,28308016080
50,false,RF,"4. VND NNI->SPR (Classic)",63,true,203.0000,20759.7883,1791878,0,0,20757033139,64449949480,31881341312
50,false,RF,"4. VND NNI->SPR (Classic)",64,true,226.0000,23181.3058,4514586,0,0,23175502383,63041903792,40618977856
50,false,RF,"4. VND NNI->SPR (Classic)",65,true,253.0000,20913.4763,1720733,0,0,20910527395,63213890872,49659989328
50,false,RF,"4. VND NNI->SPR (Classic)",66,true,237.0000,19479.1686,4347989,0,0,19473723447,61447090632,51678652096
50,false,RF,"4. VND NNI->SPR (Classic)",67,true,237.0000,22594.9964,1649757,0,0,22592023838,63066930512,51169070224
50,false,RF,"4. VND NNI->SPR (Classic)",68,true,248.0000,19212.6383,4279679,0,0,19206999719,60307165456,59301658248
50,false,RF,"4. VND NNI->SPR (Classic)",69,true,223.0000,19137.9524,1642744,0,0,19135051307,60046138640,60468812384
50,false,RF,"4. VND NNI->SPR (Classic)",70,true,237.0000,20784.5459,1623187,0,0,20781793245,58638685176,66180008192
50,false,RF,"4. VND NNI->SPR (Classic)",71,true,273.0000,19430.8013,4252588,0,0,19425263415,61457048392,68604616752
50,false,RF,"4. VND NNI->SPR (Classic)",72,true,230.0000,21439.6394,1710543,0,0,21436792619,67445715992,67958291280
50,false,RF,"4. VND NNI->SPR (Classic)",73,true,213.0000,21329.1125,1606806,0,0,21326412175,65895167560,70142938464
50,false,RF,"4. VND NNI->SPR (Classic)",74,true,232.0000,20226.0352,4300028,0,0,20220724460,63021441536,71506135648
50,false,RF,"4. VND NNI->SPR (Classic)",75,true,244.0000,19735.3191,1628988,0,0,19732525698,61609977600,70598398048
50,false,RF,"4. VND NNI->SPR (Classic)",76,true,216.0000,20385.9406,1716324,0,0,20383119948,63058667480,71929367680
50,false,RF,"4. VND NNI->SPR (Classic)",77,true,228.0000,22568.8762,1610122,0,0,22565818393,61654960832,81260756592
50,false,RF,"4. VND NNI->SPR (Classic)",78,true,259.0000,23123.7755,2838418,0,0,23119373397,67363833024,28519194736
50,false,RF,"4. VND NNI->SPR (Classic)",79,true,220.0000,26979.6868,3005345,0,0,26975662126,65945659864,29871604584
50,false,RF,"4. VND NNI->SPR (Classic)",80,true,236.0000,27757.4993,4316770,0,0,27751694163,64305723408,33986104032
50,false,RF,"4. VND NNI->SPR (Classic)",81,true,260.0000,30374.7872,2918049,0,0,30370349285,69124611920,35237004536
50,false,RF,"4. VND NNI->SPR (Classic)",82,true,218.0000,25628.4664,2826826,0,0,25624488774,63015821696,37100886216
50,false,RF,"4. VND NNI->SPR (Classic)",83,true,237.0000,19648.3379,1684103,0,0,19645600917,59977645208,19355983768
50,false,RF,"4. VND NNI->SPR (Classic)",84,true,213.0000,27081.2626,1770808,0,0,27078574374,61493744040,37400842328
50,false,RF,"4. VND NNI->SPR (Classic)",85,true,223.0000,27473.3513,1721174,0,0,27470489514,64628180872,35022396544
50,false,RF,"4. VND NNI->SPR (Classic)",86,true,207.0000,20793.7370,5283228,0,0,20787470822,60121838576,25640971872
50,false,RF,"4. VND NNI->SPR (Classic)",87,true,230.0000,26874.3378,1805443,0,0,26871386538,61574297056,35913179960
50,false,RF,"4. VND NNI->SPR (Classic)",88,true,220.0000,21450.0895,1695635,0,0,21447350483,66071055096,36132632920
50,false,RF,"4. VND NNI->SPR (Classic)",89,true,240.0000,20958.0578,4339012,0,0,20952599360,64433670024,20461172224
50,false,RF,"4. VND NNI->SPR (Classic)",90,true,231.0000,26579.0211,1696627,0,0,26576182808,65967942424,28919389400
50,false,RF,"4. VND NNI->SPR (Classic)",91,true,259.0000,20506.2966,1803600,0,0,20503315394,64544677112,32462024088
50,false,RF,"4. VND NNI->SPR (Classic)",92,true,184.0000,20655.3396,1666449,0,0,20652790832,62966958600,38421838928
50,false,RF,"4. VND NNI->SPR (Classic)",93,true,213.0000,20451.5465,5780342,0,0,20444464083,55641792968,17271949568
50,false,RF,"4. VND NNI->SPR (Classic)",94,true,209.0000,23421.7856,7617658,0,0,23413016370,62987708024,35772233984
50,false,RF,"4. VND NNI->SPR (Classic)",95,true,268.0000,23292.7537,1746041,0,0,23289624046,64591144776,40390679728
50,false,RF,"4. VND NNI->SPR (Classic)",96,true,267.0000,21454.6558,1777360,0,0,21451586669,66088446568,40171511744
50,false,RF,"4. VND NNI->SPR (Classic)",97,true,223.0000,21309.6017,1696577,0,0,21306828883,61562260520,48674660256
50,false,RF,"4. VND NNI->SPR (Classic)",98,true,235.0000,20484.5647,1665417,0,0,20481619854,64515216752,53468373760
50,false,RF,"4. VND NNI->SPR (Classic)",99,true,247.0000,21775.9016,4329353,0,0,21770082264,64540304240,59649970432
50,false,RF,"4. VND NNI->SPR (Classic)",100,true,211.0000,19166.4847,2842807,0,0,19162464312,59913328432,62408613296
50,false,RF,"5. VND NNI->ECR->SPR (Inc)",1,true,246.0000,1583.2717,80583,4700368,20471281,1557674911,3680863744,3667678968
50,false,RF,"5. VND NNI->ECR->SPR (Inc)",2,true,220.0000,1439.4565,114848,433755,2147985,1436713701,3422037808,7090231032
50,false,RF,"5. VND NNI->ECR->SPR (Inc)",3,true,224.0000,1323.4690,56207,425629,1802628,1321138423,3135913624,10244347640
50,false,RF,"5. VND NNI->ECR->SPR (Inc)",4,true,196.0000,1034.1562,160295,578570,10182414,1023178662,2476462224,10575275304
50,false,RF,"5. VND NNI->ECR->SPR (Inc)",5,true,251.0000,1448.4315,32933,145527,2292269,1445913757,3442703144,6112535848
50,false,RF,"5. VND NNI->ECR->SPR (Inc)",6,true,242.0000,1305.1018,112895,269141,5436178,1299232633,3129103848,9233098024
50,false,RF,"5. VND NNI->ECR->SPR (Inc)",7,true,252.0000,1427.1877,79210,150627,1919500,1424992720,3405106104,10306839848
50,false,RF,"5. VND NNI->ECR->SPR (Inc)",8,true,237.0000,1338.1032,25559,131189,1959647,1335944621,3192552776,5624698592
50,false,RF,"5. VND NNI->ECR->SPR (Inc)",9,true,230.0000,1265.1607,25058,146729,2102929,1262844181,3025665344,8644597472
50,false,RF,"5. VND NNI->ECR->SPR (Inc)",10,true,238.0000,1444.4524,77697,148783,2029741,1442148737,3437919960,10288764640
50,false,RF,"5. VND NNI->ECR->SPR (Inc)",11,true,255.0000,1321.3422,58362,297326,5782227,1315154543,3149803144,4963657880
50,false,RF,"5. VND NNI->ECR->SPR (Inc)",12,true,229.0000,1344.4343,57529,299380,8844641,1335181279,3205226072,8184883352
50,false,RF,"5. VND NNI->ECR->SPR (Inc)",13,true,247.0000,1712.4594,60866,273020,7930071,1704145685,3291204360,10298812568
50,false,RF,"5. VND NNI->ECR->SPR (Inc)",14,true,214.0000,1811.5930,88589,581936,12150067,1798711468,3322881816,2834152480
50,false,RF,"5. VND NNI->ECR->SPR (Inc)",15,true,230.0000,2110.3527,41539,303197,4030546,2105918916,3138032856,5984451904
50,false,RF,"5. VND NNI->ECR->SPR (Inc)",16,true,222.0000,1920.2480,41920,306623,4013834,1915827756,2849192232,8836578624
50,false,RF,"5. VND NNI->ECR->SPR (Inc)",17,true,245.0000,2037.0203,44665,308166,3612500,2032997486,3011832152,11822923072
50,false,RF,"5. VND NNI->ECR->SPR (Inc)",18,true,231.0000,2083.0000,131370,310281,4601842,2077896995,3078129168,14909930816
50,false,RF,"5. VND NNI->ECR->SPR (Inc)",19,true,220.0000,1901.0910,124848,1804181,11721392,1887377841,3170488856,18097601856
50,false,RF,"5. VND NNI->ECR->SPR (Inc)",20,true,213.0000,1212.6056,101063,147009,1817786,1210495236,2872057768,20580629824
50,false,RF,"5. VND NNI->ECR->SPR (Inc)",21,true,207.0000,1377.2812,59664,703608,1731242,1374740391,3257883320,3635058424
50,false,RF,"5. VND NNI->ECR->SPR (Inc)",22,true,253.0000,1335.3229,61968,297444,5339284,1329572693,3172087616,6822729464
50,false,RF,"5. VND NNI->ECR->SPR (Inc)",23,true,238.0000,1446.4050,87024,706533,11627913,1433925347,3459521992,10278835960
50,false,RF,"5. VND NNI->ECR->SPR (Inc)",24,true,206.0000,1361.5371,100952,422734,9550062,1351406577,3259482368,13533615864
50,false,RF,"5. VND NNI->ECR->SPR (Inc)",25,true,243.0000,1272.8615,53430,431821,1734047,1270596503,3021450296,16553514744
50,false,RF,"5. VND NNI->ECR->SPR (Inc)",26,true,246.0000,1336.0352,26661,148593,1718959,1334097328,3165106632,19707631352
50,false,RF,"5. VND NNI->ECR->SPR (Inc)",27,true,190.0000,1197.0914,142191,664715,6763602,1189466784,2851944720,20580046584
50,false,RF,"5. VND NNI->ECR->SPR (Inc)",28,true,231.0000,1292.0935,25648,139034,1588671,1290298062,3067771848,5077617224
50,false,RF,"5. VND NNI->ECR->SPR (Inc)",29,true,215.0000,1234.1080,109649,565185,1711925,1231674073,2929297568,7996852808
50,false,RF,"5. VND NNI->ECR->SPR (Inc)",30,true,230.0000,1672.1151,51949,443593,2086287,1669487884,3982114064,11989830216
50,false,RF,"5. VND NNI->ECR->SPR (Inc)",31,true,210.0000,1382.0588,61767,287608,10172665,1371489730,3301389976,15278164552
50,false,RF,"5. VND NNI->ECR->SPR (Inc)",32,true,209.0000,1141.4493,120619,274953,9690740,1131312337,2729441472,18029627976
50,false,RF,"5. VND NNI->ECR->SPR (Inc)",33,true,249.0000,1467.2896,27702,144965,1912266,1465160230,3484747472,20579815312
50,false,RF,"5. VND NNI->ECR->SPR (Inc)",34,true,233.0000,1428.2283,51718,439095,1892870,1425797500,3389737440,4305915792
50,false,RF,"5. VND NNI->ECR->SPR (Inc)",35,true,239.0000,1339.3180,144854,584081,7400574,1331137710,3186829256,7493586832
50,false,RF,"5. VND NNI->ECR->SPR (Inc)",36,true,228.0000,1428.6380,107094,287827,7800054,1420396569,3415819336,10916138896
50,false,RF,"5. VND NNI->ECR->SPR (Inc)",37,true,260.0000,1367.3099,27463,149865,1645940,1365439904,3234749456,14170918800
50,false,RF,"5. VND NNI->ECR->SPR (Inc)",38,true,216.0000,1351.6956,55535,431881,1691046,1349469853,3216816552,17392144272
50,false,RF,"5. VND NNI->ECR->SPR (Inc)",39,true,236.0000,1242.3416,116893,276477,4856235,1237041119,2948911448,20311379856
50,false,RF,"5. VND NNI->ECR->SPR (Inc)",40,true,220.0000,1362.3982,26470,143112,1983973,1360201723,3233527152,20579839384
50,false,RF,"5. VND NNI->ECR->SPR (Inc)",41,true,240.0000,1491.2973,27272,148813,1905775,1489171934,3537355272,6520532376
50,false,RF,"5. VND NNI->ECR->SPR (Inc)",42,true,261.0000,1428.5149,52369,435929,1755188,1426220735,3389268208,9909530008
50,false,RF,"5. VND NNI->ECR->SPR (Inc)",43,true,246.0000,1420.4680,26290,148643,1848065,1418402787,3381801672,13298527640
50,false,RF,"5. VND NNI->ECR->SPR (Inc)",44,true,237.0000,1249.0035,52420,441339,1739398,1246725086,2969943816,16284872088
50,false,RF,"5. VND NNI->ECR->SPR (Inc)",45,true,232.0000,1283.1602,62419,286685,8270619,1274488266,3060295568,19338325400
50,false,RF,"5. VND NNI->ECR->SPR (Inc)",46,true,237.0000,1375.2012,91514,554444,5811543,1368680367,3282173664,20579839384
50,false,RF,"5. VND NNI->ECR->SPR (Inc)",47,true,232.0000,1351.3358,26340,151578,1682970,1349433385,3198611744,5245445184
50,false,RF,"5. VND NNI->ECR->SPR (Inc)",48,true,199.0000,1305.8090,102965,748182,10185952,1294718478,3120448248,8366007360
50,false,RF,"5. VND NNI->ECR->SPR (Inc)",49,true,211.0000,1337.8678,55285,449284,2036934,1335277743,3180577600,11553678400
50,false,RF,"5. VND NNI->ECR->SPR (Inc)",50,true,230.0000,1306.2262,27662,139145,1791206,1304223926,3096450552,14640686144
50,false,RF,"5. VND NNI->ECR->SPR (Inc)",51,true,226.0000,1332.6967,80102,139064,1584854,1330848229,3168410088,17794802752
50,false,RF,"5. VND NNI->ECR->SPR (Inc)",52,true,254.0000,1539.0493,27021,151549,1862342,1536963513,3648586240,20579820608
50,false,RF,"5. VND NNI->ECR->SPR (Inc)",53,true,224.0000,1344.3284,55917,435348,1716825,1342075821,3188953392,4071018408
50,false,RF,"5. VND NNI->ECR->SPR (Inc)",54,true,224.0000,1338.7952,144484,281285,7386989,1330931457,3193496864,7258689448
50,false,RF,"5. VND NNI->ECR->SPR (Inc)",55,true,214.0000,1335.9393,109579,410690,1743606,1333627835,3174822512,10446360488
50,false,RF,"5. VND NNI->ECR->SPR (Inc)",56,true,248.0000,1513.4156,87716,730108,7233828,1505312851,3603902288,14036684712
50,false,RF,"5. VND NNI->ECR->SPR (Inc)",57,true,222.0000,1315.8690,26461,144464,1705162,1313945835,3113753304,17157246888
50,false,RF,"5. VND NNI->ECR->SPR (Inc)",58,true,249.0000,1318.8507,85433,134115,1769185,1316816613,3133272240,20311363496
50,false,RF,"5. VND NNI->ECR->SPR (Inc)",59,true,216.0000,1292.1241,51688,434928,1671639,1289919331,3055814648,20579798952
50,false,RF,"5. VND NNI->ECR->SPR (Inc)",60,true,217.0000,1291.1603,25459,146819,1666820,1289278352,3061614760,5849374736
50,false,RF,"5. VND NNI->ECR->SPR (Inc)",61,true,252.0000,1405.2934,58662,278190,6249685,1398656614,3340194784,9171263504
50,false,RF,"5. VND NNI->ECR->SPR (Inc)",62,true,190.0000,1280.5518,146258,442380,14587463,1265313366,3081294640,12258271248
50,false,RF,"5. VND NNI->ECR->SPR (Inc)",63,true,228.0000,1458.4654,57138,289761,5935017,1452136802,3474737480,15747932176
50,false,RF,"5. VND NNI->ECR->SPR (Inc)",64,true,210.0000,1262.0448,84992,143253,1620733,1260150989,2984003632,18734276624
50,false,RF,"5. VND NNI->ECR->SPR (Inc)",65,true,249.0000,1487.0442,26861,157229,2291679,1484523213,3519329384,20579901304
50,false,RF,"5. VND NNI->ECR->SPR (Inc)",66,true,256.0000,1513.7359,89540,141930,2038427,1511419063,3597981392,5279080312
50,false,RF,"5. VND NNI->ECR->SPR (Inc)",67,true,239.0000,1236.4192,87908,386464,9549230,1226340018,2949641336,8231870328
50,false,RF,"5. VND NNI->ECR->SPR (Inc)",68,true,241.0000,1342.7704,82547,127302,1829309,1340686639,3193909832,11419541368
50,false,RF,"5. VND NNI->ECR->SPR (Inc)",69,true,225.0000,1335.8245,27452,152530,1827826,1333771498,3161297496,14573657976
50,false,RF,"5. VND NNI->ECR->SPR (Inc)",70,true,231.0000,1411.7496,54424,429096,1848756,1409368036,3348641776,17929101176
50,false,RF,"5. VND NNI->ECR->SPR (Inc)",71,true,237.0000,1455.2401,83058,139846,1927726,1453043666,3437145352,20579901304
50,false,RF,"5. VND NNI->ECR->SPR (Inc)",72,true,230.0000,1349.1582,26691,142200,1852132,1347091981,3193145256,4003961712
50,false,RF,"5. VND NNI->ECR->SPR (Inc)",73,true,233.0000,1300.9136,25698,139626,1658374,1299047151,3079509384,7057415024
50,false,RF,"5. VND NNI->ECR->SPR (Inc)",74,true,232.0000,1508.7201,119589,284661,8224471,1500036787,3610204464,10681293680
50,false,RF,"5. VND NNI->ECR->SPR (Inc)",75,true,224.0000,1497.1771,26971,146278,1615142,1495343872,3547430480,14238063472
50,false,RF,"5. VND NNI->ECR->SPR (Inc)",76,true,231.0000,1306.7203,64703,267620,10108674,1296226486,3115669064,17358625648
50,false,RF,"5. VND NNI->ECR->SPR (Inc)",77,true,229.0000,1326.0893,62549,597657,1901606,1323480917,3149437040,20512742256
50,false,RF,"5. VND NNI->ECR->SPR (Inc)",78,true,240.0000,1387.1105,26260,151538,2226234,1384652031,3280801408,20579893648
50,false,RF,"5. VND NNI->ECR->SPR (Inc)",79,true,222.0000,1424.9712,89420,617334,6057660,1418148574,3395639600,6587695504
50,false,RF,"5. VND NNI->ECR->SPR (Inc)",80,true,245.0000,1242.1446,143102,813457,9135473,1231995604,2964325520,9574039952
50,false,RF,"5. VND NNI->ECR->SPR (Inc)",81,true,261.0000,1596.2771,27743,155155,1749787,1594300825,3786466544,13365690768
50,false,RF,"5. VND NNI->ECR->SPR (Inc)",82,true,210.0000,1348.9318,52560,450877,1998631,1346382682,3197673832,16553361808
50,false,RF,"5. VND NNI->ECR->SPR (Inc)",83,true,231.0000,1304.3113,58752,294079,6061878,1297846046,3106652632,19673923984
50,false,RF,"5. VND NNI->ECR->SPR (Inc)",84,true,199.0000,1475.2499,61256,294751,8190156,1466651716,3516788816,20579942800
50,false,RF,"5. VND NNI->ECR->SPR (Inc)",85,true,214.0000,1259.4093,83118,738846,7227484,1251307541,3013860536,5614596216
50,false,RF,"5. VND NNI->ECR->SPR (Inc)",86,true,202.0000,1288.5936,137763,289420,5312342,1282804210,3062371672,8701603960
50,false,RF,"5. VND NNI->ECR->SPR (Inc)",87,true,238.0000,1436.1428,27151,149915,1936713,1433985262,3408984424,12090601592
50,false,RF,"5. VND NNI->ECR->SPR (Inc)",88,true,226.0000,1599.8766,52881,460385,1960138,1597355845,3792014832,15882252408
50,false,RF,"5. VND NNI->ECR->SPR (Inc)",89,true,233.0000,1546.4716,84031,142771,1870898,1544329972,3676653824,19573239928
50,false,RF,"5. VND NNI->ECR->SPR (Inc)",90,true,250.0000,1596.1932,25428,145497,1805794,1594170788,3786735064,20579872888
50,false,RF,"5. VND NNI->ECR->SPR (Inc)",91,true,266.0000,1644.3635,26520,156508,1814151,1642321380,3903443688,6688319328
50,false,RF,"5. VND NNI->ECR->SPR (Inc)",92,true,186.0000,1485.4946,57640,537754,1909501,1482937027,3517859696,10211534688
50,false,RF,"5. VND NNI->ECR->SPR (Inc)",93,true,205.0000,1165.2093,138883,438013,1874275,1162705310,2759788440,12962998112
50,false,RF,"5. VND NNI->ECR->SPR (Inc)",94,true,197.0000,1278.1438,140948,589491,7023127,1270334936,3040377912,16016451424
50,false,RF,"5. VND NNI->ECR->SPR (Inc)",95,true,247.0000,1362.5329,27022,138473,1635029,1360683909,3224492208,19237676896
50,false,RF,"5. VND NNI->ECR->SPR (Inc)",96,true,277.0000,1317.6696,56597,277367,5658921,1311624960,3131387136,20579864416
50,false,RF,"5. VND NNI->ECR->SPR (Inc)",97,true,227.0000,1412.9642,61857,295321,5167879,1407380295,3367725752,5144823456
50,false,RF,"5. VND NNI->ECR->SPR (Inc)",98,true,221.0000,1423.2802,58410,276586,6472989,1416418694,3389330656,8533821088
50,false,RF,"5. VND NNI->ECR->SPR (Inc)",99,true,243.0000,1492.6789,78690,141599,1817636,1490590733,3544109984,12090590880
50,false,RF,"5. VND NNI->ECR->SPR (Inc)",100,true,213.0000,1159.5430,62690,285072,7543036,1151597224,2759067160,14842054304
50,false,RF,"6. VND NNI->SPR (Inc)",1,true,247.0000,1584.5921,50255,0,0,1584455251,3753834640,3735385600
50,false,RF,"6. VND NNI->SPR (Inc)",2,true,220.0000,1479.5226,77648,0,0,1479400511,3506467072,7258600960
50,false,RF,"6. VND NNI->SPR (Inc)",3,true,224.0000,1342.9311,27863,0,0,1342858980,3157816688,10312258968
50,false,RF,"6. VND NNI->SPR (Inc)",4,true,191.0000,1255.4619,83400,0,0,1255336543,2964665456,3064501656
50,false,RF,"6. VND NNI->SPR (Inc)",5,true,251.0000,1447.8380,28073,0,0,1447768685,3430806056,6520608152
50,false,RF,"6. VND NNI->SPR (Inc)",6,true,243.0000,1337.3971,79962,0,0,1337276124,3175321744,9674724760
50,false,RF,"6. VND NNI->SPR (Inc)",7,true,252.0000,1434.8297,80563,0,0,1434708928,3394876960,10278706264
50,false,RF,"6. VND NNI->SPR (Inc)",8,true,237.0000,1345.9209,28725,0,0,1345855729,3182532760,5178354888
50,false,RF,"6. VND NNI->SPR (Inc)",9,true,230.0000,1272.2051,24977,0,0,1272138667,3014667440,8198253768
50,false,RF,"6. VND NNI->SPR (Inc)",10,true,238.0000,1444.2962,77497,0,0,1444175512,3426819064,10278640648
50,false,RF,"6. VND NNI->SPR (Inc)",11,true,247.0000,1335.1440,27322,0,0,1335072973,3159869072,4507278344
50,false,RF,"6. VND NNI->SPR (Inc)",12,true,218.0000,1427.2518,24747,0,0,1427184818,3383323552,7896275976
50,false,RF,"6. VND NNI->SPR (Inc)",13,true,236.0000,1329.5811,27622,0,0,1329512458,3150452352,10278662976
50,false,RF,"6. VND NNI->SPR (Inc)",14,true,218.0000,1421.1390,27553,0,0,1421070290,3369909160,4171756352
50,false,RF,"6. VND NNI->SPR (Inc)",15,true,230.0000,1319.6665,26651,0,0,1319597262,3128536584,7292318528
50,false,RF,"6. VND NNI->SPR (Inc)",16,true,222.0000,1200.5342,26350,0,0,1200463256,2839813112,10110890816
50,false,RF,"6. VND NNI->SPR (Inc)",17,true,245.0000,1270.2294,27993,0,0,1270159432,3003499328,10278673832
50,false,RF,"6. VND NNI->SPR (Inc)",18,true,231.0000,1292.5049,82797,0,0,1292377747,3067390424,5916597672
50,false,RF,"6. VND NNI->SPR (Inc)",19,true,221.0000,1357.7347,28083,0,0,1357663756,3222858912,9137823144
50,false,RF,"6. VND NNI->SPR (Inc)",20,true,213.0000,1217.3450,104108,0,0,1217198403,2862343000,10278673832
50,false,RF,"6. VND NNI->SPR (Inc)",21,true,209.0000,1464.1017,40807,0,0,1464021734,3471572280,5211938672
50,false,RF,"6. VND NNI->SPR (Inc)",22,true,259.0000,1350.5399,27272,0,0,1350468301,3192097592,8399609712
50,false,RF,"6. VND NNI->SPR (Inc)",23,true,236.0000,1473.6830,27803,0,0,1473610410,3478977920,10278688024
50,false,RF,"6. VND NNI->SPR (Inc)",24,true,211.0000,1410.6887,27202,0,0,1410617802,3375611696,5010642200
50,false,RF,"6. VND NNI->SPR (Inc)",25,true,243.0000,1288.3427,26110,0,0,1288268813,3082560736,8097649944
50,false,RF,"6. VND NNI->SPR (Inc)",26,true,246.0000,1325.5553,27983,0,0,1325482694,3155668296,10278688024
50,false,RF,"6. VND NNI->SPR (Inc)",27,true,203.0000,1334.3995,78639,0,0,1334275947,3186429832,4171749392
50,false,RF,"6. VND NNI->SPR (Inc)",28,true,231.0000,1283.1525,28705,0,0,1283074284,3059190736,7225202704
50,false,RF,"6. VND NNI->SPR (Inc)",29,true,214.0000,1284.9531,77468,0,0,1284826957,3058215760,10278656016
50,false,RF,"6. VND NNI->SPR (Inc)",30,true,230.0000,1691.7270,28384,0,0,1691661012,4047873024,4071070832
50,false,RF,"6. VND NNI->SPR (Inc)",31,true,203.0000,1461.9546,35939,0,0,1461879660,3490012872,7560731760
50,false,RF,"6. VND NNI->SPR (Inc)",32,true,210.0000,1195.3353,76385,0,0,1195217470,2846150320,10278651128
50,false,RF,"6. VND NNI->SPR (Inc)",33,true,249.0000,1454.8669,26941,0,0,1454796200,3474411376,3601319160
50,false,RF,"6. VND NNI->SPR (Inc)",34,true,233.0000,1456.9533,25930,0,0,1456881665,3466975000,7057425656
50,false,RF,"6. VND NNI->SPR (Inc)",35,true,247.0000,1350.3484,79260,0,0,1350224638,3208271168,10278651128
50,false,RF,"6. VND NNI->SPR (Inc)",36,true,230.0000,1444.9570,77708,0,0,1444839665,3449316736,3467092200
50,false,RF,"6. VND NNI->SPR (Inc)",37,true,260.0000,1356.0205,28854,0,0,1355948234,3226024416,6688317672
50,false,RF,"6. VND NNI->SPR (Inc)",38,true,216.0000,1371.6544,26561,0,0,1371587205,3275702840,9943097576
50,false,RF,"6. VND NNI->SPR (Inc)",39,true,238.0000,1269.1006,78319,0,0,1268980241,3004882232,10278658272
50,false,RF,"6. VND NNI->SPR (Inc)",40,true,220.0000,1357.4043,28354,0,0,1357332747,3222983960,5916582112
50,false,RF,"6. VND NNI->SPR (Inc)",41,true,240.0000,1489.1717,28354,0,0,1489098074,3527100736,9439797472
50,false,RF,"6. VND NNI->SPR (Inc)",42,true,264.0000,1461.3368,26450,0,0,1461264320,3454968600,10278682384
50,false,RF,"6. VND NNI->SPR (Inc)",43,true,246.0000,1409.8080,25769,0,0,1409737087,3371796472,6017269520
50,false,RF,"6. VND NNI->SPR (Inc)",44,true,237.0000,1269.3108,26601,0,0,1269243491,3030224376,9037168400
50,false,RF,"6. VND NNI->SPR (Inc)",45,true,222.0000,1261.2074,26791,0,0,1261136733,3017069064,10278682384
50,false,RF,"6. VND NNI->SPR (Inc)",46,true,242.0000,1491.6260,26380,0,0,1491555527,3576306656,5346161536
50,false,RF,"6. VND NNI->SPR (Inc)",47,true,232.0000,1340.7825,27071,0,0,1340714913,3189559552,8567387008
50,false,RF,"6. VND NNI->SPR (Inc)",48,true,201.0000,1491.7810,29566,0,0,1491708017,3552040216,10278684544
50,false,RF,"6. VND NNI->SPR (Inc)",49,true,211.0000,1363.9182,28895,0,0,1363844260,3249157104,5077713776
50,false,RF,"6. VND NNI->SPR (Inc)",50,true,230.0000,1297.2206,26610,0,0,1297147528,3086788840,8164721520
50,false,RF,"6. VND NNI->SPR (Inc)",51,true,226.0000,1326.0725,78320,0,0,1325953531,3159626016,10278666032
50,false,RF,"6. VND NNI->SPR (Inc)",52,true,254.0000,1527.4707,30318,0,0,1527397881,3638468400,4708630320
50,false,RF,"6. VND NNI->SPR (Inc)",53,true,224.0000,1367.3168,27743,0,0,1367245748,3246733504,7963410224
50,false,RF,"6. VND NNI->SPR (Inc)",54,true,225.0000,1353.2180,105150,0,0,1353069208,3228227320,10278666032
50,false,RF,"6. VND NNI->SPR (Inc)",55,true,214.0000,1361.5581,78048,0,0,1361436872,3243173992,4138186440
50,false,RF,"6. VND NNI->SPR (Inc)",56,true,250.0000,1587.5333,26741,0,0,1587462681,3790467312,7929837256
50,false,RF,"6. VND NNI->SPR (Inc)",57,true,222.0000,1304.8801,27783,0,0,1304808457,3104553504,10278669952
50,false,RF,"6. VND NNI->SPR (Inc)",58,true,249.0000,1310.7824,82207,0,0,1310660516,3123704552,3903327872
50,false,RF,"6. VND NNI->SPR (Inc)",59,true,217.0000,1308.5693,29937,0,0,1308494768,3113707928,7023890048
50,false,RF,"6. VND NNI->SPR (Inc)",60,true,217.0000,1282.2064,26120,0,0,1282142371,3052765864,10077343360
50,false,RF,"6. VND NNI->SPR (Inc)",61,true,229.0000,1346.2607,25860,0,0,1346194354,3200083472,10278671744
50,false,RF,"6. VND NNI->SPR (Inc)",62,true,231.0000,1378.3493,82507,0,0,1378224768,3291102776,6285694336
50,false,RF,"6. VND NNI->SPR (Inc)",63,true,231.0000,1481.6461,27061,0,0,1481579626,3530174456,9842464128
50,false,RF,"6. VND NNI->SPR (Inc)",64,true,210.0000,1255.8099,81154,0,0,1255685396,2975140456,10278680960
50,false,RF,"6. VND NNI->SPR (Inc)",65,true,249.0000,1472.1698,26591,0,0,1472098585,3507188720,6050808576
50,false,RF,"6. VND NNI->SPR (Inc)",66,true,256.0000,1503.5728,88247,0,0,1503440550,3587620424,9641132800
50,false,RF,"6. VND NNI->SPR (Inc)",67,true,221.0000,1301.7276,25138,0,0,1301659990,3092851344,10278678304
50,false,RF,"6. VND NNI->SPR (Inc)",68,true,241.0000,1335.1251,80543,0,0,1335000796,3183903080,5648166688
50,false,RF,"6. VND NNI->SPR (Inc)",69,true,225.0000,1325.9052,27402,0,0,1325833442,3151522536,8802283296
50,false,RF,"6. VND NNI->SPR (Inc)",70,true,231.0000,1402.2865,28985,0,0,1402212327,3336133232,10278678304
50,false,RF,"6. VND NNI->SPR (Inc)",71,true,237.0000,1439.4286,76957,0,0,1439309116,3426940712,5279048616
50,false,RF,"6. VND NNI->SPR (Inc)",72,true,230.0000,1340.6478,27953,0,0,1340573283,3183213352,8466719656
50,false,RF,"6. VND NNI->SPR (Inc)",73,true,233.0000,1292.7508,27573,0,0,1292680292,3070741352,10278674192
50,false,RF,"6. VND NNI->SPR (Inc)",74,true,239.0000,1530.4742,81265,0,0,1530348733,3661033344,4943519504
50,false,RF,"6. VND NNI->SPR (Inc)",75,true,224.0000,1485.7028,28064,0,0,1485631521,3538755728,8466734864
50,false,RF,"6. VND NNI->SPR (Inc)",76,true,242.0000,1392.6292,28715,0,0,1392554581,3305283968,10278674192
50,false,RF,"6. VND NNI->SPR (Inc)",77,true,228.0000,1385.4644,27863,0,0,1385393572,3305092040,4809287784
50,false,RF,"6. VND NNI->SPR (Inc)",78,true,240.0000,1372.7208,27482,0,0,1372650587,3269126784,8097622120
50,false,RF,"6. VND NNI->SPR (Inc)",79,true,218.0000,1489.2746,26591,0,0,1489202482,3545911848,10278686192
50,false,RF,"6. VND NNI->SPR (Inc)",80,true,245.0000,1311.2184,82076,0,0,1311093129,3119444504,4473769456
50,false,RF,"6. VND NNI->SPR (Inc)",81,true,261.0000,1580.8021,27622,0,0,1580730116,3776767752,8265420272
50,false,RF,"6. VND NNI->SPR (Inc)",82,true,211.0000,1372.8101,26992,0,0,1372739807,3261614976,10278692368
50,false,RF,"6. VND NNI->SPR (Inc)",83,true,232.0000,1319.0831,27071,0,0,1319013482,3153553568,4406666768
50,false,RF,"6. VND NNI->SPR (Inc)",84,true,194.0000,1422.3239,28274,0,0,1422252649,3394320416,7795664400
50,false,RF,"6. VND NNI->SPR (Inc)",85,true,216.0000,1302.1125,26982,0,0,1302027448,3106338888,10278692368
50,false,RF,"6. VND NNI->SPR (Inc)",86,true,215.0000,1298.2085,102454,0,0,1298064273,3092567632,3735554984
50,false,RF,"6. VND NNI->SPR (Inc)",87,true,238.0000,1428.1621,28595,0,0,1428087095,3398555304,7124552616
50,false,RF,"6. VND NNI->SPR (Inc)",88,true,226.0000,1618.1525,27583,0,0,1618081371,3853713344,10278669224
50,false,RF,"6. VND NNI->SPR (Inc)",89,true,233.0000,1535.1703,77809,0,0,1535051356,3666504488,4373082648
50,false,RF,"6. VND NNI->SPR (Inc)",90,true,250.0000,1585.4771,28304,0,0,1585405569,3776750680,8164733464
50,false,RF,"6. VND NNI->SPR (Inc)",91,true,266.0000,1633.8630,27633,0,0,1633794092,3893566264,10278694832
50,false,RF,"6. VND NNI->SPR (Inc)",92,true,186.0000,1541.4224,29546,0,0,1541353321,3670147640,5446856624
50,false,RF,"6. VND NNI->SPR (Inc)",93,true,206.0000,1185.6503,104117,0,0,1185504318,2819497680,8265428912
50,false,RF,"6. VND NNI->SPR (Inc)",94,true,211.0000,1276.3379,82006,0,0,1276214588,3031403840,10278694832
50,false,RF,"6. VND NNI->SPR (Inc)",95,true,247.0000,1355.0422,26490,0,0,1354968119,3215737824,4272443736
50,false,RF,"6. VND NNI->SPR (Inc)",96,true,278.0000,1334.3112,27523,0,0,1334242113,3179532152,7426560344
50,false,RF,"6. VND NNI->SPR (Inc)",97,true,224.0000,1433.0993,27622,0,0,1433029143,3420509032,10278687064
50,false,RF,"6. VND NNI->SPR (Inc)",98,true,224.0000,1431.3506,25879,0,0,1431284395,3416969920,4004000368
50,false,RF,"6. VND NNI->SPR (Inc)",99,true,243.0000,1485.2161,77327,0,0,1485095933,3534321544,7527215728
50,false,RF,"6. VND NNI->SPR (Inc)",100,true,219.0000,1327.9931,32321,0,0,1327920371,3152956328,10278679152
50,false,MS,"1. NNI (Classic)",1,false,Infinity,145.5361,0,0,0,0,112743288,111592200
50,false,MS,"1. NNI (Classic)",2,false,Infinity,138.7123,0,0,0,0,118222664,212255496
50,false,MS,"1. NNI (Classic)",3,false,Infinity,183.5212,0,0,0,0,162902128,380027656
50,false,MS,"1. NNI (Classic)",4,false,Infinity,94.6463,0,0,0,0,84453096,480690952
50,false,MS,"1. NNI (Classic)",5,false,Infinity,64.9412,0,0,0,0,57081376,514245384
50,false,MS,"1. NNI (Classic)",6,false,Infinity,104.0733,0,0,0,0,90614368,614908680
50,false,MS,"1. NNI (Classic)",7,false,Infinity,64.6523,0,0,0,0,56683656,682017544
50,false,MS,"1. NNI (Classic)",8,false,Infinity,321.8842,0,0,0,0,280010592,950453000
50,false,MS,"1. NNI (Classic)",9,false,Infinity,102.3217,0,0,0,0,90359752,1051116296
50,false,MS,"1. NNI (Classic)",10,false,Infinity,71.1933,0,0,0,0,62069800,1118225160
50,false,MS,"1. NNI (Classic)",11,false,Infinity,77.3125,0,0,0,0,67719320,1185334024
50,false,MS,"1. NNI (Classic)",12,false,Infinity,130.4004,0,0,0,0,112973016,1285997320
50,false,MS,"1. NNI (Classic)",13,false,Infinity,182.9707,0,0,0,0,157798344,1453769480
50,false,MS,"1. NNI (Classic)",14,false,Infinity,104.9435,0,0,0,0,91240624,1554432776
50,false,MS,"1. NNI (Classic)",15,false,Infinity,89.6965,0,0,0,0,78708352,1621541640
50,false,MS,"1. NNI (Classic)",16,false,Infinity,167.5160,0,0,0,0,147116552,1755759368
50,false,MS,"1. NNI (Classic)",17,false,Infinity,128.0819,0,0,0,0,113132864,1889977096
50,false,MS,"1. NNI (Classic)",18,false,Infinity,121.1231,0,0,0,0,106131528,1990640392
50,false,MS,"1. NNI (Classic)",19,false,Infinity,120.7342,0,0,0,0,102810536,2091303688
50,false,MS,"1. NNI (Classic)",20,false,Infinity,137.3623,0,0,0,0,118206016,2191966984
50,false,MS,"1. NNI (Classic)",21,false,Infinity,179.5131,0,0,0,0,156482880,2359739144
50,false,MS,"1. NNI (Classic)",22,false,Infinity,148.0217,0,0,0,0,129717928,2493956872
50,false,MS,"1. NNI (Classic)",23,false,Infinity,139.8493,0,0,0,0,123987864,2628174600
50,false,MS,"1. NNI (Classic)",24,false,Infinity,78.1731,0,0,0,0,67187368,2695283464
50,false,MS,"1. NNI (Classic)",25,false,Infinity,167.4816,0,0,0,0,146406376,2829501192
50,false,MS,"1. NNI (Classic)",26,false,Infinity,129.8429,0,0,0,0,113104952,2930164488
50,false,MS,"1. NNI (Classic)",27,false,Infinity,133.0791,0,0,0,0,117724784,3064382216
50,false,MS,"1. NNI (Classic)",28,false,Infinity,115.6548,0,0,0,0,101393736,3165045512
50,false,MS,"1. NNI (Classic)",29,false,Infinity,103.8150,0,0,0,0,89609144,3265708808
50,false,MS,"1. NNI (Classic)",30,false,Infinity,103.1552,0,0,0,0,90006696,3332817672
50,false,MS,"1. NNI (Classic)",31,false,Infinity,156.6113,0,0,0,0,135312608,3467035400
50,false,MS,"1. NNI (Classic)",32,false,Infinity,197.0067,0,0,0,0,173850416,3634807560
50,false,MS,"1. NNI (Classic)",33,false,Infinity,144.6488,0,0,0,0,125398352,3769025288
50,false,MS,"1. NNI (Classic)",34,false,Infinity,113.5675,0,0,0,0,100554904,3869688584
50,false,MS,"1. NNI (Classic)",35,false,Infinity,162.0931,0,0,0,0,141354896,4003906312
50,false,MS,"1. NNI (Classic)",36,false,Infinity,117.8387,0,0,0,0,102555848,4138124040
50,false,MS,"1. NNI (Classic)",37,false,Infinity,129.0676,0,0,0,0,111761376,4238787336
50,false,MS,"1. NNI (Classic)",38,false,Infinity,162.6379,0,0,0,0,141014736,4373005064
50,false,MS,"1. NNI (Classic)",39,false,Infinity,78.5855,0,0,0,0,68202952,4440113928
50,false,MS,"1. NNI (Classic)",40,false,Infinity,85.0251,0,0,0,0,73567168,4507222792
50,false,MS,"1. NNI (Classic)",41,false,Infinity,127.0089,0,0,0,0,112121376,4641440520
50,false,MS,"1. NNI (Classic)",42,false,Infinity,155.4040,0,0,0,0,135615592,4775658248
50,false,MS,"1. NNI (Classic)",43,false,Infinity,107.9051,0,0,0,0,95367968,4842767112
50,false,MS,"1. NNI (Classic)",44,false,Infinity,90.2960,0,0,0,0,78046872,4943430408
50,false,MS,"1. NNI (Classic)",45,false,Infinity,106.8857,0,0,0,0,91196064,5044093704
50,false,MS,"1. NNI (Classic)",46,false,Infinity,156.5421,0,0,0,0,135925784,5178311432
50,false,MS,"1. NNI (Classic)",47,false,Infinity,147.1177,0,0,0,0,129133168,5278974728
50,false,MS,"1. NNI (Classic)",48,false,Infinity,168.6273,0,0,0,0,147027928,5446746888
50,false,MS,"1. NNI (Classic)",49,false,Infinity,96.7653,0,0,0,0,84321464,5513855752
50,false,MS,"1. NNI (Classic)",50,false,Infinity,96.6166,0,0,0,0,84819168,5614519048
50,false,MS,"1. NNI (Classic)",51,false,Infinity,167.8602,0,0,0,0,145967272,5748736776
50,false,MS,"1. NNI (Classic)",52,false,Infinity,130.8116,0,0,0,0,114234904,5882954504
50,false,MS,"1. NNI (Classic)",53,false,Infinity,126.1835,0,0,0,0,112117336,5983617800
50,false,MS,"1. NNI (Classic)",54,false,Infinity,136.3452,0,0,0,0,118023424,6084281096
50,false,MS,"1. NNI (Classic)",55,false,Infinity,146.6584,0,0,0,0,128790400,6218498824
50,false,MS,"1. NNI (Classic)",56,false,Infinity,76.9302,0,0,0,0,67718912,6285607688
50,false,MS,"1. NNI (Classic)",57,false,Infinity,196.0624,0,0,0,0,173532096,6486934280
50,false,MS,"1. NNI (Classic)",58,false,Infinity,101.9837,0,0,0,0,89786784,6554043144
50,false,MS,"1. NNI (Classic)",59,false,Infinity,136.0343,0,0,0,0,117412672,6688260872
50,false,MS,"1. NNI (Classic)",60,false,Infinity,145.7981,0,0,0,0,128867544,6822478600
50,false,MS,"1. NNI (Classic)",61,false,Infinity,160.3317,0,0,0,0,139727832,6956696328
50,false,MS,"1. NNI (Classic)",62,false,Infinity,123.9529,0,0,0,0,108562896,7057359624
50,false,MS,"1. NNI (Classic)",63,false,Infinity,83.2235,0,0,0,0,73037104,7124468488
50,false,MS,"1. NNI (Classic)",64,false,Infinity,131.3940,0,0,0,0,112468192,7225131784
50,false,MS,"1. NNI (Classic)",65,false,Infinity,144.2102,0,0,0,0,124124720,7359349512
50,false,MS,"1. NNI (Classic)",66,false,Infinity,242.7144,0,0,0,0,212635784,7594230536
50,false,MS,"1. NNI (Classic)",67,false,Infinity,120.9853,0,0,0,0,107035168,7694893832
50,false,MS,"1. NNI (Classic)",68,false,Infinity,131.6897,0,0,0,0,114164488,7795557128
50,false,MS,"1. NNI (Classic)",69,false,Infinity,126.5248,0,0,0,0,112524000,7896220424
50,false,MS,"1. NNI (Classic)",70,false,Infinity,127.0457,0,0,0,0,108297992,8030438152
50,false,MS,"1. NNI (Classic)",71,false,Infinity,154.6513,0,0,0,0,133913376,8164655880
50,false,MS,"1. NNI (Classic)",72,false,Infinity,104.9620,0,0,0,0,90534944,8231764744
50,false,MS,"1. NNI (Classic)",73,false,Infinity,187.3771,0,0,0,0,162456856,8399536904
50,false,MS,"1. NNI (Classic)",74,false,Infinity,108.4510,0,0,0,0,95720072,8500200200
50,false,MS,"1. NNI (Classic)",75,false,Infinity,127.4947,0,0,0,0,112339080,8600863496
50,false,MS,"1. NNI (Classic)",76,false,Infinity,155.1171,0,0,0,0,134315560,8735081224
50,false,MS,"1. NNI (Classic)",77,false,Infinity,206.8135,0,0,0,0,178765224,8936407816
50,false,MS,"1. NNI (Classic)",78,false,Infinity,181.9064,0,0,0,0,156548504,9070625544
50,false,MS,"1. NNI (Classic)",79,false,Infinity,149.7351,0,0,0,0,130014080,9204843272
50,false,MS,"1. NNI (Classic)",80,false,Infinity,189.4829,0,0,0,0,167449200,9372615432
50,false,MS,"1. NNI (Classic)",81,false,Infinity,259.8657,0,0,0,0,228283624,9607496456
50,false,MS,"1. NNI (Classic)",82,false,Infinity,136.0768,0,0,0,0,119449768,9741714184
50,false,MS,"1. NNI (Classic)",83,false,Infinity,115.6978,0,0,0,0,101101616,9842377480
50,false,MS,"1. NNI (Classic)",84,false,Infinity,202.3302,0,0,0,0,173809088,10010149640
50,false,MS,"1. NNI (Classic)",85,false,Infinity,155.0743,0,0,0,0,135291984,10144367368
50,false,MS,"1. NNI (Classic)",86,false,Infinity,129.4056,0,0,0,0,113052880,10245030664
50,false,MS,"1. NNI (Classic)",87,false,Infinity,187.5185,0,0,0,0,162794600,10319863760
50,false,MS,"1. NNI (Classic)",88,false,Infinity,96.3162,0,0,0,0,84127696,219979728
50,false,MS,"1. NNI (Classic)",89,false,Infinity,148.1306,0,0,0,0,129107048,320643024
50,false,MS,"1. NNI (Classic)",90,false,Infinity,97.9352,0,0,0,0,84775240,421306320
50,false,MS,"1. NNI (Classic)",91,false,Infinity,147.2693,0,0,0,0,130586648,555524048
50,false,MS,"1. NNI (Classic)",92,false,Infinity,96.9144,0,0,0,0,84542296,622632912
50,false,MS,"1. NNI (Classic)",93,false,Infinity,116.8249,0,0,0,0,100987752,723296208
50,false,MS,"1. NNI (Classic)",94,false,Infinity,189.4783,0,0,0,0,167503424,891068368
50,false,MS,"1. NNI (Classic)",95,false,Infinity,143.8335,0,0,0,0,123594360,1025286096
50,false,MS,"1. NNI (Classic)",96,false,Infinity,102.5996,0,0,0,0,89654960,1125949392
50,false,MS,"1. NNI (Classic)",97,false,Infinity,136.9542,0,0,0,0,118276000,1226612688
50,false,MS,"1. NNI (Classic)",98,false,Infinity,134.8756,0,0,0,0,114543016,1360830416
50,false,MS,"1. NNI (Classic)",99,false,Infinity,174.7173,0,0,0,0,151540872,1495048144
50,false,MS,"1. NNI (Classic)",100,false,Infinity,130.2960,0,0,0,0,112658864,1629265872
50,false,MS,"2. NNI (Incremental)",1,false,Infinity,8.1206,0,0,0,0,12702592,11292144
50,false,MS,"2. NNI (Incremental)",2,false,Infinity,3.5350,0,0,0,0,10923752,11292144
50,false,MS,"2. NNI (Incremental)",3,false,Infinity,3.6584,0,0,0,0,12053880,44846576
50,false,MS,"2. NNI (Incremental)",4,false,Infinity,2.7379,0,0,0,0,8644848,44846576
50,false,MS,"2. NNI (Incremental)",5,false,Infinity,1.7388,0,0,0,0,5237944,44846576
50,false,MS,"2. NNI (Incremental)",6,false,Infinity,2.8278,0,0,0,0,9216744,44846576
50,false,MS,"2. NNI (Incremental)",7,false,Infinity,2.2408,0,0,0,0,6942824,44846576
50,false,MS,"2. NNI (Incremental)",8,false,Infinity,6.2731,0,0,0,0,20575088,78401008
50,false,MS,"2. NNI (Incremental)",9,false,Infinity,3.0126,0,0,0,0,9781136,78401008
50,false,MS,"2. NNI (Incremental)",10,false,Infinity,2.6829,0,0,0,0,8640424,111955440
50,false,MS,"2. NNI (Incremental)",11,false,Infinity,2.1854,0,0,0,0,6939296,111955440
50,false,MS,"2. NNI (Incremental)",12,false,Infinity,3.4878,0,0,0,0,11481760,111955440
50,false,MS,"2. NNI (Incremental)",13,false,Infinity,4.7227,0,0,0,0,15469688,145509872
50,false,MS,"2. NNI (Incremental)",14,false,Infinity,4.0467,0,0,0,0,12624040,145509872
50,false,MS,"2. NNI (Incremental)",15,false,Infinity,2.6222,0,0,0,0,8074128,145509872
50,false,MS,"2. NNI (Incremental)",16,false,Infinity,5.5473,0,0,0,0,17728208,179064304
50,false,MS,"2. NNI (Incremental)",17,false,Infinity,2.7924,0,0,0,0,9217024,179064304
50,false,MS,"2. NNI (Incremental)",18,false,Infinity,2.5958,0,0,0,0,7997064,179064304
50,false,MS,"2. NNI (Incremental)",19,false,Infinity,2.6844,0,0,0,0,8415272,212618736
50,false,MS,"2. NNI (Incremental)",20,false,Infinity,3.4158,0,0,0,0,11319320,212618736
50,false,MS,"2. NNI (Incremental)",21,false,Infinity,2.7384,0,0,0,0,8829280,212618736
50,false,MS,"2. NNI (Incremental)",22,false,Infinity,2.9085,0,0,0,0,10069792,212618736
50,false,MS,"2. NNI (Incremental)",23,false,Infinity,2.8595,0,0,0,0,9661944,246173168
50,false,MS,"2. NNI (Incremental)",24,false,Infinity,1.8040,0,0,0,0,5512736,246173168
50,false,MS,"2. NNI (Incremental)",25,false,Infinity,3.1098,0,0,0,0,10499928,246173168
50,false,MS,"2. NNI (Incremental)",26,false,Infinity,1.7265,0,0,0,0,5512512,246173168
50,false,MS,"2. NNI (Incremental)",27,false,Infinity,2.8494,0,0,0,0,8408440,279727600
50,false,MS,"2. NNI (Incremental)",28,false,Infinity,2.0800,0,0,0,0,6386576,279727600
50,false,MS,"2. NNI (Incremental)",29,false,Infinity,2.3107,0,0,0,0,7662480,279727600
50,false,MS,"2. NNI (Incremental)",30,false,Infinity,3.5669,0,0,0,0,12206096,279727600
50,false,MS,"2. NNI (Incremental)",31,false,Infinity,2.5907,0,0,0,0,8909040,313282032
50,false,MS,"2. NNI (Incremental)",32,false,Infinity,3.5753,0,0,0,0,12648888,313282032
50,false,MS,"2. NNI (Incremental)",33,false,Infinity,2.0309,0,0,0,0,8075144,313282032
50,false,MS,"2. NNI (Incremental)",34,false,Infinity,2.1447,0,0,0,0,7661752,346836464
50,false,MS,"2. NNI (Incremental)",35,false,Infinity,2.8407,0,0,0,0,10563112,346836464
50,false,MS,"2. NNI (Incremental)",36,false,Infinity,2.1513,0,0,0,0,7661024,346836464
50,false,MS,"2. NNI (Incremental)",37,false,Infinity,2.4971,0,0,0,0,9312856,346836464
50,false,MS,"2. NNI (Incremental)",38,false,Infinity,2.0990,0,0,0,0,7665336,380390896
50,false,MS,"2. NNI (Incremental)",39,false,Infinity,1.6804,0,0,0,0,6003928,380390896
50,false,MS,"2. NNI (Incremental)",40,false,Infinity,1.3473,0,0,0,0,4755856,380390896
50,false,MS,"2. NNI (Incremental)",41,false,Infinity,2.2511,0,0,0,0,7659288,380390896
50,false,MS,"2. NNI (Incremental)",42,false,Infinity,2.1114,0,0,0,0,7662760,380390896
50,false,MS,"2. NNI (Incremental)",43,false,Infinity,2.0701,0,0,0,0,7237944,413945328
50,false,MS,"2. NNI (Incremental)",44,false,Infinity,1.7796,0,0,0,0,5993512,413945328
50,false,MS,"2. NNI (Incremental)",45,false,Infinity,2.1856,0,0,0,0,8069880,413945328
50,false,MS,"2. NNI (Incremental)",46,false,Infinity,3.1545,0,0,0,0,11814208,413945328
50,false,MS,"2. NNI (Incremental)",47,false,Infinity,2.8284,0,0,0,0,10148600,447499760
50,false,MS,"2. NNI (Incremental)",48,false,Infinity,2.7837,0,0,0,0,10143056,447499760
50,false,MS,"2. NNI (Incremental)",49,false,Infinity,1.8207,0,0,0,0,6823544,447499760
50,false,MS,"2. NNI (Incremental)",50,false,Infinity,1.5200,0,0,0,0,5174904,447499760
50,false,MS,"2. NNI (Incremental)",51,false,Infinity,3.0280,0,0,0,0,10979696,481054192
50,false,MS,"2. NNI (Incremental)",52,false,Infinity,3.2780,0,0,0,0,11390736,481054192
50,false,MS,"2. NNI (Incremental)",53,false,Infinity,2.0459,0,0,0,0,7199368,481054192
50,false,MS,"2. NNI (Incremental)",54,false,Infinity,2.5854,0,0,0,0,9319240,514608624
50,false,MS,"2. NNI (Incremental)",55,false,Infinity,2.6422,0,0,0,0,9737784,514608624
50,false,MS,"2. NNI (Incremental)",56,false,Infinity,1.4213,0,0,0,0,5170256,514608624
50,false,MS,"2. NNI (Incremental)",57,false,Infinity,4.1881,0,0,0,0,15871552,514608624
50,false,MS,"2. NNI (Incremental)",58,false,Infinity,1.8687,0,0,0,0,6764232,548163056
50,false,MS,"2. NNI (Incremental)",59,false,Infinity,2.8699,0,0,0,0,10486048,548163056
50,false,MS,"2. NNI (Incremental)",60,false,Infinity,2.5837,0,0,0,0,9658872,548163056
50,false,MS,"2. NNI (Incremental)",61,false,Infinity,2.6204,0,0,0,0,9250744,581717488
50,false,MS,"2. NNI (Incremental)",62,false,Infinity,3.2143,0,0,0,0,11738488,581717488
50,false,MS,"2. NNI (Incremental)",63,false,Infinity,1.7613,0,0,0,0,6340760,581717488
50,false,MS,"2. NNI (Incremental)",64,false,Infinity,2.2946,0,0,0,0,8419704,581717488
50,false,MS,"2. NNI (Incremental)",65,false,Infinity,3.0903,0,0,0,0,10901008,615271920
50,false,MS,"2. NNI (Incremental)",66,false,Infinity,3.9340,0,0,0,0,14645224,615271920
50,false,MS,"2. NNI (Incremental)",67,false,Infinity,2.2461,0,0,0,0,8421832,615271920
50,false,MS,"2. NNI (Incremental)",68,false,Infinity,2.6747,0,0,0,0,9247664,648826352
50,false,MS,"2. NNI (Incremental)",69,false,Infinity,2.6336,0,0,0,0,9246656,648826352
50,false,MS,"2. NNI (Incremental)",70,false,Infinity,3.1193,0,0,0,0,10082288,648826352
50,false,MS,"2. NNI (Incremental)",71,false,Infinity,1.7042,0,0,0,0,5927704,648826352
50,false,MS,"2. NNI (Incremental)",72,false,Infinity,2.5471,0,0,0,0,9243016,682380784
50,false,MS,"2. NNI (Incremental)",73,false,Infinity,3.0547,0,0,0,0,10905208,682380784
50,false,MS,"2. NNI (Incremental)",74,false,Infinity,1.9870,0,0,0,0,7172976,682380784
50,false,MS,"2. NNI (Incremental)",75,false,Infinity,2.1847,0,0,0,0,8008048,682380784
50,false,MS,"2. NNI (Incremental)",76,false,Infinity,3.0805,0,0,0,0,11329912,715935216
50,false,MS,"2. NNI (Incremental)",77,false,Infinity,2.7752,0,0,0,0,10076912,715935216
50,false,MS,"2. NNI (Incremental)",78,false,Infinity,1.9860,0,0,0,0,7168384,715935216
50,false,MS,"2. NNI (Incremental)",79,false,Infinity,2.2434,0,0,0,0,8003960,749489648
50,false,MS,"2. NNI (Incremental)",80,false,Infinity,2.9509,0,0,0,0,10903136,749489648
50,false,MS,"2. NNI (Incremental)",81,false,Infinity,5.0974,0,0,0,0,18378016,749489648
50,false,MS,"2. NNI (Incremental)",82,false,Infinity,3.1643,0,0,0,0,11318656,783044080
50,false,MS,"2. NNI (Incremental)",83,false,Infinity,1.8555,0,0,0,0,6761152,783044080
50,false,MS,"2. NNI (Incremental)",84,false,Infinity,1.9903,0,0,0,0,7174712,783044080
50,false,MS,"2. NNI (Incremental)",85,false,Infinity,2.5426,0,0,0,0,9243072,783044080
50,false,MS,"2. NNI (Incremental)",86,false,Infinity,2.2489,0,0,0,0,7998472,816598512
50,false,MS,"2. NNI (Incremental)",87,false,Infinity,2.9125,0,0,0,0,10895800,816598512
50,false,MS,"2. NNI (Incremental)",88,false,Infinity,1.7815,0,0,0,0,6757176,816598512
50,false,MS,"2. NNI (Incremental)",89,false,Infinity,4.0004,0,0,0,0,14237656,850152944
50,false,MS,"2. NNI (Incremental)",90,false,Infinity,1.6209,0,0,0,0,5929216,850152944
50,false,MS,"2. NNI (Incremental)",91,false,Infinity,2.4751,0,0,0,0,9662624,850152944
50,false,MS,"2. NNI (Incremental)",92,false,Infinity,1.8964,0,0,0,0,6759640,850152944
50,false,MS,"2. NNI (Incremental)",93,false,Infinity,1.4879,0,0,0,0,5099016,850152944
50,false,MS,"2. NNI (Incremental)",94,false,Infinity,3.2726,0,0,0,0,11732888,883707376
50,false,MS,"2. NNI (Incremental)",95,false,Infinity,2.9309,0,0,0,0,10491032,883707376
50,false,MS,"2. NNI (Incremental)",96,false,Infinity,2.7245,0,0,0,0,10082008,883707376
50,false,MS,"2. NNI (Incremental)",97,false,Infinity,2.3662,0,0,0,0,8420264,917261808
50,false,MS,"2. NNI (Incremental)",98,false,Infinity,2.9928,0,0,0,0,10499376,917261808
50,false,MS,"2. NNI (Incremental)",99,false,Infinity,2.6496,0,0,0,0,9247664,917261808
50,false,MS,"2. NNI (Incremental)",100,false,Infinity,2.1388,0,0,0,0,8005136,917261808
50,false,MS,"3. VND NNI->ECR->SPR (Classic)",1,true,214.0000,44277.8083,183064614,2520598961,31507181699,10065642980,52612430864,17197496320
50,false,MS,"3. VND NNI->ECR->SPR (Classic)",2,true,193.0000,28843.3320,156182503,1613070552,6389348629,20683611687,45532716664,20285067968
50,false,MS,"3. VND NNI->ECR->SPR (Classic)",3,true,200.0000,26673.6644,230771186,1953233013,15393883463,9094705128,34784449920,27288451072
50,false,MS,"3. VND NNI->ECR->SPR (Classic)",4,true,171.0000,24164.6792,133922140,1667426143,10614241929,11748018804,33761595032,35012555344
50,false,MS,"3. VND NNI->ECR->SPR (Classic)",5,true,173.0000,39030.9921,93357235,1383064303,27291034312,10262500067,49032119944,16021223664
50,false,MS,"3. VND NNI->ECR->SPR (Classic)",6,true,155.0000,35213.5139,138870640,975279515,25131292972,8967062907,45146511688,14696837760
50,false,MS,"3. VND NNI->ECR->SPR (Classic)",7,true,210.0000,29339.0879,86921793,1408417944,7749307751,20093201179,46672594840,12615471680
50,false,MS,"3. VND NNI->ECR->SPR (Classic)",8,true,190.0000,36921.5706,353602388,1391230358,32452477538,2723247949,41534650288,16363291200
50,false,MS,"3. VND NNI->ECR->SPR (Classic)",9,true,197.0000,33954.5131,122997638,1079131420,17018798686,15732455196,48134987752,21449502320
50,false,MS,"3. VND NNI->ECR->SPR (Classic)",10,true,190.0000,28318.2588,110229047,2182235659,11484500170,14540177821,41675292008,16262683496
50,false,MS,"3. VND NNI->ECR->SPR (Classic)",11,true,190.0000,29509.4375,111906596,1890369857,14041608707,13464284489,40674415520,14887454408
50,false,MS,"3. VND NNI->ECR->SPR (Classic)",12,true,193.0000,31116.9359,180815833,2887035890,20856580853,7191435266,35865330496,22570390216
50,false,MS,"3. VND NNI->ECR->SPR (Classic)",13,true,197.0000,36523.3934,201002924,1915522852,25196046025,9209752718,42959342192,36911958960
50,false,MS,"3. VND NNI->ECR->SPR (Classic)",14,true,195.0000,29131.2266,137483068,1778811672,15144287597,12069426123,40351473624,16107847880
50,false,MS,"3. VND NNI->ECR->SPR (Classic)",15,true,190.0000,35925.4375,135270657,1886885924,16728735864,17173348407,51987498808,14063605448
50,false,MS,"3. VND NNI->ECR->SPR (Classic)",16,true,194.0000,41400.2985,207159141,1006346272,24732797711,15452881560,51511499552,27154017480
50,false,MS,"3. VND NNI->ECR->SPR (Classic)",17,true,182.0000,26490.3337,160483978,2497936287,14704921831,9125895875,35725575296,20263021808
50,false,MS,"3. VND NNI->ECR->SPR (Classic)",18,true,225.0000,28316.2820,174216594,1755382486,10826080391,15559382576,42159099744,24278823112
50,false,MS,"3. VND NNI->ECR->SPR (Classic)",19,false,Infinity,41275.0747,173648304,1830110871,29311231879,9958788704,52561150008,30827717832
50,false,MS,"3. VND NNI->ECR->SPR (Classic)",20,true,193.0000,20084.1260,156749356,2248632679,2144221075,15533413341,33262525544,30407220168
50,false,MS,"3. VND NNI->ECR->SPR (Classic)",21,true,174.0000,29892.9348,224875613,1734502320,17849035825,10083397876,40421213752,40706732272
50,false,MS,"3. VND NNI->ECR->SPR (Classic)",22,true,239.0000,35794.4745,201092844,1451000274,10298908240,23842063502,55672259144,44639462776
50,false,MS,"3. VND NNI->ECR->SPR (Classic)",23,true,205.0000,25401.7170,159709003,1885637148,6903493921,16451636384,39685649008,14882364616
50,false,MS,"3. VND NNI->ECR->SPR (Classic)",24,true,178.0000,28870.3535,98702207,1769130754,10940699846,16060709537,41938057584,14347300552
50,false,MS,"3. VND NNI->ECR->SPR (Classic)",25,true,190.0000,41423.6274,194004395,1370403410,27127943007,12730109975,50725286232,20782251720
50,false,MS,"3. VND NNI->ECR->SPR (Classic)",26,true,192.0000,25478.3597,164230291,2246194933,11277218975,11789539233,36425032736,17010717384
50,false,MS,"3. VND NNI->ECR->SPR (Classic)",27,true,152.0000,28153.6633,165902754,1258280663,11518482775,15209997139,37826012904,35180305912
50,false,MS,"3. VND NNI->ECR->SPR (Classic)",28,true,176.0000,27519.8832,192285947,2332640719,16069804072,8924043525,37456371384,30042285216
50,false,MS,"3. VND NNI->ECR->SPR (Classic)",29,true,172.0000,30884.5920,155513236,1936383563,23371144981,5420508108,38478783808,35963686200
50,false,MS,"3. VND NNI->ECR->SPR (Classic)",30,true,184.0000,35304.4312,123746421,2119783292,23465470433,9594343928,45168339624,42602424136
50,false,MS,"3. VND NNI->ECR->SPR (Classic)",31,true,200.0000,30683.3080,191651539,1270919088,12443162056,16776491232,44681261680,32860198024
50,false,MS,"3. VND NNI->ECR->SPR (Classic)",32,true,188.0000,28348.8678,217387353,1731169412,15385151115,11014176138,39205241064,36206849224
50,false,MS,"3. VND NNI->ECR->SPR (Classic)",33,true,227.0000,34040.6769,164767433,1782336829,11164920504,20927326742,52551308344,39206250696
50,false,MS,"3. VND NNI->ECR->SPR (Classic)",34,true,188.0000,37077.1366,167581244,1456912159,26160162997,9291318725,46988381096,43134263608
50,false,MS,"3. VND NNI->ECR->SPR (Classic)",35,true,216.0000,36111.0979,182187633,1849569967,13737378743,20340710635,53504370288,42120447688
50,false,MS,"3. VND NNI->ECR->SPR (Classic)",36,true,177.0000,34181.0012,145423407,995063554,17355481767,15683912059,46544281360,49796214712
50,false,MS,"3. VND NNI->ECR->SPR (Classic)",37,true,198.0000,30606.3223,156787919,1570492156,15234499405,13643366426,43189415480,19690632904
50,false,MS,"3. VND NNI->ECR->SPR (Classic)",38,true,211.0000,28775.5045,182578897,1803397761,8559197686,18229156844,44744690944,19589976776
50,false,MS,"3. VND NNI->ECR->SPR (Classic)",39,true,194.0000,29285.5297,106188834,2115979877,9676146001,17386024870,44537319824,20830840720
50,false,MS,"3. VND NNI->ECR->SPR (Classic)",40,true,178.0000,38042.2574,112196958,1414742917,25450873722,11063207196,47234748592,26561633456
50,false,MS,"3. VND NNI->ECR->SPR (Classic)",41,true,187.0000,32102.9729,174823066,1735837422,15445916860,14745154070,43544931024,30840640712
50,false,MS,"3. VND NNI->ECR->SPR (Classic)",42,true,219.0000,30100.1783,215221153,3010859235,14158756613,12714099446,39466553512,21344948616
50,false,MS,"3. VND NNI->ECR->SPR (Classic)",43,true,197.0000,33917.0476,141287028,1937146347,17828377605,14008947085,44204578664,22793963496
50,false,MS,"3. VND NNI->ECR->SPR (Classic)",44,true,217.0000,30378.7050,117226853,1941844923,16550744454,11767767930,41446764552,31162101320
50,false,MS,"3. VND NNI->ECR->SPR (Classic)",45,true,230.0000,35293.0372,127200261,1418537974,11919528197,21826554572,54871563696,39302281976
50,false,MS,"3. VND NNI->ECR->SPR (Classic)",46,true,185.0000,27780.4830,176198834,1630954643,12366699074,13605550965,40433967864,31015733496
50,false,MS,"3. VND NNI->ECR->SPR (Classic)",47,true,219.0000,27095.4862,186982622,2629289303,9887961490,14390028368,40922664136,37768165928
50,false,MS,"3. VND NNI->ECR->SPR (Classic)",48,true,208.0000,32952.8505,189231205,1643620210,18425995213,12692895592,46028534064,38237761064
50,false,MS,"3. VND NNI->ECR->SPR (Classic)",49,true,180.0000,35133.3536,154621168,1484908251,20942004788,12550672081,48240642456,39553025176
50,false,MS,"3. VND NNI->ECR->SPR (Classic)",50,true,174.0000,27871.5767,129374236,2173053848,16531573685,9036621871,37893672744,37774708936
50,false,MS,"3. VND NNI->ECR->SPR (Classic)",51,true,206.0000,22057.5504,204036593,3578544332,9327824682,8945989294,31530674248,38070398728
50,false,MS,"3. VND NNI->ECR->SPR (Classic)",52,true,179.0000,32662.6278,174816862,2363724484,22948655163,7174334938,42052869000,38503236536
50,false,MS,"3. VND NNI->ECR->SPR (Classic)",53,true,196.0000,24510.8089,147737507,1279167500,7898742895,15184065350,38562052760,37953114920
50,false,MS,"3. VND NNI->ECR->SPR (Classic)",54,true,200.0000,31211.6349,157009780,1266082696,13462239394,16325135055,46409107584,39034083528
50,false,MS,"3. VND NNI->ECR->SPR (Classic)",55,true,189.0000,24295.0579,173681925,2097557675,11331541255,10691190483,35406829256,37792569544
50,false,MS,"3. VND NNI->ECR->SPR (Classic)",56,true,191.0000,26548.4574,98659895,1445219377,8898176085,16105356196,41566683752,37771609736
50,false,MS,"3. VND NNI->ECR->SPR (Classic)",57,true,226.0000,27863.5244,214147120,1879245475,10419297436,15349578091,42397237472,38530767048
50,false,MS,"3. VND NNI->ECR->SPR (Classic)",58,true,174.0000,44944.4588,146989935,1381932670,34352527282,9061925713,54747088952,45979215048
50,false,MS,"3. VND NNI->ECR->SPR (Classic)",59,true,198.0000,25228.5077,242856987,1855933982,9350267620,13778281000,37602931368,27913042536
50,false,MS,"3. VND NNI->ECR->SPR (Classic)",60,true,186.0000,31542.2769,166495990,850812654,12640760557,17883052322,43028057632,14864026824
50,false,MS,"3. VND NNI->ECR->SPR (Classic)",61,true,204.0000,31125.6052,195101349,1693700067,13626999595,15608560234,45193022288,16271087632
50,false,MS,"3. VND NNI->ECR->SPR (Classic)",62,true,207.0000,30967.1048,150964223,2458149905,14554543801,13802197803,43772314536,13600445776
50,false,MS,"3. VND NNI->ECR->SPR (Classic)",63,true,218.0000,24284.8985,103547939,2221191664,6315900157,15643053983,37837712152,16432706640
50,false,MS,"3. VND NNI->ECR->SPR (Classic)",64,true,184.0000,29937.4760,163437985,1501428710,15431663376,12839778404,41789850776,14057798480
50,false,MS,"3. VND NNI->ECR->SPR (Classic)",65,true,182.0000,43167.2597,203186215,1597486528,29146563612,12218894621,52624408984,20031282160
50,false,MS,"3. VND NNI->ECR->SPR (Classic)",66,true,168.0000,26268.5401,263549259,1430385324,14387831699,10185752807,35875562648,14321269072
50,false,MS,"3. VND NNI->ECR->SPR (Classic)",67,true,173.0000,34947.0208,151978263,1794985136,19325099813,13673888374,43035089448,18289036424
50,false,MS,"3. VND NNI->ECR->SPR (Classic)",68,true,228.0000,36189.1707,153733310,1280897318,18721475404,16031846390,49850438528,14645277520
50,false,MS,"3. VND NNI->ECR->SPR (Classic)",69,true,175.0000,37546.5286,173628266,922216206,20089893524,16359560083,48010140512,15256439120
50,false,MS,"3. VND NNI->ECR->SPR (Classic)",70,true,188.0000,28851.8544,151854334,1451066103,14395533918,12852305146,40592130080,14466404688
50,false,MS,"3. VND NNI->ECR->SPR (Classic)",71,true,236.0000,28906.9007,174870218,1592337262,11497271670,15641225625,42798267248,13065477632
50,false,MS,"3. VND NNI->ECR->SPR (Classic)",72,true,196.0000,51837.6231,141558004,999786339,39520997464,11174134236,60835341712,18987544912
50,false,MS,"3. VND NNI->ECR->SPR (Classic)",73,true,209.0000,35371.6319,212210011,1101468453,13697195671,20359681729,50740637504,25890690456
50,false,MS,"3. VND NNI->ECR->SPR (Classic)",74,true,199.0000,31248.8814,149001617,1937355679,15327746260,13833590172,43828871112,15893275984
50,false,MS,"3. VND NNI->ECR->SPR (Classic)",75,true,179.0000,41424.8811,215791080,713854467,31261527724,9232491274,49126692568,16561010000
50,false,MS,"3. VND NNI->ECR->SPR (Classic)",76,true,192.0000,38724.0865,175523714,1486328341,25996134508,11064929672,48628997072,25313259856
50,false,MS,"3. VND NNI->ECR->SPR (Classic)",77,true,222.0000,28369.3094,240091612,1872933998,9190185631,17064887679,42201101568,31531412816
50,false,MS,"3. VND NNI->ECR->SPR (Classic)",78,true,169.0000,30208.0074,218807486,1769632520,17985964763,10232662810,39709139488,32254083408
50,false,MS,"3. VND NNI->ECR->SPR (Classic)",79,true,204.0000,28415.0121,183705472,2401970858,13034212206,12793951242,40225744080,28936187728
50,false,MS,"3. VND NNI->ECR->SPR (Classic)",80,true,195.0000,27242.5283,211270943,2018184040,13047600726,11964419612,36676405704,43005840224
50,false,MS,"3. VND NNI->ECR->SPR (Classic)",81,false,Infinity,25858.4208,291423479,2052418253,11657160969,11856216370,37244335104,36576111984
50,false,MS,"3. VND NNI->ECR->SPR (Classic)",82,true,175.0000,37433.2880,187827402,1497870040,20735404129,15010949915,48236970384,16989759312
50,false,MS,"3. VND NNI->ECR->SPR (Classic)",83,true,159.0000,34496.5672,153564395,1558122892,24507324067,8276627099,43327803536,24717335888
50,false,MS,"3. VND NNI->ECR->SPR (Classic)",84,true,150.0000,25128.6712,252562928,2580127489,20508882281,1786097281,28734400984,25751794512
50,false,MS,"3. VND NNI->ECR->SPR (Classic)",85,true,192.0000,30173.9177,189984233,2187899729,16075640008,11719218391,41522270408,31295868240
50,false,MS,"3. VND NNI->ECR->SPR (Classic)",86,true,201.0000,28199.3705,167946965,1862757705,9655434324,16511980235,42534111208,14523455528
50,false,MS,"3. VND NNI->ECR->SPR (Classic)",87,true,181.0000,29822.8379,229159724,2580339749,22435004007,4577230736,36773472528,13436357664
50,false,MS,"3. VND NNI->ECR->SPR (Classic)",88,true,208.0000,30259.3393,117394879,2027604304,13575212185,14537799057,43840866392,13002317648
50,false,MS,"3. VND NNI->ECR->SPR (Classic)",89,true,189.0000,29417.4305,174278255,2910302650,19849341534,6482458709,36639873696,15267557712
50,false,MS,"3. VND NNI->ECR->SPR (Classic)",90,true,201.0000,34416.0682,120212548,1491490146,16509758720,16293406514,45562354376,15344200016
50,false,MS,"3. VND NNI->ECR->SPR (Classic)",91,true,189.0000,25125.1992,168122246,3400603437,12338758732,9216607058,33948772064,18682302288
50,false,MS,"3. VND NNI->ECR->SPR (Classic)",92,true,202.0000,36367.3364,124013957,1500716943,14894384617,19847130329,52509702520,25028360744
50,false,MS,"3. VND NNI->ECR->SPR (Classic)",93,true,182.0000,24393.2230,157223201,1601837513,11678993005,10954093405,34137520960,28309572976
50,false,MS,"3. VND NNI->ECR->SPR (Classic)",94,true,222.0000,35381.3482,210802353,734457858,14383068725,20051771646,48981028824,16785351504
50,false,MS,"3. VND NNI->ECR->SPR (Classic)",95,false,Infinity,27758.0111,200440448,2481469281,16045341047,9029557806,37143819120,21269895520
50,false,MS,"3. VND NNI->ECR->SPR (Classic)",96,true,175.0000,29414.8126,137492910,2096011594,15561140586,11619112441,39173990584,28653570552
50,false,MS,"3. VND NNI->ECR->SPR (Classic)",97,true,198.0000,30100.1409,158860384,1350963507,9609986056,18979152184,45942712304,35599828736
50,false,MS,"3. VND NNI->ECR->SPR (Classic)",98,true,194.0000,31473.9117,226725833,2823783258,22899261075,5522973837,38196017592,32894081264
50,false,MS,"3. VND NNI->ECR->SPR (Classic)",99,true,210.0000,31698.1689,195493779,1329388138,17236989767,12935134950,43462278544,30330077008
50,false,MS,"3. VND NNI->ECR->SPR (Classic)",100,true,222.0000,31376.8113,162166153,2149600174,10537326200,18526398011,47246967336,37302848240
50,false,MS,"4. VND NNI->SPR (Classic)",1,true,235.0000,37179.7185,136487147,0,0,37042033558,63309723816,14763318216
50,false,MS,"4. VND NNI->SPR (Classic)",2,true,220.0000,35143.1862,143700915,0,0,34998209099,56453063952,26901184752
50,false,MS,"4. VND NNI->SPR (Classic)",3,true,266.0000,36073.5970,376566807,0,0,35695552377,61677674768,40363651664
50,false,MS,"4. VND NNI->SPR (Classic)",4,true,226.0000,32095.8579,101681748,0,0,31992891855,58143396976,41183100632
50,false,MS,"4. VND NNI->SPR (Classic)",5,true,242.0000,34522.5359,72408150,0,0,34448987971,61647791280,43061882376
50,false,MS,"4. VND NNI->SPR (Classic)",6,false,Infinity,39685.5159,119513651,0,0,39564641068,70014001528,46485686792
50,false,MS,"4. VND NNI->SPR (Classic)",7,true,252.0000,40901.1432,73458007,0,0,40826333640,73189996728,44978300936
50,false,MS,"4. VND NNI->SPR (Classic)",8,true,245.0000,30871.1615,329653460,0,0,30540388380,53754536320,44876983152
50,false,MS,"4. VND NNI->SPR (Classic)",9,true,242.0000,34632.8506,110695133,0,0,34520957670,61399574400,44573084168
50,false,MS,"4. VND NNI->SPR (Classic)",10,true,233.0000,36566.2508,78772724,0,0,36486191030,64811727552,45965898248
50,false,MS,"4. VND NNI->SPR (Classic)",11,false,Infinity,35571.9955,91549202,0,0,35479188160,63092897744,46755006728
50,false,MS,"4. VND NNI->SPR (Classic)",12,false,Infinity,37879.2862,144304948,0,0,37733469872,65011504216,49459673608
50,false,MS,"4. VND NNI->SPR (Classic)",13,true,268.0000,35086.8063,191068100,0,0,34894504371,59998019640,18024174632
50,false,MS,"4. VND NNI->SPR (Classic)",14,false,Infinity,36616.3010,118428759,0,0,36496613371,64812458040,21293658120
50,false,MS,"4. VND NNI->SPR (Classic)",15,true,250.0000,36507.6560,97570893,0,0,36408615403,64682220288,22079266184
50,false,MS,"4. VND NNI->SPR (Classic)",16,false,Infinity,35777.5725,183192383,0,0,35593120356,63329317880,28780952680
50,false,MS,"4. VND NNI->SPR (Classic)",17,true,250.0000,38415.4932,136641404,0,0,38277428653,66600832104,18588345200
50,false,MS,"4. VND NNI->SPR (Classic)",18,true,268.0000,32735.7399,128306894,0,0,32606017799,58392636784,20659278440
50,false,MS,"4. VND NNI->SPR (Classic)",19,true,251.0000,35425.1626,127616972,0,0,35296186358,63031968552,21701824104
50,false,MS,"4. VND NNI->SPR (Classic)",20,true,229.0000,36677.0370,143654260,0,0,36532100219,63256550200,31370628792
50,false,MS,"4. VND NNI->SPR (Classic)",21,true,222.0000,33880.8049,187874636,0,0,33691641346,60071861848,19397648824
50,false,MS,"4. VND NNI->SPR (Classic)",22,true,273.0000,39637.8850,155782716,0,0,39480617148,70043243712,22920627728
50,false,MS,"4. VND NNI->SPR (Classic)",23,true,240.0000,35662.5045,145714319,0,0,35515355490,63173504672,23066868328
50,false,MS,"4. VND NNI->SPR (Classic)",24,true,228.0000,35503.2894,85689157,0,0,35416371409,63121349528,25047754456
50,false,MS,"4. VND NNI->SPR (Classic)",25,false,Infinity,35970.2496,179967439,0,0,35789048619,61546138488,19255780744
50,false,MS,"4. VND NNI->SPR (Classic)",26,true,238.0000,36936.4654,137984138,0,0,36797113380,64885074512,22902300976
50,false,MS,"4. VND NNI->SPR (Classic)",27,true,225.0000,37034.8914,141112477,0,0,36892473730,58330366944,29549514152
50,false,MS,"4. VND NNI->SPR (Classic)",28,true,248.0000,39029.3111,123680436,0,0,38904186094,69764703296,32844523752
50,false,MS,"4. VND NNI->SPR (Classic)",29,true,251.0000,31867.1728,110930449,0,0,31754960944,56590386200,34336630184
50,false,MS,"4. VND NNI->SPR (Classic)",30,false,Infinity,38349.7568,116203678,0,0,38232230538,66494109296,30863602376
50,false,MS,"4. VND NNI->SPR (Classic)",31,true,233.0000,33330.6714,164311615,0,0,33165305721,58641398672,15340241168
50,false,MS,"4. VND NNI->SPR (Classic)",32,true,221.0000,31492.8434,202316170,0,0,31289442837,56401865544,15033739464
50,false,MS,"4. VND NNI->SPR (Classic)",33,false,Infinity,38320.2310,221910132,0,0,38096881874,68296577032,18734535992
50,false,MS,"4. VND NNI->SPR (Classic)",34,true,247.0000,32620.7710,120701084,0,0,32498775718,58098386952,18666556880
50,false,MS,"4. VND NNI->SPR (Classic)",35,true,272.0000,36408.7570,231404798,0,0,36175953469,64901031496,14324053632
50,false,MS,"4. VND NNI->SPR (Classic)",36,true,224.0000,32448.9698,125192447,0,0,32322629503,58100347248,15265963328
50,false,MS,"4. VND NNI->SPR (Classic)",37,true,228.0000,31732.6920,136737651,0,0,31594761860,56446188800,19218266896
50,false,MS,"4. VND NNI->SPR (Classic)",38,false,Infinity,35422.2129,176343027,0,0,35244613237,61467749360,17448594296
50,false,MS,"4. VND NNI->SPR (Classic)",39,true,230.0000,32631.3741,86321586,0,0,32543771004,58201454312,14579343968
50,false,MS,"4. VND NNI->SPR (Classic)",40,true,251.0000,34701.7944,92196097,0,0,34608241908,61515771600,18745025424
50,false,MS,"4. VND NNI->SPR (Classic)",41,true,251.0000,33503.1718,134195928,0,0,33367650140,60008224888,19380524728
50,false,MS,"4. VND NNI->SPR (Classic)",42,false,Infinity,42880.3423,169401650,0,0,42709047679,66475152944,26747901496
50,false,MS,"4. VND NNI->SPR (Classic)",43,true,219.0000,35020.5785,138372290,0,0,34880923795,58120452480,39174931688
50,false,MS,"4. VND NNI->SPR (Classic)",44,true,253.0000,36397.4341,98094975,0,0,36297907746,64736766400,42827642984
50,false,MS,"4. VND NNI->SPR (Classic)",45,true,260.0000,39288.1849,114710082,0,0,39172331607,69829960936,42832555832
50,false,MS,"4. VND NNI->SPR (Classic)",46,true,250.0000,37390.0651,161853644,0,0,37226664058,66231941336,16101029272
50,false,MS,"4. VND NNI->SPR (Classic)",47,true,238.0000,31946.7743,161783310,0,0,31783682716,56708111208,16021571832
50,false,MS,"4. VND NNI->SPR (Classic)",48,true,230.0000,34711.8916,175876300,0,0,34534808385,61609221936,14186737080
50,false,MS,"4. VND NNI->SPR (Classic)",49,false,Infinity,35552.5592,110404012,0,0,35440799632,61462887872,17718580040
50,false,MS,"4. VND NNI->SPR (Classic)",50,true,250.0000,39479.5076,104744981,0,0,39373511436,69921372344,15398816616
50,false,MS,"4. VND NNI->SPR (Classic)",51,false,Infinity,35340.2797,191035369,0,0,35147938401,61421261984,17752006904
50,false,MS,"4. VND NNI->SPR (Classic)",52,true,264.0000,39538.2037,137974655,0,0,39398788095,69996489976,17193209592
50,false,MS,"4. VND NNI->SPR (Classic)",53,true,231.0000,35225.4245,132448546,0,0,35091608830,61460917864,17605998568
50,false,MS,"4. VND NNI->SPR (Classic)",54,true,238.0000,40166.2592,143647963,0,0,40021117499,60144250272,31146163136
50,false,MS,"4. VND NNI->SPR (Classic)",55,true,252.0000,33525.1814,186104612,0,0,33337686639,59878189272,34803921112
50,false,MS,"4. VND NNI->SPR (Classic)",56,false,Infinity,38057.7702,89844105,0,0,37966606140,68207407976,38218154856
50,false,MS,"4. VND NNI->SPR (Classic)",57,false,Infinity,34360.1011,209816815,0,0,34148907825,61629883160,41838047096
50,false,MS,"4. VND NNI->SPR (Classic)",58,true,235.0000,32499.0464,108939539,0,0,32388833721,58228257480,42098290840
50,false,MS,"4. VND NNI->SPR (Classic)",59,true,233.0000,34893.6707,142323504,0,0,34750097252,61791004144,41128869208
50,false,MS,"4. VND NNI->SPR (Classic)",60,true,229.0000,35299.7838,153530286,0,0,35145003682,61570030136,42751394648
50,false,MS,"4. VND NNI->SPR (Classic)",61,true,247.0000,34140.4867,168738677,0,0,33970221960,58320338136,40803119928
50,false,MS,"4. VND NNI->SPR (Classic)",62,true,249.0000,39693.0544,157924883,0,0,39533753101,63162960640,33878694008
50,false,MS,"4. VND NNI->SPR (Classic)",63,true,247.0000,37117.1456,90653166,0,0,37025239543,66534495760,37198078616
50,false,MS,"4. VND NNI->SPR (Classic)",64,true,252.0000,35399.8592,138784954,0,0,35259725728,63255505024,39779237984
50,false,MS,"4. VND NNI->SPR (Classic)",65,true,258.0000,34622.7361,151950810,0,0,34469442243,61644293192,40117829296
50,false,MS,"4. VND NNI->SPR (Classic)",66,true,231.0000,33819.2587,250955257,0,0,33567174508,60133895120,38670159528
50,false,MS,"4. VND NNI->SPR (Classic)",67,true,238.0000,32503.9721,129003564,0,0,32373638858,58058234744,37126756312
50,false,MS,"4. VND NNI->SPR (Classic)",68,true,252.0000,44097.0657,139349077,0,0,43956581239,68209586448,30910754360
50,false,MS,"4. VND NNI->SPR (Classic)",69,true,237.0000,32873.3493,136760454,0,0,32735369145,58240723264,35941147832
50,false,MS,"4. VND NNI->SPR (Classic)",70,true,252.0000,37535.5737,134505997,0,0,37399470443,66489668064,39621134608
50,false,MS,"4. VND NNI->SPR (Classic)",71,true,251.0000,36109.2497,180382966,0,0,35927447280,61544318456,24608692048
50,false,MS,"4. VND NNI->SPR (Classic)",72,true,259.0000,35948.9517,112032972,0,0,35835752020,63211547424,19004237496
50,false,MS,"4. VND NNI->SPR (Classic)",73,true,248.0000,43993.3105,193241589,0,0,43798818008,65010354336,36226076696
50,false,MS,"4. VND NNI->SPR (Classic)",74,true,256.0000,38845.8006,115621637,0,0,38728783651,69691167840,39228713656
50,false,MS,"4. VND NNI->SPR (Classic)",75,false,Infinity,35368.5847,142149912,0,0,35224977732,63348315192,40584308728
50,false,MS,"4. VND NNI->SPR (Classic)",76,true,244.0000,36539.8751,162555055,0,0,36375999528,64892886464,42664119792
50,false,MS,"4. VND NNI->SPR (Classic)",77,true,258.0000,41419.7935,212464382,0,0,41205907291,63228485272,31286160536
50,false,MS,"4. VND NNI->SPR (Classic)",78,true,241.0000,35840.4334,225524137,0,0,35613663137,61842050920,39076935960
50,false,MS,"4. VND NNI->SPR (Classic)",79,false,Infinity,34431.9229,163171668,0,0,34267451746,61474553536,42729534104
50,false,MS,"4. VND NNI->SPR (Classic)",80,true,255.0000,32834.7915,195037514,0,0,32638506259,58362907968,43803265672
50,false,MS,"4. VND NNI->SPR (Classic)",81,false,Infinity,32345.5578,274539105,0,0,32069571163,55121819944,23972596360
50,false,MS,"4. VND NNI->SPR (Classic)",82,true,234.0000,40069.9643,171891790,0,0,39896716009,61574884624,38540034008
50,false,MS,"4. VND NNI->SPR (Classic)",83,false,Infinity,36301.6818,127652625,0,0,36172877762,64778465000,42315342488
50,false,MS,"4. VND NNI->SPR (Classic)",84,false,Infinity,33263.4616,214859617,0,0,33047481888,59940305160,44536889656
50,false,MS,"4. VND NNI->SPR (Classic)",85,true,238.0000,29850.2676,162323084,0,0,29686662286,53141208296,46006987416
50,false,MS,"4. VND NNI->SPR (Classic)",86,true,243.0000,33386.0566,136224043,0,0,33248485327,59759947240,47674246336
50,false,MS,"4. VND NNI->SPR (Classic)",87,false,Infinity,34391.4569,199828765,0,0,34190260689,61600655648,47725167768
50,false,MS,"4. VND NNI->SPR (Classic)",88,true,230.0000,36978.7329,104081191,0,0,36873371713,66425146888,48012119064
50,false,MS,"4. VND NNI->SPR (Classic)",89,true,261.0000,37759.3825,155538673,0,0,37602292791,66555691120,46616503720
50,false,MS,"4. VND NNI->SPR (Classic)",90,false,Infinity,47757.3087,117017852,0,0,47638872539,73085315528,38409504872
50,false,MS,"4. VND NNI->SPR (Classic)",91,false,Infinity,38779.3807,161901745,0,0,38616211151,68305846272,43637345352
50,false,MS,"4. VND NNI->SPR (Classic)",92,true,217.0000,35631.3644,104866706,0,0,35525555292,63368226808,42701685352
50,false,MS,"4. VND NNI->SPR (Classic)",93,false,Infinity,33128.7491,130531522,0,0,32997034685,56614947688,27367309928
50,false,MS,"4. VND NNI->SPR (Classic)",94,true,229.0000,28956.6905,196109465,0,0,28759395233,51680270920,15996744120
50,false,MS,"4. VND NNI->SPR (Classic)",95,true,259.0000,35452.9774,150712828,0,0,35300904671,61573691480,17805491848
50,false,MS,"4. VND NNI->SPR (Classic)",96,true,235.0000,33504.1309,109823934,0,0,33392971114,58119137528,17605309080
50,false,MS,"4. VND NNI->SPR (Classic)",97,true,240.0000,36161.3777,144837365,0,0,36015186978,64135652512,17044863688
50,false,MS,"4. VND NNI->SPR (Classic)",98,true,290.0000,37589.6577,142143053,0,0,37445987067,64990885176,16864005168
50,false,MS,"4. VND NNI->SPR (Classic)",99,true,236.0000,32240.7794,181889435,0,0,32057619634,56651557840,17462086128
50,false,MS,"4. VND NNI->SPR (Classic)",100,true,241.0000,35317.6887,135545085,0,0,35180757256,61552067272,18110297088
50,false,MS,"5. VND NNI->ECR->SPR (Inc)",1,true,201.0000,1721.6630,5181494,72834805,1328831714,314646829,4261662104,4276782472
50,false,MS,"5. VND NNI->ECR->SPR (Inc)",2,true,189.0000,1340.6826,3946316,35061604,745427700,556146490,3245470952,7498007944
50,false,MS,"5. VND NNI->ECR->SPR (Inc)",3,true,206.0000,1131.4425,4412341,116874742,632655150,377402257,2849392272,10515343064
50,false,MS,"5. VND NNI->ECR->SPR (Inc)",4,true,184.0000,1071.0033,3622720,97014775,627079788,343197261,2586058808,2831378136
50,false,MS,"5. VND NNI->ECR->SPR (Inc)",5,true,197.0000,1363.7662,2119009,52943348,746650767,561967199,3205045728,6052603608
50,false,MS,"5. VND NNI->ECR->SPR (Inc)",6,true,183.0000,1694.8413,3880208,39942837,1269103875,381815859,4048119160,10079135448
50,false,MS,"5. VND NNI->ECR->SPR (Inc)",7,true,196.0000,1379.5604,3719904,68885153,803226913,503616979,3254799112,10314016472
50,false,MS,"5. VND NNI->ECR->SPR (Inc)",8,true,222.0000,1456.6950,6805491,42882566,947510696,459405956,3549212920,6646269704
50,false,MS,"5. VND NNI->ECR->SPR (Inc)",9,true,184.0000,1406.4508,3356943,40519942,870752862,491737307,3369639144,10035267336
50,false,MS,"5. VND NNI->ECR->SPR (Inc)",10,true,203.0000,1276.9852,3512079,50609910,457116854,765618336,3053912144,10303702792
50,false,MS,"5. VND NNI->ECR->SPR (Inc)",11,true,202.0000,992.0903,2862212,82653887,437637351,468829165,2430182840,5231208544
50,false,MS,"5. VND NNI->ECR->SPR (Inc)",12,true,198.0000,1422.3271,4901261,53065761,960897462,403372491,3526532592,8754423904
50,false,MS,"5. VND NNI->ECR->SPR (Inc)",13,true,211.0000,1539.8926,5158139,89333378,1170473156,274828069,3793752168,10297927776
50,false,MS,"5. VND NNI->ECR->SPR (Inc)",14,true,195.0000,1237.6020,4627588,84747197,812934313,335181278,3085043192,5354294824
50,false,MS,"5. VND NNI->ECR->SPR (Inc)",15,true,187.0000,1269.6672,3420907,62219357,682159610,521781691,3096142376,8441302568
50,false,MS,"5. VND NNI->ECR->SPR (Inc)",16,true,212.0000,1249.3101,5883919,40393594,540068796,662875217,2932403304,10286796328
50,false,MS,"5. VND NNI->ECR->SPR (Inc)",17,true,219.0000,996.9935,3166281,91318553,339550435,562853024,2330756664,3438368712
50,false,MS,"5. VND NNI->ECR->SPR (Inc)",18,true,207.0000,1290.2474,4917762,48538301,760372800,476305182,3011585512,6458267592
50,false,MS,"5. VND NNI->ECR->SPR (Inc)",19,true,218.0000,1630.0701,5721413,85342849,1100081418,438817174,3779301776,10249918408
50,false,MS,"5. VND NNI->ECR->SPR (Inc)",20,true,192.0000,1064.0273,5500589,47796880,483063975,527576311,2528318264,10283472840
50,false,MS,"5. VND NNI->ECR->SPR (Inc)",21,true,179.0000,1221.6916,4073658,58620033,861209544,297697367,3036165736,5552263088
50,false,MS,"5. VND NNI->ECR->SPR (Inc)",22,true,228.0000,1781.7915,5421739,35936898,1158634884,581704201,4286284840,9813675952
50,false,MS,"5. VND NNI->ECR->SPR (Inc)",23,true,209.0000,1088.9387,4342608,59138489,442249812,583118651,2668193256,10283438000
50,false,MS,"5. VND NNI->ECR->SPR (Inc)",24,true,190.0000,1047.9531,2721205,46614122,506092065,492414535,2512741552,4746938728
50,false,MS,"5. VND NNI->ECR->SPR (Inc)",25,true,160.0000,1536.9308,5260012,47018861,1301368809,183177184,3914847120,8639252840
50,false,MS,"5. VND NNI->ECR->SPR (Inc)",26,true,211.0000,1152.6665,3169005,82616426,501320623,565451335,2728419160,10283420008
50,false,MS,"5. VND NNI->ECR->SPR (Inc)",27,true,162.0000,860.9556,4184126,46965481,476728126,332961647,2207286952,3337592320
50,false,MS,"5. VND NNI->ECR->SPR (Inc)",28,true,214.0000,1039.8264,2829802,74473840,434401417,528031005,2575678784,5887729152
50,false,MS,"5. VND NNI->ECR->SPR (Inc)",29,true,231.0000,1479.4041,6069910,100050899,937370683,435802832,3578150752,9478053376
50,false,MS,"5. VND NNI->ECR->SPR (Inc)",30,true,208.0000,1255.5905,5578259,29255202,725453528,495199392,3089695104,10283511712
50,false,MS,"5. VND NNI->ECR->SPR (Inc)",31,false,Infinity,1491.0368,4248919,63391918,1245141728,178151155,3857947400,6156316576
50,false,MS,"5. VND NNI->ECR->SPR (Inc)",32,true,204.0000,1427.1501,5865563,50769305,971774988,398638068,3525834520,9679531936
50,false,MS,"5. VND NNI->ECR->SPR (Inc)",33,true,203.0000,1327.0692,3675179,65151584,782273477,475856459,3032241144,10283511712
50,false,MS,"5. VND NNI->ECR->SPR (Inc)",34,true,171.0000,1587.9517,4161906,44798169,1226131268,312748158,3820470184,6256896296
50,false,MS,"5. VND NNI->ECR->SPR (Inc)",35,true,212.0000,1121.7550,4843760,84314305,593728607,438781286,2624992936,8907696424
50,false,MS,"5. VND NNI->ECR->SPR (Inc)",36,true,202.0000,1305.6670,3718951,54998637,649432635,597426418,2950801312,10283633616
50,false,MS,"5. VND NNI->ECR->SPR (Inc)",37,true,209.0000,998.1802,4444412,65329812,207328430,720982475,2308256688,3874737104
50,false,MS,"5. VND NNI->ECR->SPR (Inc)",38,true,210.0000,1140.3271,3559068,70381900,539799916,526477531,2747917320,6626200528
50,false,MS,"5. VND NNI->ECR->SPR (Inc)",39,true,189.0000,1059.7230,4786010,75084391,541978448,437754062,2530643408,9176337360
50,false,MS,"5. VND NNI->ECR->SPR (Inc)",40,true,198.0000,1649.1883,3452536,60772486,1146298886,438551879,3956195936,10283633616
50,false,MS,"5. VND NNI->ECR->SPR (Inc)",41,true,172.0000,1571.0862,4386922,76667723,1271750407,218182000,3790121792,6626132144
50,false,MS,"5. VND NNI->ECR->SPR (Inc)",42,true,203.0000,1376.5479,4550634,127340063,929177092,315380714,3329771280,9981575344
50,false,MS,"5. VND NNI->ECR->SPR (Inc)",43,true,199.0000,1224.1797,3534791,38422575,516640184,665497594,2928852936,10283565232
50,false,MS,"5. VND NNI->ECR->SPR (Inc)",44,true,217.0000,1381.2259,4787816,46583263,859482591,470276578,3379726784,6021947240
50,false,MS,"5. VND NNI->ECR->SPR (Inc)",45,true,182.0000,1794.3492,3685117,39474906,1445303089,305797441,4594268360,10283376448
50,false,MS,"5. VND NNI->ECR->SPR (Inc)",46,true,231.0000,1375.2167,6123593,64452246,909859828,394658120,3377762528,3706707776
50,false,MS,"5. VND NNI->ECR->SPR (Inc)",47,true,192.0000,1380.6683,5170483,61581655,971993163,341833148,3364623360,7095705408
50,false,MS,"5. VND NNI->ECR->SPR (Inc)",48,true,192.0000,1148.7622,5546498,110370602,717821745,314916842,2839965264,9914277696
50,false,MS,"5. VND NNI->ECR->SPR (Inc)",49,true,202.0000,1226.8539,3147836,56992979,555285202,611345297,2911625400,10283376448
50,false,MS,"5. VND NNI->ECR->SPR (Inc)",50,true,207.0000,1473.0516,3108452,67497305,909065479,493284941,3631910712,6189701192
50,false,MS,"5. VND NNI->ECR->SPR (Inc)",51,true,188.0000,893.1353,6277808,128330155,510511761,247876407,2251685336,8437848136
50,false,MS,"5. VND NNI->ECR->SPR (Inc)",52,true,204.0000,1133.0740,6490493,121283095,666654324,338526169,2682632680,10283466056
50,false,MS,"5. VND NNI->ECR->SPR (Inc)",53,true,196.0000,1086.6115,3587121,60989280,592623835,429327639,2715907288,3572579656
50,false,MS,"5. VND NNI->ECR->SPR (Inc)",54,true,205.0000,1310.7756,4171533,33077100,655488902,617950217,3137742824,6726696264
50,false,MS,"5. VND NNI->ECR->SPR (Inc)",55,true,178.0000,1226.6731,4862086,70848706,873465491,277372768,3007282312,9713040712
50,false,MS,"5. VND NNI->ECR->SPR (Inc)",56,true,205.0000,1411.2735,3141435,77387001,713717500,616918906,3391498304,10283466568
50,false,MS,"5. VND NNI->ECR->SPR (Inc)",57,true,223.0000,955.9902,7108288,89839090,484584176,374374569,2403607192,5250275984
50,false,MS,"5. VND NNI->ECR->SPR (Inc)",58,true,178.0000,1952.0121,3973386,61804418,1613993143,272143985,4838308552,10082114192
50,false,MS,"5. VND NNI->ECR->SPR (Inc)",59,true,199.0000,1277.6370,5681014,47869970,694107779,529888707,2915522984,10283443344
50,false,MS,"5. VND NNI->ECR->SPR (Inc)",60,true,203.0000,1144.4412,5152068,56063553,437966987,645167995,2661092712,5417920504
50,false,MS,"5. VND NNI->ECR->SPR (Inc)",61,true,227.0000,965.1904,4213173,70097620,252155214,638626095,2258637272,7666067448
50,false,MS,"5. VND NNI->ECR->SPR (Inc)",62,true,219.0000,954.0599,5358421,67976695,295646167,584974350,2192368248,9847105528
50,false,MS,"5. VND NNI->ECR->SPR (Inc)",63,true,194.0000,1627.7137,3846925,36758931,1194445013,392565651,4083577656,10283397696
50,false,MS,"5. VND NNI->ECR->SPR (Inc)",64,true,186.0000,1634.3629,4418413,48388447,1236477682,344973409,4042417272,7699706432
50,false,MS,"5. VND NNI->ECR->SPR (Inc)",65,true,165.0000,1625.7677,5440786,54949463,1415630533,149647713,4002204784,10283992912
50,false,MS,"5. VND NNI->ECR->SPR (Inc)",66,false,Infinity,1078.9015,6919778,81872409,586317092,403696788,2527563408,3975759696
50,false,MS,"5. VND NNI->ECR->SPR (Inc)",67,true,202.0000,1452.9439,4844813,47795077,875156717,525066538,3534312112,7498975056
50,false,MS,"5. VND NNI->ECR->SPR (Inc)",68,true,205.0000,1437.9226,4764870,70335251,999745948,362982866,3439944816,10283992912
50,false,MS,"5. VND NNI->ECR->SPR (Inc)",69,true,186.0000,1375.4127,4354721,8016375,810443386,552505676,3336802528,4008731384
50,false,MS,"5. VND NNI->ECR->SPR (Inc)",70,true,230.0000,1313.8555,4951687,50981097,544782409,713039591,3004872200,7028630264
50,false,MS,"5. VND NNI->ECR->SPR (Inc)",71,true,210.0000,1350.9885,3396889,76329239,863937421,407207615,3174524536,10182746872
50,false,MS,"5. VND NNI->ECR->SPR (Inc)",72,true,201.0000,1613.5901,4853509,98828195,1231424873,278318636,3846325104,10283559736
50,false,MS,"5. VND NNI->ECR->SPR (Inc)",73,true,165.0000,1680.8769,5539915,36245314,1396962312,242022104,4089875184,7867640632
50,false,MS,"5. VND NNI->ECR->SPR (Inc)",74,true,205.0000,1297.5452,3413903,48341628,623385883,622304397,3063668368,10283559736
50,false,MS,"5. VND NNI->ECR->SPR (Inc)",75,true,192.0000,1308.2893,4908997,109975773,918265372,275028370,3203795288,3874488600
50,false,MS,"5. VND NNI->ECR->SPR (Inc)",76,true,211.0000,1353.3891,4896010,61516030,797637904,489254246,3242976920,7095714072
50,false,MS,"5. VND NNI->ECR->SPR (Inc)",77,true,190.0000,1377.4034,5464120,64363816,1000127231,307346998,3461147232,10283385112
50,false,MS,"5. VND NNI->ECR->SPR (Inc)",78,true,173.0000,1574.5419,3723650,52853148,1307786133,210067529,3974293304,4277101552
50,false,MS,"5. VND NNI->ECR->SPR (Inc)",79,true,189.0000,1620.4322,4622549,43425889,1169730374,402538124,4065676000,8337187824
50,false,MS,"5. VND NNI->ECR->SPR (Inc)",80,true,204.0000,1204.9614,5260954,59947318,707164699,432488740,2818575520,10283409504
50,false,MS,"5. VND NNI->ECR->SPR (Inc)",81,true,187.0000,1198.4273,8474494,51370286,920828336,217646240,3119805352,4008730720
50,false,MS,"5. VND NNI->ECR->SPR (Inc)",82,true,196.0000,1007.5792,5245484,51421284,427478913,523347398,2440126200,6458204256
50,false,MS,"5. VND NNI->ECR->SPR (Inc)",83,true,169.0000,1269.4366,3296249,73043881,980064471,212917138,3120359224,9578766432
50,false,MS,"5. VND NNI->ECR->SPR (Inc)",84,true,220.0000,1215.9015,3870260,86137391,755465640,370288078,2983307104,10283462280
50,false,MS,"5. VND NNI->ECR->SPR (Inc)",85,true,192.0000,1395.3607,4488424,60429565,792403382,537941941,3432643360,5720059528
50,false,MS,"5. VND NNI->ECR->SPR (Inc)",86,true,198.0000,1027.3990,4319124,64837455,442478376,515677363,2515481576,8236641928
50,false,MS,"5. VND NNI->ECR->SPR (Inc)",87,false,Infinity,959.0156,5993416,106332093,539847695,306721718,2444711208,10283462280
50,false,MS,"5. VND NNI->ECR->SPR (Inc)",88,true,211.0000,1033.4593,3329121,75532413,496612459,457888010,2535462800,2968490472
50,false,MS,"5. VND NNI->ECR->SPR (Inc)",89,true,243.0000,1088.8882,6513536,61558230,398988454,621741617,2632344016,5585736168
50,false,MS,"5. VND NNI->ECR->SPR (Inc)",90,true,242.0000,1084.8986,2885536,70862284,329959869,681105705,2595767672,8169427432
50,false,MS,"5. VND NNI->ECR->SPR (Inc)",91,true,196.0000,1421.0512,5074120,117349163,1113631085,184877277,3501703984,10283627776
50,false,MS,"5. VND NNI->ECR->SPR (Inc)",92,true,172.0000,1486.9059,3494546,42187233,1045508080,395624488,3723863032,5149799680
50,false,MS,"5. VND NNI->ECR->SPR (Inc)",93,true,183.0000,1318.4980,2684805,37888229,775801000,502020132,3259282808,8404579584
50,false,MS,"5. VND NNI->ECR->SPR (Inc)",94,true,203.0000,1432.7232,5798636,30363270,934281099,462178979,3406596968,10283891016
50,false,MS,"5. VND NNI->ECR->SPR (Inc)",95,true,195.0000,978.7728,5414807,95426025,542532501,335285866,2452969792,4009212232
50,false,MS,"5. VND NNI->ECR->SPR (Inc)",96,true,175.0000,947.0379,5438603,114685120,703921162,122894499,2422511216,6425131336
50,false,MS,"5. VND NNI->ECR->SPR (Inc)",97,true,211.0000,1037.3278,3847608,72300238,345236648,615860092,2476884928,8908159304
50,false,MS,"5. VND NNI->ECR->SPR (Inc)",98,false,Infinity,1367.4275,5225558,131404261,1045780909,184902284,3285607376,10283891016
50,false,MS,"5. VND NNI->ECR->SPR (Inc)",99,true,192.0000,1734.5898,4569578,47270421,1375353190,307286202,4364861208,6290712976
50,false,MS,"5. VND NNI->ECR->SPR (Inc)",100,true,188.0000,1426.8307,3905928,29127189,959634751,434048967,3529666032,9813928336
50,false,MS,"6. VND NNI->SPR (Inc)",1,true,241.0000,1227.7178,3890248,0,0,1223730001,2710850728,2699915552
50,false,MS,"6. VND NNI->SPR (Inc)",2,true,227.0000,1181.6408,3430704,0,0,1178129167,2599803408,5317161248
50,false,MS,"6. VND NNI->SPR (Inc)",3,true,252.0000,1287.5911,3553077,0,0,1283958904,2789459912,8102179104
50,false,MS,"6. VND NNI->SPR (Inc)",4,false,Infinity,1052.1207,2944049,0,0,1049092686,2316770336,10317050576
50,false,MS,"6. VND NNI->SPR (Inc)",5,false,Infinity,1264.9154,1819930,0,0,1263012992,2751835584,2867966672
50,false,MS,"6. VND NNI->SPR (Inc)",6,true,260.0000,1275.4121,2827417,0,0,1272508368,2791235272,5652984528
50,false,MS,"6. VND NNI->SPR (Inc)",7,true,236.0000,1205.8893,2158304,0,0,1203652801,2598980720,8270230224
50,false,MS,"6. VND NNI->SPR (Inc)",8,true,269.0000,1141.1457,6463421,0,0,1134599839,2486239264,10283513056
50,false,MS,"6. VND NNI->SPR (Inc)",9,true,241.0000,1194.1527,3002790,0,0,1191072499,2637143848,3102864608
50,false,MS,"6. VND NNI->SPR (Inc)",10,true,226.0000,1205.6288,2642865,0,0,1202907725,2675103784,5787219168
50,false,MS,"6. VND NNI->SPR (Inc)",11,false,Infinity,1224.6460,2359907,0,0,1222198148,2668626184,8471573728
50,false,MS,"6. VND NNI->SPR (Inc)",12,true,266.0000,1214.5143,3417699,0,0,1211020462,2643344176,10283513056
50,false,MS,"6. VND NNI->SPR (Inc)",13,true,276.0000,1234.4669,4782144,0,0,1229601356,2695682648,3539037872
50,false,MS,"6. VND NNI->SPR (Inc)",14,true,247.0000,1199.4176,3595228,0,0,1195745084,2623137248,6156283568
50,false,MS,"6. VND NNI->SPR (Inc)",15,true,245.0000,1266.3101,2490026,0,0,1263744052,2732092512,8874192560
50,false,MS,"6. VND NNI->SPR (Inc)",16,true,248.0000,1119.0004,5453731,0,0,1113469837,2466433688,10283478704
50,false,MS,"6. VND NNI->SPR (Inc)",17,true,252.0000,1337.0457,2765059,0,0,1334203239,2881985568,3975244576
50,false,MS,"6. VND NNI->SPR (Inc)",18,false,Infinity,1107.0358,3858527,0,0,1103089569,2356912552,6324054816
50,false,MS,"6. VND NNI->SPR (Inc)",19,true,255.0000,1199.1468,3703492,0,0,1195361455,2594193008,8907746080
50,false,MS,"6. VND NNI->SPR (Inc)",20,true,222.0000,1075.5988,4926999,0,0,1070591369,2314616112,10283477792
50,false,MS,"6. VND NNI->SPR (Inc)",21,true,213.0000,1162.3770,3791800,0,0,1158495118,2531698480,3505477584
50,false,MS,"6. VND NNI->SPR (Inc)",22,false,Infinity,1225.0086,4260191,0,0,1220653369,2653621432,6156277712
50,false,MS,"6. VND NNI->SPR (Inc)",23,true,236.0000,1257.3620,3988514,0,0,1253292508,2741609376,8907741136
50,false,MS,"6. VND NNI->SPR (Inc)",24,true,229.0000,1212.7158,2367342,0,0,1210260116,2651850328,10283478880
50,false,MS,"6. VND NNI->SPR (Inc)",25,true,248.0000,1043.2908,4141856,0,0,1039070558,2304253896,3572592480
50,false,MS,"6. VND NNI->SPR (Inc)",26,true,259.0000,1361.8681,2230040,0,0,1359561261,2949017664,6525382496
50,false,MS,"6. VND NNI->SPR (Inc)",27,true,218.0000,1095.6346,3517068,0,0,1092035027,2396216336,8941301600
50,false,MS,"6. VND NNI->SPR (Inc)",28,true,243.0000,1314.0242,2634090,0,0,1311295457,2886045736,10283491376
50,false,MS,"6. VND NNI->SPR (Inc)",29,false,Infinity,1157.5732,3537628,0,0,1153944227,2523558616,4075921456
50,false,MS,"6. VND NNI->SPR (Inc)",30,true,254.0000,1216.5478,5299026,0,0,1211170978,2639380088,6693167152
50,false,MS,"6. VND NNI->SPR (Inc)",31,true,227.0000,1151.4803,3725526,0,0,1147671486,2512068336,9209749552
50,false,MS,"6. VND NNI->SPR (Inc)",32,true,218.0000,990.4480,5404077,0,0,984961273,2171548496,10283491376
50,false,MS,"6. VND NNI->SPR (Inc)",33,false,Infinity,1373.3056,3401919,0,0,1369809198,3000317840,4109460968
50,false,MS,"6. VND NNI->SPR (Inc)",34,true,235.0000,1124.7737,3211618,0,0,1121485010,2440336824,6558934504
50,false,MS,"6. VND NNI->SPR (Inc)",35,false,Infinity,1245.6292,4591531,0,0,1240951238,2650214136,9209734632
50,false,MS,"6. VND NNI->SPR (Inc)",36,true,226.0000,1094.7378,3333819,0,0,1091324897,2368966528,10283486200
50,false,MS,"6. VND NNI->SPR (Inc)",37,true,226.0000,1153.9764,3787703,0,0,1150111406,2463288552,3773926392
50,false,MS,"6. VND NNI->SPR (Inc)",38,true,254.0000,1292.2271,3168755,0,0,1288981875,2814924680,6592498680
50,false,MS,"6. VND NNI->SPR (Inc)",39,true,246.0000,1304.5599,2614812,0,0,1301863852,2807163552,9411070968
50,false,MS,"6. VND NNI->SPR (Inc)",40,true,255.0000,1230.0975,2054366,0,0,1227965565,2647179672,10283486200
50,false,MS,"6. VND NNI->SPR (Inc)",41,true,234.0000,1199.3011,3206167,0,0,1196015338,2592133200,4377901384
50,false,MS,"6. VND NNI->SPR (Inc)",42,true,275.0000,1442.6890,3330954,0,0,1439279665,3063660896,7431354696
50,false,MS,"6. VND NNI->SPR (Inc)",43,false,Infinity,1202.3961,3385147,0,0,1198924941,2602522264,10048600392
50,false,MS,"6. VND NNI->SPR (Inc)",44,true,252.0000,1224.1057,2631144,0,0,1221394870,2652797928,10283481416
50,false,MS,"6. VND NNI->SPR (Inc)",45,true,260.0000,1191.4671,3288423,0,0,1188099484,2621869880,5048989536
50,false,MS,"6. VND NNI->SPR (Inc)",46,true,235.0000,1051.4247,4884378,0,0,1046464358,2310732208,7364245344
50,false,MS,"6. VND NNI->SPR (Inc)",47,false,Infinity,1209.5424,4575391,0,0,1204877922,2595085432,9947936608
50,false,MS,"6. VND NNI->SPR (Inc)",48,true,235.0000,1254.1063,4489127,0,0,1249538849,2707792664,10283480928
50,false,MS,"6. VND NNI->SPR (Inc)",49,false,Infinity,1294.3057,2938458,0,0,1291281659,2858140744,5250313800
50,false,MS,"6. VND NNI->SPR (Inc)",50,true,252.0000,1345.4051,2330773,0,0,1342995379,2892064936,8135994952
50,false,MS,"6. VND NNI->SPR (Inc)",51,true,249.0000,1351.8790,4568909,0,0,1347225643,2942168104,10283494664
50,false,MS,"6. VND NNI->SPR (Inc)",52,true,267.0000,1389.0803,4873007,0,0,1384125021,3006328160,3841043720
50,false,MS,"6. VND NNI->SPR (Inc)",53,true,223.0000,1117.1241,2970449,0,0,1114073325,2466265072,6290517256
50,false,MS,"6. VND NNI->SPR (Inc)",54,true,239.0000,1148.8274,3793182,0,0,1144950843,2526542712,8807099656
50,false,MS,"6. VND NNI->SPR (Inc)",55,true,240.0000,1114.7949,4017289,0,0,1110693417,2457602024,10283494664
50,false,MS,"6. VND NNI->SPR (Inc)",56,true,250.0000,1325.2274,2121053,0,0,1323028320,2879562560,3874595616
50,false,MS,"6. VND NNI->SPR (Inc)",57,false,Infinity,1215.9913,6580495,0,0,1209324758,2608561568,6491841312
50,false,MS,"6. VND NNI->SPR (Inc)",58,true,235.0000,1123.3868,2823340,0,0,1120486812,2440224336,8941314848
50,false,MS,"6. VND NNI->SPR (Inc)",59,true,245.0000,1158.4151,4530615,0,0,1153803487,2518454120,10283492128
50,false,MS,"6. VND NNI->SPR (Inc)",60,true,219.0000,1080.7441,3979116,0,0,1076681731,2384790104,3572602544
50,false,MS,"6. VND NNI->SPR (Inc)",61,true,246.0000,1184.9593,3697552,0,0,1181183583,2594183800,6156293808
50,false,MS,"6. VND NNI->SPR (Inc)",62,true,249.0000,1281.3559,4895078,0,0,1276382195,2808774184,8974866096
50,false,MS,"6. VND NNI->SPR (Inc)",63,true,234.0000,1149.2777,2694705,0,0,1146509547,2493577544,10283552432
50,false,MS,"6. VND NNI->SPR (Inc)",64,true,253.0000,1251.2860,3726136,0,0,1247471598,2663332200,3874597952
50,false,MS,"6. VND NNI->SPR (Inc)",65,true,240.0000,1046.6632,4928211,0,0,1041653100,2281995024,6156299328
50,false,MS,"6. VND NNI->SPR (Inc)",66,true,230.0000,1159.6519,6079371,0,0,1153490872,2496598760,8639327296
50,false,MS,"6. VND NNI->SPR (Inc)",67,true,227.0000,1202.5785,3516757,0,0,1198982891,2643092912,10283506336
50,false,MS,"6. VND NNI->SPR (Inc)",68,true,267.0000,1316.4757,3821316,0,0,1312576102,2882417984,3908164256
50,false,MS,"6. VND NNI->SPR (Inc)",69,false,Infinity,1199.6567,4119164,0,0,1195452227,2664185560,6558964384
50,false,MS,"6. VND NNI->SPR (Inc)",70,true,248.0000,1217.5372,4407040,0,0,1213049700,2602449088,9176210080
50,false,MS,"6. VND NNI->SPR (Inc)",71,true,232.0000,1216.7236,2557634,0,0,1214078146,2635142088,10283511576
50,false,MS,"6. VND NNI->SPR (Inc)",72,true,261.0000,1243.2137,3960801,0,0,1239169872,2695261448,4243713816
50,false,MS,"6. VND NNI->SPR (Inc)",73,true,229.0000,1241.8950,4664029,0,0,1237147165,2690431272,6928068376
50,false,MS,"6. VND NNI->SPR (Inc)",74,true,248.0000,1250.4970,2971951,0,0,1247445739,2702678928,9612422936
50,false,MS,"6. VND NNI->SPR (Inc)",75,false,Infinity,1365.1015,3589626,0,0,1361424143,2920259120,10283536280
50,false,MS,"6. VND NNI->SPR (Inc)",76,false,Infinity,1193.1593,4777515,0,0,1188294806,2608936392,4881272728
50,false,MS,"6. VND NNI->SPR (Inc)",77,true,241.0000,1244.8384,4415155,0,0,1240344064,2720208688,7599181720
50,false,MS,"6. VND NNI->SPR (Inc)",78,true,237.0000,1255.6983,3017880,0,0,1252601183,2680673656,10283536280
50,false,MS,"6. VND NNI->SPR (Inc)",79,false,Infinity,1268.1451,3742767,0,0,1264316662,2715586248,2733736848
50,false,MS,"6. VND NNI->SPR (Inc)",80,true,274.0000,1116.1571,4507942,0,0,1111575245,2411417624,5149655952
50,false,MS,"6. VND NNI->SPR (Inc)",81,true,252.0000,1096.4695,7754306,0,0,1088628379,2388512592,7532020624
50,false,MS,"6. VND NNI->SPR (Inc)",82,true,259.0000,1122.1552,4820916,0,0,1117255258,2501911672,10048603024
50,false,MS,"6. VND NNI->SPR (Inc)",83,false,Infinity,1265.8574,3027476,0,0,1262742106,2780935624,10283523032
50,false,MS,"6. VND NNI->SPR (Inc)",84,true,262.0000,1344.7085,3050070,0,0,1341574867,2896784248,5451684824
50,false,MS,"6. VND NNI->SPR (Inc)",85,true,236.0000,1060.0927,3858698,0,0,1056134197,2317430712,7766940632
50,false,MS,"6. VND NNI->SPR (Inc)",86,true,227.0000,1222.1948,3258386,0,0,1218856623,2673529160,10283523032
50,false,MS,"6. VND NNI->SPR (Inc)",87,true,248.0000,1223.1833,4543880,0,0,1218559608,2666537512,2834397624
50,false,MS,"6. VND NNI->SPR (Inc)",88,true,245.0000,1266.7193,2676298,0,0,1263966094,2802273136,5652969912
50,false,MS,"6. VND NNI->SPR (Inc)",89,true,255.0000,1158.9455,6103055,0,0,1152760433,2520973824,8169552312
50,false,MS,"6. VND NNI->SPR (Inc)",90,false,Infinity,1460.0583,2764107,0,0,1457208679,3204198912,10283506344
50,false,MS,"6. VND NNI->SPR (Inc)",91,true,281.0000,1333.8793,3815765,0,0,1329985057,2931320760,4042381992
50,false,MS,"6. VND NNI->SPR (Inc)",92,true,215.0000,1206.7378,2817748,0,0,1203836460,2692786792,6726736552
50,false,MS,"6. VND NNI->SPR (Inc)",93,true,222.0000,1195.7827,2240911,0,0,1193459297,2591292424,9310427816
50,false,MS,"6. VND NNI->SPR (Inc)",94,true,225.0000,946.1597,4828522,0,0,941247506,2099088040,10283506344
50,false,MS,"6. VND NNI->SPR (Inc)",95,false,Infinity,1228.0724,4591562,0,0,1223390124,2705811360,3841029800
50,false,MS,"6. VND NNI->SPR (Inc)",96,true,239.0000,1131.1011,4154771,0,0,1126871603,2463915488,6324057768
50,false,MS,"6. VND NNI->SPR (Inc)",97,false,Infinity,1222.6518,3638279,0,0,1218926066,2671605072,8974857896
50,false,MS,"6. VND NNI->SPR (Inc)",98,true,271.0000,1357.7884,4834974,0,0,1352875196,2848401272,10283501288
50,false,MS,"6. VND NNI->SPR (Inc)",99,true,251.0000,1180.6320,4054099,0,0,1176497472,2573643864,4143040232
50,false,MS,"6. VND NNI->SPR (Inc)",100,true,241.0000,1164.5387,3306237,0,0,1161154105,2526473016,6659622632
50,false,M3,"1. NNI (Classic)",1,true,312.0000,5655.2154,0,0,0,0,16015781912,10521243880
50,false,M3,"1. NNI (Classic)",2,false,Infinity,2748.8486,0,0,0,0,7914939304,10286362856
50,false,M3,"1. NNI (Classic)",3,false,Infinity,3973.3133,0,0,0,0,14203484536,10353091296
50,false,M3,"1. NNI (Classic)",4,true,223.0000,2738.6899,0,0,0,0,11192169800,10285982432
50,false,M3,"1. NNI (Classic)",5,true,286.0000,3728.3116,0,0,0,0,14664246016,10483566504
50,false,M3,"1. NNI (Classic)",6,false,Infinity,2753.9444,0,0,0,0,10590206392,10315794344
50,false,M3,"1. NNI (Classic)",7,false,Infinity,1634.4462,0,0,0,0,6293548624,9808578488
50,false,M3,"1. NNI (Classic)",8,false,Infinity,1990.5563,0,0,0,0,7675585104,10311894968
50,false,M3,"1. NNI (Classic)",9,true,256.0000,3247.6538,0,0,0,0,12818099248,10350033880
50,false,M3,"1. NNI (Classic)",10,true,289.0000,3735.5983,0,0,0,0,14690136408,10497416504
50,false,M3,"1. NNI (Classic)",11,false,Infinity,2929.8400,0,0,0,0,11459766288,10296089912
50,false,M3,"1. NNI (Classic)",12,false,Infinity,3298.2822,0,0,0,0,13017545224,10316916376
50,false,M3,"1. NNI (Classic)",13,true,343.0000,4535.4763,0,0,0,0,17629201568,10493400392
50,false,M3,"1. NNI (Classic)",14,false,Infinity,3594.1536,0,0,0,0,14038994840,10292088648
50,false,M3,"1. NNI (Classic)",15,false,Infinity,2000.6100,0,0,0,0,7801547376,10293332696
50,false,M3,"1. NNI (Classic)",16,true,283.0000,3697.5673,0,0,0,0,14444760536,10553835064
50,false,M3,"1. NNI (Classic)",17,false,Infinity,3662.9740,0,0,0,0,14281994352,10285399608
50,false,M3,"1. NNI (Classic)",18,false,Infinity,2965.8902,0,0,0,0,11626247104,10312686104
50,false,M3,"1. NNI (Classic)",19,false,Infinity,3216.8879,0,0,0,0,12807294760,10297704872
50,false,M3,"1. NNI (Classic)",20,false,Infinity,2078.0567,0,0,0,0,8121367584,10293426552
50,false,M3,"1. NNI (Classic)",21,false,Infinity,2753.5105,0,0,0,0,10898604144,10343320240
50,false,M3,"1. NNI (Classic)",22,true,325.0000,4219.9322,0,0,0,0,16550410352,10498974296
50,false,M3,"1. NNI (Classic)",23,true,313.0000,4131.5500,0,0,0,0,15944534008,10297647704
50,false,M3,"1. NNI (Classic)",24,false,Infinity,2830.8747,0,0,0,0,11128595480,10493919368
50,false,M3,"1. NNI (Classic)",25,false,Infinity,1613.4752,0,0,0,0,5893686328,6802931848
50,false,M3,"1. NNI (Classic)",26,false,Infinity,2176.4166,0,0,0,0,8446682600,10292592776
50,false,M3,"1. NNI (Classic)",27,true,250.0000,3142.3543,0,0,0,0,12559036752,10329004024
50,false,M3,"1. NNI (Classic)",28,true,281.0000,3588.3509,0,0,0,0,14136235824,10515858936
50,false,M3,"1. NNI (Classic)",29,false,Infinity,2315.6325,0,0,0,0,8889382296,10247423480
50,false,M3,"1. NNI (Classic)",30,true,334.0000,4329.2395,0,0,0,0,17027454056,10515858936
50,false,M3,"1. NNI (Classic)",31,true,316.0000,4238.1850,0,0,0,0,16434092568,10484708504
50,false,M3,"1. NNI (Classic)",32,true,268.0000,3456.6853,0,0,0,0,13736668752,10316936344
50,false,M3,"1. NNI (Classic)",33,false,Infinity,3003.4368,0,0,0,0,11494054160,10311541352
50,false,M3,"1. NNI (Classic)",34,false,Infinity,1873.7052,0,0,0,0,7236558616,10295813792
50,false,M3,"1. NNI (Classic)",35,false,Infinity,2012.5467,0,0,0,0,7741031920,10357224552
50,false,M3,"1. NNI (Classic)",36,false,Infinity,1534.4113,0,0,0,0,5957678888,8578839656
50,false,M3,"1. NNI (Classic)",37,true,266.0000,3394.6959,0,0,0,0,13432589200,10491844832
50,false,M3,"1. NNI (Classic)",38,false,Infinity,1841.6193,0,0,0,0,7216080152,8948340960
50,false,M3,"1. NNI (Classic)",39,false,Infinity,3399.6045,0,0,0,0,13460629856,10491844832
50,false,M3,"1. NNI (Classic)",40,false,Infinity,1997.8073,0,0,0,0,7572007528,9712473992
50,false,M3,"1. NNI (Classic)",41,false,Infinity,2208.5169,0,0,0,0,8783858944,10316453768
50,false,M3,"1. NNI (Classic)",42,false,Infinity,2188.1159,0,0,0,0,8606771760,10294991384
50,false,M3,"1. NNI (Classic)",43,true,337.0000,4360.9364,0,0,0,0,17202440352,10527257368
50,false,M3,"1. NNI (Classic)",44,true,300.0000,3914.6655,0,0,0,0,15356423168,10292376344
50,false,M3,"1. NNI (Classic)",45,true,325.0000,4244.6925,0,0,0,0,16592839048,10483136648
50,false,M3,"1. NNI (Classic)",46,true,305.0000,4069.3541,0,0,0,0,15705117816,10492034368
50,false,M3,"1. NNI (Classic)",47,true,311.0000,3994.6994,0,0,0,0,15822564880,10290707776
50,false,M3,"1. NNI (Classic)",48,true,284.0000,3678.2030,0,0,0,0,14598663504,10500508712
50,false,M3,"1. NNI (Classic)",49,false,Infinity,2036.6503,0,0,0,0,7810493896,8688569384
50,false,M3,"1. NNI (Classic)",50,true,288.0000,3754.9970,0,0,0,0,14756876008,10534063144
50,false,M3,"1. NNI (Classic)",51,false,Infinity,3154.0166,0,0,0,0,12413530728,10287618488
50,false,M3,"1. NNI (Classic)",52,true,321.0000,4225.3511,0,0,0,0,16445875072,10484293752
50,false,M3,"1. NNI (Classic)",53,true,245.0000,3141.2082,0,0,0,0,12420170056,10316521592
50,false,M3,"1. NNI (Classic)",54,true,232.0000,2935.2241,0,0,0,0,11704287928,10306847552
50,false,M3,"1. NNI (Classic)",55,false,Infinity,1877.5749,0,0,0,0,7347096256,10291544432
50,false,M3,"1. NNI (Classic)",56,true,295.0000,3693.6871,0,0,0,0,14779213536,10340429528
50,false,M3,"1. NNI (Classic)",57,false,Infinity,2733.6676,0,0,0,0,10774116240,10306875096
50,false,M3,"1. NNI (Classic)",58,true,309.0000,3911.9749,0,0,0,0,15593532968,10504618536
50,false,M3,"1. NNI (Classic)",59,false,Infinity,2715.9630,0,0,0,0,10809287944,10303291944
50,false,M3,"1. NNI (Classic)",60,true,217.0000,2804.6326,0,0,0,0,11033985024,10305811384
50,false,M3,"1. NNI (Classic)",61,false,Infinity,2659.3597,0,0,0,0,10388946072,10292691296
50,false,M3,"1. NNI (Classic)",62,false,Infinity,3176.7056,0,0,0,0,12304093992,10305101952
50,false,M3,"1. NNI (Classic)",63,false,Infinity,2061.7988,0,0,0,0,7952006744,10294086144
50,false,M3,"1. NNI (Classic)",64,true,303.0000,3942.9128,0,0,0,0,15598574488,10559306304
50,false,M3,"1. NNI (Classic)",65,false,Infinity,2059.3331,0,0,0,0,7955609784,8378268224
50,false,M3,"1. NNI (Classic)",66,true,305.0000,4071.2666,0,0,0,0,15782776096,10559306304
50,false,M3,"1. NNI (Classic)",67,false,Infinity,2314.0044,0,0,0,0,9104704792,10291959800
50,false,M3,"1. NNI (Classic)",68,false,Infinity,2161.0005,0,0,0,0,8287964128,10305853544
50,false,M3,"1. NNI (Classic)",69,true,277.0000,3545.5323,0,0,0,0,14019435512,10344259640
50,false,M3,"1. NNI (Classic)",70,false,Infinity,2750.1584,0,0,0,0,10725544344,10310705208
50,false,M3,"1. NNI (Classic)",71,false,Infinity,2588.6601,0,0,0,0,10118030472,10307412376
50,false,M3,"1. NNI (Classic)",72,true,327.0000,4377.7467,0,0,0,0,17006675456,10478275848
50,false,M3,"1. NNI (Classic)",73,true,291.0000,3812.8962,0,0,0,0,14965436008,10310503688
50,false,M3,"1. NNI (Classic)",74,true,321.0000,4311.6378,0,0,0,0,16587279360,10482045912
50,false,M3,"1. NNI (Classic)",75,false,Infinity,2990.4447,0,0,0,0,11368662344,10314273752
50,false,M3,"1. NNI (Classic)",76,true,250.0000,3244.8995,0,0,0,0,12802590536,10298250136
50,false,M3,"1. NNI (Classic)",77,false,Infinity,1867.1331,0,0,0,0,7152792928,10302921512
50,false,M3,"1. NNI (Classic)",78,true,312.0000,4016.8905,0,0,0,0,15800401608,10338751144
50,false,M3,"1. NNI (Classic)",79,true,270.0000,3564.6520,0,0,0,0,13802549576,10491933272
50,false,M3,"1. NNI (Classic)",80,true,332.0000,4393.4804,0,0,0,0,17038373776,10494467224
50,false,M3,"1. NNI (Classic)",81,false,Infinity,2895.8294,0,0,0,0,11193939560,10293140632
50,false,M3,"1. NNI (Classic)",82,true,259.0000,3285.9055,0,0,0,0,13060543584,10298147768
50,false,M3,"1. NNI (Classic)",83,false,Infinity,2027.1115,0,0,0,0,7800678936,10313167384
50,false,M3,"1. NNI (Classic)",84,true,315.0000,4120.0436,0,0,0,0,16191896720,10351621592
50,false,M3,"1. NNI (Classic)",85,true,305.0000,3956.1815,0,0,0,0,15645960704,10495877312
50,false,M3,"1. NNI (Classic)",86,false,Infinity,2306.5013,0,0,0,0,9041592792,10294550720
50,false,M3,"1. NNI (Classic)",87,true,282.0000,3592.6453,0,0,0,0,14384826128,10315187912
50,false,M3,"1. NNI (Classic)",88,false,Infinity,2762.6516,0,0,0,0,10880542520,10315187912
50,false,M3,"1. NNI (Classic)",89,true,284.0000,3813.5419,0,0,0,0,14795779552,10506702104
50,false,M3,"1. NNI (Classic)",90,false,Infinity,2159.1378,0,0,0,0,8362234040,10305375512
50,false,M3,"1. NNI (Classic)",91,true,386.0000,4989.9696,0,0,0,0,19734298272,10328944152
50,false,M3,"1. NNI (Classic)",92,true,241.0000,3125.2030,0,0,0,0,12253407816,10468991064
50,false,M3,"1. NNI (Classic)",93,true,251.0000,3179.6078,0,0,0,0,12689467480,10301218904
50,false,M3,"1. NNI (Classic)",94,true,277.0000,3615.1729,0,0,0,0,14158049384,10301515928
50,false,M3,"1. NNI (Classic)",95,false,Infinity,3033.5331,0,0,0,0,11891554808,10286371272
50,false,M3,"1. NNI (Classic)",96,false,Infinity,2586.1285,0,0,0,0,10266142808,10303026432
50,false,M3,"1. NNI (Classic)",97,false,Infinity,1365.8383,0,0,0,0,5313646608,10297832504
50,false,M3,"1. NNI (Classic)",98,false,Infinity,3207.7661,0,0,0,0,12541582080,10388317448
50,false,M3,"1. NNI (Classic)",99,true,326.0000,4158.5902,0,0,0,0,16547298528,10518187064
50,false,M3,"1. NNI (Classic)",100,false,Infinity,1994.5604,0,0,0,0,7638536720,10316860472
50,false,M3,"2. NNI (Incremental)",1,true,318.0000,1917.2946,0,0,0,0,2116499792,2131926080
50,false,M3,"2. NNI (Incremental)",2,false,Infinity,1114.1869,0,0,0,0,1350814264,3474103360
50,false,M3,"2. NNI (Incremental)",3,false,Infinity,1558.9305,0,0,0,0,1848274688,5319597120
50,false,M3,"2. NNI (Incremental)",4,true,225.0000,1225.5576,0,0,0,0,1505766168,6829546560
50,false,M3,"2. NNI (Incremental)",5,true,267.0000,1466.7257,0,0,0,0,1775806424,8607931456
50,false,M3,"2. NNI (Incremental)",6,false,Infinity,1187.9006,0,0,0,0,1438597120,10050772032
50,false,M3,"2. NNI (Incremental)",7,false,Infinity,668.5204,0,0,0,0,804263560,10349357176
50,false,M3,"2. NNI (Incremental)",8,false,Infinity,966.9468,0,0,0,0,1143194808,1725868152
50,false,M3,"2. NNI (Incremental)",9,false,Infinity,1045.6831,0,0,0,0,1286844624,3000936568
50,false,M3,"2. NNI (Incremental)",10,false,Infinity,1051.8169,0,0,0,0,1280446664,4276004984
50,false,M3,"2. NNI (Incremental)",11,true,305.0000,1673.9479,0,0,0,0,2032344600,6322825336
50,false,M3,"2. NNI (Incremental)",12,false,Infinity,1424.4555,0,0,0,0,1725951056,8034101368
50,false,M3,"2. NNI (Incremental)",13,true,333.0000,1844.5319,0,0,0,0,2234990280,10282248312
50,false,M3,"2. NNI (Incremental)",14,false,Infinity,1458.7647,0,0,0,0,1759018792,10315802744
50,false,M3,"2. NNI (Incremental)",15,false,Infinity,672.5765,0,0,0,0,815346416,2575695728
50,false,M3,"2. NNI (Incremental)",16,true,298.0000,1634.1263,0,0,0,0,1990086440,4555407216
50,false,M3,"2. NNI (Incremental)",17,false,Infinity,1592.1700,0,0,0,0,1917712088,6468009840
50,false,M3,"2. NNI (Incremental)",18,false,Infinity,1114.2642,0,0,0,0,1336950424,7810187120
50,false,M3,"2. NNI (Incremental)",19,false,Infinity,1485.0109,0,0,0,0,1783295432,9588572016
50,false,M3,"2. NNI (Incremental)",20,false,Infinity,751.7511,0,0,0,0,898290024,10293215088
50,false,M3,"2. NNI (Incremental)",21,false,Infinity,1401.8666,0,0,0,0,1699209200,1897460536
50,false,M3,"2. NNI (Incremental)",22,false,Infinity,809.4624,0,0,0,0,979835432,2904093496
50,false,M3,"2. NNI (Incremental)",23,true,275.0000,1514.8004,0,0,0,0,1829532200,4716032824
50,false,M3,"2. NNI (Incremental)",24,false,Infinity,1099.2933,0,0,0,0,1356426680,6091764536
50,false,M3,"2. NNI (Incremental)",25,false,Infinity,562.2026,0,0,0,0,678985920,6762853176
50,false,M3,"2. NNI (Incremental)",26,false,Infinity,904.3363,0,0,0,0,1096590984,7870149432
50,false,M3,"2. NNI (Incremental)",27,true,249.0000,1357.9215,0,0,0,0,1672942776,9514316600
50,false,M3,"2. NNI (Incremental)",28,false,Infinity,1178.7457,0,0,0,0,1425991880,10286160656
50,false,M3,"2. NNI (Incremental)",29,false,Infinity,1521.1630,0,0,0,0,1842743568,2535086864
50,false,M3,"2. NNI (Incremental)",30,true,307.0000,1676.3353,0,0,0,0,2049100248,4581907216
50,false,M3,"2. NNI (Incremental)",31,true,305.0000,1660.0206,0,0,0,0,2014317552,6595173136
50,false,M3,"2. NNI (Incremental)",32,true,227.0000,1252.5333,0,0,0,0,1510959048,8105122576
50,false,M3,"2. NNI (Incremental)",33,false,Infinity,784.5790,0,0,0,0,942268248,9044646672
50,false,M3,"2. NNI (Incremental)",34,true,311.0000,1704.3110,0,0,0,0,2078198952,10286160656
50,false,M3,"2. NNI (Incremental)",35,true,295.0000,1641.1933,0,0,0,0,1976040816,2836755752
50,false,M3,"2. NNI (Incremental)",36,false,Infinity,679.3874,0,0,0,0,819820224,3642062120
50,false,M3,"2. NNI (Incremental)",37,true,260.0000,1426.9954,0,0,0,0,1734174312,5386892584
50,false,M3,"2. NNI (Incremental)",38,false,Infinity,775.4867,0,0,0,0,943783424,6326416680
50,false,M3,"2. NNI (Incremental)",39,false,Infinity,993.0908,0,0,0,0,1193307256,7534376232
50,false,M3,"2. NNI (Incremental)",40,false,Infinity,1166.5013,0,0,0,0,1416417936,8943662376
50,false,M3,"2. NNI (Incremental)",41,false,Infinity,921.2079,0,0,0,0,1136586936,10084513064
50,false,M3,"2. NNI (Incremental)",42,false,Infinity,821.0422,0,0,0,0,981574104,10285839656
50,false,M3,"2. NNI (Incremental)",43,true,299.0000,1660.1751,0,0,0,0,1986771776,2769621344
50,false,M3,"2. NNI (Incremental)",44,true,308.0000,1686.0205,0,0,0,0,2051117384,4816441696
50,false,M3,"2. NNI (Incremental)",45,true,316.0000,1743.3926,0,0,0,0,2100979912,6930370912
50,false,M3,"2. NNI (Incremental)",46,true,296.0000,1619.5992,0,0,0,0,1962154480,8910082400
50,false,M3,"2. NNI (Incremental)",47,true,309.0000,1691.9854,0,0,0,0,2048843144,10285842040
50,false,M3,"2. NNI (Incremental)",48,true,271.0000,1497.6301,0,0,0,0,1799314608,2467659384
50,false,M3,"2. NNI (Incremental)",49,false,Infinity,811.9143,0,0,0,0,977712408,3440737912
50,false,M3,"2. NNI (Incremental)",50,true,260.0000,1433.0978,0,0,0,0,1720711232,5185568376
50,false,M3,"2. NNI (Incremental)",51,true,314.0000,1727.2155,0,0,0,0,2083202536,7265943160
50,false,M3,"2. NNI (Incremental)",52,true,319.0000,1751.0777,0,0,0,0,2113911304,9379872376
50,false,M3,"2. NNI (Incremental)",53,false,Infinity,1127.3947,0,0,0,0,1354362720,10285846704
50,false,M3,"2. NNI (Incremental)",54,true,227.0000,1253.2935,0,0,0,0,1516291640,1964347568
50,false,M3,"2. NNI (Incremental)",55,false,Infinity,719.1322,0,0,0,0,873784320,2836762800
50,false,M3,"2. NNI (Incremental)",56,true,292.0000,1586.1876,0,0,0,0,1938410208,4782919856
50,false,M3,"2. NNI (Incremental)",57,false,Infinity,1139.8584,0,0,0,0,1377595400,6158651568
50,false,M3,"2. NNI (Incremental)",58,false,Infinity,1383.0423,0,0,0,0,1688976224,7869927600
50,false,M3,"2. NNI (Incremental)",59,false,Infinity,1047.0332,0,0,0,0,1265132600,9111441584
50,false,M3,"2. NNI (Incremental)",60,true,217.0000,1205.5443,0,0,0,0,1459998752,10285846704
50,false,M3,"2. NNI (Incremental)",61,true,313.0000,1715.0191,0,0,0,0,2075096984,2400533064
50,false,M3,"2. NNI (Incremental)",62,false,Infinity,1015.5944,0,0,0,0,1219215584,3608492616
50,false,M3,"2. NNI (Incremental)",63,true,282.0000,1567.6388,0,0,0,0,1890896744,5487540808
50,false,M3,"2. NNI (Incremental)",64,true,300.0000,1652.6109,0,0,0,0,1978463032,7467252296
50,false,M3,"2. NNI (Incremental)",65,false,Infinity,854.3167,0,0,0,0,1043553368,8507439688
50,false,M3,"2. NNI (Incremental)",66,false,Infinity,1201.5507,0,0,0,0,1449614592,9983834696
50,false,M3,"2. NNI (Incremental)",67,true,245.0000,1333.5737,0,0,0,0,1630016224,10285824584
50,false,M3,"2. NNI (Incremental)",68,false,Infinity,842.2901,0,0,0,0,996764408,2333417008
50,false,M3,"2. NNI (Incremental)",69,true,277.0000,1519.1304,0,0,0,0,1842822336,4178910768
50,false,M3,"2. NNI (Incremental)",70,false,Infinity,948.4179,0,0,0,0,1149197576,5319761456
50,false,M3,"2. NNI (Incremental)",71,false,Infinity,898.0472,0,0,0,0,1090190192,6427057712
50,false,M3,"2. NNI (Incremental)",72,true,321.0000,1767.1898,0,0,0,0,2109594568,8507432496
50,false,M3,"2. NNI (Incremental)",73,true,291.0000,1598.8511,0,0,0,0,1927270920,10285817392
50,false,M3,"2. NNI (Incremental)",74,true,286.0000,1558.9912,0,0,0,0,1901042976,2064978232
50,false,M3,"2. NNI (Incremental)",75,false,Infinity,1074.0744,0,0,0,0,1278595504,3373601080
50,false,M3,"2. NNI (Incremental)",76,true,235.0000,1310.4599,0,0,0,0,1570623200,4917104952
50,false,M3,"2. NNI (Incremental)",77,false,Infinity,606.2918,0,0,0,0,724704296,5655302456
50,false,M3,"2. NNI (Incremental)",78,true,299.0000,1644.1205,0,0,0,0,1980966528,7635013944
50,false,M3,"2. NNI (Incremental)",79,true,269.0000,1489.1347,0,0,0,0,1787342528,9413398840
50,false,M3,"2. NNI (Incremental)",80,false,Infinity,764.0772,0,0,0,0,916246528,10285824448
50,false,M3,"2. NNI (Incremental)",81,false,Infinity,1214.2787,0,0,0,0,1439246984,1528117696
50,false,M3,"2. NNI (Incremental)",82,false,Infinity,879.2382,0,0,0,0,1073172072,2601859520
50,false,M3,"2. NNI (Incremental)",83,false,Infinity,843.5717,0,0,0,0,1016900496,3608492480
50,false,M3,"2. NNI (Incremental)",84,true,301.0000,1662.1268,0,0,0,0,1994830648,5588203968
50,false,M3,"2. NNI (Incremental)",85,true,269.0000,1508.4492,0,0,0,0,1806603176,7400143296
50,false,M3,"2. NNI (Incremental)",86,false,Infinity,1154.4574,0,0,0,0,1387342408,8775875008
50,false,M3,"2. NNI (Incremental)",87,true,283.0000,1547.4994,0,0,0,0,1875874176,10285824448
50,false,M3,"2. NNI (Incremental)",88,false,Infinity,1140.7791,0,0,0,0,1396103784,1796532272
50,false,M3,"2. NNI (Incremental)",89,true,302.0000,1666.3484,0,0,0,0,1993702512,3776243760
50,false,M3,"2. NNI (Incremental)",90,false,Infinity,796.2267,0,0,0,0,962650504,4749322288
50,false,M3,"2. NNI (Incremental)",91,true,340.0000,1852.4717,0,0,0,0,2257799888,6997469232
50,false,M3,"2. NNI (Incremental)",92,true,240.0000,1361.2349,0,0,0,0,1611193544,8608081968
50,false,M3,"2. NNI (Incremental)",93,true,256.0000,1408.5194,0,0,0,0,1707756632,10285846760
50,false,M3,"2. NNI (Incremental)",94,true,274.0000,1514.5242,0,0,0,0,1815969568,1863684328
50,false,M3,"2. NNI (Incremental)",95,false,Infinity,1285.5848,0,0,0,0,1568127392,3440742632
50,false,M3,"2. NNI (Incremental)",96,false,Infinity,1007.0081,0,0,0,0,1222152200,4682256616
50,false,M3,"2. NNI (Incremental)",97,false,Infinity,563.9548,0,0,0,0,686387880,5353345256
50,false,M3,"2. NNI (Incremental)",98,false,Infinity,1047.8665,0,0,0,0,1255716880,6628413672
50,false,M3,"2. NNI (Incremental)",99,true,334.0000,1842.8114,0,0,0,0,2217703096,8843006184
50,false,M3,"2. NNI (Incremental)",100,false,Infinity,800.8856,0,0,0,0,964144600,9782530280
50,false,M3,"3. VND NNI->ECR->SPR (Classic)",1,true,312.0000,4056.5378,4054694378,0,0,0,16014925088,10523672712
50,false,M3,"3. VND NNI->ECR->SPR (Classic)",2,true,257.0000,8212.0948,2046095297,6164692941,0,0,32092344288,10614359400
50,false,M3,"3. VND NNI->ECR->SPR (Classic)",3,true,331.0000,6724.2127,3612899751,3109783548,0,0,26650058240,10614359400
50,false,M3,"3. VND NNI->ECR->SPR (Classic)",4,true,223.0000,2801.4592,2800319766,0,0,0,11192877120,10298858288
50,false,M3,"3. VND NNI->ECR->SPR (Classic)",5,true,286.0000,3707.3334,3705944636,0,0,0,14665013928,10289264600
50,false,M3,"3. VND NNI->ECR->SPR (Classic)",6,true,280.0000,55399.7603,2766921473,695314169,51936035712,0,199259299976,18070401496
50,false,M3,"3. VND NNI->ECR->SPR (Classic)",7,true,240.0000,8535.7846,1629088640,6905419089,0,0,32426710272,18542947416
50,false,M3,"3. VND NNI->ECR->SPR (Classic)",8,true,325.0000,12348.8391,2074721395,10272817368,0,0,45861668008,19183337560
50,false,M3,"3. VND NNI->ECR->SPR (Classic)",9,true,256.0000,3280.3775,3279091062,0,0,0,12818893392,18569494136
50,false,M3,"3. VND NNI->ECR->SPR (Classic)",10,true,289.0000,3807.0973,3805747463,0,0,0,14690899952,18552795976
50,false,M3,"3. VND NNI->ECR->SPR (Classic)",11,true,282.0000,6160.9828,2980814245,3178849813,0,0,23883016832,18622017288
50,false,M3,"3. VND NNI->ECR->SPR (Classic)",12,true,270.0000,4015.6975,3346552455,667845822,0,0,15701957488,18586543640
50,false,M3,"3. VND NNI->ECR->SPR (Classic)",13,true,343.0000,4569.6162,4568115237,0,0,0,17630015920,18552989208
50,false,M3,"3. VND NNI->ECR->SPR (Classic)",14,true,315.0000,5745.6922,3635714700,2108540941,0,0,22246525024,18635877016
50,false,M3,"3. VND NNI->ECR->SPR (Classic)",15,true,314.0000,17210.5388,2369760295,7638674302,7200478459,0,66361811920,19336982296
50,false,M3,"3. VND NNI->ECR->SPR (Classic)",16,true,283.0000,3685.9802,3684524500,0,0,0,14445516632,18905969176
50,false,M3,"3. VND NNI->ECR->SPR (Classic)",17,true,333.0000,6827.3488,3730152362,3095572202,0,0,26491934384,18944316464
50,false,M3,"3. VND NNI->ECR->SPR (Classic)",18,true,367.0000,10253.2056,3001302228,7250252765,0,0,40115234168,19191257248
50,false,M3,"3. VND NNI->ECR->SPR (Classic)",19,true,289.0000,5296.3255,3247934942,2047027480,0,0,20898794752,19191257248
50,false,M3,"3. VND NNI->ECR->SPR (Classic)",20,true,275.0000,8745.7416,2114903411,6629418486,0,0,33854395920,19182720664
50,false,M3,"3. VND NNI->ECR->SPR (Classic)",21,true,297.0000,7339.9299,2785907268,4552641080,0,0,28711028696,19182720664
50,false,M3,"3. VND NNI->ECR->SPR (Classic)",22,true,325.0000,4245.6886,4243992279,0,0,0,16551203080,19186667448
50,false,M3,"3. VND NNI->ECR->SPR (Classic)",23,true,313.0000,4079.3288,4077697193,0,0,0,15945322104,18918318008
50,false,M3,"3. VND NNI->ECR->SPR (Classic)",24,true,254.0000,4705.5485,2814704813,1889619385,0,0,18657632000,18921562328
50,false,M3,"3. VND NNI->ECR->SPR (Classic)",25,true,263.0000,9967.1859,1570459555,8395392723,0,0,37818840352,19561561048
50,false,M3,"3. VND NNI->ECR->SPR (Classic)",26,true,350.0000,11812.0991,2189653354,9620780380,0,0,45517881408,19532681176
50,false,M3,"3. VND NNI->ECR->SPR (Classic)",27,true,250.0000,3129.8901,3128519629,0,0,0,12559814240,18928701400
50,false,M3,"3. VND NNI->ECR->SPR (Classic)",28,true,281.0000,3605.6492,3604192913,0,0,0,14137049656,18911210504
50,false,M3,"3. VND NNI->ECR->SPR (Classic)",29,true,282.0000,8538.2065,2351949435,6184917552,0,0,32431704392,19193688600
50,false,M3,"3. VND NNI->ECR->SPR (Classic)",30,true,334.0000,4308.8157,4307193398,0,0,0,17028259136,18925253144
50,false,M3,"3. VND NNI->ECR->SPR (Classic)",31,true,316.0000,4228.2602,4226803497,0,0,0,16434884232,18917604808
50,false,M3,"3. VND NNI->ECR->SPR (Classic)",32,true,268.0000,3481.7277,3480488633,0,0,0,13737360984,18925001816
50,false,M3,"3. VND NNI->ECR->SPR (Classic)",33,true,326.0000,8818.6315,3038836777,5778200282,0,0,33717328088,19303773832
50,false,M3,"3. VND NNI->ECR->SPR (Classic)",34,true,263.0000,9104.9530,1915182319,7188503125,0,0,34634613488,19236664968
50,false,M3,"3. VND NNI->ECR->SPR (Classic)",35,true,277.0000,9456.0462,2030543172,7424051711,0,0,36071803896,19387239896
50,false,M3,"3. VND NNI->ECR->SPR (Classic)",36,true,236.0000,8546.7328,1539349713,7006199255,0,0,33159225160,19353685464
50,false,M3,"3. VND NNI->ECR->SPR (Classic)",37,true,266.0000,3391.4288,3390129626,0,0,0,13433332760,18902524568
50,false,M3,"3. VND NNI->ECR->SPR (Classic)",38,true,260.0000,8289.8039,1852799193,6435590190,0,0,32555075648,19082086784
50,false,M3,"3. VND NNI->ECR->SPR (Classic)",39,true,312.0000,10882.4281,3385613618,679513331,797937919,6017770086,42576800208,19149195648
50,false,M3,"3. VND NNI->ECR->SPR (Classic)",40,true,352.0000,13108.8692,2150463165,10956763096,0,0,48978718776,19731891200
50,false,M3,"3. VND NNI->ECR->SPR (Classic)",41,true,250.0000,6312.1799,2257261585,4053356243,0,0,24767825200,19530564608
50,false,M3,"3. VND NNI->ECR->SPR (Classic)",42,true,306.0000,9678.0500,2258316341,7418324480,0,0,37957329696,19218973328
50,false,M3,"3. VND NNI->ECR->SPR (Classic)",43,true,337.0000,4303.9589,4302252562,0,0,0,17203245856,19252527760
50,false,M3,"3. VND NNI->ECR->SPR (Classic)",44,true,300.0000,3854.0021,3852401194,0,0,0,15357201416,18917520368
50,false,M3,"3. VND NNI->ECR->SPR (Classic)",45,true,325.0000,4187.0021,4185441822,0,0,0,16593636528,18901889960
50,false,M3,"3. VND NNI->ECR->SPR (Classic)",46,true,305.0000,3981.1817,3979733574,0,0,0,15705900912,18908295320
50,false,M3,"3. VND NNI->ECR->SPR (Classic)",47,true,311.0000,3981.0987,3979679371,0,0,0,15823344640,18928701400
50,false,M3,"3. VND NNI->ECR->SPR (Classic)",48,true,284.0000,3636.7046,3635294569,0,0,0,14599435536,18926283152
50,false,M3,"3. VND NNI->ECR->SPR (Classic)",49,true,273.0000,36353.0259,2074593973,4575785114,29701174422,0,137788269048,21517561408
50,false,M3,"3. VND NNI->ECR->SPR (Classic)",50,true,288.0000,3833.3511,3832015887,0,0,0,14757643160,20029931376
50,false,M3,"3. VND NNI->ECR->SPR (Classic)",51,true,313.0000,6772.8657,3219651234,3551723361,0,0,26038572752,20531324632
50,false,M3,"3. VND NNI->ECR->SPR (Classic)",52,true,321.0000,4238.5993,4237131671,0,0,0,16446669456,20127435832
50,false,M3,"3. VND NNI->ECR->SPR (Classic)",53,true,245.0000,3157.7406,3156517313,0,0,0,12420896880,20155487512
50,false,M3,"3. VND NNI->ECR->SPR (Classic)",54,true,232.0000,2952.1949,2950908744,0,0,0,11705008192,20185601048
50,false,M3,"3. VND NNI->ECR->SPR (Classic)",55,true,332.0000,22617.8349,1902906554,6177450773,692980791,13842917766,85873081096,21141098248
50,false,M3,"3. VND NNI->ECR->SPR (Classic)",56,true,295.0000,3717.4975,3715913354,0,0,0,14779982400,19899152888
50,false,M3,"3. VND NNI->ECR->SPR (Classic)",57,true,270.0000,6073.6231,2726999933,3345242734,0,0,23995174392,20348682344
50,false,M3,"3. VND NNI->ECR->SPR (Classic)",58,true,309.0000,3894.3761,3892893329,0,0,0,15594316824,20212841528
50,false,M3,"3. VND NNI->ECR->SPR (Classic)",59,true,274.0000,28542.5033,2770301962,1488695443,18046146706,6235935293,108336427112,22138053424
50,false,M3,"3. VND NNI->ECR->SPR (Classic)",60,true,217.0000,2845.1419,2844000705,0,0,0,11034690896,20114003760
50,false,M3,"3. VND NNI->ECR->SPR (Classic)",61,true,275.0000,6767.5300,2696515610,4069752073,0,0,26062534376,20366061520
50,false,M3,"3. VND NNI->ECR->SPR (Classic)",62,true,301.0000,6786.9467,3219999187,3565481615,0,0,25960869000,20673045544
50,false,M3,"3. VND NNI->ECR->SPR (Classic)",63,true,235.0000,34790.3404,2094576955,3054289513,29640206568,0,130237358032,23312989320
50,false,M3,"3. VND NNI->ECR->SPR (Classic)",64,true,303.0000,4054.4574,4053074407,0,0,0,15599351728,20526325272
50,false,M3,"3. VND NNI->ECR->SPR (Classic)",65,true,265.0000,10889.6775,2375754025,4608933432,3903573700,0,42030819368,20721871480
50,false,M3,"3. VND NNI->ECR->SPR (Classic)",66,true,305.0000,4053.8664,4052377131,0,0,0,15783558520,20521519840
50,false,M3,"3. VND NNI->ECR->SPR (Classic)",67,true,245.0000,6076.5823,2344930186,3730365988,0,0,23603528272,20437609704
50,false,M3,"3. VND NNI->ECR->SPR (Classic)",68,true,321.0000,11869.2201,2188782999,9678872555,0,0,44634033520,21242548760
50,false,M3,"3. VND NNI->ECR->SPR (Classic)",69,true,277.0000,3590.1422,3588802685,0,0,0,14020187784,20329868760
50,false,M3,"3. VND NNI->ECR->SPR (Classic)",70,true,311.0000,8171.9324,2838117128,5332231598,0,0,31138657544,20773944448
50,false,M3,"3. VND NNI->ECR->SPR (Classic)",71,true,288.0000,15510.9384,2604218358,1362117377,848230262,10694882374,59436555872,21015769728
50,false,M3,"3. VND NNI->ECR->SPR (Classic)",72,true,327.0000,4361.6622,4360084232,0,0,0,17007481384,20990505816
50,false,M3,"3. VND NNI->ECR->SPR (Classic)",73,true,291.0000,3824.6760,3823268813,0,0,0,14966202112,20373547936
50,false,M3,"3. VND NNI->ECR->SPR (Classic)",74,true,321.0000,4360.4023,4358692195,0,0,0,16588074376,20731483464
50,false,M3,"3. VND NNI->ECR->SPR (Classic)",75,true,298.0000,25110.9545,3529019134,1532012170,20048425265,0,93655623984,22353565200
50,false,M3,"3. VND NNI->ECR->SPR (Classic)",76,true,250.0000,3277.1109,3275959087,0,0,0,12803325792,20518026528
50,false,M3,"3. VND NNI->ECR->SPR (Classic)",77,true,319.0000,11765.2972,1895808996,9867971337,0,0,44659954024,21416025888
50,false,M3,"3. VND NNI->ECR->SPR (Classic)",78,true,312.0000,4085.1784,4083748911,0,0,0,15801247112,20652737096
50,false,M3,"3. VND NNI->ECR->SPR (Classic)",79,true,270.0000,3560.0185,3558718093,0,0,0,13803240720,20830672344
50,false,M3,"3. VND NNI->ECR->SPR (Classic)",80,true,332.0000,4434.0103,4432222368,0,0,0,17039175880,20812745152
50,false,M3,"3. VND NNI->ECR->SPR (Classic)",81,true,327.0000,9391.9200,2932878926,6457451013,0,0,35842200552,21065188744
50,false,M3,"3. VND NNI->ECR->SPR (Classic)",82,true,259.0000,3386.9667,3385514740,0,0,0,13061285752,20648668632
50,false,M3,"3. VND NNI->ECR->SPR (Classic)",83,true,296.0000,31817.1308,2778403667,3227451610,25809716492,0,118305142032,24677417880
50,false,M3,"3. VND NNI->ECR->SPR (Classic)",84,true,315.0000,4188.0139,4186688574,0,0,0,16192628552,23528299192
50,false,M3,"3. VND NNI->ECR->SPR (Classic)",85,true,305.0000,4014.8045,4013239373,0,0,0,15646622632,23689646464
50,false,M3,"3. VND NNI->ECR->SPR (Classic)",86,true,249.0000,6438.4621,2326743700,4110403461,0,0,24874356504,23672418776
50,false,M3,"3. VND NNI->ECR->SPR (Classic)",87,true,282.0000,3658.0547,3656611357,0,0,0,14385651584,23638864344
50,false,M3,"3. VND NNI->ECR->SPR (Classic)",88,true,290.0000,17259.3751,2799557787,1526236776,784512929,12147442087,66230794912,24087628248
50,false,M3,"3. VND NNI->ECR->SPR (Classic)",89,true,284.0000,3920.0235,3918789556,0,0,0,14796543936,23591407488
50,false,M3,"3. VND NNI->ECR->SPR (Classic)",90,true,325.0000,10818.7745,2218757251,8598417005,0,0,41491984520,24232238408
50,false,M3,"3. VND NNI->ECR->SPR (Classic)",91,true,386.0000,5162.5497,5160696608,0,0,0,19735145840,23739185160
50,false,M3,"3. VND NNI->ECR->SPR (Classic)",92,true,241.0000,3209.3549,3208111229,0,0,0,12254132312,23670277336
50,false,M3,"3. VND NNI->ECR->SPR (Classic)",93,true,251.0000,3238.0255,3236672946,0,0,0,12690201752,23703990568
50,false,M3,"3. VND NNI->ECR->SPR (Classic)",94,true,277.0000,3649.0132,3647536210,0,0,0,14158865840,23661839096
50,false,M3,"3. VND NNI->ECR->SPR (Classic)",95,true,329.0000,8182.9004,3054680537,5126632307,0,0,31878234536,23928806160
50,false,M3,"3. VND NNI->ECR->SPR (Classic)",96,true,291.0000,7228.5582,2700649772,4526499867,0,0,27889821040,23905416040
50,false,M3,"3. VND NNI->ECR->SPR (Classic)",97,true,269.0000,11267.3016,1425990764,9839942584,0,0,40180631088,24332991672
50,false,M3,"3. VND NNI->ECR->SPR (Classic)",98,true,386.0000,25875.3563,3642632664,190721267,3218091810,18821931326,96772535080,27487506744
50,false,M3,"3. VND NNI->ECR->SPR (Classic)",99,true,326.0000,4239.7951,4238129088,0,0,0,16548094624,26467144200
50,false,M3,"3. VND NNI->ECR->SPR (Classic)",100,true,336.0000,12877.4523,2046369288,10829432570,0,0,48890599512,27247808120
50,false,M3,"4. VND NNI->SPR (Classic)",1,true,312.0000,4024.3773,4022811105,0,0,0,16014925056,10543759576
50,false,M3,"4. VND NNI->SPR (Classic)",2,true,281.0000,27544.2914,2045581931,0,0,25497207978,100634815000,11699742376
50,false,M3,"4. VND NNI->SPR (Classic)",3,true,351.0000,17648.0636,3780050724,0,0,13866348564,66502189872,14162769344
50,false,M3,"4. VND NNI->SPR (Classic)",4,true,223.0000,2785.5494,2784383881,0,0,0,11192877088,13925606480
50,false,M3,"4. VND NNI->SPR (Classic)",5,true,286.0000,3683.1039,3681648491,0,0,0,14665013896,13918330520
50,false,M3,"4. VND NNI->SPR (Classic)",6,true,370.0000,31053.2947,2758211749,0,0,28293357987,115874724872,15541260232
50,false,M3,"4. VND NNI->SPR (Classic)",7,true,280.0000,33999.4849,1713434914,0,0,32284444091,122380519432,18809935088
50,false,M3,"4. VND NNI->SPR (Classic)",8,true,387.0000,40748.7476,2007166807,0,0,38740079420,148023649768,21045491728
50,false,M3,"4. VND NNI->SPR (Classic)",9,true,256.0000,3305.9060,3304573303,0,0,0,12818833384,19944863544
50,false,M3,"4. VND NNI->SPR (Classic)",10,true,289.0000,3896.8560,3895438719,0,0,0,14690949200,19892960056
50,false,M3,"4. VND NNI->SPR (Classic)",11,true,300.0000,17042.2966,3005665660,0,0,14035150971,63665222088,20714816936
50,false,M3,"4. VND NNI->SPR (Classic)",12,true,280.0000,7905.7784,3330765823,0,0,4573579397,30359050256,20972527808
50,false,M3,"4. VND NNI->SPR (Classic)",13,true,343.0000,4546.5049,4544938580,0,0,0,17630015888,20267709600
50,false,M3,"4. VND NNI->SPR (Classic)",14,true,321.0000,11318.8496,3609286651,0,0,7707976043,43126007840,20739685320
50,false,M3,"4. VND NNI->SPR (Classic)",15,true,356.0000,36272.1332,2018954778,0,0,34251400534,134958893032,22382386408
50,false,M3,"4. VND NNI->SPR (Classic)",16,true,283.0000,3729.8296,3728467127,0,0,0,14445516600,20032506528
50,false,M3,"4. VND NNI->SPR (Classic)",17,true,342.0000,22103.8296,3795200334,0,0,18306930931,83237788808,21380386976
50,false,M3,"4. VND NNI->SPR (Classic)",18,true,352.0000,21891.9183,3085446538,0,0,18804699624,81547438536,21367720104
50,false,M3,"4. VND NNI->SPR (Classic)",19,true,291.0000,9594.7761,3375752556,0,0,6217467605,36224812528,20789299664
50,false,M3,"4. VND NNI->SPR (Classic)",20,true,334.0000,30524.2266,2101787993,0,0,28420698846,113555485696,22113491368
50,false,M3,"4. VND NNI->SPR (Classic)",21,true,319.0000,20058.2931,2873737257,0,0,17182997435,74661755192,21460104360
50,false,M3,"4. VND NNI->SPR (Classic)",22,true,325.0000,4326.2430,4324677888,0,0,0,16551203048,20644800424
50,false,M3,"4. VND NNI->SPR (Classic)",23,true,313.0000,4113.1824,4111602901,0,0,0,15945320848,20880925232
50,false,M3,"4. VND NNI->SPR (Classic)",24,true,261.0000,15097.7882,2869963070,0,0,12226422172,57255977688,21279542120
50,false,M3,"4. VND NNI->SPR (Classic)",25,true,312.0000,41143.4305,1613801665,0,0,39528192766,151716182192,23080833960
50,false,M3,"4. VND NNI->SPR (Classic)",26,true,363.0000,38879.6298,2243787034,0,0,36634015139,141247618424,25471014512
50,false,M3,"4. VND NNI->SPR (Classic)",27,true,250.0000,3262.2545,3260970133,0,0,0,12559767552,23616223784
50,false,M3,"4. VND NNI->SPR (Classic)",28,true,281.0000,3628.9853,3627526235,0,0,0,14136989648,23718162344
50,false,M3,"4. VND NNI->SPR (Classic)",29,true,352.0000,33009.9256,2324628872,0,0,30683819657,121912918816,25546735528
50,false,M3,"4. VND NNI->SPR (Classic)",30,true,334.0000,4427.4557,4425756269,0,0,0,17028319112,23983552224
50,false,M3,"4. VND NNI->SPR (Classic)",31,true,316.0000,4369.9353,4368331554,0,0,0,16434884232,24342780360
50,false,M3,"4. VND NNI->SPR (Classic)",32,true,268.0000,3540.3184,3538955711,0,0,0,13737407264,25733849088
50,false,M3,"4. VND NNI->SPR (Classic)",33,true,345.0000,25919.4686,3043665932,0,0,22874127129,93491418248,13266835000
50,false,M3,"4. VND NNI->SPR (Classic)",34,true,324.0000,34805.3842,1984831215,0,0,32818983450,124614131640,17049722424
50,false,M3,"4. VND NNI->SPR (Classic)",35,true,329.0000,32503.0810,2115301542,0,0,30386208886,119381148912,18935105464
50,false,M3,"4. VND NNI->SPR (Classic)",36,true,292.0000,39262.6189,1659426039,0,0,37601751472,145118537056,21517428104
50,false,M3,"4. VND NNI->SPR (Classic)",37,true,266.0000,3454.9348,3453566696,0,0,0,13433332760,19898530424
50,false,M3,"4. VND NNI->SPR (Classic)",38,true,312.0000,35777.8600,1843565999,0,0,33932685189,134031039392,22662033528
50,false,M3,"4. VND NNI->SPR (Classic)",39,true,314.0000,11205.8203,3497731584,0,0,7706601456,42431792808,20733167032
50,false,M3,"4. VND NNI->SPR (Classic)",40,true,361.0000,40095.0779,2116341590,0,0,37977069540,147349053216,22862749032
50,false,M3,"4. VND NNI->SPR (Classic)",41,true,264.0000,20877.1122,2344514700,0,0,18531092682,78202823032,21503467864
50,false,M3,"4. VND NNI->SPR (Classic)",42,true,364.0000,33004.3557,2345841191,0,0,30656631333,120628579232,22432639560
50,false,M3,"4. VND NNI->SPR (Classic)",43,true,337.0000,4518.4038,4516751997,0,0,0,17203245856,20827260440
50,false,M3,"4. VND NNI->SPR (Classic)",44,true,300.0000,3928.6672,3927129916,0,0,0,15357201416,20895955136
50,false,M3,"4. VND NNI->SPR (Classic)",45,true,325.0000,4298.2076,4296570015,0,0,0,16593636528,20903155936
50,false,M3,"4. VND NNI->SPR (Classic)",46,true,305.0000,4052.4628,4050931291,0,0,0,15705902136,20836047072
50,false,M3,"4. VND NNI->SPR (Classic)",47,true,311.0000,4016.1030,4014531969,0,0,0,15823344640,20846232624
50,false,M3,"4. VND NNI->SPR (Classic)",48,true,284.0000,3701.3903,3699990262,0,0,0,14599435536,20815585272
50,false,M3,"4. VND NNI->SPR (Classic)",49,true,326.0000,38916.5498,2075298939,0,0,36839736189,142970640640,23028173096
50,false,M3,"4. VND NNI->SPR (Classic)",50,true,288.0000,3870.5263,3869125719,0,0,0,14757643160,20920530576
50,false,M3,"4. VND NNI->SPR (Classic)",51,true,319.0000,22727.0970,4039085323,0,0,18686379052,81627921688,24625513864
50,false,M3,"4. VND NNI->SPR (Classic)",52,true,321.0000,4311.3493,4309800934,0,0,0,16446669456,23767578560
50,false,M3,"4. VND NNI->SPR (Classic)",53,true,245.0000,3201.8413,3200547767,0,0,0,12420957720,23622819704
50,false,M3,"4. VND NNI->SPR (Classic)",54,true,232.0000,2938.0941,2936788032,0,0,0,11705008192,23779610040
50,false,M3,"4. VND NNI->SPR (Classic)",55,true,370.0000,36564.9060,1908035974,0,0,34655130763,135054961032,25861757368
50,false,M3,"4. VND NNI->SPR (Classic)",56,true,295.0000,3840.9911,3839414767,0,0,0,14779982400,23905759864
50,false,M3,"4. VND NNI->SPR (Classic)",57,true,288.0000,20135.7596,2850677395,0,0,17283608008,74937592464,33727247608
50,false,M3,"4. VND NNI->SPR (Classic)",58,true,309.0000,3959.2201,3957624508,0,0,0,15594316824,11552625472
50,false,M3,"4. VND NNI->SPR (Classic)",59,true,325.0000,22658.5204,2791224573,0,0,19865768630,81172973496,13891686200
50,false,M3,"4. VND NNI->SPR (Classic)",60,true,217.0000,2883.0910,2881863401,0,0,0,11034690896,13947948568
50,false,M3,"4. VND NNI->SPR (Classic)",61,true,293.0000,18776.5672,2770896183,0,0,16004260358,69873961120,14998501920
50,false,M3,"4. VND NNI->SPR (Classic)",62,true,308.0000,17401.6086,3191353201,0,0,14208839797,65538153768,15605930624
50,false,M3,"4. VND NNI->SPR (Classic)",63,true,333.0000,28114.8523,2109760264,0,0,26003664383,104643622480,16095723776
50,false,M3,"4. VND NNI->SPR (Classic)",64,true,303.0000,4091.4151,4089937119,0,0,0,15599351728,15688951216
50,false,M3,"4. VND NNI->SPR (Classic)",65,true,298.0000,28148.8076,2066892281,0,0,26080521521,101015746744,17183094192
50,false,M3,"4. VND NNI->SPR (Classic)",66,true,305.0000,4214.9751,4213393848,0,0,0,15783558520,19271592336
50,false,M3,"4. VND NNI->SPR (Classic)",67,true,261.0000,21019.8599,2321665707,0,0,18696945877,78949300712,20160886768
50,false,M3,"4. VND NNI->SPR (Classic)",68,true,369.0000,38968.7582,2174192085,0,0,36792863742,143992692000,21902975984
50,false,M3,"4. VND NNI->SPR (Classic)",69,true,277.0000,3657.4644,3656071632,0,0,0,14020187784,19954595792
50,false,M3,"4. VND NNI->SPR (Classic)",70,true,326.0000,20366.9497,2818486387,0,0,17546849025,75297440536,21032197608
50,false,M3,"4. VND NNI->SPR (Classic)",71,true,291.0000,16254.3238,2561433747,0,0,13691318891,62308803872,21307531888
50,false,M3,"4. VND NNI->SPR (Classic)",72,true,327.0000,4305.9103,4304389234,0,0,0,17007601336,20712665712
50,false,M3,"4. VND NNI->SPR (Classic)",73,true,291.0000,3870.7972,3869378370,0,0,0,14966202112,20680110064
50,false,M3,"4. VND NNI->SPR (Classic)",74,true,321.0000,4294.3158,4292748777,0,0,0,16588074376,20411674608
50,false,M3,"4. VND NNI->SPR (Classic)",75,true,375.0000,33678.4500,3025763919,0,0,30650897013,123652557648,22217482560
50,false,M3,"4. VND NNI->SPR (Classic)",76,true,250.0000,3316.6494,3315405027,0,0,0,12803325792,20149036112
50,false,M3,"4. VND NNI->SPR (Classic)",77,true,369.0000,42161.0270,1939868425,0,0,40219531006,154075979880,22709510832
50,false,M3,"4. VND NNI->SPR (Classic)",78,true,312.0000,4150.8637,4149320793,0,0,0,15801188360,20525433360
50,false,M3,"4. VND NNI->SPR (Classic)",79,true,270.0000,3551.0295,3549734844,0,0,0,13803241944,20356474192
50,false,M3,"4. VND NNI->SPR (Classic)",80,true,332.0000,4348.1050,4346494158,0,0,0,17039175880,20697240528
50,false,M3,"4. VND NNI->SPR (Classic)",81,true,365.0000,26943.8868,2934382282,0,0,24007840894,99321989136,22102334704
50,false,M3,"4. VND NNI->SPR (Classic)",82,true,259.0000,3393.0795,3391712171,0,0,0,13061285752,20482312960
50,false,M3,"4. VND NNI->SPR (Classic)",83,true,367.0000,40134.7404,2089371278,0,0,38043597532,147088433232,23151486208
50,false,M3,"4. VND NNI->SPR (Classic)",84,true,315.0000,4231.0840,4229730178,0,0,0,16192628552,20928906224
50,false,M3,"4. VND NNI->SPR (Classic)",85,true,305.0000,3971.6334,3970084306,0,0,0,15646682608,20951299208
50,false,M3,"4. VND NNI->SPR (Classic)",86,true,270.0000,19550.8936,2301767162,0,0,17247747723,73345919024,21728850384
50,false,M3,"4. VND NNI->SPR (Classic)",87,true,282.0000,3711.0451,3709600381,0,0,0,14385591608,20930601968
50,false,M3,"4. VND NNI->SPR (Classic)",88,true,316.0000,23655.8941,3185911277,0,0,20468320637,86003715928,24682396040
50,false,M3,"4. VND NNI->SPR (Classic)",89,true,284.0000,3876.1087,3874909111,0,0,0,14796543936,23615788032
50,false,M3,"4. VND NNI->SPR (Classic)",90,true,367.0000,31580.2856,2173804654,0,0,29404607394,118139347104,25451913832
50,false,M3,"4. VND NNI->SPR (Classic)",91,true,386.0000,5169.4106,5167587649,0,0,0,19735236792,23915811096
50,false,M3,"4. VND NNI->SPR (Classic)",92,true,241.0000,3174.0068,3172754597,0,0,0,12254132312,23756745224
50,false,M3,"4. VND NNI->SPR (Classic)",93,true,251.0000,3212.9468,3211692646,0,0,0,12690200168,23760868704
50,false,M3,"4. VND NNI->SPR (Classic)",94,true,277.0000,3706.5428,3705031562,0,0,0,14158864112,23951076096
50,false,M3,"4. VND NNI->SPR (Classic)",95,true,337.0000,20118.2037,3073980128,0,0,17042670315,75716597216,25095626056
50,false,M3,"4. VND NNI->SPR (Classic)",96,true,310.0000,24912.2299,2691688870,0,0,22218984427,90887509736,34383227472
50,false,M3,"4. VND NNI->SPR (Classic)",97,true,334.0000,42936.6135,1461979229,0,0,41472986323,155271805840,17491610032
50,false,M3,"4. VND NNI->SPR (Classic)",98,true,391.0000,24166.0100,3350727720,0,0,20813452126,89143124384,18846974688
50,false,M3,"4. VND NNI->SPR (Classic)",99,true,326.0000,4255.3320,4253713176,0,0,0,16548147584,18868743264
50,false,M3,"4. VND NNI->SPR (Classic)",100,true,394.0000,48064.8719,2086472554,0,0,45976506551,176003810952,21839031616
50,false,M3,"5. VND NNI->ECR->SPR (Inc)",1,true,318.0000,1851.5936,1851248286,0,0,0,2257822544,2273013272
50,false,M3,"5. VND NNI->ECR->SPR (Inc)",2,true,250.0000,3151.7768,1176947503,1974578605,0,0,4839417464,7104851480
50,false,M3,"5. VND NNI->ECR->SPR (Inc)",3,true,333.0000,3644.5352,1645183771,1999077074,0,0,6022741816,10485128032
50,false,M3,"5. VND NNI->ECR->SPR (Inc)",4,true,225.0000,1295.6601,1295424310,0,0,0,1620715936,4613102432
50,false,M3,"5. VND NNI->ECR->SPR (Inc)",5,true,267.0000,1553.1084,1552867823,0,0,0,1920651992,6525705056
50,false,M3,"5. VND NNI->ECR->SPR (Inc)",6,true,304.0000,9273.5724,1316314397,2266012888,5690975130,0,18385386408,10418019168
50,false,M3,"5. VND NNI->ECR->SPR (Inc)",7,true,242.0000,4903.6223,709003899,4194383468,0,0,9618141928,10303994200
50,false,M3,"5. VND NNI->ECR->SPR (Inc)",8,true,268.0000,31013.7702,1074639040,1184629392,28754220480,0,57071834088,10295570848
50,false,M3,"5. VND NNI->ECR->SPR (Inc)",9,true,261.0000,3426.2880,1110444643,2315595659,0,0,6266981496,10294758744
50,false,M3,"5. VND NNI->ECR->SPR (Inc)",10,true,260.0000,7432.3770,1199199248,1861912285,4370991415,0,14896602696,10294758744
50,false,M3,"5. VND NNI->ECR->SPR (Inc)",11,true,305.0000,1771.0140,1770786040,0,0,0,2190458240,10294154032
50,false,M3,"5. VND NNI->ECR->SPR (Inc)",12,true,294.0000,2631.8161,1509475303,1122097814,0,0,4174051904,6199574424
50,false,M3,"5. VND NNI->ECR->SPR (Inc)",13,true,333.0000,1939.8827,1939631144,0,0,0,2404803520,8615493528
50,false,M3,"5. VND NNI->ECR->SPR (Inc)",14,true,306.0000,2861.2316,1544456838,1316529777,0,0,4645701392,10295692248
50,false,M3,"5. VND NNI->ECR->SPR (Inc)",15,true,301.0000,8273.0313,764437928,2494037804,4598774031,415485503,16147304432,10295692248
50,false,M3,"5. VND NNI->ECR->SPR (Inc)",16,true,298.0000,1736.9291,1736697082,0,0,0,2144802960,10294928352
50,false,M3,"5. VND NNI->ECR->SPR (Inc)",17,true,318.0000,2802.8518,1688209945,1114384065,0,0,4394024168,5127545824
50,false,M3,"5. VND NNI->ECR->SPR (Inc)",18,true,349.0000,6099.7646,1182732744,4916783343,0,0,11307924136,10294966752
50,false,M3,"5. VND NNI->ECR->SPR (Inc)",19,true,307.0000,2935.6382,1582223128,1353154036,0,0,4714172264,10293589144
50,false,M3,"5. VND NNI->ECR->SPR (Inc)",20,true,267.0000,5263.4992,801397695,4461832599,0,0,9782629504,10294263000
50,false,M3,"5. VND NNI->ECR->SPR (Inc)",21,true,317.0000,3784.5749,1487550900,2296762955,0,0,6535145848,6670384344
50,false,M3,"5. VND NNI->ECR->SPR (Inc)",22,true,299.0000,5953.4976,857489225,5095753672,0,0,11652869776,10294263000
50,false,M3,"5. VND NNI->ECR->SPR (Inc)",23,true,275.0000,1609.7349,1609491054,0,0,0,1975461032,10024932288
50,false,M3,"5. VND NNI->ECR->SPR (Inc)",24,true,239.0000,2672.6896,1172791829,1499648676,0,0,4628008648,10294858944
50,false,M3,"5. VND NNI->ECR->SPR (Inc)",25,true,249.0000,5833.3366,598784574,5234304806,0,0,11129687216,10294858944
50,false,M3,"5. VND NNI->ECR->SPR (Inc)",26,true,346.0000,7086.8665,960046099,6126564074,0,0,13771392752,10293753048
50,false,M3,"5. VND NNI->ECR->SPR (Inc)",27,true,249.0000,1428.2618,1428022925,0,0,0,1802683472,10296969752
50,false,M3,"5. VND NNI->ECR->SPR (Inc)",28,true,267.0000,3123.7633,1236265148,1887259679,0,0,5464709584,5767121432
50,false,M3,"5. VND NNI->ECR->SPR (Inc)",29,true,288.0000,2151.2826,1622672912,528349808,0,0,3050019944,8820574744
50,false,M3,"5. VND NNI->ECR->SPR (Inc)",30,true,307.0000,1785.6751,1785428767,0,0,0,2205966112,10297132272
50,false,M3,"5. VND NNI->ECR->SPR (Inc)",31,true,305.0000,1769.2464,1768992810,0,0,0,2178431032,2948711664
50,false,M3,"5. VND NNI->ECR->SPR (Inc)",32,true,227.0000,1330.7620,1330522517,0,0,0,1637823072,4559324400
50,false,M3,"5. VND NNI->ECR->SPR (Inc)",33,true,347.0000,7943.1182,836359753,7106510096,0,0,14854546760,10297132272
50,false,M3,"5. VND NNI->ECR->SPR (Inc)",34,true,311.0000,1811.7772,1811521447,0,0,0,2232635816,10298577072
50,false,M3,"5. VND NNI->ECR->SPR (Inc)",35,true,295.0000,1735.6272,1735391861,0,0,0,2120876496,3252146352
50,false,M3,"5. VND NNI->ECR->SPR (Inc)",36,true,260.0000,5902.9188,721816656,5180860452,0,0,11426453184,10298577072
50,false,M3,"5. VND NNI->ECR->SPR (Inc)",37,true,260.0000,1513.3548,1513111257,0,0,0,1870263104,6269340904
50,false,M3,"5. VND NNI->ECR->SPR (Inc)",38,true,262.0000,5033.1435,822460110,4210448610,0,0,9532942856,10295872744
50,false,M3,"5. VND NNI->ECR->SPR (Inc)",39,true,295.0000,4813.3270,1054485315,2911198312,719814809,127556205,8943051560,10295293784
50,false,M3,"5. VND NNI->ECR->SPR (Inc)",40,true,305.0000,4392.3076,1230103520,3161951443,0,0,7853576456,10295470928
50,false,M3,"5. VND NNI->ECR->SPR (Inc)",41,true,249.0000,3537.0236,984575446,2552195894,0,0,6641546144,8449977168
50,false,M3,"5. VND NNI->ECR->SPR (Inc)",42,true,320.0000,6992.2585,865224406,6126784073,0,0,12752833512,10296411264
50,false,M3,"5. VND NNI->ECR->SPR (Inc)",43,true,299.0000,1747.5635,1747320175,0,0,0,2159772776,2813772928
50,false,M3,"5. VND NNI->ECR->SPR (Inc)",44,true,308.0000,1793.1724,1792946252,0,0,0,2212656064,5028365440
50,false,M3,"5. VND NNI->ECR->SPR (Inc)",45,true,316.0000,1828.6451,1828408763,0,0,0,2260360976,7310066816
50,false,M3,"5. VND NNI->ECR->SPR (Inc)",46,true,296.0000,1704.0750,1703836542,0,0,0,2121081808,9423996032
50,false,M3,"5. VND NNI->ECR->SPR (Inc)",47,true,309.0000,1788.2620,1788028911,0,0,0,2215678792,10297869400
50,false,M3,"5. VND NNI->ECR->SPR (Inc)",48,true,271.0000,1575.4296,1575183902,0,0,0,1941782864,3318547544
50,false,M3,"5. VND NNI->ECR->SPR (Inc)",49,true,288.0000,5770.3854,861763193,4908378148,0,0,10623441592,10297869400
50,false,M3,"5. VND NNI->ECR->SPR (Inc)",50,true,260.0000,1504.4130,1504169744,0,0,0,1856676112,5531170264
50,false,M3,"5. VND NNI->ECR->SPR (Inc)",51,true,314.0000,1806.5248,1806300669,0,0,0,2241944680,7779317208
50,false,M3,"5. VND NNI->ECR->SPR (Inc)",52,true,319.0000,1858.9129,1858679758,0,0,0,2273452040,10027464152
50,false,M3,"5. VND NNI->ECR->SPR (Inc)",53,true,243.0000,2605.4788,1197776333,1407459559,0,0,4417967656,10296631976
50,false,M3,"5. VND NNI->ECR->SPR (Inc)",54,true,227.0000,1313.1215,1312879605,0,0,0,1634459264,5833892520
50,false,M3,"5. VND NNI->ECR->SPR (Inc)",55,true,320.0000,5281.9874,764866813,3775096787,441977803,299782610,9991128720,10296631976
50,false,M3,"5. VND NNI->ECR->SPR (Inc)",56,true,292.0000,1682.7557,1682521326,0,0,0,2091564848,7644383016
50,false,M3,"5. VND NNI->ECR->SPR (Inc)",57,true,277.0000,3679.4616,1209546867,2469670244,0,0,6565806120,10295788328
50,false,M3,"5. VND NNI->ECR->SPR (Inc)",58,true,283.0000,2471.6262,1468172418,1003193252,0,0,3971123520,7912662488
50,false,M3,"5. VND NNI->ECR->SPR (Inc)",59,true,254.0000,17495.7443,1129985414,830980493,15408085159,126409665,35197847488,10296196056
50,false,M3,"5. VND NNI->ECR->SPR (Inc)",60,true,217.0000,1290.2877,1290044470,0,0,0,1580029352,3617662088
50,false,M3,"5. VND NNI->ECR->SPR (Inc)",61,true,313.0000,1831.7670,1831530318,0,0,0,2240951072,5865809032
50,false,M3,"5. VND NNI->ECR->SPR (Inc)",62,true,341.0000,6710.0092,1076919407,5632843592,0,0,11955381552,10295164536
50,false,M3,"5. VND NNI->ECR->SPR (Inc)",63,true,282.0000,1664.8194,1664561752,0,0,0,2036142296,9590521464
50,false,M3,"5. VND NNI->ECR->SPR (Inc)",64,true,300.0000,1751.4001,1751162242,0,0,0,2131789008,10297346288
50,false,M3,"5. VND NNI->ECR->SPR (Inc)",65,true,267.0000,6523.6753,1046095311,2913370774,2563930501,0,12648278120,10297346288
50,false,M3,"5. VND NNI->ECR->SPR (Inc)",66,true,309.0000,4302.3638,1295981470,3006131237,0,0,7805377672,10295501096
50,false,M3,"5. VND NNI->ECR->SPR (Inc)",67,true,245.0000,1411.3581,1411101475,0,0,0,1756475880,3114852648
50,false,M3,"5. VND NNI->ECR->SPR (Inc)",68,true,313.0000,6698.1907,897083361,5800851734,0,0,12271851688,10295759712
50,false,M3,"5. VND NNI->ECR->SPR (Inc)",69,true,277.0000,1620.8166,1620575954,0,0,0,1982607064,7108088672
50,false,M3,"5. VND NNI->ECR->SPR (Inc)",70,true,299.0000,5035.2252,1011130526,4023848670,0,0,9441145384,10295759712
50,false,M3,"5. VND NNI->ECR->SPR (Inc)",71,true,302.0000,5858.4575,955598300,4902570314,0,0,11124233760,10295178344
50,false,M3,"5. VND NNI->ECR->SPR (Inc)",72,true,321.0000,1885.1200,1884856259,0,0,0,2289879272,9422763112
50,false,M3,"5. VND NNI->ECR->SPR (Inc)",73,true,291.0000,1696.7184,1696464412,0,0,0,2088404624,10297457624
50,false,M3,"5. VND NNI->ECR->SPR (Inc)",74,true,286.0000,1663.0016,1662767631,0,0,0,2046363928,3318135768
50,false,M3,"5. VND NNI->ECR->SPR (Inc)",75,true,304.0000,7152.5555,1659420144,1039534812,4453321353,0,12730699448,10297457624
50,false,M3,"5. VND NNI->ECR->SPR (Inc)",76,true,235.0000,1390.5566,1390297853,0,0,0,1692068512,7442788584
50,false,M3,"5. VND NNI->ECR->SPR (Inc)",77,true,310.0000,7466.3698,642414797,6823706256,0,0,14495803408,10296710552
50,false,M3,"5. VND NNI->ECR->SPR (Inc)",78,true,299.0000,1720.2050,1719960244,0,0,0,2137298264,3552269720
50,false,M3,"5. VND NNI->ECR->SPR (Inc)",79,true,269.0000,1566.9734,1566746226,0,0,0,1932722904,5498426776
50,false,M3,"5. VND NNI->ECR->SPR (Inc)",80,true,273.0000,6013.8903,810212599,5203428428,0,0,11217464680,10296710552
50,false,M3,"5. VND NNI->ECR->SPR (Inc)",81,true,353.0000,5990.7053,1282873092,4707573727,0,0,10743705328,10295417880
50,false,M3,"5. VND NNI->ECR->SPR (Inc)",82,true,250.0000,4039.7715,936985554,3102525091,0,0,7847928568,10295159288
50,false,M3,"5. VND NNI->ECR->SPR (Inc)",83,true,295.0000,19073.7532,1230497769,1901678519,15941248040,0,38419932528,10295211224
50,false,M3,"5. VND NNI->ECR->SPR (Inc)",84,true,301.0000,1757.3272,1757077480,0,0,0,2149045872,3986978008
50,false,M3,"5. VND NNI->ECR->SPR (Inc)",85,true,269.0000,1572.9380,1572714244,0,0,0,1947448232,5933135064
50,false,M3,"5. VND NNI->ECR->SPR (Inc)",86,true,248.0000,2650.3357,1208530915,1441563305,0,0,4469618512,10295603272
50,false,M3,"5. VND NNI->ECR->SPR (Inc)",87,true,283.0000,1632.3376,1632074111,0,0,0,2023925800,2175430728
50,false,M3,"5. VND NNI->ECR->SPR (Inc)",88,true,287.0000,2959.1005,1221180672,977093227,504059815,256511550,4957322440,7141486664
50,false,M3,"5. VND NNI->ECR->SPR (Inc)",89,true,302.0000,1753.9734,1753738691,0,0,0,2153373160,9288970312
50,false,M3,"5. VND NNI->ECR->SPR (Inc)",90,true,305.0000,6349.5299,847184438,5502098392,0,0,12106060768,10296405704
50,false,M3,"5. VND NNI->ECR->SPR (Inc)",91,true,340.0000,1959.8992,1959663180,0,0,0,2424420920,3283529416
50,false,M3,"5. VND NNI->ECR->SPR (Inc)",92,true,240.0000,1391.5504,1391325987,0,0,0,1731536520,4994805448
50,false,M3,"5. VND NNI->ECR->SPR (Inc)",93,true,256.0000,1484.7435,1484523833,0,0,0,1837204584,6840299208
50,false,M3,"5. VND NNI->ECR->SPR (Inc)",94,true,274.0000,1611.1737,1610948004,0,0,0,1970169568,8820010696
50,false,M3,"5. VND NNI->ECR->SPR (Inc)",95,true,331.0000,4603.3946,1366531025,3236611014,0,0,8432355632,10298627152
50,false,M3,"5. VND NNI->ECR->SPR (Inc)",96,true,283.0000,4331.5177,1059105380,3272152392,0,0,8138991040,10298627152
50,false,M3,"5. VND NNI->ECR->SPR (Inc)",97,true,274.0000,6232.7485,596335406,5636170327,0,0,12338723496,10295551432
50,false,M3,"5. VND NNI->ECR->SPR (Inc)",98,true,327.0000,14171.6384,1393535740,877325058,11702287319,198199157,26820994016,10295551432
50,false,M3,"5. VND NNI->ECR->SPR (Inc)",99,true,334.0000,1938.1675,1937940430,0,0,0,2394191648,5329008720
50,false,M3,"5. VND NNI->ECR->SPR (Inc)",100,true,333.0000,7205.9851,851918522,6353817544,0,0,14097303984,10295347240
50,false,M3,"6. VND NNI->SPR (Inc)",1,true,318.0000,1851.3571,1851084066,0,0,0,2284089464,2308708968
50,false,M3,"6. VND NNI->SPR (Inc)",2,true,268.0000,1457.9223,1178482792,0,0,279198214,1851868928,4154202728
50,false,M3,"6. VND NNI->SPR (Inc)",3,true,349.0000,1943.5743,1648627279,0,0,294706095,2373594416,6536567400
50,false,M3,"6. VND NNI->SPR (Inc)",4,true,225.0000,1302.5457,1302320605,0,0,0,1620710536,8147180136
50,false,M3,"6. VND NNI->SPR (Inc)",5,true,267.0000,1557.5447,1557305552,0,0,0,1920645584,10059782760
50,false,M3,"6. VND NNI->SPR (Inc)",6,true,340.0000,1622.2292,1258897598,0,0,363086145,2019979784,10328883408
50,false,M3,"6. VND NNI->SPR (Inc)",7,true,279.0000,1378.0732,713765324,0,0,664073675,1735079184,3517333712
50,false,M3,"6. VND NNI->SPR (Inc)",8,true,389.0000,1756.8411,1021997692,0,0,734602460,2097124184,5597708496
50,false,M3,"6. VND NNI->SPR (Inc)",9,true,276.0000,1432.3882,1115173937,0,0,316971167,1823292088,7443202256
50,false,M3,"6. VND NNI->SPR (Inc)",10,true,301.0000,1540.8853,1121377474,0,0,419271222,1941365440,9389359312
50,false,M3,"6. VND NNI->SPR (Inc)",11,true,305.0000,1769.6209,1769368925,0,0,0,2190450920,10296279240
50,false,M3,"6. VND NNI->SPR (Inc)",12,true,304.0000,1632.6336,1507540364,0,0,124818398,2047023392,3350511816
50,false,M3,"6. VND NNI->SPR (Inc)",13,true,333.0000,1939.6800,1939421826,0,0,0,2404803520,5766430920
50,false,M3,"6. VND NNI->SPR (Inc)",14,true,311.0000,1705.9456,1542720286,0,0,162966825,2117108448,7880360136
50,false,M3,"6. VND NNI->SPR (Inc)",15,true,328.0000,1474.8143,711939392,0,0,762625882,1835016832,9692299464
50,false,M3,"6. VND NNI->SPR (Inc)",16,true,298.0000,1739.0712,1738818848,0,0,0,2144802960,10296279240
50,false,M3,"6. VND NNI->SPR (Inc)",17,true,332.0000,1863.8752,1676813251,0,0,186789189,2330708824,3920406552
50,false,M3,"6. VND NNI->SPR (Inc)",18,true,357.0000,1738.8344,1183464185,0,0,555115639,2128674872,6034335768
50,false,M3,"6. VND NNI->SPR (Inc)",19,true,309.0000,1693.5237,1569205643,0,0,124063142,2114836368,8148264984
50,false,M3,"6. VND NNI->SPR (Inc)",20,true,318.0000,1435.3211,795164312,0,0,639905084,1764805832,9926649880
50,false,M3,"6. VND NNI->SPR (Inc)",21,true,335.0000,1763.9566,1477512159,0,0,286189078,2212478792,10295748632
50,false,M3,"6. VND NNI->SPR (Inc)",22,true,358.0000,1675.6977,846988226,0,0,828462063,2127358848,3987319632
50,false,M3,"6. VND NNI->SPR (Inc)",23,true,275.0000,1612.4189,1612180729,0,0,0,1975461032,5967031120
50,false,M3,"6. VND NNI->SPR (Inc)",24,true,251.0000,1455.7184,1172549027,0,0,282931584,1856100664,7812524880
50,false,M3,"6. VND NNI->SPR (Inc)",25,true,335.0000,1422.0715,601221469,0,0,820621634,1740604592,9557355344
50,false,M3,"6. VND NNI->SPR (Inc)",26,true,338.0000,1741.7025,964871696,0,0,776598424,2180635368,10296017264
50,false,M3,"6. VND NNI->SPR (Inc)",27,true,249.0000,1430.8876,1430661362,0,0,0,1802683472,3283140976
50,false,M3,"6. VND NNI->SPR (Inc)",28,true,278.0000,1546.1103,1239640095,0,0,306239278,1962534272,5262852464
50,false,M3,"6. VND NNI->SPR (Inc)",29,true,299.0000,1739.9025,1614600120,0,0,125064817,2162142808,7410336112
50,false,M3,"6. VND NNI->SPR (Inc)",30,true,307.0000,1780.3517,1780127615,0,0,0,2205966112,9624928624
50,false,M3,"6. VND NNI->SPR (Inc)",31,true,305.0000,1768.4256,1768188169,0,0,0,2178431032,10296017264
50,false,M3,"6. VND NNI->SPR (Inc)",32,true,227.0000,1332.2543,1332018702,0,0,0,1637823072,3182403616
50,false,M3,"6. VND NNI->SPR (Inc)",33,true,425.0000,1667.9672,830907595,0,0,836818466,2023885728,5195669536
50,false,M3,"6. VND NNI->SPR (Inc)",34,true,311.0000,1813.9787,1813736078,0,0,0,2232635816,7410262048
50,false,M3,"6. VND NNI->SPR (Inc)",35,true,295.0000,1741.4242,1741181131,0,0,0,2120876496,9557745696
50,false,M3,"6. VND NNI->SPR (Inc)",36,true,313.0000,1549.0207,725609037,0,0,823169169,1958987008,10295999736
50,false,M3,"6. VND NNI->SPR (Inc)",37,true,260.0000,1521.0211,1520787937,0,0,0,1870263104,3115351288
50,false,M3,"6. VND NNI->SPR (Inc)",38,true,312.0000,1564.0191,826789171,0,0,736999258,1974399296,5095062776
50,false,M3,"6. VND NNI->SPR (Inc)",39,true,306.0000,1495.0820,1052881985,0,0,441953808,1848144296,6940556536
50,false,M3,"6. VND NNI->SPR (Inc)",40,true,325.0000,1608.3508,1232186561,0,0,375921504,2042196200,8987376888
50,false,M3,"6. VND NNI->SPR (Inc)",41,true,262.0000,1383.1094,985929502,0,0,396949332,1749956640,10295999736
50,false,M3,"6. VND NNI->SPR (Inc)",42,true,365.0000,1573.4732,867307889,0,0,705923231,1935678640,2376192920
50,false,M3,"6. VND NNI->SPR (Inc)",43,true,299.0000,1754.0291,1753796111,0,0,0,2159772776,4557231000
50,false,M3,"6. VND NNI->SPR (Inc)",44,true,308.0000,1802.8620,1802637713,0,0,0,2212656064,6771823512
50,false,M3,"6. VND NNI->SPR (Inc)",45,true,316.0000,1842.4901,1842253401,0,0,0,2260360976,9019970456
50,false,M3,"6. VND NNI->SPR (Inc)",46,true,296.0000,1713.9417,1713694269,0,0,0,2121081808,10296780744
50,false,M3,"6. VND NNI->SPR (Inc)",47,true,309.0000,1791.2681,1791036510,0,0,0,2215678792,3082577864
50,false,M3,"6. VND NNI->SPR (Inc)",48,true,271.0000,1586.5819,1586338044,0,0,0,1941782864,5028734920
50,false,M3,"6. VND NNI->SPR (Inc)",49,true,349.0000,1675.0086,866620720,0,0,808138134,2082672240,7109109704
50,false,M3,"6. VND NNI->SPR (Inc)",50,true,260.0000,1518.3226,1518088914,0,0,0,1856676112,8988157896
50,false,M3,"6. VND NNI->SPR (Inc)",51,true,314.0000,1817.9576,1817722560,0,0,0,2241944680,10296974376
50,false,M3,"6. VND NNI->SPR (Inc)",52,true,319.0000,1863.0422,1862809863,0,0,0,2273452040,3216989224
50,false,M3,"6. VND NNI->SPR (Inc)",53,true,256.0000,1416.8523,1196691539,0,0,219924522,1768121912,4995374120
50,false,M3,"6. VND NNI->SPR (Inc)",54,true,227.0000,1323.2146,1322984812,0,0,0,1634459264,6639541288
50,false,M3,"6. VND NNI->SPR (Inc)",55,true,357.0000,1541.3880,763494474,0,0,777651648,1879579472,8518589480
50,false,M3,"6. VND NNI->SPR (Inc)",56,true,292.0000,1688.9670,1688738360,0,0,0,2091564848,10297661608
50,false,M3,"6. VND NNI->SPR (Inc)",57,true,286.0000,1564.7224,1211171326,0,0,353304473,1960660744,2278152360
50,false,M3,"6. VND NNI->SPR (Inc)",58,true,283.0000,1660.9234,1473811380,0,0,186868129,2087970776,4392081576
50,false,M3,"6. VND NNI->SPR (Inc)",59,true,326.0000,1541.0552,1107647062,0,0,433175594,1917076608,6304684200
50,false,M3,"6. VND NNI->SPR (Inc)",60,true,217.0000,1284.2522,1284023440,0,0,0,1580029352,7881742504
50,false,M3,"6. VND NNI->SPR (Inc)",61,true,313.0000,1816.9812,1816752976,0,0,0,2240951072,10129889448
50,false,M3,"6. VND NNI->SPR (Inc)",62,true,390.0000,1857.4103,1067719330,0,0,789444925,2337530424,10297661608
50,false,M3,"6. VND NNI->SPR (Inc)",63,true,282.0000,1649.7645,1649527222,0,0,0,2036142296,4222122808
50,false,M3,"6. VND NNI->SPR (Inc)",64,true,300.0000,1738.2703,1738048583,0,0,0,2131789008,6369606456
50,false,M3,"6. VND NNI->SPR (Inc)",65,true,298.0000,1434.5183,904925085,0,0,529322998,1810603848,8181545784
50,false,M3,"6. VND NNI->SPR (Inc)",66,true,328.0000,1749.7263,1286098827,0,0,463385755,2153756752,10295475000
50,false,M3,"6. VND NNI->SPR (Inc)",67,true,245.0000,1405.7132,1405478943,0,0,0,1756475880,1805659960
50,false,M3,"6. VND NNI->SPR (Inc)",68,true,361.0000,1625.9167,888225877,0,0,737443623,2022249344,3818925880
50,false,M3,"6. VND NNI->SPR (Inc)",69,true,277.0000,1611.8391,1611619262,0,0,0,1982607064,5798637368
50,false,M3,"6. VND NNI->SPR (Inc)",70,true,335.0000,1432.7069,1003821597,0,0,428656089,1787902000,7610576696
50,false,M3,"6. VND NNI->SPR (Inc)",71,true,324.0000,1487.4926,957495287,0,0,529756353,1861972000,9456070456
50,false,M3,"6. VND NNI->SPR (Inc)",72,true,321.0000,1880.9737,1880731986,0,0,0,2289879272,10296130184
50,false,M3,"6. VND NNI->SPR (Inc)",73,true,291.0000,1691.5193,1691279833,0,0,0,2088404624,3585243784
50,false,M3,"6. VND NNI->SPR (Inc)",74,true,286.0000,1661.0977,1660873769,0,0,0,2046363928,5632064136
50,false,M3,"6. VND NNI->SPR (Inc)",75,true,356.0000,1756.6875,1144131896,0,0,612315236,2136114512,7745993352
50,false,M3,"6. VND NNI->SPR (Inc)",76,true,235.0000,1392.4602,1392211101,0,0,0,1692068512,9457269384
50,false,M3,"6. VND NNI->SPR (Inc)",77,true,340.0000,1512.8306,640337586,0,0,872252851,1872898040,10296130184
50,false,M3,"6. VND NNI->SPR (Inc)",78,true,299.0000,1728.0346,1727795735,0,0,0,2137298264,3181374592
50,false,M3,"6. VND NNI->SPR (Inc)",79,true,269.0000,1574.4137,1574189351,0,0,0,1932722904,5127531648
50,false,M3,"6. VND NNI->SPR (Inc)",80,true,330.0000,1512.2112,809975799,0,0,701990492,1874668296,7006579840
50,false,M3,"6. VND NNI->SPR (Inc)",81,true,363.0000,1864.4878,1277003339,0,0,587247093,2311078024,9321835648
50,false,M3,"6. VND NNI->SPR (Inc)",82,true,275.0000,1453.6895,932089463,0,0,521360776,1855615440,10296339112
50,false,M3,"6. VND NNI->SPR (Inc)",83,true,367.0000,1792.0672,895207323,0,0,896610523,2172756640,3082136232
50,false,M3,"6. VND NNI->SPR (Inc)",84,true,301.0000,1759.8629,1759635776,0,0,0,2149045872,5229619880
50,false,M3,"6. VND NNI->SPR (Inc)",85,true,269.0000,1575.9376,1575715142,0,0,0,1947448232,7175776936
50,false,M3,"6. VND NNI->SPR (Inc)",86,true,251.0000,1397.9844,1212152230,0,0,185589297,1756288952,8920607400
50,false,M3,"6. VND NNI->SPR (Inc)",87,true,283.0000,1641.7280,1641489817,0,0,0,2023925800,10296990968
50,false,M3,"6. VND NNI->SPR (Inc)",88,true,311.0000,1648.0959,1223856820,0,0,423996909,2067422848,2747243768
50,false,M3,"6. VND NNI->SPR (Inc)",89,true,302.0000,1756.0110,1755772960,0,0,0,2153373160,4894727416
50,false,M3,"6. VND NNI->SPR (Inc)",90,true,352.0000,1492.6010,846021527,0,0,646342185,1851746336,6740221176
50,false,M3,"6. VND NNI->SPR (Inc)",91,true,340.0000,1976.9890,1976738001,0,0,0,2424420920,9189694712
50,false,M3,"6. VND NNI->SPR (Inc)",92,true,240.0000,1393.9512,1393696997,0,0,0,1731536520,10296990968
50,false,M3,"6. VND NNI->SPR (Inc)",93,true,256.0000,1487.1099,1486862210,0,0,0,1837204584,2478519096
50,false,M3,"6. VND NNI->SPR (Inc)",94,true,274.0000,1611.6206,1611372181,0,0,0,1970169568,4458230584
50,false,M3,"6. VND NNI->SPR (Inc)",95,true,339.0000,1742.2566,1365345960,0,0,376638096,2165781232,6605714232
50,false,M3,"6. VND NNI->SPR (Inc)",96,true,298.0000,1533.1351,1061611156,0,0,471267965,1925385016,8551871288
50,false,M3,"6. VND NNI->SPR (Inc)",97,true,334.0000,1511.4006,596543093,0,0,914606886,1862089504,10296701752
50,false,M3,"6. VND NNI->SPR (Inc)",98,true,371.0000,1728.9525,1129531891,0,0,599159036,2076425200,2208339968
50,false,M3,"6. VND NNI->SPR (Inc)",99,true,334.0000,1944.3805,1944124400,0,0,0,2394191648,4624259072
50,false,M3,"6. VND NNI->SPR (Inc)",100,true,392.0000,1862.1667,848259473,0,0,1013539668,2279140424,6872406016
