Size,IsRooted,Metric,Variant,PairIndex,Success,Distance,TotalTimeMs,NniTimeNs,Ecr2TimeNs,Ecr3TimeNs,SprTimeNs,AllocBytes,PeakRamBytes
20,false,RF,"1. NNI (Classic)",1,false,Infinity,5.2374,0,0,0,0,1240000,3599624
20,false,RF,"1. NNI (Classic)",2,false,Infinity,0.7878,0,0,0,0,1227032,3599624
20,false,RF,"1. NNI (Classic)",3,false,Infinity,0.9198,0,0,0,0,1714208,3599624
20,false,RF,"1. NNI (Classic)",4,false,Infinity,0.6763,0,0,0,0,1225584,3599624
20,false,RF,"1. NNI (Classic)",5,false,Infinity,0.4275,0,0,0,0,753472,3599624
20,false,RF,"1. NNI (Classic)",6,false,Infinity,0.4205,0,0,0,0,751360,3599624
20,false,RF,"1. NNI (Classic)",7,false,Infinity,0.4089,0,0,0,0,754528,3599624
20,false,RF,"1. NNI (Classic)",8,false,Infinity,0.6919,0,0,0,0,1226016,3599624
20,false,RF,"1. NNI (Classic)",9,false,Infinity,0.4396,0,0,0,0,737064,3599624
20,false,RF,"1. NNI (Classic)",10,false,Infinity,0.4300,0,0,0,0,752416,3599624
20,false,RF,"1. NNI (Classic)",11,false,Infinity,0.6890,0,0,0,0,1225936,3599624
20,false,RF,"1. NNI (Classic)",12,false,Infinity,0.4163,0,0,0,0,752416,3599624
20,false,RF,"1. NNI (Classic)",13,false,Infinity,0.4220,0,0,0,0,751360,3599624
20,false,RF,"1. NNI (Classic)",14,false,Infinity,0.4174,0,0,0,0,751360,3599624
20,false,RF,"1. NNI (Classic)",15,false,Infinity,0.4265,0,0,0,0,780400,3599624
20,false,RF,"1. NNI (Classic)",16,false,Infinity,0.4136,0,0,0,0,752416,3599624
20,false,RF,"1. NNI (Classic)",17,false,Infinity,0.6744,0,0,0,0,1225656,3599624
20,false,RF,"1. NNI (Classic)",18,false,Infinity,0.4193,0,0,0,0,762936,3599624
20,false,RF,"1. NNI (Classic)",19,false,Infinity,0.6578,0,0,0,0,1225448,3599624
20,false,RF,"1. NNI (Classic)",20,false,Infinity,0.4138,0,0,0,0,752416,3599624
20,false,RF,"1. NNI (Classic)",21,false,Infinity,0.4661,0,0,0,0,751360,3599624
20,false,RF,"1. NNI (Classic)",22,false,Infinity,0.5712,0,0,0,0,1225696,3599624
20,false,RF,"1. NNI (Classic)",23,false,Infinity,0.5665,0,0,0,0,1211032,3599624
20,false,RF,"1. NNI (Classic)",24,false,Infinity,0.3542,0,0,0,0,752416,3599624
20,false,RF,"1. NNI (Classic)",25,false,Infinity,0.3587,0,0,0,0,751360,3599624
20,false,RF,"1. NNI (Classic)",26,false,Infinity,0.5619,0,0,0,0,1227360,3599624
20,false,RF,"1. NNI (Classic)",27,false,Infinity,0.3589,0,0,0,0,754528,3599624
20,false,RF,"1. NNI (Classic)",28,false,Infinity,0.3368,0,0,0,0,752416,3599624
20,false,RF,"1. NNI (Classic)",29,false,Infinity,0.7412,0,0,0,0,1714680,3599624
20,false,RF,"1. NNI (Classic)",30,false,Infinity,0.7275,0,0,0,0,1746608,3599624
20,false,RF,"1. NNI (Classic)",31,false,Infinity,0.5150,0,0,0,0,1225408,3599624
20,false,RF,"1. NNI (Classic)",32,false,Infinity,0.5294,0,0,0,0,1225448,3599624
20,false,RF,"1. NNI (Classic)",33,false,Infinity,0.3232,0,0,0,0,753472,37154056
20,false,RF,"1. NNI (Classic)",34,false,Infinity,0.3332,0,0,0,0,751360,37154056
20,false,RF,"1. NNI (Classic)",35,false,Infinity,0.3298,0,0,0,0,759768,37154056
20,false,RF,"1. NNI (Classic)",36,false,Infinity,0.3103,0,0,0,0,734952,37154056
20,false,RF,"1. NNI (Classic)",37,false,Infinity,0.3170,0,0,0,0,751360,37154056
20,false,RF,"1. NNI (Classic)",38,false,Infinity,0.3117,0,0,0,0,779344,37154056
20,false,RF,"1. NNI (Classic)",39,false,Infinity,0.4946,0,0,0,0,1228904,37154056
20,false,RF,"1. NNI (Classic)",40,false,Infinity,0.3011,0,0,0,0,754528,37154056
20,false,RF,"1. NNI (Classic)",41,false,Infinity,0.4979,0,0,0,0,1227320,37154056
20,false,RF,"1. NNI (Classic)",42,false,Infinity,0.4795,0,0,0,0,1225408,37154056
20,false,RF,"1. NNI (Classic)",43,false,Infinity,0.4875,0,0,0,0,1227128,37154056
20,false,RF,"1. NNI (Classic)",44,false,Infinity,0.3141,0,0,0,0,751360,37154056
20,false,RF,"1. NNI (Classic)",45,false,Infinity,0.3032,0,0,0,0,765048,37154056
20,false,RF,"1. NNI (Classic)",46,false,Infinity,0.4910,0,0,0,0,1225696,37154056
20,false,RF,"1. NNI (Classic)",47,false,Infinity,0.3036,0,0,0,0,751360,37154056
20,false,RF,"1. NNI (Classic)",48,false,Infinity,0.3134,0,0,0,0,751360,37154056
20,false,RF,"1. NNI (Classic)",49,false,Infinity,0.3084,0,0,0,0,779344,37154056
20,false,RF,"1. NNI (Classic)",50,false,Infinity,0.3048,0,0,0,0,761880,37154056
20,false,RF,"1. NNI (Classic)",51,false,Infinity,0.3219,0,0,0,0,751360,37154056
20,false,RF,"1. NNI (Classic)",52,false,Infinity,0.7078,0,0,0,0,1714656,37154056
20,false,RF,"1. NNI (Classic)",53,false,Infinity,0.2977,0,0,0,0,749656,37154056
20,false,RF,"1. NNI (Classic)",54,false,Infinity,0.2968,0,0,0,0,737520,37154056
20,false,RF,"1. NNI (Classic)",55,false,Infinity,0.3007,0,0,0,0,733296,37154056
20,false,RF,"1. NNI (Classic)",56,false,Infinity,0.3038,0,0,0,0,749656,37154056
20,false,RF,"1. NNI (Classic)",57,false,Infinity,0.2932,0,0,0,0,733296,37154056
20,false,RF,"1. NNI (Classic)",58,false,Infinity,0.3060,0,0,0,0,751768,37154056
20,false,RF,"1. NNI (Classic)",59,false,Infinity,0.4844,0,0,0,0,1222872,37154056
20,false,RF,"1. NNI (Classic)",60,false,Infinity,0.3092,0,0,0,0,749656,37154056
20,false,RF,"1. NNI (Classic)",61,false,Infinity,0.4794,0,0,0,0,1232456,37154056
20,false,RF,"1. NNI (Classic)",62,false,Infinity,0.3081,0,0,0,0,749656,37154056
20,false,RF,"1. NNI (Classic)",63,false,Infinity,0.3021,0,0,0,0,781864,37154056
20,false,RF,"1. NNI (Classic)",64,false,Infinity,0.3128,0,0,0,0,749656,37154056
20,false,RF,"1. NNI (Classic)",65,false,Infinity,0.3253,0,0,0,0,750712,37154056
20,false,RF,"1. NNI (Classic)",66,false,Infinity,0.3008,0,0,0,0,779752,37154056
20,false,RF,"1. NNI (Classic)",67,false,Infinity,0.2870,0,0,0,0,733296,37154056
20,false,RF,"1. NNI (Classic)",68,false,Infinity,0.3034,0,0,0,0,751768,37154056
20,false,RF,"1. NNI (Classic)",69,false,Infinity,0.3006,0,0,0,0,751768,37154056
20,false,RF,"1. NNI (Classic)",70,false,Infinity,0.5048,0,0,0,0,1268280,70708488
20,false,RF,"1. NNI (Classic)",71,false,Infinity,0.2933,0,0,0,0,749656,70708488
20,false,RF,"1. NNI (Classic)",72,false,Infinity,0.4752,0,0,0,0,1222952,70708488
20,false,RF,"1. NNI (Classic)",73,false,Infinity,0.2891,0,0,0,0,734352,70708488
20,false,RF,"1. NNI (Classic)",74,false,Infinity,0.3073,0,0,0,0,775528,70708488
20,false,RF,"1. NNI (Classic)",75,false,Infinity,0.3054,0,0,0,0,750712,70708488
20,false,RF,"1. NNI (Classic)",76,false,Infinity,0.3091,0,0,0,0,749656,70708488
20,false,RF,"1. NNI (Classic)",77,false,Infinity,0.6417,0,0,0,0,1684720,70708488
20,false,RF,"1. NNI (Classic)",78,false,Infinity,0.2940,0,0,0,0,749656,70708488
20,false,RF,"1. NNI (Classic)",79,false,Infinity,0.3015,0,0,0,0,749656,70708488
20,false,RF,"1. NNI (Classic)",80,false,Infinity,0.2993,0,0,0,0,750712,70708488
20,false,RF,"1. NNI (Classic)",81,false,Infinity,0.4765,0,0,0,0,1223240,70708488
20,false,RF,"1. NNI (Classic)",82,false,Infinity,0.4711,0,0,0,0,1222952,70708488
20,false,RF,"1. NNI (Classic)",83,false,Infinity,0.3026,0,0,0,0,749656,70708488
20,false,RF,"1. NNI (Classic)",84,false,Infinity,0.4759,0,0,0,0,1223520,70708488
20,false,RF,"1. NNI (Classic)",85,false,Infinity,0.2989,0,0,0,0,750712,70708488
20,false,RF,"1. NNI (Classic)",86,false,Infinity,0.4775,0,0,0,0,1223520,70708488
20,false,RF,"1. NNI (Classic)",87,false,Infinity,0.4805,0,0,0,0,1268648,70708488
20,false,RF,"1. NNI (Classic)",88,false,Infinity,0.4761,0,0,0,0,1269904,70708488
20,false,RF,"1. NNI (Classic)",89,false,Infinity,0.4636,0,0,0,0,1222912,70708488
20,false,RF,"1. NNI (Classic)",90,false,Infinity,0.2954,0,0,0,0,734352,70708488
20,false,RF,"1. NNI (Classic)",91,false,Infinity,0.4699,0,0,0,0,1211792,70708488
20,false,RF,"1. NNI (Classic)",92,false,Infinity,0.2988,0,0,0,0,733296,70708488
20,false,RF,"1. NNI (Classic)",93,false,Infinity,0.4671,0,0,0,0,1223280,70708488
20,false,RF,"1. NNI (Classic)",94,false,Infinity,0.6421,0,0,0,0,1691136,70708488
20,false,RF,"1. NNI (Classic)",95,false,Infinity,0.2879,0,0,0,0,733296,70708488
20,false,RF,"1. NNI (Classic)",96,false,Infinity,0.5226,0,0,0,0,1224864,70708488
20,false,RF,"1. NNI (Classic)",97,false,Infinity,0.3126,0,0,0,0,750712,70708488
20,false,RF,"1. NNI (Classic)",98,false,Infinity,0.3308,0,0,0,0,749656,70708488
20,false,RF,"1. NNI (Classic)",99,false,Infinity,0.3127,0,0,0,0,749656,70708488
20,false,RF,"1. NNI (Classic)",100,false,Infinity,0.6837,0,0,0,0,1693632,70708488
20,false,RF,"2. NNI (Incremental)",1,false,Infinity,0.3717,0,0,0,0,24008,3616408
20,false,RF,"2. NNI (Incremental)",2,false,Infinity,0.1294,0,0,0,0,22360,3616408
20,false,RF,"2. NNI (Incremental)",3,false,Infinity,0.1433,0,0,0,0,26760,3616408
20,false,RF,"2. NNI (Incremental)",4,false,Infinity,0.1031,0,0,0,0,20904,3616408
20,false,RF,"2. NNI (Incremental)",5,false,Infinity,0.0649,0,0,0,0,18144,3616408
20,false,RF,"2. NNI (Incremental)",6,false,Infinity,0.0676,0,0,0,0,16168,3616408
20,false,RF,"2. NNI (Incremental)",7,false,Infinity,0.0708,0,0,0,0,17144,3616408
20,false,RF,"2. NNI (Incremental)",8,false,Infinity,0.0985,0,0,0,0,22024,3616408
20,false,RF,"2. NNI (Incremental)",9,false,Infinity,0.0628,0,0,0,0,15776,3616408
20,false,RF,"2. NNI (Incremental)",10,false,Infinity,0.0613,0,0,0,0,16560,3616408
20,false,RF,"2. NNI (Incremental)",11,false,Infinity,0.0975,0,0,0,0,22192,3616408
20,false,RF,"2. NNI (Incremental)",12,false,Infinity,0.0625,0,0,0,0,16784,3616408
20,false,RF,"2. NNI (Incremental)",13,false,Infinity,0.0627,0,0,0,0,17008,3616408
20,false,RF,"2. NNI (Incremental)",14,false,Infinity,0.0621,0,0,0,0,16336,3616408
20,false,RF,"2. NNI (Incremental)",15,false,Infinity,0.0644,0,0,0,0,17008,3616408
20,false,RF,"2. NNI (Incremental)",16,false,Infinity,0.0620,0,0,0,0,16728,3616408
20,false,RF,"2. NNI (Incremental)",17,false,Infinity,0.0992,0,0,0,0,21296,3616408
20,false,RF,"2. NNI (Incremental)",18,false,Infinity,0.0641,0,0,0,0,16672,3616408
20,false,RF,"2. NNI (Incremental)",19,false,Infinity,0.0977,0,0,0,0,21072,3616408
20,false,RF,"2. NNI (Incremental)",20,false,Infinity,0.0621,0,0,0,0,16280,3616408
20,false,RF,"2. NNI (Incremental)",21,false,Infinity,0.0623,0,0,0,0,16672,3616408
20,false,RF,"2. NNI (Incremental)",22,false,Infinity,0.1019,0,0,0,0,19840,3616408
20,false,RF,"2. NNI (Incremental)",23,false,Infinity,0.1045,0,0,0,0,21128,3616408
20,false,RF,"2. NNI (Incremental)",24,false,Infinity,0.0626,0,0,0,0,16784,3616408
20,false,RF,"2. NNI (Incremental)",25,false,Infinity,0.0674,0,0,0,0,15832,3616408
20,false,RF,"2. NNI (Incremental)",26,false,Infinity,0.0985,0,0,0,0,23088,3616408
20,false,RF,"2. NNI (Incremental)",27,false,Infinity,0.0627,0,0,0,0,16504,3616408
20,false,RF,"2. NNI (Incremental)",28,false,Infinity,0.0623,0,0,0,0,16840,3616408
20,false,RF,"2. NNI (Incremental)",29,false,Infinity,0.1422,0,0,0,0,27768,3616408
20,false,RF,"2. NNI (Incremental)",30,false,Infinity,0.1339,0,0,0,0,26616,3616408
20,false,RF,"2. NNI (Incremental)",31,false,Infinity,0.0983,0,0,0,0,20120,3616408
20,false,RF,"2. NNI (Incremental)",32,false,Infinity,0.0977,0,0,0,0,22192,3616408
20,false,RF,"2. NNI (Incremental)",33,false,Infinity,0.0626,0,0,0,0,17008,3616408
20,false,RF,"2. NNI (Incremental)",34,false,Infinity,0.0619,0,0,0,0,16672,3616408
20,false,RF,"2. NNI (Incremental)",35,false,Infinity,0.0635,0,0,0,0,16336,3616408
20,false,RF,"2. NNI (Incremental)",36,false,Infinity,0.0625,0,0,0,0,17120,3616408
20,false,RF,"2. NNI (Incremental)",37,false,Infinity,0.0614,0,0,0,0,17064,3616408
20,false,RF,"2. NNI (Incremental)",38,false,Infinity,0.0614,0,0,0,0,16728,3616408
20,false,RF,"2. NNI (Incremental)",39,false,Infinity,0.1038,0,0,0,0,22136,3616408
20,false,RF,"2. NNI (Incremental)",40,false,Infinity,0.0651,0,0,0,0,16392,3616408
20,false,RF,"2. NNI (Incremental)",41,false,Infinity,0.1006,0,0,0,0,20848,3616408
20,false,RF,"2. NNI (Incremental)",42,false,Infinity,0.1021,0,0,0,0,20064,3616408
20,false,RF,"2. NNI (Incremental)",43,false,Infinity,0.1190,0,0,0,0,21688,3616408
20,false,RF,"2. NNI (Incremental)",44,false,Infinity,0.0601,0,0,0,0,15832,3616408
20,false,RF,"2. NNI (Incremental)",45,false,Infinity,0.0599,0,0,0,0,16840,3616408
20,false,RF,"2. NNI (Incremental)",46,false,Infinity,0.0901,0,0,0,0,21296,3616408
20,false,RF,"2. NNI (Incremental)",47,false,Infinity,0.0638,0,0,0,0,17368,3616408
20,false,RF,"2. NNI (Incremental)",48,false,Infinity,0.0585,0,0,0,0,16672,3616408
20,false,RF,"2. NNI (Incremental)",49,false,Infinity,0.0583,0,0,0,0,16504,3616408
20,false,RF,"2. NNI (Incremental)",50,false,Infinity,0.0616,0,0,0,0,16896,3616408
20,false,RF,"2. NNI (Incremental)",51,false,Infinity,0.0664,0,0,0,0,17456,3616408
20,false,RF,"2. NNI (Incremental)",52,false,Infinity,0.1263,0,0,0,0,29848,3616408
20,false,RF,"2. NNI (Incremental)",53,false,Infinity,0.0583,0,0,0,0,16392,3616408
20,false,RF,"2. NNI (Incremental)",54,false,Infinity,0.0566,0,0,0,0,17120,3616408
20,false,RF,"2. NNI (Incremental)",55,false,Infinity,0.0573,0,0,0,0,16840,3616408
20,false,RF,"2. NNI (Incremental)",56,false,Infinity,0.0566,0,0,0,0,16560,3616408
20,false,RF,"2. NNI (Incremental)",57,false,Infinity,0.0575,0,0,0,0,17120,3616408
20,false,RF,"2. NNI (Incremental)",58,false,Infinity,0.0555,0,0,0,0,16560,3616408
20,false,RF,"2. NNI (Incremental)",59,false,Infinity,0.0891,0,0,0,0,21632,3616408
20,false,RF,"2. NNI (Incremental)",60,false,Infinity,0.0575,0,0,0,0,16672,3616408
20,false,RF,"2. NNI (Incremental)",61,false,Infinity,0.0868,0,0,0,0,21016,3616408
20,false,RF,"2. NNI (Incremental)",62,false,Infinity,0.0580,0,0,0,0,15664,3616408
20,false,RF,"2. NNI (Incremental)",63,false,Infinity,0.0562,0,0,0,0,16952,3616408
20,false,RF,"2. NNI (Incremental)",64,false,Infinity,0.0577,0,0,0,0,17008,3616408
20,false,RF,"2. NNI (Incremental)",65,false,Infinity,0.0566,0,0,0,0,17008,3616408
20,false,RF,"2. NNI (Incremental)",66,false,Infinity,0.0620,0,0,0,0,15944,3616408
20,false,RF,"2. NNI (Incremental)",67,false,Infinity,0.0560,0,0,0,0,16952,3616408
20,false,RF,"2. NNI (Incremental)",68,false,Infinity,0.0565,0,0,0,0,16672,3616408
20,false,RF,"2. NNI (Incremental)",69,false,Infinity,0.0568,0,0,0,0,15888,3616408
20,false,RF,"2. NNI (Incremental)",70,false,Infinity,0.0875,0,0,0,0,22192,3616408
20,false,RF,"2. NNI (Incremental)",71,false,Infinity,0.0577,0,0,0,0,16784,3616408
20,false,RF,"2. NNI (Incremental)",72,false,Infinity,0.0880,0,0,0,0,22192,3616408
20,false,RF,"2. NNI (Incremental)",73,false,Infinity,0.0547,0,0,0,0,17120,3616408
20,false,RF,"2. NNI (Incremental)",74,false,Infinity,0.0620,0,0,0,0,16672,3616408
20,false,RF,"2. NNI (Incremental)",75,false,Infinity,0.0571,0,0,0,0,17120,3616408
20,false,RF,"2. NNI (Incremental)",76,false,Infinity,0.0619,0,0,0,0,17232,3616408
20,false,RF,"2. NNI (Incremental)",77,false,Infinity,0.1158,0,0,0,0,26984,3616408
20,false,RF,"2. NNI (Incremental)",78,false,Infinity,0.0565,0,0,0,0,16336,3616408
20,false,RF,"2. NNI (Incremental)",79,false,Infinity,0.0568,0,0,0,0,16504,3616408
20,false,RF,"2. NNI (Incremental)",80,false,Infinity,0.0572,0,0,0,0,17456,3616408
20,false,RF,"2. NNI (Incremental)",81,false,Infinity,0.0931,0,0,0,0,22864,3616408
20,false,RF,"2. NNI (Incremental)",82,false,Infinity,0.0882,0,0,0,0,21352,3616408
20,false,RF,"2. NNI (Incremental)",83,false,Infinity,0.0561,0,0,0,0,15832,3616408
20,false,RF,"2. NNI (Incremental)",84,false,Infinity,0.0875,0,0,0,0,22136,3616408
20,false,RF,"2. NNI (Incremental)",85,false,Infinity,0.0559,0,0,0,0,15832,3616408
20,false,RF,"2. NNI (Incremental)",86,false,Infinity,0.0876,0,0,0,0,21464,3616408
20,false,RF,"2. NNI (Incremental)",87,false,Infinity,0.0864,0,0,0,0,21520,3616408
20,false,RF,"2. NNI (Incremental)",88,false,Infinity,0.0923,0,0,0,0,21688,3616408
20,false,RF,"2. NNI (Incremental)",89,false,Infinity,0.0885,0,0,0,0,22304,3616408
20,false,RF,"2. NNI (Incremental)",90,false,Infinity,0.0619,0,0,0,0,16248,3616408
20,false,RF,"2. NNI (Incremental)",91,false,Infinity,0.0889,0,0,0,0,21576,3616408
20,false,RF,"2. NNI (Incremental)",92,false,Infinity,0.0558,0,0,0,0,16392,3616408
20,false,RF,"2. NNI (Incremental)",93,false,Infinity,0.0872,0,0,0,0,21968,3616408
20,false,RF,"2. NNI (Incremental)",94,false,Infinity,0.1153,0,0,0,0,26144,3616408
20,false,RF,"2. NNI (Incremental)",95,false,Infinity,0.0608,0,0,0,0,16336,3616408
20,false,RF,"2. NNI (Incremental)",96,false,Infinity,0.0873,0,0,0,0,19952,3616408
20,false,RF,"2. NNI (Incremental)",97,false,Infinity,0.0607,0,0,0,0,16896,3616408
20,false,RF,"2. NNI (Incremental)",98,false,Infinity,0.0585,0,0,0,0,17008,3616408
20,false,RF,"2. NNI (Incremental)",99,false,Infinity,0.0567,0,0,0,0,17008,3616408
20,false,RF,"2. NNI (Incremental)",100,false,Infinity,0.1191,0,0,0,0,27152,3616408
20,false,RF,"3. VND NNI->ECR->SPR (Classic)",1,true,48.0000,331.1013,2217686,21379653,16142926,288272222,916779408,909601864
20,false,RF,"3. VND NNI->ECR->SPR (Classic)",2,true,46.0000,372.7590,928074,12096803,55419015,303830527,1089873856,2016898120
20,false,RF,"3. VND NNI->ECR->SPR (Classic)",3,true,15.0000,65.8105,1180564,14919291,49650255,0,201504120,2218224712
20,false,RF,"3. VND NNI->ECR->SPR (Classic)",4,true,54.0000,372.6150,746770,5129985,29302693,337171118,1174009848,3392629832
20,false,RF,"3. VND NNI->ECR->SPR (Classic)",5,true,54.0000,365.4059,431671,4856264,48970473,310967629,1162920824,4567034952
20,false,RF,"3. VND NNI->ECR->SPR (Classic)",6,true,47.0000,345.1871,396694,4806791,74175663,265659491,1097594344,5674331208
20,false,RF,"3. VND NNI->ECR->SPR (Classic)",7,true,47.0000,344.8833,216632,2636393,24468279,317423275,1071584880,6748073032
20,false,RF,"3. VND NNI->ECR->SPR (Classic)",8,true,42.0000,293.0098,776797,6582197,15303361,270227136,927197856,7654042696
20,false,RF,"3. VND NNI->ECR->SPR (Classic)",9,true,56.0000,354.2463,204599,2475988,16618282,334744684,1126068984,8794893384
20,false,RF,"3. VND NNI->ECR->SPR (Classic)",10,true,42.0000,349.6849,599921,8745651,25710121,314461092,1112624024,9902189640
20,false,RF,"3. VND NNI->ECR->SPR (Classic)",11,true,42.0000,299.5170,917304,10607631,39965679,247872457,944741024,10320328272
20,false,RF,"3. VND NNI->ECR->SPR (Classic)",12,true,43.0000,351.6663,220430,2470338,13879483,334957549,1123057784,1696839248
20,false,RF,"3. VND NNI->ECR->SPR (Classic)",13,true,52.0000,334.6245,408597,6663200,17481863,309956526,1068436144,2737026640
20,false,RF,"3. VND NNI->ECR->SPR (Classic)",14,true,44.0000,312.3559,409959,6897126,13340218,291561356,994313184,3743659600
20,false,RF,"3. VND NNI->ECR->SPR (Classic)",15,true,58.0000,398.3001,210099,2643957,15606367,379674603,1275779952,5018728016
20,false,RF,"3. VND NNI->ECR->SPR (Classic)",16,true,36.0000,239.8941,587096,10357396,51305002,177534541,757023056,5790479952
20,false,RF,"3. VND NNI->ECR->SPR (Classic)",17,true,39.0000,356.4072,541910,2583173,18300891,334812302,1134184224,6897776208
20,false,RF,"3. VND NNI->ECR->SPR (Classic)",18,true,47.0000,339.2449,210751,2486699,23522070,312873233,1076324184,8005072464
20,false,RF,"3. VND NNI->ECR->SPR (Classic)",19,true,47.0000,360.6976,916794,9134700,61338292,289167223,1133814184,9112368720
20,false,RF,"3. VND NNI->ECR->SPR (Classic)",20,true,48.0000,338.4970,602916,9020553,39022827,289650111,1074480632,10186110544
20,false,RF,"3. VND NNI->ECR->SPR (Classic)",21,true,41.0000,337.7154,406012,5310439,65230302,266603636,1057503272,10287752240
20,false,RF,"3. VND NNI->ECR->SPR (Classic)",22,true,40.0000,346.2511,732694,5032700,46067301,294259998,1082392576,2066916400
20,false,RF,"3. VND NNI->ECR->SPR (Classic)",23,true,41.0000,338.3609,735298,4693786,42705399,290071072,1072581960,3140658224
20,false,RF,"3. VND NNI->ECR->SPR (Classic)",24,true,52.0000,326.0472,240257,2446222,10894036,312287228,1043381448,4180845616
20,false,RF,"3. VND NNI->ECR->SPR (Classic)",25,true,48.0000,356.6558,405772,6487417,16241545,333347187,1139537368,5321696304
20,false,RF,"3. VND NNI->ECR->SPR (Classic)",26,true,38.0000,304.2347,911132,8450999,50277709,244474826,963181904,6294774832
20,false,RF,"3. VND NNI->ECR->SPR (Classic)",27,true,42.0000,307.4085,210129,2397860,14734288,289914695,976353424,7267853360
20,false,RF,"3. VND NNI->ECR->SPR (Classic)",28,true,47.0000,329.1190,216873,2578653,12712925,313454578,1045821072,8308040752
20,false,RF,"3. VND NNI->ECR->SPR (Classic)",29,true,37.0000,309.8254,1055667,8712357,53384165,246561624,976223968,9281119280
20,false,RF,"3. VND NNI->ECR->SPR (Classic)",30,true,32.0000,274.3345,862831,4788576,89301498,179291593,856602168,10153534512
20,false,RF,"3. VND NNI->ECR->SPR (Classic)",31,true,56.0000,342.7251,526351,2688703,26040619,313224671,1079833016,10287752240
20,false,RF,"3. VND NNI->ECR->SPR (Classic)",32,true,31.0000,331.5109,917653,9376531,120279654,200797689,1029168376,1988691624
20,false,RF,"3. VND NNI->ECR->SPR (Classic)",33,true,43.0000,349.9481,592729,9136654,71841335,268219108,1104049496,3095987880
20,false,RF,"3. VND NNI->ECR->SPR (Classic)",34,true,32.0000,287.9059,596385,9316025,56072469,221809505,912542376,4001957544
20,false,RF,"3. VND NNI->ECR->SPR (Classic)",35,true,35.0000,228.5417,383770,11637549,16448098,199995333,729695712,4706600616
20,false,RF,"3. VND NNI->ECR->SPR (Classic)",36,true,53.0000,333.1813,207094,2536654,16187643,314096599,1062523232,5780342440
20,false,RF,"3. VND NNI->ECR->SPR (Classic)",37,true,42.0000,314.5995,393027,7913389,13484212,292673741,998373120,6786975400
20,false,RF,"3. VND NNI->ECR->SPR (Classic)",38,true,62.0000,401.4781,214077,2585747,16747307,381686659,1275757096,8062043816
20,false,RF,"3. VND NNI->ECR->SPR (Classic)",39,true,46.0000,339.6904,741449,5084178,65270238,268418758,1074040952,9135785640
20,false,RF,"3. VND NNI->ECR->SPR (Classic)",40,true,49.0000,347.5133,411112,5092956,31657991,310139935,1106832096,10243081896
20,false,RF,"3. VND NNI->ECR->SPR (Classic)",41,true,37.0000,321.5885,740687,4783166,112945408,202957626,996273648,10276636328
20,false,RF,"3. VND NNI->ECR->SPR (Classic)",42,true,53.0000,333.8329,724207,5950936,13283871,313583964,1064914664,2020432968
20,false,RF,"3. VND NNI->ECR->SPR (Classic)",43,true,57.0000,285.2903,537281,2422407,15149118,266986073,911273400,2959957064
20,false,RF,"3. VND NNI->ECR->SPR (Classic)",44,true,64.0000,354.4679,213235,2657453,17632650,333751404,1128785368,4067253320
20,false,RF,"3. VND NNI->ECR->SPR (Classic)",45,true,45.0000,366.3767,407825,4908174,50984312,309900610,1176981856,5241658440
20,false,RF,"3. VND NNI->ECR->SPR (Classic)",46,true,55.0000,330.7808,530179,2225673,13801905,314005717,1055815888,6315400264
20,false,RF,"3. VND NNI->ECR->SPR (Classic)",47,true,47.0000,348.7260,417474,4646755,52235121,291229164,1108509264,7422696520
20,false,RF,"3. VND NNI->ECR->SPR (Classic)",48,true,42.0000,341.2601,401513,8045779,17261665,315389788,1081416184,8496438344
20,false,RF,"3. VND NNI->ECR->SPR (Classic)",49,true,48.0000,373.8768,415210,4856005,54354882,314084166,1180947584,9670843464
20,false,RF,"3. VND NNI->ECR->SPR (Classic)",50,true,34.0000,318.9222,593919,11399196,35973167,270817529,1009473288,10300393992
20,false,RF,"3. VND NNI->ECR->SPR (Classic)",51,true,52.0000,266.1665,401263,6260195,13239125,246088094,849954304,1307806216
20,false,RF,"3. VND NNI->ECR->SPR (Classic)",52,true,42.0000,295.8131,886346,5997225,16555322,272211229,933639376,2213775880
20,false,RF,"3. VND NNI->ECR->SPR (Classic)",53,true,51.0000,332.2821,602976,9194985,31613556,290635085,1064288280,3287517704
20,false,RF,"3. VND NNI->ECR->SPR (Classic)",54,true,40.0000,294.2157,400362,9318109,18864824,265501159,946672176,4227041800
20,false,RF,"3. VND NNI->ECR->SPR (Classic)",55,true,57.0000,358.1309,208436,2514291,21999765,333219173,1143235984,5367892488
20,false,RF,"3. VND NNI->ECR->SPR (Classic)",56,true,48.0000,266.3239,435017,6797967,12990423,245962465,849458432,6240307720
20,false,RF,"3. VND NNI->ECR->SPR (Classic)",57,true,57.0000,384.7516,224857,2605384,22211788,359529725,1219823472,7448267272
20,false,RF,"3. VND NNI->ECR->SPR (Classic)",58,true,34.0000,252.0455,589130,12552150,39286347,199486345,800886256,8253573640
20,false,RF,"3. VND NNI->ECR->SPR (Classic)",59,true,47.0000,290.8369,720101,6555466,15972664,267461137,925248176,9193097736
20,false,RF,"3. VND NNI->ECR->SPR (Classic)",60,true,45.0000,334.1524,398668,8435471,9825013,315336957,1067376568,10233285128
20,false,RF,"3. VND NNI->ECR->SPR (Classic)",61,true,36.0000,300.8725,930649,8947203,69611663,221253858,938303296,10300393992
20,false,RF,"3. VND NNI->ECR->SPR (Classic)",62,true,54.0000,306.7537,206513,2420002,13637112,290298875,977948112,1890155288
20,false,RF,"3. VND NNI->ECR->SPR (Classic)",63,true,51.0000,298.7562,603949,10721857,40581551,246639382,953113720,2829679384
20,false,RF,"3. VND NNI->ECR->SPR (Classic)",64,true,38.0000,284.8572,586786,9510896,51566570,222993978,904731600,3735649048
20,false,RF,"3. VND NNI->ECR->SPR (Classic)",65,true,54.0000,348.1950,211873,2467422,13348063,331982852,1120730600,4876499736
20,false,RF,"3. VND NNI->ECR->SPR (Classic)",66,true,52.0000,365.0530,606352,9010936,43156256,312096535,1169101024,6050904856
20,false,RF,"3. VND NNI->ECR->SPR (Classic)",67,true,46.0000,335.8750,399941,6255085,17921540,311144134,1072928760,7124646680
20,false,RF,"3. VND NNI->ECR->SPR (Classic)",68,true,45.0000,359.2089,222013,2622487,23381162,332859458,1140927408,8265497368
20,false,RF,"3. VND NNI->ECR->SPR (Classic)",69,true,47.0000,312.0359,409298,6803357,15144198,289548899,995726120,9238575896
20,false,RF,"3. VND NNI->ECR->SPR (Classic)",70,true,60.0000,351.2931,736020,6652490,19986687,323756830,1085496576,10333819656
20,false,RF,"3. VND NNI->ECR->SPR (Classic)",71,true,46.0000,364.2413,451759,4098825,26120762,333405988,1172444832,1307677448
20,false,RF,"3. VND NNI->ECR->SPR (Classic)",72,true,42.0000,318.1807,721643,4641716,43371095,269293932,1015882208,2314310408
20,false,RF,"3. VND NNI->ECR->SPR (Classic)",73,true,40.0000,244.4065,387867,7077669,12989561,223824607,781363832,3086062344
20,false,RF,"3. VND NNI->ECR->SPR (Classic)",74,true,35.0000,299.6847,613155,8146283,47876162,242934116,967944968,4059140872
20,false,RF,"3. VND NNI->ECR->SPR (Classic)",75,true,42.0000,347.6840,598007,9449930,69983311,267488509,1099505040,5166437128
20,false,RF,"3. VND NNI->ECR->SPR (Classic)",76,true,50.0000,373.6342,403317,6379100,10248017,356451061,1196962968,6340842248
20,false,RF,"3. VND NNI->ECR->SPR (Classic)",77,true,41.0000,219.7635,655997,2530852,16467405,200011684,700307048,7045485320
20,false,RF,"3. VND NNI->ECR->SPR (Classic)",78,true,47.0000,282.7208,210680,2673373,11670282,268024437,902128088,7951454984
20,false,RF,"3. VND NNI->ECR->SPR (Classic)",79,true,44.0000,330.9097,219367,2538217,16901179,311126171,1054433784,9025196808
20,false,RF,"3. VND NNI->ECR->SPR (Classic)",80,true,38.0000,277.5445,406372,12127922,19882269,245024641,879278656,9897612040
20,false,RF,"3. VND NNI->ECR->SPR (Classic)",81,true,40.0000,329.9530,904720,8635491,72729092,247569120,1039678184,10300265224
20,false,RF,"3. VND NNI->ECR->SPR (Classic)",82,true,57.0000,305.4728,539487,2540741,11400679,290836026,972576744,1629129064
20,false,RF,"3. VND NNI->ECR->SPR (Classic)",83,true,37.0000,282.2877,404299,8927316,26670166,246186050,884264016,2501544296
20,false,RF,"3. VND NNI->ECR->SPR (Classic)",84,true,37.0000,301.1016,907317,8761080,68565525,222774601,948871576,3441068392
20,false,RF,"3. VND NNI->ECR->SPR (Classic)",85,true,38.0000,294.8557,586695,10482103,82546170,201145029,911296728,4380592488
20,false,RF,"3. VND NNI->ECR->SPR (Classic)",86,true,53.0000,366.5348,732662,4713674,51428878,309547138,1166982424,5521443176
20,false,RF,"3. VND NNI->ECR->SPR (Classic)",87,true,39.0000,265.3291,735739,6510110,9683975,248277377,845463056,6393858408
20,false,RF,"3. VND NNI->ECR->SPR (Classic)",88,true,54.0000,351.7030,541039,2529540,12890704,335611933,1121287392,7501154664
20,false,RF,"3. VND NNI->ECR->SPR (Classic)",89,true,53.0000,346.3401,521251,2238506,7594773,335852390,1104927408,8608450920
20,false,RF,"3. VND NNI->ECR->SPR (Classic)",90,true,37.0000,349.1996,590432,9345683,94160296,244983413,1070680712,9682192744
20,false,RF,"3. VND NNI->ECR->SPR (Classic)",91,true,43.0000,333.3172,719819,6180122,10184607,316107413,1050534984,10308867336
20,false,RF,"3. VND NNI->ECR->SPR (Classic)",92,true,33.0000,252.3598,390182,13906786,14656461,223302044,806280288,1282725128
20,false,RF,"3. VND NNI->ECR->SPR (Classic)",93,true,36.0000,267.2473,720379,6509569,14067151,245849921,849434792,2155140360
20,false,RF,"3. VND NNI->ECR->SPR (Classic)",94,true,37.0000,266.6177,1014628,8407578,55594488,201472833,838586760,2994001160
20,false,RF,"3. VND NNI->ECR->SPR (Classic)",95,true,42.0000,292.2258,207395,2568655,21559548,267779623,925355000,3899970824
20,false,RF,"3. VND NNI->ECR->SPR (Classic)",96,true,54.0000,331.1015,521221,2416235,16302742,311713528,1056410864,4973712648
20,false,RF,"3. VND NNI->ECR->SPR (Classic)",97,true,41.0000,287.0379,573721,11965324,50202476,224158252,905522936,5879682312
20,false,RF,"3. VND NNI->ECR->SPR (Classic)",98,true,48.0000,347.0012,207645,2515844,10713353,333421297,1109203504,6986978568
20,false,RF,"3. VND NNI->ECR->SPR (Classic)",99,true,57.0000,358.4522,208346,2547605,19484412,336078650,1136807392,8127829256
20,false,RF,"3. VND NNI->ECR->SPR (Classic)",100,true,31.0000,259.5224,857299,4852107,54617020,199098157,819644016,8933135624
20,false,RF,"4. VND NNI->SPR (Classic)",1,true,50.0000,311.7799,570835,0,0,311039966,1005476320,976841656
20,false,RF,"4. VND NNI->SPR (Classic)",2,true,48.0000,332.9596,533946,0,0,332307188,1073675240,2050583480
20,false,RF,"4. VND NNI->SPR (Classic)",3,true,28.0000,223.6879,665525,0,0,222935727,720232400,2788780984
20,false,RF,"4. VND NNI->SPR (Classic)",4,true,56.0000,356.2000,539166,0,0,355496576,1144885160,3929631672
20,false,RF,"4. VND NNI->SPR (Classic)",5,true,54.0000,310.9618,205721,0,0,310642050,1000750064,4936264632
20,false,RF,"4. VND NNI->SPR (Classic)",6,true,56.0000,331.4470,208857,0,0,331102237,1066437296,6010006456
20,false,RF,"4. VND NNI->SPR (Classic)",7,true,47.0000,311.3912,215299,0,0,311073240,994246400,6983084984
20,false,RF,"4. VND NNI->SPR (Classic)",8,true,43.0000,291.1480,531341,0,0,290513994,930490768,7922609080
20,false,RF,"4. VND NNI->SPR (Classic)",9,true,56.0000,335.6894,200050,0,0,335333824,1071388392,8996350904
20,false,RF,"4. VND NNI->SPR (Classic)",10,true,44.0000,358.7884,204999,0,0,358465912,1148434432,10137201592
20,false,RF,"4. VND NNI->SPR (Classic)",11,true,44.0000,312.0608,537993,0,0,311404109,999637176,10318241776
20,false,RF,"4. VND NNI->SPR (Classic)",12,true,43.0000,335.5431,217504,0,0,335218264,1076194264,1929633776
20,false,RF,"4. VND NNI->SPR (Classic)",13,true,53.0000,332.7689,219798,0,0,332435082,1068651392,3003375600
20,false,RF,"4. VND NNI->SPR (Classic)",14,true,44.0000,313.5924,215980,0,0,313270939,1004373248,4010008560
20,false,RF,"4. VND NNI->SPR (Classic)",15,true,58.0000,381.5111,209488,0,0,381169726,1220460008,5217968112
20,false,RF,"4. VND NNI->SPR (Classic)",16,true,43.0000,266.2111,207204,0,0,265914535,854878288,6090383344
20,false,RF,"4. VND NNI->SPR (Classic)",17,true,39.0000,335.9877,535258,0,0,335337682,1074085656,7164125168
20,false,RF,"4. VND NNI->SPR (Classic)",18,true,47.0000,313.7060,204740,0,0,313392791,1000668728,8170758128
20,false,RF,"4. VND NNI->SPR (Classic)",19,true,53.0000,357.1046,524757,0,0,356437205,1136415080,9278054384
20,false,RF,"4. VND NNI->SPR (Classic)",20,true,56.0000,343.7615,212053,0,0,343376278,1072680072,10337002936
20,false,RF,"4. VND NNI->SPR (Classic)",21,true,43.0000,288.2046,213556,0,0,287879013,927661568,1075979704
20,false,RF,"4. VND NNI->SPR (Classic)",22,true,43.0000,315.3397,533635,0,0,314688164,1004498688,2082612664
20,false,RF,"4. VND NNI->SPR (Classic)",23,true,43.0000,289.5443,525679,0,0,288914192,928406040,3022136760
20,false,RF,"4. VND NNI->SPR (Classic)",24,true,52.0000,313.8351,207534,0,0,313512188,1004427512,4028769720
20,false,RF,"4. VND NNI->SPR (Classic)",25,true,48.0000,356.2291,206262,0,0,355895494,1143284408,5169620408
20,false,RF,"4. VND NNI->SPR (Classic)",26,true,42.0000,288.8399,534757,0,0,288227476,927985480,6075590072
20,false,RF,"4. VND NNI->SPR (Classic)",27,true,42.0000,290.5302,215660,0,0,290185319,926164608,7015114168
20,false,RF,"4. VND NNI->SPR (Classic)",28,true,47.0000,314.3972,209048,0,0,314051553,1001231640,8021747128
20,false,RF,"4. VND NNI->SPR (Classic)",29,true,41.0000,290.9854,672477,0,0,290223292,932201168,8961271224
20,false,RF,"4. VND NNI->SPR (Classic)",30,true,38.0000,249.9964,663643,0,0,249239997,797312112,9733023160
20,false,RF,"4. VND NNI->SPR (Classic)",31,true,56.0000,318.4254,529377,0,0,317728586,998013232,10303448504
20,false,RF,"4. VND NNI->SPR (Classic)",32,true,38.0000,312.7415,532172,0,0,312121944,999972272,1488612072
20,false,RF,"4. VND NNI->SPR (Classic)",33,true,53.0000,311.7824,205551,0,0,311466778,997038352,2495245032
20,false,RF,"4. VND NNI->SPR (Classic)",34,true,35.0000,293.3457,206282,0,0,293057301,935364968,3401214696
20,false,RF,"4. VND NNI->SPR (Classic)",35,true,40.0000,289.0917,205030,0,0,288808221,930467632,4340738792
20,false,RF,"4. VND NNI->SPR (Classic)",36,true,53.0000,313.7929,214628,0,0,313469307,1006864368,5347371752
20,false,RF,"4. VND NNI->SPR (Classic)",37,true,43.0000,292.5401,208907,0,0,292238984,935376544,6286895848
20,false,RF,"4. VND NNI->SPR (Classic)",38,true,62.0000,382.3633,209899,0,0,381996609,1218046120,7494855400
20,false,RF,"4. VND NNI->SPR (Classic)",39,true,53.0000,313.8299,528415,0,0,313173143,999745880,8501488360
20,false,RF,"4. VND NNI->SPR (Classic)",40,true,49.0000,313.4901,208887,0,0,313154929,998908984,9508121320
20,false,RF,"4. VND NNI->SPR (Classic)",41,true,46.0000,340.2007,542562,0,0,339554360,1069775536,10292555088
20,false,RF,"4. VND NNI->SPR (Classic)",42,true,53.0000,336.0560,537562,0,0,335355575,1074106648,1434185040
20,false,RF,"4. VND NNI->SPR (Classic)",43,true,57.0000,268.4283,535358,0,0,267752120,859255616,2273045840
20,false,RF,"4. VND NNI->SPR (Classic)",44,true,64.0000,336.7538,209168,0,0,336371497,1070391944,3346787664
20,false,RF,"4. VND NNI->SPR (Classic)",45,true,46.0000,332.8195,209167,0,0,332495386,1070023248,4420529488
20,false,RF,"4. VND NNI->SPR (Classic)",46,true,55.0000,313.5662,528766,0,0,312898451,1004622048,5427162448
20,false,RF,"4. VND NNI->SPR (Classic)",47,true,47.0000,315.5864,209268,0,0,315259460,1004291376,6433795408
20,false,RF,"4. VND NNI->SPR (Classic)",48,true,43.0000,338.1990,207184,0,0,337881950,1073611232,7507537232
20,false,RF,"4. VND NNI->SPR (Classic)",49,true,51.0000,313.4977,210260,0,0,313175087,1000094784,8514170192
20,false,RF,"4. VND NNI->SPR (Classic)",50,true,40.0000,358.8708,206753,0,0,358581391,1145982848,9655020880
20,false,RF,"4. VND NNI->SPR (Classic)",51,true,53.0000,275.2871,206923,0,0,274973842,858910848,10292555088
20,false,RF,"4. VND NNI->SPR (Classic)",52,true,41.0000,293.0291,677729,0,0,292244454,933371896,1189995608
20,false,RF,"4. VND NNI->SPR (Classic)",53,true,52.0000,312.3399,217063,0,0,311964485,998781592,2196628568
20,false,RF,"4. VND NNI->SPR (Classic)",54,true,34.0000,291.4020,213255,0,0,291103485,928186448,3136152664
20,false,RF,"4. VND NNI->SPR (Classic)",55,true,57.0000,335.3756,207064,0,0,335031720,1071509184,4209894488
20,false,RF,"4. VND NNI->SPR (Classic)",56,true,48.0000,311.5972,216702,0,0,311278670,999622888,5216527448
20,false,RF,"4. VND NNI->SPR (Classic)",57,true,57.0000,359.8843,203888,0,0,359537860,1147993304,6357378136
20,false,RF,"4. VND NNI->SPR (Classic)",58,true,35.0000,290.0828,212204,0,0,289770270,927826688,7296902232
20,false,RF,"4. VND NNI->SPR (Classic)",59,true,47.0000,291.4096,537943,0,0,290762196,927834088,8202871896
20,false,RF,"4. VND NNI->SPR (Classic)",60,true,46.0000,360.6427,209088,0,0,360298317,1151621872,9377277016
20,false,RF,"4. VND NNI->SPR (Classic)",61,true,41.0000,299.7641,533745,0,0,299117594,929620608,10301527752
20,false,RF,"4. VND NNI->SPR (Classic)",62,true,54.0000,291.9608,211472,0,0,291610960,930428096,1006950088
20,false,RF,"4. VND NNI->SPR (Classic)",63,true,47.0000,337.9919,216231,0,0,337642905,1076660192,2080691912
20,false,RF,"4. VND NNI->SPR (Classic)",64,true,48.0000,335.8958,205661,0,0,335550516,1072360920,3154433736
20,false,RF,"4. VND NNI->SPR (Classic)",65,true,54.0000,335.3633,209168,0,0,335033002,1073296344,4228175560
20,false,RF,"4. VND NNI->SPR (Classic)",66,true,52.0000,313.5666,217283,0,0,313219050,1004361944,5234808520
20,false,RF,"4. VND NNI->SPR (Classic)",67,true,47.0000,336.2828,201152,0,0,335968921,1074739680,6308550344
20,false,RF,"4. VND NNI->SPR (Classic)",68,true,45.0000,334.9896,206834,0,0,334678287,1066405016,7382292168
20,false,RF,"4. VND NNI->SPR (Classic)",69,true,49.0000,314.3387,211822,0,0,313996999,1001569992,8388925128
20,false,RF,"4. VND NNI->SPR (Classic)",70,true,54.0000,293.9004,545798,0,0,293222324,933932328,9294894792
20,false,RF,"4. VND NNI->SPR (Classic)",71,true,49.0000,368.1858,202896,0,0,367844577,1148503656,10307817608
20,false,RF,"4. VND NNI->SPR (Classic)",72,true,46.0000,292.5151,536641,0,0,291872968,935600416,1181012104
20,false,RF,"4. VND NNI->SPR (Classic)",73,true,41.0000,269.1131,202224,0,0,268830851,857541120,2019872904
20,false,RF,"4. VND NNI->SPR (Classic)",74,true,43.0000,311.8752,213065,0,0,311581927,998561600,3026505864
20,false,RF,"4. VND NNI->SPR (Classic)",75,true,45.0000,312.0936,210380,0,0,311775496,997825816,4033138824
20,false,RF,"4. VND NNI->SPR (Classic)",76,true,51.0000,378.2642,207965,0,0,377943692,1215767136,5241098376
20,false,RF,"4. VND NNI->SPR (Classic)",77,true,41.0000,201.0780,640458,0,0,200356590,643959280,5878632584
20,false,RF,"4. VND NNI->SPR (Classic)",78,true,47.0000,269.9607,215831,0,0,269609932,860052744,6751047816
20,false,RF,"4. VND NNI->SPR (Classic)",79,true,44.0000,313.0284,215350,0,0,312696757,999418552,7724126344
20,false,RF,"4. VND NNI->SPR (Classic)",80,true,41.0000,334.8399,211442,0,0,334534404,1066197912,8797868168
20,false,RF,"4. VND NNI->SPR (Classic)",81,true,48.0000,313.2155,534687,0,0,312586137,1002220368,9804501128
20,false,RF,"4. VND NNI->SPR (Classic)",82,true,57.0000,295.9444,533253,0,0,295250822,930669632,10274263176
20,false,RF,"4. VND NNI->SPR (Classic)",83,true,41.0000,334.6636,211572,0,0,334327179,1069319888,1583459992
20,false,RF,"4. VND NNI->SPR (Classic)",84,true,40.0000,336.2036,532513,0,0,335581074,1068430688,2657201816
20,false,RF,"4. VND NNI->SPR (Classic)",85,true,42.0000,269.8277,211071,0,0,269501597,860238240,3496062616
20,false,RF,"4. VND NNI->SPR (Classic)",86,true,55.0000,332.8243,538164,0,0,332178193,1068916000,4569804440
20,false,RF,"4. VND NNI->SPR (Classic)",87,true,39.0000,271.0111,531130,0,0,270382001,868911120,5442219672
20,false,RF,"4. VND NNI->SPR (Classic)",88,true,54.0000,336.9482,534096,0,0,336288499,1075419552,6515961496
20,false,RF,"4. VND NNI->SPR (Classic)",89,true,53.0000,336.4524,537422,0,0,335801513,1075111888,7589703320
20,false,RF,"4. VND NNI->SPR (Classic)",90,true,49.0000,337.5406,215340,0,0,337186347,1075236992,8663445144
20,false,RF,"4. VND NNI->SPR (Classic)",91,true,40.0000,291.1189,527484,0,0,290489066,929910696,9602969240
20,false,RF,"4. VND NNI->SPR (Classic)",92,true,35.0000,319.7981,204249,0,0,319492089,1007487184,10284382200
20,false,RF,"4. VND NNI->SPR (Classic)",93,true,37.0000,268.7067,530028,0,0,268086225,859828968,1224685560
20,false,RF,"4. VND NNI->SPR (Classic)",94,true,32.0000,224.2328,664994,0,0,223472708,717800568,1962883064
20,false,RF,"4. VND NNI->SPR (Classic)",95,true,42.0000,268.9523,205611,0,0,268638265,856815320,2801743864
20,false,RF,"4. VND NNI->SPR (Classic)",96,true,54.0000,314.4829,530839,0,0,313808441,1001849632,3808376824
20,false,RF,"4. VND NNI->SPR (Classic)",97,true,43.0000,314.1298,206303,0,0,313819462,1002032656,4815009784
20,false,RF,"4. VND NNI->SPR (Classic)",98,true,48.0000,333.9199,202185,0,0,333606329,1069965888,5888751608
20,false,RF,"4. VND NNI->SPR (Classic)",99,true,57.0000,336.1255,222954,0,0,335777899,1073133216,6962493432
20,false,RF,"4. VND NNI->SPR (Classic)",100,true,36.0000,245.3068,671978,0,0,244544099,784243488,7734245368
20,false,RF,"5. VND NNI->ECR->SPR (Inc)",1,true,49.0000,59.6689,94169,2215353,2177621,54901906,112467600,104568960
20,false,RF,"5. VND NNI->ECR->SPR (Inc)",2,true,39.0000,52.9330,40889,534856,1392919,50938722,121489688,205232256
20,false,RF,"5. VND NNI->ECR->SPR (Inc)",3,true,25.0000,22.6189,46638,466586,517664,21558895,53597872,272341120
20,false,RF,"5. VND NNI->ECR->SPR (Inc)",4,true,49.0000,46.3988,38123,103547,921953,45316742,109928880,373004416
20,false,RF,"5. VND NNI->ECR->SPR (Inc)",5,true,51.0000,56.5562,20619,110730,1663272,54744799,137426768,507222144
20,false,RF,"5. VND NNI->ECR->SPR (Inc)",6,true,56.0000,49.3597,19968,98688,3037647,46186164,122661232,641439872
20,false,RF,"5. VND NNI->ECR->SPR (Inc)",7,true,48.0000,51.3468,9388,49354,586155,50688376,122020976,775657600
20,false,RF,"5. VND NNI->ECR->SPR (Inc)",8,true,42.0000,47.3277,40627,263140,389390,46619699,112553008,876320896
20,false,RF,"5. VND NNI->ECR->SPR (Inc)",9,true,55.0000,51.8989,8706,45877,396544,51434114,122128528,1010538624
20,false,RF,"5. VND NNI->ECR->SPR (Inc)",10,true,46.0000,50.6652,31058,195642,1155336,49266112,120861336,1111201920
20,false,RF,"5. VND NNI->ECR->SPR (Inc)",11,true,42.0000,47.4891,58610,328644,2427827,44653791,117228320,1245419648
20,false,RF,"5. VND NNI->ECR->SPR (Inc)",12,true,46.0000,57.0842,8988,57640,381726,56620155,134636160,1379637376
20,false,RF,"5. VND NNI->ECR->SPR (Inc)",13,true,50.0000,55.4806,26850,163191,457320,54817538,131766792,1513855104
20,false,RF,"5. VND NNI->ECR->SPR (Inc)",14,true,45.0000,47.0395,17554,156238,333284,46517705,111700040,1614518400
20,false,RF,"5. VND NNI->ECR->SPR (Inc)",15,true,55.0000,61.1402,8626,52590,382417,60683142,144792880,1748736128
20,false,RF,"5. VND NNI->ECR->SPR (Inc)",16,true,34.0000,37.8462,30116,264583,1865527,35666842,93407368,1849399424
20,false,RF,"5. VND NNI->ECR->SPR (Inc)",17,true,41.0000,48.7167,27121,50416,445768,48180207,114792408,1983617152
20,false,RF,"5. VND NNI->ECR->SPR (Inc)",18,true,45.0000,52.4463,9097,49825,573380,51801141,124082240,2084280448
20,false,RF,"5. VND NNI->ECR->SPR (Inc)",19,true,44.0000,50.0242,46778,203908,1649687,48106347,122288112,2218498176
20,false,RF,"5. VND NNI->ECR->SPR (Inc)",20,true,47.0000,43.3642,17584,149133,350647,42831676,102148744,2319161472
20,false,RF,"5. VND NNI->ECR->SPR (Inc)",21,true,53.0000,57.0232,20278,162329,2760650,54063153,139458808,2453379200
20,false,RF,"5. VND NNI->ECR->SPR (Inc)",22,true,50.0000,48.8502,36279,91483,1147693,47558514,116423848,2587596928
20,false,RF,"5. VND NNI->ECR->SPR (Inc)",23,true,39.0000,48.7258,36619,101693,1248996,47322205,117291144,2688260224
20,false,RF,"5. VND NNI->ECR->SPR (Inc)",24,true,53.0000,56.8255,8837,50496,283679,56469419,133932176,2822477952
20,false,RF,"5. VND NNI->ECR->SPR (Inc)",25,true,50.0000,47.8561,16240,141930,388479,47295614,112869672,2923141248
20,false,RF,"5. VND NNI->ECR->SPR (Inc)",26,true,36.0000,46.0914,47090,217734,1587579,44219064,112720968,3057358976
20,false,RF,"5. VND NNI->ECR->SPR (Inc)",27,true,44.0000,52.7161,8356,47731,355205,52290894,124933568,3191576704
20,false,RF,"5. VND NNI->ECR->SPR (Inc)",28,true,43.0000,47.3128,8856,61086,333925,46896726,111463064,3292240000
20,false,RF,"5. VND NNI->ECR->SPR (Inc)",29,true,42.0000,50.0486,46168,278951,620049,49088764,120067352,3392903296
20,false,RF,"5. VND NNI->ECR->SPR (Inc)",30,true,8.0000,4.6146,43302,215940,4342377,0,21874552,3426457728
20,false,RF,"5. VND NNI->ECR->SPR (Inc)",31,true,55.0000,51.0941,26741,49775,588619,50415236,120734032,3560675456
20,false,RF,"5. VND NNI->ECR->SPR (Inc)",32,true,30.0000,33.0620,55916,341129,3488363,29159007,86436096,3627784320
20,false,RF,"5. VND NNI->ECR->SPR (Inc)",33,true,56.0000,51.3371,17654,154164,592657,50559370,122323880,3762002048
20,false,RF,"5. VND NNI->ECR->SPR (Inc)",34,true,31.0000,27.5164,37060,328083,1675837,25458069,68757480,3829110912
20,false,RF,"5. VND NNI->ECR->SPR (Inc)",35,true,36.0000,40.6099,18676,297676,439185,39840058,97221736,3929774208
20,false,RF,"5. VND NNI->ECR->SPR (Inc)",36,true,53.0000,49.8837,18265,215029,342711,49293243,118046936,4030437504
20,false,RF,"5. VND NNI->ECR->SPR (Inc)",37,true,41.0000,41.2360,22422,209017,397947,40593209,98121448,4131100800
20,false,RF,"5. VND NNI->ECR->SPR (Inc)",38,true,70.0000,54.6017,8717,51377,406002,54122497,129176776,4265318528
20,false,RF,"5. VND NNI->ECR->SPR (Inc)",39,true,46.0000,47.7520,37152,123615,3786992,43787434,121320472,4399536256
20,false,RF,"5. VND NNI->ECR->SPR (Inc)",40,true,48.0000,41.7445,18424,97976,958433,40653624,100003920,4500199552
20,false,RF,"5. VND NNI->ECR->SPR (Inc)",41,true,41.0000,39.9875,47261,224928,3176380,36522019,101576896,4600862848
20,false,RF,"5. VND NNI->ECR->SPR (Inc)",42,true,50.0000,41.7385,33184,134906,340046,41215372,98623888,4701526144
20,false,RF,"5. VND NNI->ECR->SPR (Inc)",43,true,59.0000,46.3216,26981,49383,384391,45847521,109436976,4802189440
20,false,RF,"5. VND NNI->ECR->SPR (Inc)",44,true,53.0000,48.9579,8847,46889,415210,48473565,115574592,4902852736
20,false,RF,"5. VND NNI->ECR->SPR (Inc)",45,true,40.0000,54.1520,31180,156557,4357617,49587011,137909848,5070624896
20,false,RF,"5. VND NNI->ECR->SPR (Inc)",46,true,52.0000,49.7528,27472,51077,396443,49263747,117289312,5171288192
20,false,RF,"5. VND NNI->ECR->SPR (Inc)",47,true,42.0000,42.7542,28886,270184,2473595,39963462,106243120,5271951488
20,false,RF,"5. VND NNI->ECR->SPR (Inc)",48,true,46.0000,47.5210,20719,191735,455346,46838185,112653208,5406169216
20,false,RF,"5. VND NNI->ECR->SPR (Inc)",49,true,48.0000,58.5830,19587,110721,2143095,56292683,142828280,5540386944
20,false,RF,"5. VND NNI->ECR->SPR (Inc)",50,true,41.0000,44.4660,30899,257609,1457491,42702150,107999968,5641050240
20,false,RF,"5. VND NNI->ECR->SPR (Inc)",51,true,56.0000,43.9826,18105,159975,399349,43390899,104521128,5741713536
20,false,RF,"5. VND NNI->ECR->SPR (Inc)",52,true,48.0000,52.4343,69472,520511,6712325,45109989,139985672,5875931264
20,false,RF,"5. VND NNI->ECR->SPR (Inc)",53,true,48.0000,40.2975,29075,217062,934136,39099669,96715232,5976594560
20,false,RF,"5. VND NNI->ECR->SPR (Inc)",54,true,44.0000,45.7903,19157,260836,507134,44987085,108634520,6077257856
20,false,RF,"5. VND NNI->ECR->SPR (Inc)",55,true,56.0000,54.5799,9107,53983,589080,53913919,128685240,6211475584
20,false,RF,"5. VND NNI->ECR->SPR (Inc)",56,true,45.0000,52.0692,17583,174732,387357,51475202,123086272,6345693312
20,false,RF,"5. VND NNI->ECR->SPR (Inc)",57,true,57.0000,63.4979,18885,226571,579823,62658067,150924304,6513465472
20,false,RF,"5. VND NNI->ECR->SPR (Inc)",58,true,42.0000,36.6243,28995,320190,1242502,35015624,89384728,6580574336
20,false,RF,"5. VND NNI->ECR->SPR (Inc)",59,true,44.0000,43.4786,35528,159483,452641,42816217,103611456,6681237632
20,false,RF,"5. VND NNI->ECR->SPR (Inc)",60,true,44.0000,41.0236,18095,216061,303157,40471158,96833984,6781900928
20,false,RF,"5. VND NNI->ECR->SPR (Inc)",61,true,30.0000,31.6166,54575,313276,2632486,28598291,80807648,6882564224
20,false,RF,"5. VND NNI->ECR->SPR (Inc)",62,true,52.0000,46.5207,8827,44153,318065,46134656,108933072,6983227520
20,false,RF,"5. VND NNI->ECR->SPR (Inc)",63,true,52.0000,47.4022,28825,274482,2012847,45068389,116153040,7083890816
20,false,RF,"5. VND NNI->ECR->SPR (Inc)",64,true,41.0000,30.5053,38213,351359,971637,29126225,73953664,7150999680
20,false,RF,"5. VND NNI->ECR->SPR (Inc)",65,true,49.0000,55.9877,8797,51838,374011,55540342,132253472,7285217408
20,false,RF,"5. VND NNI->ECR->SPR (Inc)",66,true,53.0000,46.0690,28353,192115,1680486,44150514,111696272,7419435136
20,false,RF,"5. VND NNI->ECR->SPR (Inc)",67,true,52.0000,57.9751,17764,151819,445167,57345595,137079120,7553652864
20,false,RF,"5. VND NNI->ECR->SPR (Inc)",68,true,46.0000,46.9491,9037,52039,589250,46285744,111293752,7654316160
20,false,RF,"5. VND NNI->ECR->SPR (Inc)",69,true,54.0000,47.6361,16832,138162,340327,47126563,112228424,7754979456
20,false,RF,"5. VND NNI->ECR->SPR (Inc)",70,true,52.0000,53.2691,35688,171005,488078,52552500,125840264,7889197184
20,false,RF,"5. VND NNI->ECR->SPR (Inc)",71,true,47.0000,53.8466,24055,97676,905623,52784371,127386192,8023414912
20,false,RF,"5. VND NNI->ECR->SPR (Inc)",72,true,42.0000,55.0181,41599,111651,1616153,53218798,132424192,8157632640
20,false,RF,"5. VND NNI->ECR->SPR (Inc)",73,true,49.0000,54.3689,19317,199139,380894,53752032,129609856,8291850368
20,false,RF,"5. VND NNI->ECR->SPR (Inc)",74,true,43.0000,48.3560,17523,161286,406703,47755258,114413896,8392513664
20,false,RF,"5. VND NNI->ECR->SPR (Inc)",75,true,40.0000,47.4182,36899,335268,2087540,44939744,116803112,8526731392
20,false,RF,"5. VND NNI->ECR->SPR (Inc)",76,true,63.0000,62.1226,17634,169411,287938,61632697,147064552,8660949120
20,false,RF,"5. VND NNI->ECR->SPR (Inc)",77,true,45.0000,37.2013,34154,52911,447080,36653558,88568896,8761612416
20,false,RF,"5. VND NNI->ECR->SPR (Inc)",78,true,50.0000,46.0401,8987,51588,296403,45669873,108541216,8862275712
20,false,RF,"5. VND NNI->ECR->SPR (Inc)",79,true,44.0000,48.8191,9017,51618,381225,48364517,115155264,8962939008
20,false,RF,"5. VND NNI->ECR->SPR (Inc)",80,true,46.0000,47.5967,30809,336370,4729153,42482382,123105152,9097156736
20,false,RF,"5. VND NNI->ECR->SPR (Inc)",81,true,46.0000,42.2838,54804,270966,2631944,39307054,106142048,9197820032
20,false,RF,"5. VND NNI->ECR->SPR (Inc)",82,true,58.0000,54.0724,25639,52560,294219,53686286,128010608,9332037760
20,false,RF,"5. VND NNI->ECR->SPR (Inc)",83,true,37.0000,38.6276,16570,149824,610020,37837339,91978920,9432701056
20,false,RF,"5. VND NNI->ECR->SPR (Inc)",84,true,44.0000,64.0429,36310,201644,1063692,62727469,153745776,9566918784
20,false,RF,"5. VND NNI->ECR->SPR (Inc)",85,true,8.0000,4.4165,18264,183559,4202020,0,19298864,9600473216
20,false,RF,"5. VND NNI->ECR->SPR (Inc)",86,true,53.0000,61.1474,35307,213196,598227,60285766,145663392,9734690944
20,false,RF,"5. VND NNI->ECR->SPR (Inc)",87,true,47.0000,44.8485,34795,144335,241078,44412653,105602544,9835354240
20,false,RF,"5. VND NNI->ECR->SPR (Inc)",88,true,51.0000,52.9585,26069,62679,335348,52520691,125319704,9969571968
20,false,RF,"5. VND NNI->ECR->SPR (Inc)",89,true,54.0000,54.0735,27051,51007,210670,53771900,127722160,10103789696
20,false,RF,"5. VND NNI->ECR->SPR (Inc)",90,true,35.0000,50.9482,28162,194339,4887725,45820199,130139416,10238007424
20,false,RF,"5. VND NNI->ECR->SPR (Inc)",91,true,40.0000,37.8642,34707,155466,329637,37329714,87056456,10313391688
20,false,RF,"5. VND NNI->ECR->SPR (Inc)",92,true,34.0000,38.2283,28725,383509,1636812,36161232,93789984,112844360
20,false,RF,"5. VND NNI->ECR->SPR (Inc)",93,true,34.0000,30.9871,35929,214117,214809,30508003,73115664,179953224
20,false,RF,"5. VND NNI->ECR->SPR (Inc)",94,true,37.0000,34.5728,53681,258140,1916825,32327142,85583016,280616520
20,false,RF,"5. VND NNI->ECR->SPR (Inc)",95,true,39.0000,48.9910,8757,49905,506473,48413039,115920400,381279816
20,false,RF,"5. VND NNI->ECR->SPR (Inc)",96,true,53.0000,53.8514,25659,43302,387517,53381266,126816216,515497544
20,false,RF,"5. VND NNI->ECR->SPR (Inc)",97,true,41.0000,40.6686,32101,252771,2408760,37956606,101115128,616160840
20,false,RF,"5. VND NNI->ECR->SPR (Inc)",98,true,49.0000,49.3731,9117,52720,291975,49005716,116539728,750378568
20,false,RF,"5. VND NNI->ECR->SPR (Inc)",99,true,54.0000,53.9719,8656,51157,501284,53397969,127422192,884596296
20,false,RF,"5. VND NNI->ECR->SPR (Inc)",100,true,33.0000,36.7828,47470,115670,2688161,33914670,92792872,951705160
20,false,RF,"6. VND NNI->SPR (Inc)",1,true,49.0000,56.3817,67478,0,0,56247577,125835408,104723624
20,false,RF,"6. VND NNI->SPR (Inc)",2,true,39.0000,53.5890,29135,0,0,53547072,126799336,238941352
20,false,RF,"6. VND NNI->SPR (Inc)",3,true,29.0000,34.1032,39144,0,0,34051821,80293656,306050216
20,false,RF,"6. VND NNI->SPR (Inc)",4,true,49.0000,47.7274,26070,0,0,47690716,112840840,440267944
20,false,RF,"6. VND NNI->SPR (Inc)",5,true,49.0000,48.3216,8476,0,0,48302359,113728440,540931240
20,false,RF,"6. VND NNI->SPR (Inc)",6,true,54.0000,55.3038,8216,0,0,55285077,130292472,675148968
20,false,RF,"6. VND NNI->SPR (Inc)",7,true,48.0000,50.5742,8576,0,0,50555363,119106800,809366696
20,false,RF,"6. VND NNI->SPR (Inc)",8,true,43.0000,54.4498,27322,0,0,54411185,128219672,910029992
20,false,RF,"6. VND NNI->SPR (Inc)",9,true,55.0000,51.3821,8637,0,0,51362648,120142440,1044247720
20,false,RF,"6. VND NNI->SPR (Inc)",10,true,44.0000,51.5257,8947,0,0,51506181,120077024,1178465448
20,false,RF,"6. VND NNI->SPR (Inc)",11,true,44.0000,50.2201,28104,0,0,50181191,117349296,1279128744
20,false,RF,"6. VND NNI->SPR (Inc)",12,true,46.0000,56.4769,8747,0,0,56457527,132579256,1413346472
20,false,RF,"6. VND NNI->SPR (Inc)",13,true,50.0000,58.1819,7946,0,0,58162759,137087376,1547564200
20,false,RF,"6. VND NNI->SPR (Inc)",14,true,45.0000,50.0113,8416,0,0,49992252,117553016,1681781928
20,false,RF,"6. VND NNI->SPR (Inc)",15,true,55.0000,60.7321,8566,0,0,60712988,142678712,1815999656
20,false,RF,"6. VND NNI->SPR (Inc)",16,true,43.0000,45.5068,8817,0,0,45487536,106814704,1916662952
20,false,RF,"6. VND NNI->SPR (Inc)",17,true,41.0000,48.1456,26670,0,0,48106978,112481600,2017326248
20,false,RF,"6. VND NNI->SPR (Inc)",18,true,45.0000,51.8359,8977,0,0,51815279,121221472,2151543976
20,false,RF,"6. VND NNI->SPR (Inc)",19,true,48.0000,50.8962,25909,0,0,50858870,119502912,2285761704
20,false,RF,"6. VND NNI->SPR (Inc)",20,true,47.0000,46.3981,8977,0,0,46378400,107998928,2386425000
20,false,RF,"6. VND NNI->SPR (Inc)",21,true,44.0000,48.5622,9438,0,0,48538008,113324128,2487088296
20,false,RF,"6. VND NNI->SPR (Inc)",22,true,50.0000,55.4334,25468,0,0,55396198,129110992,2621306024
20,false,RF,"6. VND NNI->SPR (Inc)",23,true,43.0000,46.3630,25689,0,0,46326311,108717272,2721969320
20,false,RF,"6. VND NNI->SPR (Inc)",24,true,53.0000,56.7101,8486,0,0,56690840,132309056,2856187048
20,false,RF,"6. VND NNI->SPR (Inc)",25,true,50.0000,51.2491,8677,0,0,51229596,119299336,2990404776
20,false,RF,"6. VND NNI->SPR (Inc)",26,true,39.0000,51.6340,27213,0,0,51596042,121429984,3091068072
20,false,RF,"6. VND NNI->SPR (Inc)",27,true,44.0000,52.4695,8487,0,0,52450366,123032624,3225285800
20,false,RF,"6. VND NNI->SPR (Inc)",28,true,43.0000,47.1118,8757,0,0,47092027,109591368,3325949096
20,false,RF,"6. VND NNI->SPR (Inc)",29,true,39.0000,57.8856,35388,0,0,57838663,135952784,3460166824
20,false,RF,"6. VND NNI->SPR (Inc)",30,true,48.0000,52.1040,34355,0,0,52055034,122378872,3594384552
20,false,RF,"6. VND NNI->SPR (Inc)",31,true,55.0000,50.3916,25919,0,0,50354501,117794544,3728602280
20,false,RF,"6. VND NNI->SPR (Inc)",32,true,34.0000,49.0603,25919,0,0,49023170,115290360,3829265576
20,false,RF,"6. VND NNI->SPR (Inc)",33,true,53.0000,54.7316,8957,0,0,54711787,128863376,3963483304
20,false,RF,"6. VND NNI->SPR (Inc)",34,true,36.0000,50.4332,9027,0,0,50413453,118247248,4064146600
20,false,RF,"6. VND NNI->SPR (Inc)",35,true,38.0000,52.5555,8887,0,0,52535638,123775872,4198364328
20,false,RF,"6. VND NNI->SPR (Inc)",36,true,50.0000,48.1792,9077,0,0,48159036,112655360,4299027624
20,false,RF,"6. VND NNI->SPR (Inc)",37,true,42.0000,44.0990,8957,0,0,44078417,103278952,4399690920
20,false,RF,"6. VND NNI->SPR (Inc)",38,true,70.0000,54.3129,8305,0,0,54294202,126993712,4533908648
20,false,RF,"6. VND NNI->SPR (Inc)",39,true,54.0000,50.8538,27111,0,0,50815337,119693608,4668126376
20,false,RF,"6. VND NNI->SPR (Inc)",40,true,49.0000,46.5444,8376,0,0,46525561,108684440,4768789672
20,false,RF,"6. VND NNI->SPR (Inc)",41,true,40.0000,58.3447,26641,0,0,58306603,137329480,4903007400
20,false,RF,"6. VND NNI->SPR (Inc)",42,true,50.0000,44.8605,25769,0,0,44823874,104536472,5003670696
20,false,RF,"6. VND NNI->SPR (Inc)",43,true,59.0000,45.9284,25609,0,0,45891775,107359096,5104333992
20,false,RF,"6. VND NNI->SPR (Inc)",44,true,53.0000,48.6686,8706,0,0,48649458,113485208,5238551720
20,false,RF,"6. VND NNI->SPR (Inc)",45,true,50.0000,54.4891,8596,0,0,54469767,127636288,5372769448
20,false,RF,"6. VND NNI->SPR (Inc)",46,true,52.0000,49.4082,26550,0,0,49370920,115178328,5473432744
20,false,RF,"6. VND NNI->SPR (Inc)",47,true,48.0000,54.4915,9157,0,0,54471149,126963120,5607650472
20,false,RF,"6. VND NNI->SPR (Inc)",48,true,46.0000,50.7408,8175,0,0,50722260,118499880,5708313768
20,false,RF,"6. VND NNI->SPR (Inc)",49,true,51.0000,54.0419,22162,0,0,54008790,126765864,5842531496
20,false,RF,"6. VND NNI->SPR (Inc)",50,true,44.0000,53.5217,9077,0,0,53502056,124711072,5976749224
20,false,RF,"6. VND NNI->SPR (Inc)",51,true,56.0000,47.0478,9348,0,0,47028046,109920752,6077412520
20,false,RF,"6. VND NNI->SPR (Inc)",52,true,39.0000,46.7536,48342,0,0,46690143,108901016,6178075816
20,false,RF,"6. VND NNI->SPR (Inc)",53,true,52.0000,45.4592,8446,0,0,45439996,105927840,6312293544
20,false,RF,"6. VND NNI->SPR (Inc)",54,true,44.0000,57.3251,9307,0,0,57304707,133842152,6446511272
20,false,RF,"6. VND NNI->SPR (Inc)",55,true,56.0000,54.2100,9308,0,0,54185336,125667544,6547174568
20,false,RF,"6. VND NNI->SPR (Inc)",56,true,45.0000,55.2555,8637,0,0,55235733,128623792,6681392296
20,false,RF,"6. VND NNI->SPR (Inc)",57,true,57.0000,54.0618,9027,0,0,54041933,126196272,6815610024
20,false,RF,"6. VND NNI->SPR (Inc)",58,true,42.0000,49.2524,8927,0,0,49232988,115300216,6916273320
20,false,RF,"6. VND NNI->SPR (Inc)",59,true,41.0000,46.6499,27140,0,0,46611454,108641328,7050491048
20,false,RF,"6. VND NNI->SPR (Inc)",60,true,43.0000,47.1572,9147,0,0,47137033,109438368,7151154344
20,false,RF,"6. VND NNI->SPR (Inc)",61,true,41.0000,47.0188,30238,0,0,46974053,109596960,7251817640
20,false,RF,"6. VND NNI->SPR (Inc)",62,true,52.0000,46.1223,8226,0,0,46103627,107235608,7352480936
20,false,RF,"6. VND NNI->SPR (Inc)",63,true,45.0000,47.8969,8917,0,0,47876960,111625280,7486698664
20,false,RF,"6. VND NNI->SPR (Inc)",64,true,43.0000,58.3299,8917,0,0,58310139,136120248,7620916392
20,false,RF,"6. VND NNI->SPR (Inc)",65,true,49.0000,55.8389,9018,0,0,55819002,130190336,7755134120
20,false,RF,"6. VND NNI->SPR (Inc)",66,true,59.0000,52.0734,8586,0,0,52054454,121159120,7855797416
20,false,RF,"6. VND NNI->SPR (Inc)",67,true,52.0000,61.3683,8466,0,0,61349649,143052864,7990015144
20,false,RF,"6. VND NNI->SPR (Inc)",68,true,46.0000,46.5763,8797,0,0,46556839,108328888,8124232872
20,false,RF,"6. VND NNI->SPR (Inc)",69,true,54.0000,50.8884,8185,0,0,50869580,117918256,8224896168
20,false,RF,"6. VND NNI->SPR (Inc)",70,true,52.0000,56.5575,27182,0,0,56519544,132070496,8359113896
20,false,RF,"6. VND NNI->SPR (Inc)",71,true,49.0000,56.6907,8626,0,0,56671624,131926992,8493331624
20,false,RF,"6. VND NNI->SPR (Inc)",72,true,40.0000,50.1004,26912,0,0,50062426,117064384,8627549352
20,false,RF,"6. VND NNI->SPR (Inc)",73,true,49.0000,61.6340,8566,0,0,61614642,144740552,8761767080
20,false,RF,"6. VND NNI->SPR (Inc)",74,true,43.0000,51.4394,8777,0,0,51420739,120066240,8862430376
20,false,RF,"6. VND NNI->SPR (Inc)",75,true,45.0000,51.7076,8406,0,0,51683939,120244936,8996648104
20,false,RF,"6. VND NNI->SPR (Inc)",76,true,63.0000,65.6090,10019,0,0,65584391,153246720,9164420264
20,false,RF,"6. VND NNI->SPR (Inc)",77,true,45.0000,36.8466,35848,0,0,36798784,86175456,9231529128
20,false,RF,"6. VND NNI->SPR (Inc)",78,true,50.0000,45.8252,8867,0,0,45805291,106875552,9332192424
20,false,RF,"6. VND NNI->SPR (Inc)",79,true,44.0000,48.5752,8777,0,0,48556171,113161720,9466410152
20,false,RF,"6. VND NNI->SPR (Inc)",80,true,42.0000,55.3199,9047,0,0,55299905,129413632,9600627880
20,false,RF,"6. VND NNI->SPR (Inc)",81,true,45.0000,50.5656,26631,0,0,50527640,118254952,9701291176
20,false,RF,"6. VND NNI->SPR (Inc)",82,true,58.0000,54.0207,25809,0,0,53983703,126337248,9835508904
20,false,RF,"6. VND NNI->SPR (Inc)",83,true,39.0000,48.4760,8766,0,0,48456452,112876872,9936172200
20,false,RF,"6. VND NNI->SPR (Inc)",84,true,47.0000,58.7643,26090,0,0,58727092,137771632,10070389928
20,false,RF,"6. VND NNI->SPR (Inc)",85,true,52.0000,45.9196,8706,0,0,45900371,106774048,10204607656
20,false,RF,"6. VND NNI->SPR (Inc)",86,true,49.0000,59.9412,26320,0,0,59903799,138073480,10307182120
20,false,RF,"6. VND NNI->SPR (Inc)",87,true,47.0000,47.5567,27272,0,0,47517667,111141192,140189224
20,false,RF,"6. VND NNI->SPR (Inc)",88,true,51.0000,52.6899,26390,0,0,52652712,123497200,274406952
20,false,RF,"6. VND NNI->SPR (Inc)",89,true,54.0000,53.8875,26390,0,0,53850448,126452232,375070248
20,false,RF,"6. VND NNI->SPR (Inc)",90,true,42.0000,67.9845,8777,0,0,67964527,159383912,542842408
20,false,RF,"6. VND NNI->SPR (Inc)",91,true,40.0000,40.0159,26360,0,0,39979032,93099616,643505704
20,false,RF,"6. VND NNI->SPR (Inc)",92,true,37.0000,50.1129,8506,0,0,50093836,117268304,744169000
20,false,RF,"6. VND NNI->SPR (Inc)",93,true,38.0000,40.0460,25689,0,0,40009460,93387272,844832296
20,false,RF,"6. VND NNI->SPR (Inc)",94,true,35.0000,34.2712,33944,0,0,34226163,79950808,945495592
20,false,RF,"6. VND NNI->SPR (Inc)",95,true,39.0000,48.7319,8776,0,0,48713120,113446576,1046158888
20,false,RF,"6. VND NNI->SPR (Inc)",96,true,53.0000,53.6623,26430,0,0,53624249,124832160,1180376616
20,false,RF,"6. VND NNI->SPR (Inc)",97,true,43.0000,53.3985,8406,0,0,53379694,124658888,1281039912
20,false,RF,"6. VND NNI->SPR (Inc)",98,true,49.0000,49.1373,8616,0,0,49118401,114886048,1415257640
20,false,RF,"6. VND NNI->SPR (Inc)",99,true,54.0000,53.5118,8075,0,0,53493380,124810208,1549475368
20,false,RF,"6. VND NNI->SPR (Inc)",100,true,37.0000,42.2717,34736,0,0,42224942,99159200,1650138664
20,false,MS,"1. NNI (Classic)",1,false,Infinity,7.6445,0,0,0,0,5585768,4094192
20,false,MS,"1. NNI (Classic)",2,false,Infinity,5.9862,0,0,0,0,9107144,4094192
20,false,MS,"1. NNI (Classic)",3,false,Infinity,5.2870,0,0,0,0,8105624,4094192
20,false,MS,"1. NNI (Classic)",4,false,Infinity,7.5990,0,0,0,0,11684240,37648624
20,false,MS,"1. NNI (Classic)",5,false,Infinity,4.8170,0,0,0,0,7315080,37648624
20,false,MS,"1. NNI (Classic)",6,false,Infinity,6.6166,0,0,0,0,9986576,37648624
20,false,MS,"1. NNI (Classic)",7,false,Infinity,5.4821,0,0,0,0,8150392,37648624
20,false,MS,"1. NNI (Classic)",8,false,Infinity,5.2364,0,0,0,0,8120016,71203056
20,false,MS,"1. NNI (Classic)",9,false,Infinity,9.7646,0,0,0,0,15355608,71203056
20,false,MS,"1. NNI (Classic)",10,false,Infinity,10.2370,0,0,0,0,16263136,71203056
20,false,MS,"1. NNI (Classic)",11,false,Infinity,5.0114,0,0,0,0,7967352,104757488
20,false,MS,"1. NNI (Classic)",12,false,Infinity,7.8693,0,0,0,0,12568392,104757488
20,false,MS,"1. NNI (Classic)",13,false,Infinity,4.3560,0,0,0,0,7353536,104757488
20,false,MS,"1. NNI (Classic)",14,false,Infinity,2.7171,0,0,0,0,4564344,104757488
20,false,MS,"1. NNI (Classic)",15,false,Infinity,6.4582,0,0,0,0,10876224,138311920
20,false,MS,"1. NNI (Classic)",16,false,Infinity,3.7909,0,0,0,0,6440416,138311920
20,false,MS,"1. NNI (Classic)",17,false,Infinity,4.9135,0,0,0,0,8264544,138311920
20,false,MS,"1. NNI (Classic)",18,false,Infinity,2.7183,0,0,0,0,4595576,138311920
20,false,MS,"1. NNI (Classic)",19,false,Infinity,2.6641,0,0,0,0,4526272,138311920
20,false,MS,"1. NNI (Classic)",20,false,Infinity,3.7904,0,0,0,0,6422832,171866352
20,false,MS,"1. NNI (Classic)",21,false,Infinity,5.3926,0,0,0,0,9222856,171866352
20,false,MS,"1. NNI (Classic)",22,false,Infinity,5.3906,0,0,0,0,9194968,171866352
20,false,MS,"1. NNI (Classic)",23,false,Infinity,4.8294,0,0,0,0,8175584,171866352
20,false,MS,"1. NNI (Classic)",24,false,Infinity,3.2819,0,0,0,0,5587400,205420784
20,false,MS,"1. NNI (Classic)",25,false,Infinity,5.9848,0,0,0,0,10253520,205420784
20,false,MS,"1. NNI (Classic)",26,false,Infinity,9.2584,0,0,0,0,16132904,205420784
20,false,MS,"1. NNI (Classic)",27,false,Infinity,6.1562,0,0,0,0,10688584,238975216
20,false,MS,"1. NNI (Classic)",28,false,Infinity,6.2526,0,0,0,0,10917408,238975216
20,false,MS,"1. NNI (Classic)",29,false,Infinity,4.2306,0,0,0,0,7301600,238975216
20,false,MS,"1. NNI (Classic)",30,false,Infinity,4.8522,0,0,0,0,8397640,272529648
20,false,MS,"1. NNI (Classic)",31,false,Infinity,2.6579,0,0,0,0,4526192,272529648
20,false,MS,"1. NNI (Classic)",32,false,Infinity,4.2056,0,0,0,0,7193824,272529648
20,false,MS,"1. NNI (Classic)",33,false,Infinity,5.8323,0,0,0,0,10040008,272529648
20,false,MS,"1. NNI (Classic)",34,false,Infinity,2.6728,0,0,0,0,4583400,272529648
20,false,MS,"1. NNI (Classic)",35,false,Infinity,5.8378,0,0,0,0,9990376,306084080
20,false,MS,"1. NNI (Classic)",36,false,Infinity,3.7151,0,0,0,0,6393840,306084080
20,false,MS,"1. NNI (Classic)",37,false,Infinity,1.6860,0,0,0,0,2875328,306084080
20,false,MS,"1. NNI (Classic)",38,false,Infinity,3.6544,0,0,0,0,6308320,306084080
20,false,MS,"1. NNI (Classic)",39,false,Infinity,3.2861,0,0,0,0,5625736,306084080
20,false,MS,"1. NNI (Classic)",40,false,Infinity,2.1408,0,0,0,0,3691096,306084080
20,false,MS,"1. NNI (Classic)",41,false,Infinity,6.2029,0,0,0,0,10844144,339638512
20,false,MS,"1. NNI (Classic)",42,false,Infinity,4.7080,0,0,0,0,8159432,339638512
20,false,MS,"1. NNI (Classic)",43,false,Infinity,3.1852,0,0,0,0,5511016,339638512
20,false,MS,"1. NNI (Classic)",44,false,Infinity,3.1559,0,0,0,0,5473024,339638512
20,false,MS,"1. NNI (Classic)",45,false,Infinity,3.6845,0,0,0,0,6318056,339638512
20,false,MS,"1. NNI (Classic)",46,false,Infinity,3.7883,0,0,0,0,6473824,373192944
20,false,MS,"1. NNI (Classic)",47,false,Infinity,3.1947,0,0,0,0,5489240,373192944
20,false,MS,"1. NNI (Classic)",48,false,Infinity,4.2245,0,0,0,0,7308080,373192944
20,false,MS,"1. NNI (Classic)",49,false,Infinity,5.3005,0,0,0,0,9080208,373192944
20,false,MS,"1. NNI (Classic)",50,false,Infinity,6.8549,0,0,0,0,11943048,406747376
20,false,MS,"1. NNI (Classic)",51,false,Infinity,2.7358,0,0,0,0,4659952,406747376
20,false,MS,"1. NNI (Classic)",52,false,Infinity,9.2626,0,0,0,0,16120704,406747376
20,false,MS,"1. NNI (Classic)",53,false,Infinity,2.1742,0,0,0,0,3748304,406747376
20,false,MS,"1. NNI (Classic)",54,false,Infinity,5.7357,0,0,0,0,9895136,440301808
20,false,MS,"1. NNI (Classic)",55,false,Infinity,2.6640,0,0,0,0,4595472,440301808
20,false,MS,"1. NNI (Classic)",56,false,Infinity,3.7247,0,0,0,0,6327336,440301808
20,false,MS,"1. NNI (Classic)",57,false,Infinity,4.9059,0,0,0,0,8384880,440301808
20,false,MS,"1. NNI (Classic)",58,false,Infinity,5.2953,0,0,0,0,9222360,473856240
20,false,MS,"1. NNI (Classic)",59,false,Infinity,8.3140,0,0,0,0,14334360,473856240
20,false,MS,"1. NNI (Classic)",60,false,Infinity,4.2497,0,0,0,0,7383936,473856240
20,false,MS,"1. NNI (Classic)",61,false,Infinity,5.7973,0,0,0,0,10069520,473856240
20,false,MS,"1. NNI (Classic)",62,false,Infinity,7.3870,0,0,0,0,12664032,507410672
20,false,MS,"1. NNI (Classic)",63,false,Infinity,2.8172,0,0,0,0,4755080,507410672
20,false,MS,"1. NNI (Classic)",64,false,Infinity,9.7690,0,0,0,0,16869280,540965104
20,false,MS,"1. NNI (Classic)",65,false,Infinity,5.8897,0,0,0,0,9985136,540965104
20,false,MS,"1. NNI (Classic)",66,false,Infinity,1.6880,0,0,0,0,2856056,540965104
20,false,MS,"1. NNI (Classic)",67,false,Infinity,6.3634,0,0,0,0,10843528,540965104
20,false,MS,"1. NNI (Classic)",68,false,Infinity,2.2073,0,0,0,0,3729208,540965104
20,false,MS,"1. NNI (Classic)",69,false,Infinity,3.2953,0,0,0,0,5549464,574519536
20,false,MS,"1. NNI (Classic)",70,false,Infinity,7.4228,0,0,0,0,12664728,574519536
20,false,MS,"1. NNI (Classic)",71,false,Infinity,6.7675,0,0,0,0,11654232,574519536
20,false,MS,"1. NNI (Classic)",72,false,Infinity,4.7941,0,0,0,0,8264448,574519536
20,false,MS,"1. NNI (Classic)",73,false,Infinity,3.6591,0,0,0,0,6355768,608073968
20,false,MS,"1. NNI (Classic)",74,false,Infinity,2.7454,0,0,0,0,4716848,608073968
20,false,MS,"1. NNI (Classic)",75,false,Infinity,6.9799,0,0,0,0,11858248,608073968
20,false,MS,"1. NNI (Classic)",76,false,Infinity,2.7228,0,0,0,0,4602336,608073968
20,false,MS,"1. NNI (Classic)",77,false,Infinity,3.1705,0,0,0,0,5416016,608073968
20,false,MS,"1. NNI (Classic)",78,false,Infinity,5.7716,0,0,0,0,9967864,641628400
20,false,MS,"1. NNI (Classic)",79,false,Infinity,5.3166,0,0,0,0,9080552,641628400
20,false,MS,"1. NNI (Classic)",80,false,Infinity,7.3215,0,0,0,0,12666608,641628400
20,false,MS,"1. NNI (Classic)",81,false,Infinity,3.2483,0,0,0,0,5568240,675182832
20,false,MS,"1. NNI (Classic)",82,false,Infinity,6.3142,0,0,0,0,9915832,675182832
20,false,MS,"1. NNI (Classic)",83,false,Infinity,6.1823,0,0,0,0,10736112,675182832
20,false,MS,"1. NNI (Classic)",84,false,Infinity,4.2126,0,0,0,0,7291424,675182832
20,false,MS,"1. NNI (Classic)",85,false,Infinity,4.7027,0,0,0,0,8108904,708737264
20,false,MS,"1. NNI (Classic)",86,false,Infinity,4.3166,0,0,0,0,7371648,708737264
20,false,MS,"1. NNI (Classic)",87,false,Infinity,8.3287,0,0,0,0,14385448,708737264
20,false,MS,"1. NNI (Classic)",88,false,Infinity,6.8130,0,0,0,0,11654040,742291696
20,false,MS,"1. NNI (Classic)",89,false,Infinity,4.6572,0,0,0,0,8083328,742291696
20,false,MS,"1. NNI (Classic)",90,false,Infinity,8.6571,0,0,0,0,15066416,742291696
20,false,MS,"1. NNI (Classic)",91,false,Infinity,5.1938,0,0,0,0,9009064,775846128
20,false,MS,"1. NNI (Classic)",92,false,Infinity,6.7280,0,0,0,0,11842208,775846128
20,false,MS,"1. NNI (Classic)",93,false,Infinity,4.2281,0,0,0,0,7314880,775846128
20,false,MS,"1. NNI (Classic)",94,false,Infinity,2.2179,0,0,0,0,3799648,775846128
20,false,MS,"1. NNI (Classic)",95,false,Infinity,4.2493,0,0,0,0,7341808,809400560
20,false,MS,"1. NNI (Classic)",96,false,Infinity,4.2466,0,0,0,0,7315224,809400560
20,false,MS,"1. NNI (Classic)",97,false,Infinity,15.0710,0,0,0,0,25878344,842954992
20,false,MS,"1. NNI (Classic)",98,false,Infinity,4.2697,0,0,0,0,7257712,842954992
20,false,MS,"1. NNI (Classic)",99,false,Infinity,6.4163,0,0,0,0,10986240,842954992
20,false,MS,"1. NNI (Classic)",100,false,Infinity,4.2524,0,0,0,0,7264824,842954992
20,false,MS,"2. NNI (Incremental)",1,false,Infinity,1.2849,0,0,0,0,721288,4167024
20,false,MS,"2. NNI (Incremental)",2,false,Infinity,0.8836,0,0,0,0,941440,4167024
20,false,MS,"2. NNI (Incremental)",3,false,Infinity,0.5756,0,0,0,0,1058784,4167024
20,false,MS,"2. NNI (Incremental)",4,false,Infinity,0.3090,0,0,0,0,826952,4167024
20,false,MS,"2. NNI (Incremental)",5,false,Infinity,0.3319,0,0,0,0,941520,4167024
20,false,MS,"2. NNI (Incremental)",6,false,Infinity,0.4546,0,0,0,0,1393344,4167024
20,false,MS,"2. NNI (Incremental)",7,false,Infinity,0.3474,0,0,0,0,1054920,4167024
20,false,MS,"2. NNI (Incremental)",8,false,Infinity,0.3636,0,0,0,0,1056992,4167024
20,false,MS,"2. NNI (Incremental)",9,false,Infinity,0.3542,0,0,0,0,1055312,4167024
20,false,MS,"2. NNI (Incremental)",10,false,Infinity,0.5958,0,0,0,0,1851688,4167024
20,false,MS,"2. NNI (Incremental)",11,false,Infinity,0.3793,0,0,0,0,1051616,4167024
20,false,MS,"2. NNI (Incremental)",12,false,Infinity,0.3235,0,0,0,0,942448,4167024
20,false,MS,"2. NNI (Incremental)",13,false,Infinity,0.3663,0,0,0,0,1054920,4167024
20,false,MS,"2. NNI (Incremental)",14,false,Infinity,0.2577,0,0,0,0,706072,4167024
20,false,MS,"2. NNI (Incremental)",15,false,Infinity,0.3212,0,0,0,0,930624,4167024
20,false,MS,"2. NNI (Incremental)",16,false,Infinity,0.3409,0,0,0,0,932696,4167024
20,false,MS,"2. NNI (Incremental)",17,false,Infinity,0.3492,0,0,0,0,1045896,4167024
20,false,MS,"2. NNI (Incremental)",18,false,Infinity,0.2098,0,0,0,0,591864,4167024
20,false,MS,"2. NNI (Incremental)",19,false,Infinity,0.2036,0,0,0,0,479616,4167024
20,false,MS,"2. NNI (Incremental)",20,false,Infinity,0.2498,0,0,0,0,705344,4167024
20,false,MS,"2. NNI (Incremental)",21,false,Infinity,0.3811,0,0,0,0,1158032,4167024
20,false,MS,"2. NNI (Incremental)",22,false,Infinity,0.3291,0,0,0,0,932192,4167024
20,false,MS,"2. NNI (Incremental)",23,false,Infinity,0.3498,0,0,0,0,1044048,4167024
20,false,MS,"2. NNI (Incremental)",24,false,Infinity,0.2455,0,0,0,0,706576,4167024
20,false,MS,"2. NNI (Incremental)",25,false,Infinity,0.8513,0,0,0,0,2739416,4167024
20,false,MS,"2. NNI (Incremental)",26,false,Infinity,0.6442,0,0,0,0,1951832,4167024
20,false,MS,"2. NNI (Incremental)",27,false,Infinity,0.4540,0,0,0,0,1384992,4167024
20,false,MS,"2. NNI (Incremental)",28,false,Infinity,0.4653,0,0,0,0,1383592,4167024
20,false,MS,"2. NNI (Incremental)",29,false,Infinity,0.3080,0,0,0,0,934712,4167024
20,false,MS,"2. NNI (Incremental)",30,false,Infinity,0.2519,0,0,0,0,706744,4167024
20,false,MS,"2. NNI (Incremental)",31,false,Infinity,0.3609,0,0,0,0,1043376,37721456
20,false,MS,"2. NNI (Incremental)",32,false,Infinity,0.3192,0,0,0,0,929280,37721456
20,false,MS,"2. NNI (Incremental)",33,false,Infinity,0.3776,0,0,0,0,1159096,37721456
20,false,MS,"2. NNI (Incremental)",34,false,Infinity,0.2437,0,0,0,0,707360,37721456
20,false,MS,"2. NNI (Incremental)",35,false,Infinity,0.4323,0,0,0,0,1270056,37721456
20,false,MS,"2. NNI (Incremental)",36,false,Infinity,0.4803,0,0,0,0,1496176,37721456
20,false,MS,"2. NNI (Incremental)",37,false,Infinity,0.1529,0,0,0,0,367200,37721456
20,false,MS,"2. NNI (Incremental)",38,false,Infinity,0.2758,0,0,0,0,818992,37721456
20,false,MS,"2. NNI (Incremental)",39,false,Infinity,0.1411,0,0,0,0,365800,37721456
20,false,MS,"2. NNI (Incremental)",40,false,Infinity,0.4541,0,0,0,0,1384824,37721456
20,false,MS,"2. NNI (Incremental)",41,false,Infinity,0.2721,0,0,0,0,818096,37721456
20,false,MS,"2. NNI (Incremental)",42,false,Infinity,0.3094,0,0,0,0,931128,37721456
20,false,MS,"2. NNI (Incremental)",43,false,Infinity,0.2790,0,0,0,0,820112,37721456
20,false,MS,"2. NNI (Incremental)",44,false,Infinity,0.3749,0,0,0,0,1156464,37721456
20,false,MS,"2. NNI (Incremental)",45,false,Infinity,0.5056,0,0,0,0,1609656,37721456
20,false,MS,"2. NNI (Incremental)",46,false,Infinity,0.2405,0,0,0,0,705512,37721456
20,false,MS,"2. NNI (Incremental)",47,false,Infinity,0.2403,0,0,0,0,706184,37721456
20,false,MS,"2. NNI (Incremental)",48,false,Infinity,0.3246,0,0,0,0,933312,37721456
20,false,MS,"2. NNI (Incremental)",49,false,Infinity,0.3389,0,0,0,0,1045672,37721456
20,false,MS,"2. NNI (Incremental)",50,false,Infinity,0.4803,0,0,0,0,1500264,37721456
20,false,MS,"2. NNI (Incremental)",51,false,Infinity,0.2750,0,0,0,0,819608,37721456
20,false,MS,"2. NNI (Incremental)",52,false,Infinity,0.5967,0,0,0,0,1840928,37721456
20,false,MS,"2. NNI (Incremental)",53,false,Infinity,0.3631,0,0,0,0,1044384,37721456
20,false,MS,"2. NNI (Incremental)",54,false,Infinity,0.6394,0,0,0,0,1950992,37721456
20,false,MS,"2. NNI (Incremental)",55,false,Infinity,0.2243,0,0,0,0,592928,37721456
20,false,MS,"2. NNI (Incremental)",56,false,Infinity,0.3638,0,0,0,0,1158088,37721456
20,false,MS,"2. NNI (Incremental)",57,false,Infinity,0.3974,0,0,0,0,1270784,37721456
20,false,MS,"2. NNI (Incremental)",58,false,Infinity,0.2359,0,0,0,0,705344,37721456
20,false,MS,"2. NNI (Incremental)",59,false,Infinity,0.4340,0,0,0,0,1384656,37721456
20,false,MS,"2. NNI (Incremental)",60,false,Infinity,0.3169,0,0,0,0,1043096,37721456
20,false,MS,"2. NNI (Incremental)",61,false,Infinity,0.4640,0,0,0,0,1499536,37721456
20,false,MS,"2. NNI (Incremental)",62,false,Infinity,0.4028,0,0,0,0,1271232,71275888
20,false,MS,"2. NNI (Incremental)",63,false,Infinity,0.1971,0,0,0,0,592200,71275888
20,false,MS,"2. NNI (Incremental)",64,false,Infinity,0.6414,0,0,0,0,2177112,71275888
20,false,MS,"2. NNI (Incremental)",65,false,Infinity,0.4840,0,0,0,0,1608816,71275888
20,false,MS,"2. NNI (Incremental)",66,false,Infinity,0.1357,0,0,0,0,366136,71275888
20,false,MS,"2. NNI (Incremental)",67,false,Infinity,0.4231,0,0,0,0,1385048,71275888
20,false,MS,"2. NNI (Incremental)",68,false,Infinity,0.1677,0,0,0,0,479896,71275888
20,false,MS,"2. NNI (Incremental)",69,false,Infinity,0.4332,0,0,0,0,1380456,71275888
20,false,MS,"2. NNI (Incremental)",70,false,Infinity,0.3952,0,0,0,0,1160160,71275888
20,false,MS,"2. NNI (Incremental)",71,false,Infinity,0.5588,0,0,0,0,1837848,71275888
20,false,MS,"2. NNI (Incremental)",72,false,Infinity,0.5124,0,0,0,0,1727840,71275888
20,false,MS,"2. NNI (Incremental)",73,false,Infinity,0.2016,0,0,0,0,593880,71275888
20,false,MS,"2. NNI (Incremental)",74,false,Infinity,0.4187,0,0,0,0,1384880,71275888
20,false,MS,"2. NNI (Incremental)",75,false,Infinity,0.4282,0,0,0,0,1383368,71275888
20,false,MS,"2. NNI (Incremental)",76,false,Infinity,0.1958,0,0,0,0,591808,71275888
20,false,MS,"2. NNI (Incremental)",77,false,Infinity,0.2950,0,0,0,0,930568,71275888
20,false,MS,"2. NNI (Incremental)",78,false,Infinity,0.2048,0,0,0,0,591696,71275888
20,false,MS,"2. NNI (Incremental)",79,false,Infinity,0.5003,0,0,0,0,1727448,71275888
20,false,MS,"2. NNI (Incremental)",80,false,Infinity,0.4787,0,0,0,0,1608928,71275888
20,false,MS,"2. NNI (Incremental)",81,false,Infinity,0.2020,0,0,0,0,593600,71275888
20,false,MS,"2. NNI (Incremental)",82,false,Infinity,0.3930,0,0,0,0,1269552,71275888
20,false,MS,"2. NNI (Incremental)",83,false,Infinity,0.4998,0,0,0,0,1608088,71275888
20,false,MS,"2. NNI (Incremental)",84,false,Infinity,0.2309,0,0,0,0,706912,71275888
20,false,MS,"2. NNI (Incremental)",85,false,Infinity,0.2979,0,0,0,0,933536,71275888
20,false,MS,"2. NNI (Incremental)",86,false,Infinity,0.3229,0,0,0,0,1045448,71275888
20,false,MS,"2. NNI (Incremental)",87,false,Infinity,0.4637,0,0,0,0,1611280,71275888
20,false,MS,"2. NNI (Incremental)",88,false,Infinity,0.4562,0,0,0,0,1496904,71275888
20,false,MS,"2. NNI (Incremental)",89,false,Infinity,0.3268,0,0,0,0,1045840,104830320
20,false,MS,"2. NNI (Incremental)",90,false,Infinity,0.5744,0,0,0,0,1947744,104830320
20,false,MS,"2. NNI (Incremental)",91,false,Infinity,0.3726,0,0,0,0,1158928,104830320
20,false,MS,"2. NNI (Incremental)",92,false,Infinity,0.2669,0,0,0,0,819272,104830320
20,false,MS,"2. NNI (Incremental)",93,false,Infinity,0.6572,0,0,0,0,2179072,104830320
20,false,MS,"2. NNI (Incremental)",94,false,Infinity,0.1399,0,0,0,0,367312,104830320
20,false,MS,"2. NNI (Incremental)",95,false,Infinity,0.2703,0,0,0,0,819048,104830320
20,false,MS,"2. NNI (Incremental)",96,false,Infinity,0.2952,0,0,0,0,932472,104830320
20,false,MS,"2. NNI (Incremental)",97,false,Infinity,0.3471,0,0,0,0,1159320,104830320
20,false,MS,"2. NNI (Incremental)",98,false,Infinity,0.2914,0,0,0,0,932360,104830320
20,false,MS,"2. NNI (Incremental)",99,false,Infinity,0.2852,0,0,0,0,931632,104830320
20,false,MS,"2. NNI (Incremental)",100,false,Infinity,0.4181,0,0,0,0,1385832,104830320
20,false,MS,"3. VND NNI->ECR->SPR (Classic)",1,true,47.0000,393.3761,9381099,79258582,204253435,100202479,824087224,809496584
20,false,MS,"3. VND NNI->ECR->SPR (Classic)",2,true,50.0000,464.3344,6922885,22304414,267129608,167808845,994158504,1816129544
20,false,MS,"3. VND NNI->ECR->SPR (Classic)",3,true,28.0000,246.1050,6443472,25377927,180900760,33282317,501184416,2319446024
20,false,MS,"3. VND NNI->ECR->SPR (Classic)",4,true,45.0000,520.5706,8589253,28572312,383126430,100126856,1063798872,3359633416
20,false,MS,"3. VND NNI->ECR->SPR (Classic)",5,true,46.0000,256.5154,6006551,106496417,110891975,32988178,526574304,3896504328
20,false,MS,"3. VND NNI->ECR->SPR (Classic)",6,true,49.0000,420.2428,7506695,74116606,272009426,66470857,856463128,4768919560
20,false,MS,"3. VND NNI->ECR->SPR (Classic)",7,true,49.0000,320.4338,6513184,62488874,150101103,101193072,683763752,5440008200
20,false,MS,"3. VND NNI->ECR->SPR (Classic)",8,true,30.0000,199.1519,5897303,52883070,140276482,0,394347184,5842661384
20,false,MS,"3. VND NNI->ECR->SPR (Classic)",9,true,39.0000,624.0709,10959470,27179653,552244716,33537152,1225165888,7050620936
20,false,MS,"3. VND NNI->ECR->SPR (Classic)",10,true,53.0000,260.9964,11249541,69634944,112957142,67009812,546169952,7587491848
20,false,MS,"3. VND NNI->ECR->SPR (Classic)",11,true,46.0000,306.7805,9447405,63689287,99160037,134335224,674873248,8292134920
20,false,MS,"3. VND NNI->ECR->SPR (Classic)",12,true,55.0000,361.8514,9118981,22192770,94394604,235971770,829654784,9097441288
20,false,MS,"3. VND NNI->ECR->SPR (Classic)",13,true,58.0000,360.4250,7173861,84156727,134773036,134146936,767532504,9869193224
20,false,MS,"3. VND NNI->ECR->SPR (Classic)",14,true,50.0000,217.9495,3818702,80118238,30868558,103010960,475195248,10316471016
20,false,MS,"3. VND NNI->ECR->SPR (Classic)",15,true,41.0000,152.8760,7681767,91619037,20127613,33319719,316314056,384359144
20,false,MS,"3. VND NNI->ECR->SPR (Classic)",16,true,39.0000,282.1756,4970622,58865816,15933328,202290052,660902384,1021893352
20,false,MS,"3. VND NNI->ECR->SPR (Classic)",17,true,44.0000,219.6511,6217974,49140293,30227659,133935664,496620976,1525209832
20,false,MS,"3. VND NNI->ECR->SPR (Classic)",18,true,33.0000,723.7342,4502843,54266077,597742202,67090405,1432300896,2968050408
20,false,MS,"3. VND NNI->ECR->SPR (Classic)",19,true,46.0000,480.7900,4359770,63291451,312677729,100304954,986036624,3941128936
20,false,MS,"3. VND NNI->ECR->SPR (Classic)",20,true,46.0000,235.7537,4974489,70456696,27862852,132339529,534876672,4477999848
20,false,MS,"3. VND NNI->ECR->SPR (Classic)",21,true,40.0000,262.9723,7108627,47397408,74803893,133529010,595529256,5081979624
20,false,MS,"3. VND NNI->ECR->SPR (Classic)",22,true,36.0000,408.9306,7172609,42787733,325057440,33776577,805415200,5887285992
20,false,MS,"3. VND NNI->ECR->SPR (Classic)",23,true,38.0000,262.7419,6673712,62002501,93274645,100654288,569261664,6457711336
20,false,MS,"3. VND NNI->ECR->SPR (Classic)",24,true,47.0000,304.5223,5698897,78580484,84125207,135958460,660606432,7128799976
20,false,MS,"3. VND NNI->ECR->SPR (Classic)",25,true,43.0000,436.5977,7898680,75922038,251721609,100919352,881693272,8001215208
20,false,MS,"3. VND NNI->ECR->SPR (Classic)",26,true,43.0000,240.1547,11137028,60066671,168834375,0,470719576,8470977256
20,false,MS,"3. VND NNI->ECR->SPR (Classic)",27,true,40.0000,412.6785,8005522,43693876,327173423,33675225,829698408,9309838056
20,false,MS,"3. VND NNI->ECR->SPR (Classic)",28,true,53.0000,211.8234,7610983,84964193,17734944,101351193,465261056,9779600104
20,false,MS,"3. VND NNI->ECR->SPR (Classic)",29,true,48.0000,238.6067,5497774,56951515,40177329,135848381,534596880,10289942360
20,false,MS,"3. VND NNI->ECR->SPR (Classic)",30,true,39.0000,243.1244,6717082,65920610,137021952,33337262,494560504,525602648
20,false,MS,"3. VND NNI->ECR->SPR (Classic)",31,true,30.0000,725.1917,4344222,29529311,691192901,0,1371117088,1901334360
20,false,MS,"3. VND NNI->ECR->SPR (Classic)",32,true,38.0000,188.9439,5516189,71262599,44028141,68023299,395821848,2303987544
20,false,MS,"3. VND NNI->ECR->SPR (Classic)",33,true,50.0000,287.4502,7626081,80050780,99124900,100495356,614551632,2907967320
20,false,MS,"3. VND NNI->ECR->SPR (Classic)",34,true,38.0000,245.5307,4957337,77579482,95537468,67335771,513893256,3444838232
20,false,MS,"3. VND NNI->ECR->SPR (Classic)",35,true,52.0000,336.2729,8229148,76523912,150921011,100444630,717387784,4149481304
20,false,MS,"3. VND NNI->ECR->SPR (Classic)",36,true,40.0000,520.4964,4910127,57633893,457832758,0,1000447376,5156114264
20,false,MS,"3. VND NNI->ECR->SPR (Classic)",37,true,39.0000,329.2696,3386519,69679840,188752019,67335862,680065664,5827202904
20,false,MS,"3. VND NNI->ECR->SPR (Classic)",38,true,48.0000,431.8346,6484111,73893272,217337105,133965410,905305784,6733172568
20,false,MS,"3. VND NNI->ECR->SPR (Classic)",39,true,47.0000,212.3402,4635043,73991638,32066706,101513653,463443416,7202934616
20,false,MS,"3. VND NNI->ECR->SPR (Classic)",40,true,42.0000,357.8396,4483175,74369017,177548275,101291780,750281280,7941132120
20,false,MS,"3. VND NNI->ECR->SPR (Classic)",41,true,30.0000,308.9866,8667333,64495129,202040128,33673371,611643912,8545111896
20,false,MS,"3. VND NNI->ECR->SPR (Classic)",42,true,33.0000,562.4171,6620309,33328125,454701664,67622426,1104368912,9652408152
20,false,MS,"3. VND NNI->ECR->SPR (Classic)",43,true,52.0000,431.1700,9683843,72272610,282357654,66685224,868087040,10309665232
20,false,MS,"3. VND NNI->ECR->SPR (Classic)",44,true,43.0000,539.8041,5401619,85829287,414443451,33971077,1054081328,1350631888
20,false,MS,"3. VND NNI->ECR->SPR (Classic)",45,true,42.0000,371.3245,6570173,88303191,242412467,33905583,738437528,2088829392
20,false,MS,"3. VND NNI->ECR->SPR (Classic)",46,true,58.0000,322.3904,5047818,63485199,16391930,237294866,751791208,2827026896
20,false,MS,"3. VND NNI->ECR->SPR (Classic)",47,true,42.0000,392.5021,5002131,69554680,250052886,67774806,796141576,3632333264
20,false,MS,"3. VND NNI->ECR->SPR (Classic)",48,true,50.0000,335.6926,5982495,57563469,104838945,167177054,747052952,4370530768
20,false,MS,"3. VND NNI->ECR->SPR (Classic)",49,true,50.0000,446.9333,7130449,27342513,211493605,200818665,988381440,5377163728
20,false,MS,"3. VND NNI->ECR->SPR (Classic)",50,true,45.0000,497.7236,8630762,67784755,421169370,0,961203608,6316687824
20,false,MS,"3. VND NNI->ECR->SPR (Classic)",51,true,49.0000,335.4739,5147709,70609267,157916194,101634371,705568256,7021330896
20,false,MS,"3. VND NNI->ECR->SPR (Classic)",52,true,44.0000,443.6061,11212321,52719436,345321965,34195344,859838808,7893746128
20,false,MS,"3. VND NNI->ECR->SPR (Classic)",53,true,35.0000,398.2850,5013293,86051820,273298760,33766829,796608328,8699052496
20,false,MS,"3. VND NNI->ECR->SPR (Classic)",54,true,41.0000,291.2606,7594992,76788357,173217650,33526762,584080288,9269477840
20,false,MS,"3. VND NNI->ECR->SPR (Classic)",55,true,49.0000,338.4161,6082737,77460264,152827779,101876162,711653208,9974120912
20,false,MS,"3. VND NNI->ECR->SPR (Classic)",56,true,52.0000,260.2376,4856636,53056389,32959464,169228545,595104904,10276110800
20,false,MS,"3. VND NNI->ECR->SPR (Classic)",57,true,51.0000,631.7448,7750196,59060155,530746616,34038426,1231662120,1555887016
20,false,MS,"3. VND NNI->ECR->SPR (Classic)",58,true,45.0000,277.7908,7153573,71424958,98356328,100712880,596106888,2126312360
20,false,MS,"3. VND NNI->ECR->SPR (Classic)",59,true,46.0000,251.4571,10293804,45526470,60149988,135340074,559866992,2696737704
20,false,MS,"3. VND NNI->ECR->SPR (Classic)",60,true,46.0000,323.2680,6132140,42583003,71402314,202995043,738968592,3434935208
20,false,MS,"3. VND NNI->ECR->SPR (Classic)",61,true,26.0000,428.0447,7096154,46522634,374326256,0,839221384,4273796008
20,false,MS,"3. VND NNI->ECR->SPR (Classic)",62,true,44.0000,705.1892,10260352,23059609,603839134,67875167,1382891136,5649527720
20,false,MS,"3. VND NNI->ECR->SPR (Classic)",63,true,43.0000,357.6604,4692435,50773879,166874107,135166264,760845416,6421279656
20,false,MS,"3. VND NNI->ECR->SPR (Classic)",64,false,Infinity,304.9936,12167997,39192826,118566900,134923292,667584000,7092368296
20,false,MS,"3. VND NNI->ECR->SPR (Classic)",65,true,43.0000,238.3888,7148242,73469736,23615085,134032668,535822888,7629239208
20,false,MS,"3. VND NNI->ECR->SPR (Classic)",66,true,51.0000,361.6799,3455530,67575308,121449191,169050777,791429432,8400991144
20,false,MS,"3. VND NNI->ECR->SPR (Classic)",67,true,36.0000,522.5618,9722736,51339626,427675932,33682489,1031655568,9441178536
20,false,MS,"3. VND NNI->ECR->SPR (Classic)",68,true,37.0000,393.5607,5417111,74552155,313452502,0,767427904,10212930472
20,false,MS,"3. VND NNI->ECR->SPR (Classic)",69,true,48.0000,472.3326,4958870,99673663,333799313,33745378,916979384,10280039336
20,false,MS,"3. VND NNI->ECR->SPR (Classic)",70,true,42.0000,383.4848,10728420,52138093,286885265,33577128,760198152,1621981160
20,false,MS,"3. VND NNI->ECR->SPR (Classic)",71,true,48.0000,235.1757,8526042,62544902,62241294,101712591,512299712,2125297640
20,false,MS,"3. VND NNI->ECR->SPR (Classic)",72,true,50.0000,428.0680,7060526,80617627,340238717,0,829420944,2964158440
20,false,MS,"3. VND NNI->ECR->SPR (Classic)",73,true,27.0000,353.4908,5457258,32763611,215163652,99990135,743105736,3702355944
20,false,MS,"3. VND NNI->ECR->SPR (Classic)",74,true,45.0000,334.2735,5494899,71557700,157260216,99823559,712334392,4406999016
20,false,MS,"3. VND NNI->ECR->SPR (Classic)",75,true,50.0000,273.2087,8641391,72616904,125099902,66722355,570657968,4977424360
20,false,MS,"3. VND NNI->ECR->SPR (Classic)",76,true,47.0000,456.5269,4420445,46692006,271089617,134179067,963824928,5950502888
20,false,MS,"3. VND NNI->ECR->SPR (Classic)",77,true,45.0000,213.7818,4302520,49186541,23968748,136201402,487945392,6453819368
20,false,MS,"3. VND NNI->ECR->SPR (Classic)",78,true,50.0000,339.9759,7558423,27842574,100849590,203559747,766588960,7225571304
20,false,MS,"3. VND NNI->ECR->SPR (Classic)",79,true,47.0000,369.9780,7031201,42692140,86974325,233125227,848614784,8064432104
20,false,MS,"3. VND NNI->ECR->SPR (Classic)",80,true,41.0000,304.1517,8615211,47097638,248310492,0,591070096,8668411880
20,false,MS,"3. VND NNI->ECR->SPR (Classic)",81,true,59.0000,324.4353,5131688,52279832,64294670,202557241,737905408,9406609384
20,false,MS,"3. VND NNI->ECR->SPR (Classic)",82,true,46.0000,327.2897,7925311,59223125,159898032,100085757,695985480,10077698024
20,false,MS,"3. VND NNI->ECR->SPR (Classic)",83,true,42.0000,304.6656,7986918,39189531,156334546,101007811,634876024,10287841592
20,false,MS,"3. VND NNI->ECR->SPR (Classic)",84,true,54.0000,400.1686,7023447,71234716,186770022,134990850,851638720,1328808248
20,false,MS,"3. VND NNI->ECR->SPR (Classic)",85,true,32.0000,538.0563,7050114,43825937,453581785,33465025,1053660144,2368995640
20,false,MS,"3. VND NNI->ECR->SPR (Classic)",86,true,52.0000,455.1360,6309168,32702425,213582996,202392458,981245464,3342074168
20,false,MS,"3. VND NNI->ECR->SPR (Classic)",87,true,47.0000,270.0551,10208423,41611926,117379251,100713391,575469264,3912499512
20,false,MS,"3. VND NNI->ECR->SPR (Classic)",88,true,49.0000,420.2237,8554928,27424910,250662795,133446424,891700104,4818469176
20,false,MS,"3. VND NNI->ECR->SPR (Classic)",89,true,52.0000,404.1320,6337242,48774517,182518947,166329883,890047576,5690884408
20,false,MS,"3. VND NNI->ECR->SPR (Classic)",90,true,28.0000,312.0532,10031956,32610140,269314842,0,589386528,6294864184
20,false,MS,"3. VND NNI->ECR->SPR (Classic)",91,true,41.0000,437.4260,6457729,63892625,366954529,0,834753912,7133724984
20,false,MS,"3. VND NNI->ECR->SPR (Classic)",92,true,39.0000,378.0490,8657872,31277245,237563447,100427647,783568368,7905476920
20,false,MS,"3. VND NNI->ECR->SPR (Classic)",93,true,38.0000,245.4661,6119946,38787646,65235878,135193646,547587712,8475902264
20,false,MS,"3. VND NNI->ECR->SPR (Classic)",94,true,31.0000,264.9544,4044781,47861571,112222386,100719271,572199728,9046327608
20,false,MS,"3. VND NNI->ECR->SPR (Classic)",95,true,44.0000,330.3227,6050185,32499489,123206912,168422052,730989632,9750970680
20,false,MS,"3. VND NNI->ECR->SPR (Classic)",96,true,33.0000,504.7059,5608404,52543874,446435896,0,942689912,10330978840
20,false,MS,"3. VND NNI->ECR->SPR (Classic)",97,true,48.0000,286.7523,17408475,39290373,195864584,34041692,569337520,1069955608
20,false,MS,"3. VND NNI->ECR->SPR (Classic)",98,true,50.0000,350.8651,6482355,67807128,175435748,100989396,740812112,1808153112
20,false,MS,"3. VND NNI->ECR->SPR (Classic)",99,true,46.0000,295.6111,8204722,60133976,57013944,170105503,662861880,2445687320
20,false,MS,"3. VND NNI->ECR->SPR (Classic)",100,true,41.0000,327.3307,6110899,35683212,151050047,134352797,711821064,3183884824
20,false,MS,"4. VND NNI->SPR (Classic)",1,true,54.0000,374.6484,6249984,0,0,368196537,932814232,910284904
20,false,MS,"4. VND NNI->SPR (Classic)",2,true,49.0000,307.5867,5939675,0,0,301510334,763261080,1682036840
20,false,MS,"4. VND NNI->SPR (Classic)",3,true,30.0000,174.4078,5334985,0,0,168989640,428730936,2118244456
20,false,MS,"4. VND NNI->SPR (Classic)",4,true,51.0000,347.4212,7481877,0,0,339802789,849325776,2957105256
20,false,MS,"4. VND NNI->SPR (Classic)",5,true,64.0000,410.4821,4982405,0,0,405323759,1012326480,3963738216
20,false,MS,"4. VND NNI->SPR (Classic)",6,true,54.0000,411.4527,6523404,0,0,404774775,1016482280,5003925608
20,false,MS,"4. VND NNI->SPR (Classic)",7,true,51.0000,350.0829,5436017,0,0,344508917,846659232,5842786408
20,false,MS,"4. VND NNI->SPR (Classic)",8,true,48.0000,275.2186,5435146,0,0,269651252,681225168,6513875048
20,false,MS,"4. VND NNI->SPR (Classic)",9,true,55.0000,280.1530,9841474,0,0,270163187,686483824,7218518120
20,false,MS,"4. VND NNI->SPR (Classic)",10,true,49.0000,316.2133,10165400,0,0,305924978,770813696,7990270056
20,false,MS,"4. VND NNI->SPR (Classic)",11,true,56.0000,375.8616,5245424,0,0,370468571,928364320,8896239720
20,false,MS,"4. VND NNI->SPR (Classic)",12,false,Infinity,411.7821,8473222,0,0,403134537,1018455584,9936427112
20,false,MS,"4. VND NNI->SPR (Classic)",13,true,53.0000,479.4504,4980680,0,0,474295542,850102384,10329433704
20,false,MS,"4. VND NNI->SPR (Classic)",14,false,Infinity,718.0969,5350715,0,0,712564250,1099149520,1605281384
20,false,MS,"4. VND NNI->SPR (Classic)",15,true,55.0000,616.7617,9901368,0,0,606683793,940058584,2544805480
20,false,MS,"4. VND NNI->SPR (Classic)",16,true,46.0000,555.4256,6306101,0,0,548983193,845471896,3383666280
20,false,MS,"4. VND NNI->SPR (Classic)",17,true,50.0000,609.2097,7917155,0,0,601123190,928784456,4323190376
20,false,MS,"4. VND NNI->SPR (Classic)",18,true,52.0000,603.9273,4682955,0,0,599093781,920233456,5229160040
20,false,MS,"4. VND NNI->SPR (Classic)",19,true,64.0000,554.2164,4538891,0,0,549487743,848320984,6068020840
20,false,MS,"4. VND NNI->SPR (Classic)",20,true,52.0000,607.2554,6289339,0,0,600809564,926306360,7007544936
20,false,MS,"4. VND NNI->SPR (Classic)",21,true,44.0000,501.4202,8618227,0,0,492641387,766185736,7779296872
20,false,MS,"4. VND NNI->SPR (Classic)",22,false,Infinity,558.5979,9212067,0,0,549202200,849249640,8618157672
20,false,MS,"4. VND NNI->SPR (Classic)",23,true,49.0000,611.2111,7789622,0,0,603228513,932785296,9557681768
20,false,MS,"4. VND NNI->SPR (Classic)",24,true,51.0000,666.1327,5514355,0,0,660402442,1017121008,10564314728
20,false,MS,"4. VND NNI->SPR (Classic)",25,true,52.0000,612.4156,9498161,0,0,602741006,930868632,11503838824
20,false,MS,"4. VND NNI->SPR (Classic)",26,true,62.0000,562.2992,14156730,0,0,547965889,853323160,12342699624
20,false,MS,"4. VND NNI->SPR (Classic)",27,true,43.0000,500.9411,9640781,0,0,491168617,761982008,13114451560
20,false,MS,"4. VND NNI->SPR (Classic)",28,true,51.0000,671.0131,9963968,0,0,660848810,1018182464,14121084520
20,false,MS,"4. VND NNI->SPR (Classic)",29,true,48.0000,497.5591,6946830,0,0,490485157,757818728,14892836456
20,false,MS,"4. VND NNI->SPR (Classic)",30,false,Infinity,556.1127,8762170,0,0,547203399,847621448,15731697256
20,false,MS,"4. VND NNI->SPR (Classic)",31,true,56.0000,614.2458,4624543,0,0,609433722,933669816,16671221352
20,false,MS,"4. VND NNI->SPR (Classic)",32,true,38.0000,445.8579,6899689,0,0,438825755,674880888,17342309992
20,false,MS,"4. VND NNI->SPR (Classic)",33,true,54.0000,600.4238,9191478,0,0,591081966,930576496,18281834088
20,false,MS,"4. VND NNI->SPR (Classic)",34,true,49.0000,342.7136,3291469,0,0,339278943,842529664,19120694888
20,false,MS,"4. VND NNI->SPR (Classic)",35,true,46.0000,278.5874,6567528,0,0,271881955,685457136,19791783528
20,false,MS,"4. VND NNI->SPR (Classic)",36,true,52.0000,383.1466,4483876,0,0,378533296,931422232,20731307624
20,false,MS,"4. VND NNI->SPR (Classic)",37,true,46.0000,379.7189,2393351,0,0,377187847,927597176,21240696968
20,false,MS,"4. VND NNI->SPR (Classic)",38,true,54.0000,441.5540,4291160,0,0,437117907,1091323160,1544245384
20,false,MS,"4. VND NNI->SPR (Classic)",39,true,56.0000,376.5595,4013462,0,0,372395976,935350080,2483769480
20,false,MS,"4. VND NNI->SPR (Classic)",40,true,54.0000,443.5032,2734722,0,0,440614607,1093582328,3591065736
20,false,MS,"4. VND NNI->SPR (Classic)",41,false,Infinity,413.2526,7460467,0,0,405674787,1013692936,4597698696
20,false,MS,"4. VND NNI->SPR (Classic)",42,true,52.0000,309.4882,5471465,0,0,303873047,756289728,5369450632
20,false,MS,"4. VND NNI->SPR (Classic)",43,false,Infinity,343.5000,4457656,0,0,338891225,844180888,6208311432
20,false,MS,"4. VND NNI->SPR (Classic)",44,true,57.0000,375.7830,3812330,0,0,371827635,922920600,7114281096
20,false,MS,"4. VND NNI->SPR (Classic)",45,true,61.0000,410.5789,4357536,0,0,406065179,1014206928,8154468488
20,false,MS,"4. VND NNI->SPR (Classic)",46,false,Infinity,412.2933,4957987,0,0,407191601,1019061992,9161101448
20,false,MS,"4. VND NNI->SPR (Classic)",47,false,Infinity,376.3415,4334303,0,0,371909941,928463000,10100625544
20,false,MS,"4. VND NNI->SPR (Classic)",48,true,56.0000,408.1571,4854010,0,0,403169453,1009325512,11107258504
20,false,MS,"4. VND NNI->SPR (Classic)",49,true,57.0000,344.4185,5958630,0,0,338302606,858073952,11946119304
20,false,MS,"4. VND NNI->SPR (Classic)",50,true,54.0000,377.0919,7579854,0,0,369367337,931860344,12885643400
20,false,MS,"4. VND NNI->SPR (Classic)",51,true,62.0000,413.5966,3422798,0,0,410007807,1014039728,13892276360
20,false,MS,"4. VND NNI->SPR (Classic)",52,true,50.0000,215.9505,10154209,0,0,205665762,519132512,14429147272
20,false,MS,"4. VND NNI->SPR (Classic)",53,true,59.0000,414.9111,2888672,0,0,411842708,1014729320,15435780232
20,false,MS,"4. VND NNI->SPR (Classic)",54,true,43.0000,280.1200,6501303,0,0,273501845,679372152,16106868872
20,false,MS,"4. VND NNI->SPR (Classic)",55,true,61.0000,480.9048,3386489,0,0,477383704,1171600512,17281273992
20,false,MS,"4. VND NNI->SPR (Classic)",56,true,50.0000,378.5087,4368718,0,0,373999485,927309616,18220798088
20,false,MS,"4. VND NNI->SPR (Classic)",57,true,63.0000,382.0545,5747279,0,0,376148191,936070264,19160322184
20,false,MS,"4. VND NNI->SPR (Classic)",58,true,53.0000,310.0760,6048692,0,0,303875771,761025248,19898519688
20,false,MS,"4. VND NNI->SPR (Classic)",59,true,52.0000,350.0665,9152634,0,0,340750481,862425784,20770934920
20,false,MS,"4. VND NNI->SPR (Classic)",60,true,45.0000,381.8320,5024645,0,0,376661256,929759584,21240696968
20,false,MS,"4. VND NNI->SPR (Classic)",61,true,49.0000,342.6213,6469492,0,0,336036326,843897712,1340798136
20,false,MS,"4. VND NNI->SPR (Classic)",62,false,Infinity,381.3529,8628257,0,0,372583962,931306720,2280322232
20,false,MS,"4. VND NNI->SPR (Classic)",63,true,58.0000,377.8131,3534541,0,0,374130053,924692344,3186291896
20,false,MS,"4. VND NNI->SPR (Classic)",64,false,Infinity,318.0338,11070070,0,0,306828256,780019360,3958043832
20,false,MS,"4. VND NNI->SPR (Classic)",65,true,52.0000,381.3399,6593468,0,0,374589657,936685864,4897567928
20,false,MS,"4. VND NNI->SPR (Classic)",66,true,62.0000,446.1674,2383663,0,0,443604371,1092262496,6004864184
20,false,MS,"4. VND NNI->SPR (Classic)",67,true,54.0000,416.0923,7059675,0,0,408896062,1021938616,7011497144
20,false,MS,"4. VND NNI->SPR (Classic)",68,true,55.0000,406.9796,2814021,0,0,404045669,1006540632,8018130104
20,false,MS,"4. VND NNI->SPR (Classic)",69,true,60.0000,419.5990,4273296,0,0,415181965,1008021152,9024763064
20,false,MS,"4. VND NNI->SPR (Classic)",70,true,51.0000,277.7455,7985294,0,0,269641965,685118912,9729406136
20,false,MS,"4. VND NNI->SPR (Classic)",71,true,54.0000,377.6355,7344957,0,0,370143884,934125432,10668930232
20,false,MS,"4. VND NNI->SPR (Classic)",72,true,59.0000,477.7725,5467958,0,0,472184027,1175063528,11843335352
20,false,MS,"4. VND NNI->SPR (Classic)",73,true,40.0000,341.5049,4263807,0,0,337141238,844501672,12682196152
20,false,MS,"4. VND NNI->SPR (Classic)",74,true,52.0000,445.6187,3429100,0,0,442042261,1092262992,13755937976
20,false,MS,"4. VND NNI->SPR (Classic)",75,false,Infinity,281.5325,8225952,0,0,273185643,686097616,14460581048
20,false,MS,"4. VND NNI->SPR (Classic)",76,true,55.0000,376.2222,3347995,0,0,372722196,925863704,15400105144
20,false,MS,"4. VND NNI->SPR (Classic)",77,true,48.0000,277.2675,3788173,0,0,273348142,682830832,16071193784
20,false,MS,"4. VND NNI->SPR (Classic)",78,true,53.0000,312.7658,6420850,0,0,306201665,764202952,16842945720
20,false,MS,"4. VND NNI->SPR (Classic)",79,true,52.0000,346.0959,6052250,0,0,339883592,847460464,17681806520
20,false,MS,"4. VND NNI->SPR (Classic)",80,true,49.0000,382.1735,8146752,0,0,373899114,934477888,18621330616
20,false,MS,"4. VND NNI->SPR (Classic)",81,true,55.0000,378.6172,3939842,0,0,374523231,927901664,19527300280
20,false,MS,"4. VND NNI->SPR (Classic)",82,true,47.0000,313.0996,6426050,0,0,306529568,772156872,20299052216
20,false,MS,"4. VND NNI->SPR (Classic)",83,true,41.0000,245.9646,6964664,0,0,238877275,595774928,20903031992
20,false,MS,"4. VND NNI->SPR (Classic)",84,true,64.0000,382.0956,4901391,0,0,377032172,925094064,21238576312
20,false,MS,"4. VND NNI->SPR (Classic)",85,true,51.0000,309.3408,5384689,0,0,303840034,760336848,1366660128
20,false,MS,"4. VND NNI->SPR (Classic)",86,true,56.0000,344.0023,5051335,0,0,338834888,842058688,2239075360
20,false,MS,"4. VND NNI->SPR (Classic)",87,false,Infinity,281.0865,9563406,0,0,271405718,685536256,2910164000
20,false,MS,"4. VND NNI->SPR (Classic)",88,true,50.0000,280.3372,7609480,0,0,272606893,682471784,3581252640
20,false,MS,"4. VND NNI->SPR (Classic)",89,true,57.0000,377.8391,5391653,0,0,372289353,926155712,4520776736
20,false,MS,"4. VND NNI->SPR (Classic)",90,true,40.0000,246.4996,9418691,0,0,236975608,595830688,5124756512
20,false,MS,"4. VND NNI->SPR (Classic)",91,false,Infinity,384.7088,6588117,0,0,377962782,940131928,6064280608
20,false,MS,"4. VND NNI->SPR (Classic)",92,false,Infinity,311.6681,8103338,0,0,303426587,764056392,6802478112
20,false,MS,"4. VND NNI->SPR (Classic)",93,true,44.0000,275.6358,4942448,0,0,270581071,677234648,7507121184
20,false,MS,"4. VND NNI->SPR (Classic)",94,false,Infinity,406.4237,3428330,0,0,402880303,1007687248,8513754144
20,false,MS,"4. VND NNI->SPR (Classic)",95,true,42.0000,274.2562,4925016,0,0,269216476,675245832,9184842784
20,false,MS,"4. VND NNI->SPR (Classic)",96,true,50.0000,413.3700,4999497,0,0,408267317,1015820152,10191475744
20,false,MS,"4. VND NNI->SPR (Classic)",97,false,Infinity,287.8656,16541854,0,0,271190079,694947992,10896118816
20,false,MS,"4. VND NNI->SPR (Classic)",98,true,52.0000,413.6827,4902031,0,0,408639294,1013954920,11902751776
20,false,MS,"4. VND NNI->SPR (Classic)",99,true,63.0000,382.8020,7080915,0,0,375559421,936998768,12842275872
20,false,MS,"4. VND NNI->SPR (Classic)",100,true,42.0000,243.8017,4967616,0,0,238710247,594757928,13446255648
20,false,MS,"5. VND NNI->ECR->SPR (Inc)",1,true,46.0000,45.7411,608998,4791020,35713620,4512901,133502552,105170480
20,false,MS,"5. VND NNI->ECR->SPR (Inc)",2,true,51.0000,38.3937,430669,2170968,20545569,15207378,108556232,239388208
20,false,MS,"5. VND NNI->ECR->SPR (Inc)",3,true,27.0000,23.4013,469823,1871880,17942188,3074597,72676384,306497072
20,false,MS,"5. VND NNI->ECR->SPR (Inc)",4,true,44.0000,27.4705,478549,3627147,9326455,13995322,75688048,373605936
20,false,MS,"5. VND NNI->ECR->SPR (Inc)",5,true,50.0000,35.2037,412975,3125754,18004827,13618116,99998360,474269232
20,false,MS,"5. VND NNI->ECR->SPR (Inc)",6,true,52.0000,25.4634,613338,5270652,11218131,8309100,74321512,541378096
20,false,MS,"5. VND NNI->ECR->SPR (Inc)",7,true,48.0000,29.0134,509108,5203556,17824524,5430005,86854624,642041392
20,false,MS,"5. VND NNI->ECR->SPR (Inc)",8,true,32.0000,17.8597,455726,3785949,13589842,0,56272848,709150256
20,false,MS,"5. VND NNI->ECR->SPR (Inc)",9,true,33.0000,40.1229,432432,3816878,33211033,2620693,126284448,809813552
20,false,MS,"5. VND NNI->ECR->SPR (Inc)",10,true,48.0000,35.1036,621783,3939932,30517280,0,110511128,944031280
20,false,MS,"5. VND NNI->ECR->SPR (Inc)",11,true,48.0000,23.1334,649174,3411617,8163252,10876281,69852080,1011140144
20,false,MS,"5. VND NNI->ECR->SPR (Inc)",12,true,51.0000,35.0826,393719,4065792,22453796,8138075,105618312,1111803440
20,false,MS,"5. VND NNI->ECR->SPR (Inc)",13,true,58.0000,29.3956,460046,5467487,12663581,10772885,86101712,1178912304
20,false,MS,"5. VND NNI->ECR->SPR (Inc)",14,true,47.0000,27.7147,431039,5732911,16189214,5327089,82905440,1279575600
20,false,MS,"5. VND NNI->ECR->SPR (Inc)",15,true,54.0000,22.5357,340918,3438809,2547614,16182080,60514928,1346684464
20,false,MS,"5. VND NNI->ECR->SPR (Inc)",16,true,36.0000,37.8588,375244,3248227,34208499,0,123395584,1447347760
20,false,MS,"5. VND NNI->ECR->SPR (Inc)",17,true,45.0000,17.3918,394119,3361222,2796568,10812681,47641664,1514456624
20,false,MS,"5. VND NNI->ECR->SPR (Inc)",18,true,41.0000,35.4255,279672,4182582,23129532,7803940,108012432,1615119920
20,false,MS,"5. VND NNI->ECR->SPR (Inc)",19,true,39.0000,46.2671,296203,3126656,37498935,5314385,142214312,1749337648
20,false,MS,"5. VND NNI->ECR->SPR (Inc)",20,true,40.0000,32.8972,323966,3016976,21539679,7985816,99861880,1850000944
20,false,MS,"5. VND NNI->ECR->SPR (Inc)",21,true,41.0000,21.5375,462140,3438157,6820359,10788896,61908056,1917109808
20,false,MS,"5. VND NNI->ECR->SPR (Inc)",22,true,50.0000,42.3158,394470,3849640,30260320,7776989,125344720,2051327536
20,false,MS,"5. VND NNI->ECR->SPR (Inc)",23,true,40.0000,28.1835,434306,3030412,16712661,7975907,82342000,2118436400
20,false,MS,"5. VND NNI->ECR->SPR (Inc)",24,true,49.0000,31.9954,321271,4786781,13615871,13242982,92003080,2219099696
20,false,MS,"5. VND NNI->ECR->SPR (Inc)",25,true,49.0000,29.7416,918496,3246283,17868849,7678661,88785464,2319762992
20,false,MS,"5. VND NNI->ECR->SPR (Inc)",26,true,43.0000,22.6821,721763,3622186,15629180,2680287,73682456,2386871856
20,false,MS,"5. VND NNI->ECR->SPR (Inc)",27,true,42.0000,34.0961,532552,3857325,26988389,2688402,107690056,2487535152
20,false,MS,"5. VND NNI->ECR->SPR (Inc)",28,true,53.0000,15.5104,482827,5326208,1630060,8046270,45449936,2521089584
20,false,MS,"5. VND NNI->ECR->SPR (Inc)",29,true,48.0000,18.7454,363792,3960752,3866142,10529503,52346264,2588198448
20,false,MS,"5. VND NNI->ECR->SPR (Inc)",30,true,47.0000,50.1747,330117,3579076,38350726,7883711,150966440,2755970608
20,false,MS,"5. VND NNI->ECR->SPR (Inc)",31,true,57.0000,44.9607,394429,5361426,39181185,0,144984312,2890188336
20,false,MS,"5. VND NNI->ECR->SPR (Inc)",32,true,41.0000,23.8760,405612,3497120,12058259,7849977,69473472,2957297200
20,false,MS,"5. VND NNI->ECR->SPR (Inc)",33,true,49.0000,23.9380,498448,6921151,13821683,2663615,74774320,3024406064
20,false,MS,"5. VND NNI->ECR->SPR (Inc)",34,true,38.0000,19.1845,341741,5002373,8366981,5443561,59450600,3091514928
20,false,MS,"5. VND NNI->ECR->SPR (Inc)",35,true,48.0000,18.3453,491354,5374750,6940116,5509938,54564152,3158623792
20,false,MS,"5. VND NNI->ECR->SPR (Inc)",36,true,47.0000,38.1779,497857,4455553,33202205,0,119365984,3259287088
20,false,MS,"5. VND NNI->ECR->SPR (Inc)",37,true,35.0000,27.8126,223535,4852357,20028256,2678323,84791336,3359950384
20,false,MS,"5. VND NNI->ECR->SPR (Inc)",38,true,41.0000,43.5310,421482,2799302,29732388,10549009,129832984,3494168112
20,false,MS,"5. VND NNI->ECR->SPR (Inc)",39,true,49.0000,17.1839,181215,5993706,3001387,7983221,50637184,3527722544
20,false,MS,"5. VND NNI->ECR->SPR (Inc)",40,true,52.0000,25.0854,512795,3152314,8060538,13333845,70256856,3594831408
20,false,MS,"5. VND NNI->ECR->SPR (Inc)",41,true,28.0000,27.6030,341588,4251915,22986179,0,88625608,3695494704
20,false,MS,"5. VND NNI->ECR->SPR (Inc)",42,true,32.0000,47.2253,372710,2195384,39467389,5162016,148872536,3829712432
20,false,MS,"5. VND NNI->ECR->SPR (Inc)",43,true,51.0000,23.8797,400653,5814847,9491058,8143144,70573424,3896821296
20,false,MS,"5. VND NNI->ECR->SPR (Inc)",44,true,53.0000,17.0132,401003,5415097,3434281,7737965,49727704,3963930160
20,false,MS,"5. VND NNI->ECR->SPR (Inc)",45,true,42.0000,26.2580,616322,5160693,20457290,0,81103792,4031039024
20,false,MS,"5. VND NNI->ECR->SPR (Inc)",46,true,54.0000,18.9691,280584,5843482,2184294,10636837,55057136,4098147888
20,false,MS,"5. VND NNI->ECR->SPR (Inc)",47,true,42.0000,15.4080,313747,5868899,3887372,5311530,47942144,4131702320
20,false,MS,"5. VND NNI->ECR->SPR (Inc)",48,true,51.0000,27.6715,379762,4015896,10245221,13004017,77824360,4232365616
20,false,MS,"5. VND NNI->ECR->SPR (Inc)",49,true,46.0000,40.0557,420048,2668715,23208703,13728535,112493496,4333028912
20,false,MS,"5. VND NNI->ECR->SPR (Inc)",50,true,54.0000,24.6107,571917,5225456,11028060,7755087,72673872,4400137776
20,false,MS,"5. VND NNI->ECR->SPR (Inc)",51,true,54.0000,28.6868,383109,4578939,12938683,10756213,83377600,4500801072
20,false,MS,"5. VND NNI->ECR->SPR (Inc)",52,true,38.0000,21.6025,601965,3799115,17179667,0,68956192,4567909936
20,false,MS,"5. VND NNI->ECR->SPR (Inc)",53,true,58.0000,18.6266,378510,5894799,1561470,10767725,53140808,4601464368
20,false,MS,"5. VND NNI->ECR->SPR (Inc)",54,true,39.0000,10.4866,642341,4071553,3165830,2582661,32312808,4635018800
20,false,MS,"5. VND NNI->ECR->SPR (Inc)",55,true,58.0000,27.6205,323693,5299227,11191983,10776742,82930928,4735682096
20,false,MS,"5. VND NNI->ECR->SPR (Inc)",56,true,55.0000,20.0927,389129,3275869,3123440,13280123,54964792,4769236528
20,false,MS,"5. VND NNI->ECR->SPR (Inc)",57,true,41.0000,53.8116,442563,2050760,51295741,0,168853600,4937008688
20,false,MS,"5. VND NNI->ECR->SPR (Inc)",58,true,52.0000,25.4573,357621,6781305,12938934,5347148,79516536,5037671984
20,false,MS,"5. VND NNI->ECR->SPR (Inc)",59,true,44.0000,43.7850,534948,1607426,33756830,7852863,123150136,5138335280
20,false,MS,"5. VND NNI->ECR->SPR (Inc)",60,true,41.0000,20.3806,424036,2966451,6386213,10577063,58685816,5205444144
20,false,MS,"5. VND NNI->ECR->SPR (Inc)",61,true,35.0000,33.3874,537793,2582631,27633175,2604994,100964432,5306107440
20,false,MS,"5. VND NNI->ECR->SPR (Inc)",62,true,53.0000,57.9190,502435,4095518,48142374,5150223,181190512,5507434032
20,false,MS,"5. VND NNI->ECR->SPR (Inc)",63,true,43.0000,29.8861,279060,3337736,15665458,10575530,86629272,5574542896
20,false,MS,"5. VND NNI->ECR->SPR (Inc)",64,true,57.0000,22.8203,750716,2329419,9051401,10660641,66637520,5641651760
20,false,MS,"5. VND NNI->ECR->SPR (Inc)",65,true,42.0000,44.3387,660697,3993754,39658182,0,138486648,5775869488
20,false,MS,"5. VND NNI->ECR->SPR (Inc)",66,true,49.0000,39.6880,214217,6273048,30600427,2574155,123713440,5910087216
20,false,MS,"5. VND NNI->ECR->SPR (Inc)",67,true,47.0000,33.7459,524709,3008371,22284866,7900152,98792848,6010750512
20,false,MS,"5. VND NNI->ECR->SPR (Inc)",68,true,39.0000,35.6381,356799,5471695,29784297,0,111308584,6111413808
20,false,MS,"5. VND NNI->ECR->SPR (Inc)",69,true,46.0000,54.6535,604490,3599195,47815983,2600485,172614968,6279185968
20,false,MS,"5. VND NNI->ECR->SPR (Inc)",70,true,36.0000,26.5731,547021,5217040,20783721,0,84702968,6379849264
20,false,MS,"5. VND NNI->ECR->SPR (Inc)",71,true,48.0000,17.6303,635308,5293555,8972472,2693322,55178904,6446958128
20,false,MS,"5. VND NNI->ECR->SPR (Inc)",72,true,54.0000,36.4789,600663,3564959,19210269,13076656,108060168,6547621424
20,false,MS,"5. VND NNI->ECR->SPR (Inc)",73,true,31.0000,35.5420,281575,2461270,24945835,7827234,101271744,6648284720
20,false,MS,"5. VND NNI->ECR->SPR (Inc)",74,true,45.0000,16.3479,456708,3010525,2116154,10741085,44830768,6681839152
20,false,MS,"5. VND NNI->ECR->SPR (Inc)",75,true,50.0000,22.3828,478349,3614422,2295164,15970889,60867856,6748948016
20,false,MS,"5. VND NNI->ECR->SPR (Inc)",76,true,50.0000,40.6996,288167,2912898,26778249,10694506,122694024,6883165744
20,false,MS,"5. VND NNI->ECR->SPR (Inc)",77,true,43.0000,15.9058,338283,4839282,2741973,7963222,46060472,6916720176
20,false,MS,"5. VND NNI->ECR->SPR (Inc)",78,true,39.0000,54.4025,438324,4061192,44701021,5169860,162389720,7084492336
20,false,MS,"5. VND NNI->ECR->SPR (Inc)",79,true,45.0000,39.0940,602175,3540643,32321550,2603120,120175104,7185155632
20,false,MS,"5. VND NNI->ECR->SPR (Inc)",80,true,43.0000,26.4522,578361,3996079,16602380,5249783,78718144,7285818928
20,false,MS,"5. VND NNI->ECR->SPR (Inc)",81,true,39.0000,9.6023,247760,6718316,2614972,0,33355032,7319373360
20,false,MS,"5. VND NNI->ECR->SPR (Inc)",82,true,40.0000,20.4687,484681,5240494,12051917,2666480,65195216,7386482224
20,false,MS,"5. VND NNI->ECR->SPR (Inc)",83,true,38.0000,24.3723,601504,1817476,14059004,7862882,71450592,7453591088
20,false,MS,"5. VND NNI->ECR->SPR (Inc)",84,true,52.0000,28.2802,314770,7308858,15501096,5128713,86591240,7520699952
20,false,MS,"5. VND NNI->ECR->SPR (Inc)",85,true,32.0000,49.7994,407546,2983242,43768587,2611526,147862272,7688472112
20,false,MS,"5. VND NNI->ECR->SPR (Inc)",86,true,39.0000,43.5857,502005,4699736,35760349,2591107,135010088,7822689840
20,false,MS,"5. VND NNI->ECR->SPR (Inc)",87,false,Infinity,24.4625,589772,3158286,18089197,2585346,79543048,7889798704
20,false,MS,"5. VND NNI->ECR->SPR (Inc)",88,true,51.0000,27.3414,567990,3224953,13002234,10518972,77061944,7956907568
20,false,MS,"5. VND NNI->ECR->SPR (Inc)",89,true,54.0000,30.9577,421913,3708682,10778385,16021736,88635976,8057570864
20,false,MS,"5. VND NNI->ECR->SPR (Inc)",90,true,27.0000,27.4819,649265,2151091,24659611,0,86657624,8158234160
20,false,MS,"5. VND NNI->ECR->SPR (Inc)",91,true,37.0000,27.6453,563201,4060040,17877434,5114576,84776648,8225343024
20,false,MS,"5. VND NNI->ECR->SPR (Inc)",92,true,43.0000,14.9583,319438,4960592,1681568,7972741,43125552,8258897456
20,false,MS,"5. VND NNI->ECR->SPR (Inc)",93,true,40.0000,10.0075,710761,2350729,1606254,5316780,29535256,8292451888
20,false,MS,"5. VND NNI->ECR->SPR (Inc)",94,true,33.0000,21.1502,228244,4160391,6058911,10677694,60541024,8359560752
20,false,MS,"5. VND NNI->ECR->SPR (Inc)",95,true,43.0000,27.5502,359393,2525201,11488195,13151909,77833504,8426669616
20,false,MS,"5. VND NNI->ECR->SPR (Inc)",96,true,35.0000,47.1416,352712,3484747,43282153,0,150620208,8594441776
20,false,MS,"5. VND NNI->ECR->SPR (Inc)",97,true,45.0000,29.6326,448343,5291801,21287929,2578163,94594888,8695105072
20,false,MS,"5. VND NNI->ECR->SPR (Inc)",98,true,53.0000,26.7037,427214,4977846,13264073,8006966,81396832,8762213936
20,false,MS,"5. VND NNI->ECR->SPR (Inc)",99,true,47.0000,49.0476,420781,6300722,42299884,0,155424464,8929986096
20,false,MS,"5. VND NNI->ECR->SPR (Inc)",100,true,34.0000,17.8074,536051,3338267,5997416,7907837,52407288,8963540528
20,false,MS,"6. VND NNI->SPR (Inc)",1,true,54.0000,29.9367,280174,0,0,29615104,72380400,71686504
20,false,MS,"6. VND NNI->SPR (Inc)",2,true,52.0000,32.4218,292165,0,0,32111121,79389152,138795368
20,false,MS,"6. VND NNI->SPR (Inc)",3,true,29.0000,18.9151,339095,0,0,18556445,46690480,172349800
20,false,MS,"6. VND NNI->SPR (Inc)",4,true,50.0000,29.2023,247892,0,0,28937155,72940728,273013096
20,false,MS,"6. VND NNI->SPR (Inc)",5,true,66.0000,31.8346,282848,0,0,31533071,79377680,340121960
20,false,MS,"6. VND NNI->SPR (Inc)",6,true,57.0000,24.3688,418637,0,0,23932148,60166016,407230824
20,false,MS,"6. VND NNI->SPR (Inc)",7,true,52.0000,26.9681,318154,0,0,26632312,66588328,474339688
20,false,MS,"6. VND NNI->SPR (Inc)",8,true,48.0000,21.6252,331159,0,0,21276719,53132144,507894120
20,false,MS,"6. VND NNI->SPR (Inc)",9,true,55.0000,26.1940,310861,0,0,25865054,64754056,575002984
20,false,MS,"6. VND NNI->SPR (Inc)",10,true,51.0000,21.3440,550457,0,0,20774904,52534136,642111848
20,false,MS,"6. VND NNI->SPR (Inc)",11,true,56.0000,30.3202,318716,0,0,29983875,72582008,709220712
20,false,MS,"6. VND NNI->SPR (Inc)",12,true,55.0000,28.8242,454595,0,0,28342014,66554080,776329576
20,false,MS,"6. VND NNI->SPR (Inc)",13,true,53.0000,26.8802,321611,0,0,26540257,66423544,843438440
20,false,MS,"6. VND NNI->SPR (Inc)",14,true,49.0000,26.7582,221691,0,0,26519708,65962952,910547304
20,false,MS,"6. VND NNI->SPR (Inc)",15,true,55.0000,37.7662,290994,0,0,37456666,92447384,1011210600
20,false,MS,"6. VND NNI->SPR (Inc)",16,true,48.0000,26.7055,295982,0,0,26390101,65531232,1078319464
20,false,MS,"6. VND NNI->SPR (Inc)",17,true,50.0000,29.7715,328656,0,0,29424793,72824744,1145428328
20,false,MS,"6. VND NNI->SPR (Inc)",18,true,52.0000,29.1992,184030,0,0,28997339,70286584,1212537192
20,false,MS,"6. VND NNI->SPR (Inc)",19,false,Infinity,31.5077,207384,0,0,31278307,77704520,1279646056
20,false,MS,"6. VND NNI->SPR (Inc)",20,true,54.0000,32.0669,232972,0,0,31814957,78645960,1380309352
20,false,MS,"6. VND NNI->SPR (Inc)",21,true,44.0000,24.0447,359304,0,0,23667895,60006640,1413863784
20,false,MS,"6. VND NNI->SPR (Inc)",22,true,49.0000,21.6810,299039,0,0,21363403,52817488,1480972648
20,false,MS,"6. VND NNI->SPR (Inc)",23,true,49.0000,29.7359,321973,0,0,29395978,73231008,1548081512
20,false,MS,"6. VND NNI->SPR (Inc)",24,true,49.0000,32.3312,221541,0,0,32092536,79158808,1615190376
20,false,MS,"6. VND NNI->SPR (Inc)",25,true,59.0000,23.7442,818567,0,0,22907319,59346176,1682299240
20,false,MS,"6. VND NNI->SPR (Inc)",26,true,45.0000,19.1530,605721,0,0,18528804,47645816,1749408104
20,false,MS,"6. VND NNI->SPR (Inc)",27,true,46.0000,26.5871,433865,0,0,26134586,65981560,1816516968
20,false,MS,"6. VND NNI->SPR (Inc)",28,true,51.0000,32.5110,412583,0,0,32079541,79620176,1883625832
20,false,MS,"6. VND NNI->SPR (Inc)",29,true,47.0000,23.6728,299048,0,0,23355511,58778664,1950734696
20,false,MS,"6. VND NNI->SPR (Inc)",30,false,Infinity,28.9230,262781,0,0,28639460,71737648,2017843560
20,false,MS,"6. VND NNI->SPR (Inc)",31,true,59.0000,23.9954,347570,0,0,23629693,58323736,2084952424
20,false,MS,"6. VND NNI->SPR (Inc)",32,true,38.0000,21.0218,310069,0,0,20694572,52084672,2118506856
20,false,MS,"6. VND NNI->SPR (Inc)",33,true,56.0000,31.7672,362830,0,0,31386734,78438936,2219170152
20,false,MS,"6. VND NNI->SPR (Inc)",34,true,50.0000,26.7172,209319,0,0,26489771,65488616,2252724584
20,false,MS,"6. VND NNI->SPR (Inc)",35,true,46.0000,21.6640,402565,0,0,21243155,53599528,2319833448
20,false,MS,"6. VND NNI->SPR (Inc)",36,true,62.0000,23.8421,426241,0,0,23397542,58446168,2386942312
20,false,MS,"6. VND NNI->SPR (Inc)",37,true,46.0000,29.3499,137822,0,0,29194554,72153336,2454051176
20,false,MS,"6. VND NNI->SPR (Inc)",38,true,54.0000,34.8064,259033,0,0,34529019,84532008,2521160040
20,false,MS,"6. VND NNI->SPR (Inc)",39,true,57.0000,37.3131,135538,0,0,37144732,91289016,2621823336
20,false,MS,"6. VND NNI->SPR (Inc)",40,true,54.0000,29.2413,428234,0,0,28791859,72507160,2688932200
20,false,MS,"6. VND NNI->SPR (Inc)",41,false,Infinity,29.0345,290912,0,0,28723628,71901752,2789595496
20,false,MS,"6. VND NNI->SPR (Inc)",42,true,51.0000,23.4480,295372,0,0,23134091,58374720,2823149928
20,false,MS,"6. VND NNI->SPR (Inc)",43,false,Infinity,29.6187,301212,0,0,29297661,72744776,2890258792
20,false,MS,"6. VND NNI->SPR (Inc)",44,true,59.0000,37.2954,360085,0,0,36916368,91423888,2990922088
20,false,MS,"6. VND NNI->SPR (Inc)",45,true,58.0000,27.0364,482006,0,0,26535318,66493560,3058030952
20,false,MS,"6. VND NNI->SPR (Inc)",46,true,58.0000,29.8225,231260,0,0,29573164,72758440,3125139816
20,false,MS,"6. VND NNI->SPR (Inc)",47,false,Infinity,30.3517,273490,0,0,30057425,71525904,3192248680
20,false,MS,"6. VND NNI->SPR (Inc)",48,true,57.0000,31.9768,293758,0,0,31665263,78698472,3292911976
20,false,MS,"6. VND NNI->SPR (Inc)",49,true,52.0000,24.0779,330449,0,0,23728751,59488032,3360020840
20,false,MS,"6. VND NNI->SPR (Inc)",50,true,53.0000,26.3537,447601,0,0,25888147,65950984,3427129704
20,false,MS,"6. VND NNI->SPR (Inc)",51,true,62.0000,27.1625,261888,0,0,26882869,66043448,3460684136
20,false,MS,"6. VND NNI->SPR (Inc)",52,true,58.0000,26.2237,562971,0,0,25643361,64790584,3527793000
20,false,MS,"6. VND NNI->SPR (Inc)",53,true,50.0000,29.9237,333644,0,0,29572243,73142104,3628456296
20,false,MS,"6. VND NNI->SPR (Inc)",54,true,45.0000,15.8959,594410,0,0,15283933,40039688,3662010728
20,false,MS,"6. VND NNI->SPR (Inc)",55,true,61.0000,36.7332,199038,0,0,36516928,90778376,3729119592
20,false,MS,"6. VND NNI->SPR (Inc)",56,true,54.0000,26.9317,356338,0,0,26557039,66338336,3796228456
20,false,MS,"6. VND NNI->SPR (Inc)",57,true,59.0000,37.2421,394199,0,0,36829613,91657584,3896891752
20,false,MS,"6. VND NNI->SPR (Inc)",58,false,Infinity,29.4834,271305,0,0,29192802,72619136,3964000616
20,false,MS,"6. VND NNI->SPR (Inc)",59,true,55.0000,26.8037,433935,0,0,26350988,65764320,4031109480
20,false,MS,"6. VND NNI->SPR (Inc)",60,true,51.0000,29.2716,333123,0,0,28921325,72651696,4098218344
20,false,MS,"6. VND NNI->SPR (Inc)",61,true,45.0000,23.5272,460015,0,0,23049189,58855504,4165327208
20,false,MS,"6. VND NNI->SPR (Inc)",62,true,58.0000,31.1209,413987,0,0,30689136,77343512,4265990504
20,false,MS,"6. VND NNI->SPR (Inc)",63,true,58.0000,29.1465,197405,0,0,28930632,71813744,4333099368
20,false,MS,"6. VND NNI->SPR (Inc)",64,false,Infinity,24.2904,663381,0,0,23607200,60820856,4400208232
20,false,MS,"6. VND NNI->SPR (Inc)",65,true,54.0000,27.1992,497826,0,0,26682918,66702488,4467317096
20,false,MS,"6. VND NNI->SPR (Inc)",66,true,63.0000,34.6516,129847,0,0,34504432,85119032,4534425960
20,false,MS,"6. VND NNI->SPR (Inc)",67,true,54.0000,31.7186,417303,0,0,31283527,78858688,4601534824
20,false,MS,"6. VND NNI->SPR (Inc)",68,true,55.0000,31.5979,174000,0,0,31406631,77977056,4702198120
20,false,MS,"6. VND NNI->SPR (Inc)",69,true,56.0000,26.1282,445617,0,0,25663660,64801160,4769306984
20,false,MS,"6. VND NNI->SPR (Inc)",70,true,49.0000,21.5389,367579,0,0,21152953,53079912,4802861416
20,false,MS,"6. VND NNI->SPR (Inc)",71,true,58.0000,29.5560,533194,0,0,29005555,73921872,4869970280
20,false,MS,"6. VND NNI->SPR (Inc)",72,true,58.0000,26.4833,494119,0,0,25971356,66115904,4937079144
20,false,MS,"6. VND NNI->SPR (Inc)",73,true,41.0000,26.3071,195471,0,0,26093668,65271512,5004188008
20,false,MS,"6. VND NNI->SPR (Inc)",74,true,49.0000,24.2866,403707,0,0,23865211,60355920,5071296872
20,false,MS,"6. VND NNI->SPR (Inc)",75,false,Infinity,24.0697,459513,0,0,23590047,59475928,5138405736
20,false,MS,"6. VND NNI->SPR (Inc)",76,true,55.0000,29.3231,203347,0,0,29103281,72722096,5205514600
20,false,MS,"6. VND NNI->SPR (Inc)",77,true,49.0000,18.8016,288469,0,0,18495260,46338384,5239069032
20,false,MS,"6. VND NNI->SPR (Inc)",78,true,44.0000,28.8805,201934,0,0,28661922,71747168,5339732328
20,false,MS,"6. VND NNI->SPR (Inc)",79,true,50.0000,23.8503,503738,0,0,23328761,59502720,5373286760
20,false,MS,"6. VND NNI->SPR (Inc)",80,false,Infinity,26.4118,509951,0,0,25881916,66112552,5440395624
20,false,MS,"6. VND NNI->SPR (Inc)",81,true,58.0000,32.4558,200922,0,0,32237501,78766680,5541058920
20,false,MS,"6. VND NNI->SPR (Inc)",82,true,47.0000,24.3086,402414,0,0,23888145,59915048,5574613352
20,false,MS,"6. VND NNI->SPR (Inc)",83,true,40.0000,15.9700,511403,0,0,15440832,39959776,5641722216
20,false,MS,"6. VND NNI->SPR (Inc)",84,true,56.0000,28.8636,231991,0,0,28614301,70778536,5708831080
20,false,MS,"6. VND NNI->SPR (Inc)",85,true,51.0000,23.7600,283249,0,0,23458687,58634928,5775939944
20,false,MS,"6. VND NNI->SPR (Inc)",86,true,53.0000,26.4245,337222,0,0,26069091,64941272,5809494376
20,false,MS,"6. VND NNI->SPR (Inc)",87,false,Infinity,23.9648,532281,0,0,23411328,59358712,5876603240
20,false,MS,"6. VND NNI->SPR (Inc)",88,true,50.0000,21.4261,482668,0,0,20924589,52943024,5943712104
20,false,MS,"6. VND NNI->SPR (Inc)",89,true,57.0000,29.6833,328243,0,0,29337025,73047616,6010820968
20,false,MS,"6. VND NNI->SPR (Inc)",90,true,40.0000,18.6556,596314,0,0,18040716,46493832,6044375400
20,false,MS,"6. VND NNI->SPR (Inc)",91,false,Infinity,29.8279,407314,0,0,29399754,72743768,6145038696
20,false,MS,"6. VND NNI->SPR (Inc)",92,false,Infinity,27.0695,310289,0,0,26737934,66571440,6212147560
20,false,MS,"6. VND NNI->SPR (Inc)",93,true,36.0000,16.6740,676417,0,0,15979606,41385168,6245701992
20,false,MS,"6. VND NNI->SPR (Inc)",94,true,49.0000,28.9690,140587,0,0,28810234,71134224,6312810856
20,false,MS,"6. VND NNI->SPR (Inc)",95,true,42.0000,21.4884,270094,0,0,21201215,52849608,6346365288
20,false,MS,"6. VND NNI->SPR (Inc)",96,true,50.0000,31.6058,308847,0,0,31279539,77507352,6447028584
20,false,MS,"6. VND NNI->SPR (Inc)",97,false,Infinity,32.0696,398719,0,0,31645776,78540080,6514137448
20,false,MS,"6. VND NNI->SPR (Inc)",98,true,52.0000,32.3298,303697,0,0,32008305,78627976,6581246312
20,false,MS,"6. VND NNI->SPR (Inc)",99,false,Infinity,39.8920,343875,0,0,39528114,98071680,6681909608
20,false,MS,"6. VND NNI->SPR (Inc)",100,true,46.0000,21.7540,440988,0,0,21294161,53460480,6749018472
20,false,M3,"1. NNI (Classic)",1,true,56.0000,80.3346,0,0,0,0,178908712,172406608
20,false,M3,"1. NNI (Classic)",2,true,45.0000,61.9467,0,0,0,0,144774368,306624336
20,false,M3,"1. NNI (Classic)",3,true,31.0000,41.1352,0,0,0,0,98325432,407287632
20,false,M3,"1. NNI (Classic)",4,true,67.0000,62.3479,0,0,0,0,210016808,608614224
20,false,M3,"1. NNI (Classic)",5,true,76.0000,64.8551,0,0,0,0,244682360,877049680
20,false,M3,"1. NNI (Classic)",6,false,Infinity,31.3729,0,0,0,0,115209400,977712976
20,false,M3,"1. NNI (Classic)",7,true,63.0000,53.5895,0,0,0,0,200075312,1179039568
20,false,M3,"1. NNI (Classic)",8,true,52.0000,44.8701,0,0,0,0,167527168,1346811728
20,false,M3,"1. NNI (Classic)",9,true,58.0000,50.6133,0,0,0,0,187774112,1548138320
20,false,M3,"1. NNI (Classic)",10,true,57.0000,49.0855,0,0,0,0,183961712,1715910480
20,false,M3,"1. NNI (Classic)",11,true,52.0000,44.2636,0,0,0,0,164992328,1883682640
20,false,M3,"1. NNI (Classic)",12,true,69.0000,58.2966,0,0,0,0,216742512,2085009232
20,false,M3,"1. NNI (Classic)",13,true,54.0000,45.5532,0,0,0,0,170990744,2286335824
20,false,M3,"1. NNI (Classic)",14,true,50.0000,42.0998,0,0,0,0,157864832,2420553552
20,false,M3,"1. NNI (Classic)",15,true,61.0000,51.6319,0,0,0,0,194914144,2621880144
20,false,M3,"1. NNI (Classic)",16,true,55.0000,46.5591,0,0,0,0,175500272,2789652304
20,false,M3,"1. NNI (Classic)",17,true,57.0000,49.6730,0,0,0,0,184648304,2990978896
20,false,M3,"1. NNI (Classic)",18,true,57.0000,48.8392,0,0,0,0,182713776,3158751056
20,false,M3,"1. NNI (Classic)",19,true,53.0000,45.6129,0,0,0,0,170762872,3326523216
20,false,M3,"1. NNI (Classic)",20,true,51.0000,43.5440,0,0,0,0,162903928,3494295376
20,false,M3,"1. NNI (Classic)",21,false,Infinity,20.2113,0,0,0,0,74532352,3561404240
20,false,M3,"1. NNI (Classic)",22,true,48.0000,41.4769,0,0,0,0,154783400,3729176400
20,false,M3,"1. NNI (Classic)",23,true,48.0000,40.6489,0,0,0,0,153013864,3896948560
20,false,M3,"1. NNI (Classic)",24,true,63.0000,52.9817,0,0,0,0,199384496,4098275152
20,false,M3,"1. NNI (Classic)",25,true,58.0000,49.5944,0,0,0,0,187029416,4266047312
20,false,M3,"1. NNI (Classic)",26,true,52.0000,44.5173,0,0,0,0,167564496,4433819472
20,false,M3,"1. NNI (Classic)",27,false,Infinity,13.4173,0,0,0,0,49177440,4500928336
20,false,M3,"1. NNI (Classic)",28,true,63.0000,53.8886,0,0,0,0,202819264,4702254928
20,false,M3,"1. NNI (Classic)",29,true,47.0000,39.3357,0,0,0,0,148547096,4836472656
20,false,M3,"1. NNI (Classic)",30,true,62.0000,53.7163,0,0,0,0,200804824,5037799248
20,false,M3,"1. NNI (Classic)",31,false,Infinity,25.2347,0,0,0,0,92167088,5138462544
20,false,M3,"1. NNI (Classic)",32,false,Infinity,72.9903,0,0,0,0,117721288,5239125840
20,false,M3,"1. NNI (Classic)",33,true,63.0000,78.6412,0,0,0,0,201142016,5440452432
20,false,M3,"1. NNI (Classic)",34,true,47.0000,33.8748,0,0,0,0,148786392,5608224592
20,false,M3,"1. NNI (Classic)",35,false,Infinity,18.0053,0,0,0,0,76337760,5675333456
20,false,M3,"1. NNI (Classic)",36,false,Infinity,33.9663,0,0,0,0,146103376,5809551184
20,false,M3,"1. NNI (Classic)",37,true,47.0000,34.5257,0,0,0,0,148662896,5977323344
20,false,M3,"1. NNI (Classic)",38,true,61.0000,44.1891,0,0,0,0,191352680,6178649936
20,false,M3,"1. NNI (Classic)",39,true,66.0000,48.5080,0,0,0,0,209507144,6379976528
20,false,M3,"1. NNI (Classic)",40,true,54.0000,39.0096,0,0,0,0,167778416,6547748688
20,false,M3,"1. NNI (Classic)",41,true,57.0000,42.7462,0,0,0,0,183230152,6715520848
20,false,M3,"1. NNI (Classic)",42,true,58.0000,43.2196,0,0,0,0,185068976,6916847440
20,false,M3,"1. NNI (Classic)",43,true,53.0000,38.2648,0,0,0,0,166254616,7084619600
20,false,M3,"1. NNI (Classic)",44,true,57.0000,42.8530,0,0,0,0,181289192,7252391760
20,false,M3,"1. NNI (Classic)",45,true,50.0000,37.0707,0,0,0,0,158379016,7420163920
20,false,M3,"1. NNI (Classic)",46,true,73.0000,53.6495,0,0,0,0,229954000,7655044944
20,false,M3,"1. NNI (Classic)",47,true,57.0000,43.3762,0,0,0,0,183699960,7822817104
20,false,M3,"1. NNI (Classic)",48,true,51.0000,37.2859,0,0,0,0,161268280,7990589264
20,false,M3,"1. NNI (Classic)",49,true,51.0000,37.4252,0,0,0,0,159983632,8158361424
20,false,M3,"1. NNI (Classic)",50,true,47.0000,34.4409,0,0,0,0,147318048,8292579152
20,false,M3,"1. NNI (Classic)",51,true,65.0000,47.6741,0,0,0,0,203491888,8493905744
20,false,M3,"1. NNI (Classic)",52,true,43.0000,32.5105,0,0,0,0,138603216,8628123472
20,false,M3,"1. NNI (Classic)",53,true,72.0000,53.6958,0,0,0,0,229712432,8863004496
20,false,M3,"1. NNI (Classic)",54,true,57.0000,41.7273,0,0,0,0,179547552,9064331088
20,false,M3,"1. NNI (Classic)",55,true,67.0000,49.0160,0,0,0,0,212625368,9265657680
20,false,M3,"1. NNI (Classic)",56,true,51.0000,37.6071,0,0,0,0,161966280,9433429840
20,false,M3,"1. NNI (Classic)",57,false,Infinity,24.5732,0,0,0,0,104566408,9534093136
20,false,M3,"1. NNI (Classic)",58,true,53.0000,39.3169,0,0,0,0,166539728,9701865296
20,false,M3,"1. NNI (Classic)",59,true,51.0000,37.5105,0,0,0,0,160603080,9869637456
20,false,M3,"1. NNI (Classic)",60,false,Infinity,29.5254,0,0,0,0,128747304,9970300752
20,false,M3,"1. NNI (Classic)",61,true,43.0000,31.5330,0,0,0,0,135506504,10104518480
20,false,M3,"1. NNI (Classic)",62,true,72.0000,56.5362,0,0,0,0,234001704,10315622944
20,false,M3,"1. NNI (Classic)",63,true,60.0000,44.6209,0,0,0,0,189414552,249293344
20,false,M3,"1. NNI (Classic)",64,true,56.0000,40.5038,0,0,0,0,175745680,417065504
20,false,M3,"1. NNI (Classic)",65,true,50.0000,36.2265,0,0,0,0,155519568,584837664
20,false,M3,"1. NNI (Classic)",66,true,70.0000,53.1123,0,0,0,0,225739984,819718688
20,false,M3,"1. NNI (Classic)",67,true,59.0000,43.0572,0,0,0,0,187071792,987490848
20,false,M3,"1. NNI (Classic)",68,true,48.0000,35.2542,0,0,0,0,151304664,1155263008
20,false,M3,"1. NNI (Classic)",69,true,64.0000,48.2642,0,0,0,0,205434448,1356589600
20,false,M3,"1. NNI (Classic)",70,true,62.0000,45.2099,0,0,0,0,194496560,1557916192
20,false,M3,"1. NNI (Classic)",71,true,57.0000,41.1905,0,0,0,0,178543048,1725688352
20,false,M3,"1. NNI (Classic)",72,true,69.0000,50.0827,0,0,0,0,216520848,1927014944
20,false,M3,"1. NNI (Classic)",73,true,51.0000,37.6272,0,0,0,0,160349192,2094787104
20,false,M3,"1. NNI (Classic)",74,true,45.0000,32.6561,0,0,0,0,139352536,2229004832
20,false,M3,"1. NNI (Classic)",75,true,48.0000,34.7324,0,0,0,0,150871856,2396776992
20,false,M3,"1. NNI (Classic)",76,true,67.0000,48.6976,0,0,0,0,208610800,2598103584
20,false,M3,"1. NNI (Classic)",77,true,38.0000,28.3398,0,0,0,0,121359976,2732321312
20,false,M3,"1. NNI (Classic)",78,true,48.0000,34.6176,0,0,0,0,148545832,2866539040
20,false,M3,"1. NNI (Classic)",79,true,50.0000,37.1566,0,0,0,0,159434424,3034311200
20,false,M3,"1. NNI (Classic)",80,false,Infinity,16.9340,0,0,0,0,72004304,3101420064
20,false,M3,"1. NNI (Classic)",81,false,Infinity,27.1636,0,0,0,0,115051392,3202083360
20,false,M3,"1. NNI (Classic)",82,true,75.0000,55.0258,0,0,0,0,235060896,3436964384
20,false,M3,"1. NNI (Classic)",83,true,43.0000,31.7985,0,0,0,0,135716424,3604736544
20,false,M3,"1. NNI (Classic)",84,true,51.0000,38.1268,0,0,0,0,161468912,3738954272
20,false,M3,"1. NNI (Classic)",85,true,43.0000,32.3427,0,0,0,0,136273408,3873172000
20,false,M3,"1. NNI (Classic)",86,true,49.0000,36.4751,0,0,0,0,154578640,4040944160
20,false,M3,"1. NNI (Classic)",87,false,Infinity,16.3179,0,0,0,0,70077744,4108053024
20,false,M3,"1. NNI (Classic)",88,true,55.0000,39.9125,0,0,0,0,171900328,4275825184
20,false,M3,"1. NNI (Classic)",89,false,Infinity,21.9984,0,0,0,0,94282728,4376488480
20,false,M3,"1. NNI (Classic)",90,true,45.0000,33.8852,0,0,0,0,143704008,4510706208
20,false,M3,"1. NNI (Classic)",91,true,58.0000,41.8340,0,0,0,0,182558968,4712032800
20,false,M3,"1. NNI (Classic)",92,true,39.0000,28.0353,0,0,0,0,121163088,4812696096
20,false,M3,"1. NNI (Classic)",93,true,40.0000,28.0541,0,0,0,0,124770456,4946913824
20,false,M3,"1. NNI (Classic)",94,true,48.0000,34.5220,0,0,0,0,149906272,5114685984
20,false,M3,"1. NNI (Classic)",95,true,42.0000,30.8749,0,0,0,0,133647216,5248903712
20,false,M3,"1. NNI (Classic)",96,false,Infinity,36.5520,0,0,0,0,154353056,5383121440
20,false,M3,"1. NNI (Classic)",97,true,60.0000,45.2112,0,0,0,0,191172032,5584448032
20,false,M3,"1. NNI (Classic)",98,true,63.0000,46.0307,0,0,0,0,198520832,5785774624
20,false,M3,"1. NNI (Classic)",99,true,88.0000,65.1104,0,0,0,0,278919024,6054210080
20,false,M3,"1. NNI (Classic)",100,true,41.0000,29.8652,0,0,0,0,128170888,6188427808
20,false,M3,"2. NNI (Incremental)",1,true,56.0000,39.9936,0,0,0,0,54145264,38444344
20,false,M3,"2. NNI (Incremental)",2,true,44.0000,16.1129,0,0,0,0,42576632,71998776
20,false,M3,"2. NNI (Incremental)",3,true,31.0000,10.7725,0,0,0,0,29700264,105553208
20,false,M3,"2. NNI (Incremental)",4,true,68.0000,23.2138,0,0,0,0,65007776,172662072
20,false,M3,"2. NNI (Incremental)",5,true,66.0000,20.5309,0,0,0,0,61461160,239770936
20,false,M3,"2. NNI (Incremental)",6,false,Infinity,11.0243,0,0,0,0,33293464,273325368
20,false,M3,"2. NNI (Incremental)",7,true,61.0000,19.5833,0,0,0,0,57534272,340434232
20,false,M3,"2. NNI (Incremental)",8,true,52.0000,16.1559,0,0,0,0,48441128,373988664
20,false,M3,"2. NNI (Incremental)",9,true,57.0000,18.7447,0,0,0,0,54640864,441097528
20,false,M3,"2. NNI (Incremental)",10,true,57.0000,17.3237,0,0,0,0,52751784,474651960
20,false,M3,"2. NNI (Incremental)",11,true,52.0000,16.4173,0,0,0,0,49787832,541760824
20,false,M3,"2. NNI (Incremental)",12,true,68.0000,21.4883,0,0,0,0,64078808,608869688
20,false,M3,"2. NNI (Incremental)",13,true,53.0000,16.5874,0,0,0,0,49627736,642424120
20,false,M3,"2. NNI (Incremental)",14,true,50.0000,15.5754,0,0,0,0,47535688,709532984
20,false,M3,"2. NNI (Incremental)",15,false,Infinity,8.1966,0,0,0,0,25098336,709532984
20,false,M3,"2. NNI (Incremental)",16,true,55.0000,16.8567,0,0,0,0,51651280,776641848
20,false,M3,"2. NNI (Incremental)",17,true,61.0000,19.1510,0,0,0,0,57359792,843750712
20,false,M3,"2. NNI (Incremental)",18,true,56.0000,17.9351,0,0,0,0,53564520,877305144
20,false,M3,"2. NNI (Incremental)",19,true,53.0000,16.4825,0,0,0,0,50116400,944414008
20,false,M3,"2. NNI (Incremental)",20,true,50.0000,15.9367,0,0,0,0,47339376,977968440
20,false,M3,"2. NNI (Incremental)",21,true,53.0000,16.8449,0,0,0,0,49322128,1045077304
20,false,M3,"2. NNI (Incremental)",22,true,48.0000,15.2358,0,0,0,0,44897776,1078631736
20,false,M3,"2. NNI (Incremental)",23,true,48.0000,15.1990,0,0,0,0,45223024,1112186168
20,false,M3,"2. NNI (Incremental)",24,true,61.0000,19.2237,0,0,0,0,57603968,1179295032
20,false,M3,"2. NNI (Incremental)",25,true,54.0000,17.3558,0,0,0,0,50981768,1246403896
20,false,M3,"2. NNI (Incremental)",26,true,53.0000,16.6374,0,0,0,0,49897952,1279958328
20,false,M3,"2. NNI (Incremental)",27,false,Infinity,4.8356,0,0,0,0,14085688,1279958328
20,false,M3,"2. NNI (Incremental)",28,true,56.0000,17.6031,0,0,0,0,52342296,1347067192
20,false,M3,"2. NNI (Incremental)",29,true,44.0000,14.2166,0,0,0,0,42039296,1380621624
20,false,M3,"2. NNI (Incremental)",30,true,55.0000,17.3775,0,0,0,0,51446464,1447730488
20,false,M3,"2. NNI (Incremental)",31,false,Infinity,10.8559,0,0,0,0,31627088,1481284920
20,false,M3,"2. NNI (Incremental)",32,true,59.0000,19.6121,0,0,0,0,55539808,1514839352
20,false,M3,"2. NNI (Incremental)",33,true,63.0000,20.1436,0,0,0,0,58576416,1581948216
20,false,M3,"2. NNI (Incremental)",34,true,46.0000,14.2347,0,0,0,0,42948408,1615502648
20,false,M3,"2. NNI (Incremental)",35,false,Infinity,7.6734,0,0,0,0,22703320,1649057080
20,false,M3,"2. NNI (Incremental)",36,true,71.0000,22.0372,0,0,0,0,65952984,1716165944
20,false,M3,"2. NNI (Incremental)",37,true,53.0000,16.6910,0,0,0,0,49952184,1783274808
20,false,M3,"2. NNI (Incremental)",38,true,62.0000,19.0817,0,0,0,0,57669432,1816829240
20,false,M3,"2. NNI (Incremental)",39,true,65.0000,20.5930,0,0,0,0,61370840,1883938104
20,false,M3,"2. NNI (Incremental)",40,true,55.0000,17.4659,0,0,0,0,52398784,1951046968
20,false,M3,"2. NNI (Incremental)",41,true,57.0000,19.3713,0,0,0,0,53550208,1984601400
20,false,M3,"2. NNI (Incremental)",42,true,59.0000,19.2151,0,0,0,0,56306040,2051710264
20,false,M3,"2. NNI (Incremental)",43,true,53.0000,16.4213,0,0,0,0,48814736,2085264696
20,false,M3,"2. NNI (Incremental)",44,true,57.0000,18.7590,0,0,0,0,53831120,2152373560
20,false,M3,"2. NNI (Incremental)",45,true,51.0000,16.0840,0,0,0,0,48101704,2185927992
20,false,M3,"2. NNI (Incremental)",46,true,60.0000,18.7024,0,0,0,0,55772392,2253036856
20,false,M3,"2. NNI (Incremental)",47,true,55.0000,17.3395,0,0,0,0,51376944,2320145720
20,false,M3,"2. NNI (Incremental)",48,true,51.0000,15.7977,0,0,0,0,47885552,2353700152
20,false,M3,"2. NNI (Incremental)",49,true,51.0000,16.2192,0,0,0,0,48750480,2420809016
20,false,M3,"2. NNI (Incremental)",50,true,43.0000,13.4002,0,0,0,0,40599952,2454363448
20,false,M3,"2. NNI (Incremental)",51,true,66.0000,20.5572,0,0,0,0,62012360,2521472312
20,false,M3,"2. NNI (Incremental)",52,true,44.0000,13.7253,0,0,0,0,41384896,2555026744
20,false,M3,"2. NNI (Incremental)",53,true,73.0000,23.2866,0,0,0,0,69531848,2622135608
20,false,M3,"2. NNI (Incremental)",54,true,57.0000,17.7451,0,0,0,0,53332336,2689244472
20,false,M3,"2. NNI (Incremental)",55,true,65.0000,19.9420,0,0,0,0,60263472,2722798904
20,false,M3,"2. NNI (Incremental)",56,true,51.0000,16.1563,0,0,0,0,48657888,2789907768
20,false,M3,"2. NNI (Incremental)",57,false,Infinity,10.1865,0,0,0,0,30924160,2823462200
20,false,M3,"2. NNI (Incremental)",58,true,53.0000,16.7549,0,0,0,0,49900712,2857016632
20,false,M3,"2. NNI (Incremental)",59,true,48.0000,15.1387,0,0,0,0,45471896,2924125496
20,false,M3,"2. NNI (Incremental)",60,false,Infinity,12.4810,0,0,0,0,38140832,2957679928
20,false,M3,"2. NNI (Incremental)",61,true,43.0000,13.7808,0,0,0,0,41188336,2991234360
20,false,M3,"2. NNI (Incremental)",62,true,72.0000,23.1265,0,0,0,0,67003624,3058343224
20,false,M3,"2. NNI (Incremental)",63,true,60.0000,18.9816,0,0,0,0,56448096,3125452088
20,false,M3,"2. NNI (Incremental)",64,true,56.0000,17.3789,0,0,0,0,51721856,3159006520
20,false,M3,"2. NNI (Incremental)",65,true,51.0000,16.1544,0,0,0,0,48140344,3226115384
20,false,M3,"2. NNI (Incremental)",66,true,78.0000,24.3381,0,0,0,0,71892296,3293224248
20,false,M3,"2. NNI (Incremental)",67,true,56.0000,17.4744,0,0,0,0,51855920,3326778680
20,false,M3,"2. NNI (Incremental)",68,true,47.0000,15.0207,0,0,0,0,44189208,3393887544
20,false,M3,"2. NNI (Incremental)",69,true,66.0000,21.3597,0,0,0,0,61881288,3427441976
20,false,M3,"2. NNI (Incremental)",70,true,60.0000,19.2149,0,0,0,0,56693736,3494550840
20,false,M3,"2. NNI (Incremental)",71,true,62.0000,19.0393,0,0,0,0,57615520,3561659704
20,false,M3,"2. NNI (Incremental)",72,true,69.0000,20.6138,0,0,0,0,63958200,3628768568
20,false,M3,"2. NNI (Incremental)",73,true,51.0000,15.4914,0,0,0,0,47474712,3662323000
20,false,M3,"2. NNI (Incremental)",74,true,45.0000,14.0180,0,0,0,0,42941968,3695877432
20,false,M3,"2. NNI (Incremental)",75,true,47.0000,14.3369,0,0,0,0,43931200,3762986296
20,false,M3,"2. NNI (Incremental)",76,true,60.0000,18.3410,0,0,0,0,56686216,3796540728
20,false,M3,"2. NNI (Incremental)",77,true,38.0000,11.9151,0,0,0,0,36317216,3863649592
20,false,M3,"2. NNI (Incremental)",78,true,48.0000,14.8044,0,0,0,0,45553352,3897204024
20,false,M3,"2. NNI (Incremental)",79,true,48.0000,14.9050,0,0,0,0,44877192,3930758456
20,false,M3,"2. NNI (Incremental)",80,false,Infinity,7.3286,0,0,0,0,21872248,3964312888
20,false,M3,"2. NNI (Incremental)",81,true,63.0000,19.3646,0,0,0,0,58754296,4031421752
20,false,M3,"2. NNI (Incremental)",82,true,75.0000,23.0307,0,0,0,0,70400048,4098530616
20,false,M3,"2. NNI (Incremental)",83,true,43.0000,13.5803,0,0,0,0,41274776,4132085048
20,false,M3,"2. NNI (Incremental)",84,true,47.0000,14.5310,0,0,0,0,44008912,4165639480
20,false,M3,"2. NNI (Incremental)",85,true,43.0000,13.3571,0,0,0,0,40746144,4199193912
20,false,M3,"2. NNI (Incremental)",86,true,49.0000,15.3523,0,0,0,0,46706136,4266302776
20,false,M3,"2. NNI (Incremental)",87,false,Infinity,6.6348,0,0,0,0,20510248,4266302776
20,false,M3,"2. NNI (Incremental)",88,true,55.0000,16.6971,0,0,0,0,51326320,4333411640
20,false,M3,"2. NNI (Incremental)",89,false,Infinity,9.1627,0,0,0,0,28261520,4366966072
20,false,M3,"2. NNI (Incremental)",90,true,45.0000,14.0078,0,0,0,0,42499152,4400520504
20,false,M3,"2. NNI (Incremental)",91,true,57.0000,17.1687,0,0,0,0,53701408,4467629368
20,false,M3,"2. NNI (Incremental)",92,true,42.0000,12.7716,0,0,0,0,39890216,4501183800
20,false,M3,"2. NNI (Incremental)",93,true,40.0000,12.2381,0,0,0,0,37795200,4534738232
20,false,M3,"2. NNI (Incremental)",94,true,44.0000,13.4876,0,0,0,0,41749504,4568292664
20,false,M3,"2. NNI (Incremental)",95,true,42.0000,12.8459,0,0,0,0,39503392,4601847096
20,false,M3,"2. NNI (Incremental)",96,true,66.0000,20.6324,0,0,0,0,62020944,4668955960
20,false,M3,"2. NNI (Incremental)",97,true,54.0000,16.7632,0,0,0,0,50498880,4736064824
20,false,M3,"2. NNI (Incremental)",98,true,66.0000,19.6667,0,0,0,0,61451208,4803173688
20,false,M3,"2. NNI (Incremental)",99,false,Infinity,12.7757,0,0,0,0,39722336,4836728120
20,false,M3,"2. NNI (Incremental)",100,true,41.0000,12.5903,0,0,0,0,38887840,4870282552
20,false,M3,"3. VND NNI->ECR->SPR (Classic)",1,true,56.0000,40.2159,40060206,0,0,0,175260464,172707776
20,false,M3,"3. VND NNI->ECR->SPR (Classic)",2,true,45.0000,32.3429,32240597,0,0,0,141864904,306925504
20,false,M3,"3. VND NNI->ECR->SPR (Classic)",3,true,31.0000,21.5188,21443045,0,0,0,96939528,407588800
20,false,M3,"3. VND NNI->ECR->SPR (Classic)",4,true,67.0000,49.2816,49142426,0,0,0,208510880,608915392
20,false,M3,"3. VND NNI->ECR->SPR (Classic)",5,true,76.0000,56.5465,56393585,0,0,0,242248752,843796416
20,false,M3,"3. VND NNI->ECR->SPR (Classic)",6,true,61.0000,111.6859,27688681,83846116,0,0,469091136,1313558464
20,false,M3,"3. VND NNI->ECR->SPR (Classic)",7,true,63.0000,46.5155,46371688,0,0,0,198079176,1514885056
20,false,M3,"3. VND NNI->ECR->SPR (Classic)",8,true,52.0000,38.7064,38587756,0,0,0,165895272,1682657216
20,false,M3,"3. VND NNI->ECR->SPR (Classic)",9,true,58.0000,43.9898,43855743,0,0,0,185939480,1883983808
20,false,M3,"3. VND NNI->ECR->SPR (Classic)",10,true,57.0000,42.4449,42309443,0,0,0,182162736,2051755968
20,false,M3,"3. VND NNI->ECR->SPR (Classic)",11,true,52.0000,38.0082,37887264,0,0,0,163358992,2219528128
20,false,M3,"3. VND NNI->ECR->SPR (Classic)",12,true,69.0000,50.5075,50355783,0,0,0,214547888,2420854720
20,false,M3,"3. VND NNI->ECR->SPR (Classic)",13,true,54.0000,39.3453,39218976,0,0,0,169285216,2588626880
20,false,M3,"3. VND NNI->ECR->SPR (Classic)",14,true,50.0000,36.4733,36349850,0,0,0,156301960,2756399040
20,false,M3,"3. VND NNI->ECR->SPR (Classic)",15,true,61.0000,44.7163,44572677,0,0,0,192982704,2957725632
20,false,M3,"3. VND NNI->ECR->SPR (Classic)",16,true,55.0000,40.5141,40396115,0,0,0,173766344,3125497792
20,false,M3,"3. VND NNI->ECR->SPR (Classic)",17,true,57.0000,42.7817,42657876,0,0,0,182844288,3293269952
20,false,M3,"3. VND NNI->ECR->SPR (Classic)",18,true,57.0000,42.6309,42484757,0,0,0,180904856,3494596544
20,false,M3,"3. VND NNI->ECR->SPR (Classic)",19,true,53.0000,39.4227,39301433,0,0,0,169097216,3662368704
20,false,M3,"3. VND NNI->ECR->SPR (Classic)",20,true,51.0000,37.6044,37478086,0,0,0,161301136,3830140864
20,false,M3,"3. VND NNI->ECR->SPR (Classic)",21,true,50.0000,101.6374,18214807,83297454,0,0,425487992,4232794048
20,false,M3,"3. VND NNI->ECR->SPR (Classic)",22,true,48.0000,35.6226,35502559,0,0,0,153287320,4400566208
20,false,M3,"3. VND NNI->ECR->SPR (Classic)",23,true,48.0000,35.1573,35044128,0,0,0,151512040,4534783936
20,false,M3,"3. VND NNI->ECR->SPR (Classic)",24,true,63.0000,46.1638,46015881,0,0,0,197385200,4736110528
20,false,M3,"3. VND NNI->ECR->SPR (Classic)",25,true,58.0000,43.5921,43465301,0,0,0,185188904,4937437120
20,false,M3,"3. VND NNI->ECR->SPR (Classic)",26,true,52.0000,38.6919,38588888,0,0,0,165927144,5105209280
20,false,M3,"3. VND NNI->ECR->SPR (Classic)",27,true,40.0000,98.2956,12239172,85957171,0,0,410858976,5507862464
20,false,M3,"3. VND NNI->ECR->SPR (Classic)",28,true,63.0000,46.8922,46754987,0,0,0,200799376,5709189056
20,false,M3,"3. VND NNI->ECR->SPR (Classic)",29,true,47.0000,34.2721,34157512,0,0,0,147078168,5843406784
20,false,M3,"3. VND NNI->ECR->SPR (Classic)",30,true,62.0000,46.7874,46659636,0,0,0,198839112,6044733376
20,false,M3,"3. VND NNI->ECR->SPR (Classic)",31,true,68.0000,148.7196,22769437,125794584,0,0,606055536,6648713152
20,false,M3,"3. VND NNI->ECR->SPR (Classic)",32,true,51.0000,71.9432,28639980,43185859,0,0,301816392,6950703040
20,false,M3,"3. VND NNI->ECR->SPR (Classic)",33,true,63.0000,47.5810,47443646,0,0,0,201253896,7152029632
20,false,M3,"3. VND NNI->ECR->SPR (Classic)",34,true,47.0000,34.1769,34038276,0,0,0,148891848,7319801792
20,false,M3,"3. VND NNI->ECR->SPR (Classic)",35,true,47.0000,99.9246,18875463,80936364,0,0,413313472,7722454976
20,false,M3,"3. VND NNI->ECR->SPR (Classic)",36,true,74.0000,128.7869,34672631,93949228,0,0,543163904,8259325888
20,false,M3,"3. VND NNI->ECR->SPR (Classic)",37,true,47.0000,34.3273,34213669,0,0,0,148768696,8427098048
20,false,M3,"3. VND NNI->ECR->SPR (Classic)",38,true,61.0000,44.8668,44735807,0,0,0,191462344,8594870208
20,false,M3,"3. VND NNI->ECR->SPR (Classic)",39,true,66.0000,48.8345,48680799,0,0,0,209619816,8829751232
20,false,M3,"3. VND NNI->ECR->SPR (Classic)",40,true,54.0000,39.3142,39183479,0,0,0,167884288,8997523392
20,false,M3,"3. VND NNI->ECR->SPR (Classic)",41,true,57.0000,43.0341,42904204,0,0,0,183339600,9165295552
20,false,M3,"3. VND NNI->ECR->SPR (Classic)",42,true,58.0000,43.3860,43245814,0,0,0,185178552,9366622144
20,false,M3,"3. VND NNI->ECR->SPR (Classic)",43,true,53.0000,38.5307,38414737,0,0,0,166360776,9534394304
20,false,M3,"3. VND NNI->ECR->SPR (Classic)",44,true,57.0000,43.5329,43402422,0,0,0,181397160,9702166464
20,false,M3,"3. VND NNI->ECR->SPR (Classic)",45,true,50.0000,37.6100,37491451,0,0,0,158485384,9869938624
20,false,M3,"3. VND NNI->ECR->SPR (Classic)",46,true,73.0000,54.1951,54049567,0,0,0,230066944,10104819648
20,false,M3,"3. VND NNI->ECR->SPR (Classic)",47,true,57.0000,43.7434,43627309,0,0,0,183808704,10272591808
20,false,M3,"3. VND NNI->ECR->SPR (Classic)",48,true,51.0000,38.9781,38864663,0,0,0,161375536,10308306584
20,false,M3,"3. VND NNI->ECR->SPR (Classic)",49,true,51.0000,37.3833,37248800,0,0,0,160090256,309085848
20,false,M3,"3. VND NNI->ECR->SPR (Classic)",50,true,47.0000,34.2854,34174814,0,0,0,147422536,443303576
20,false,M3,"3. VND NNI->ECR->SPR (Classic)",51,true,65.0000,47.4543,47311866,0,0,0,203602672,644630168
20,false,M3,"3. VND NNI->ECR->SPR (Classic)",52,true,43.0000,32.3126,32211160,0,0,0,138709272,778847896
20,false,M3,"3. VND NNI->ECR->SPR (Classic)",53,true,72.0000,53.6059,53441912,0,0,0,229826272,1013728920
20,false,M3,"3. VND NNI->ECR->SPR (Classic)",54,true,57.0000,41.8126,41690056,0,0,0,179656312,1215055512
20,false,M3,"3. VND NNI->ECR->SPR (Classic)",55,true,67.0000,49.5291,49376862,0,0,0,212738448,1416382104
20,false,M3,"3. VND NNI->ECR->SPR (Classic)",56,true,51.0000,37.9408,37820036,0,0,0,162073976,1584154264
20,false,M3,"3. VND NNI->ECR->SPR (Classic)",57,true,53.0000,194.4852,36722670,32153322,125470397,0,814375808,2389460632
20,false,M3,"3. VND NNI->ECR->SPR (Classic)",58,true,53.0000,39.2373,39117073,0,0,0,166646024,2557232792
20,false,M3,"3. VND NNI->ECR->SPR (Classic)",59,true,51.0000,37.3524,37236136,0,0,0,160709792,2725004952
20,false,M3,"3. VND NNI->ECR->SPR (Classic)",60,true,50.0000,63.9471,30861123,32959454,0,0,269031688,2993440408
20,false,M3,"3. VND NNI->ECR->SPR (Classic)",61,true,43.0000,32.0027,31895691,0,0,0,135611360,3127658136
20,false,M3,"3. VND NNI->ECR->SPR (Classic)",62,true,72.0000,55.3280,55175768,0,0,0,234116400,3362539160
20,false,M3,"3. VND NNI->ECR->SPR (Classic)",63,true,60.0000,44.9225,44791192,0,0,0,189524096,3530311320
20,false,M3,"3. VND NNI->ECR->SPR (Classic)",64,true,56.0000,40.6852,40567781,0,0,0,175853680,3731637912
20,false,M3,"3. VND NNI->ECR->SPR (Classic)",65,true,50.0000,36.2035,36085318,0,0,0,155625080,3865855640
20,false,M3,"3. VND NNI->ECR->SPR (Classic)",66,true,70.0000,53.7219,53572730,0,0,0,225853016,4100736664
20,false,M3,"3. VND NNI->ECR->SPR (Classic)",67,true,59.0000,43.1742,43050813,0,0,0,187181536,4302063256
20,false,M3,"3. VND NNI->ECR->SPR (Classic)",68,true,48.0000,35.0019,34897800,0,0,0,151409952,4436280984
20,false,M3,"3. VND NNI->ECR->SPR (Classic)",69,true,64.0000,48.6160,48481449,0,0,0,205545328,4637607576
20,false,M3,"3. VND NNI->ECR->SPR (Classic)",70,true,62.0000,45.1639,45037240,0,0,0,194607024,4838934168
20,false,M3,"3. VND NNI->ECR->SPR (Classic)",71,true,57.0000,41.1384,41013338,0,0,0,178651168,5006706328
20,false,M3,"3. VND NNI->ECR->SPR (Classic)",72,true,69.0000,50.1902,50059410,0,0,0,216633544,5241587352
20,false,M3,"3. VND NNI->ECR->SPR (Classic)",73,true,51.0000,37.1713,37065943,0,0,0,160455112,5409359512
20,false,M3,"3. VND NNI->ECR->SPR (Classic)",74,true,45.0000,32.7727,32663561,0,0,0,139455704,5543577240
20,false,M3,"3. VND NNI->ECR->SPR (Classic)",75,true,48.0000,35.0810,34966861,0,0,0,150977712,5677794968
20,false,M3,"3. VND NNI->ECR->SPR (Classic)",76,true,67.0000,49.1026,48955010,0,0,0,208722088,5912675992
20,false,M3,"3. VND NNI->ECR->SPR (Classic)",77,true,38.0000,28.4601,28371690,0,0,0,121462304,6013339288
20,false,M3,"3. VND NNI->ECR->SPR (Classic)",78,true,48.0000,34.8154,34704372,0,0,0,148649608,6181111448
20,false,M3,"3. VND NNI->ECR->SPR (Classic)",79,true,50.0000,37.5540,37437479,0,0,0,159540696,6315329176
20,false,M3,"3. VND NNI->ECR->SPR (Classic)",80,true,39.0000,67.7855,17806960,49879889,0,0,279899504,6617319064
20,false,M3,"3. VND NNI->ECR->SPR (Classic)",81,true,55.0000,168.4037,42564728,5720467,119977712,0,702374392,7321962136
20,false,M3,"3. VND NNI->ECR->SPR (Classic)",82,true,75.0000,55.5479,55378143,0,0,0,235175152,7556843160
20,false,M3,"3. VND NNI->ECR->SPR (Classic)",83,true,43.0000,32.2902,32182487,0,0,0,135820248,7691060888
20,false,M3,"3. VND NNI->ECR->SPR (Classic)",84,true,51.0000,38.7143,38589550,0,0,0,161575192,7825278616
20,false,M3,"3. VND NNI->ECR->SPR (Classic)",85,true,43.0000,32.6646,32555055,0,0,0,136377616,7993050776
20,false,M3,"3. VND NNI->ECR->SPR (Classic)",86,true,49.0000,37.0434,36927289,0,0,0,154684264,8127268504
20,false,M3,"3. VND NNI->ECR->SPR (Classic)",87,true,71.0000,158.7508,17350293,141242117,0,0,663406848,8798357144
20,false,M3,"3. VND NNI->ECR->SPR (Classic)",88,true,55.0000,40.5178,40391597,0,0,0,172007224,8966129304
20,false,M3,"3. VND NNI->ECR->SPR (Classic)",89,true,56.0000,104.8037,23100607,81566532,0,0,429942272,9402336920
20,false,M3,"3. VND NNI->ECR->SPR (Classic)",90,true,45.0000,33.9697,33852382,0,0,0,143808408,9536554648
20,false,M3,"3. VND NNI->ECR->SPR (Classic)",91,true,58.0000,42.4789,42340121,0,0,0,182667968,9737881240
20,false,M3,"3. VND NNI->ECR->SPR (Classic)",92,true,39.0000,28.5227,28425101,0,0,0,121264072,9838544536
20,false,M3,"3. VND NNI->ECR->SPR (Classic)",93,true,40.0000,28.3271,28227456,0,0,0,124873080,9972762264
20,false,M3,"3. VND NNI->ECR->SPR (Classic)",94,true,48.0000,34.7947,34676028,0,0,0,150012144,10106979992
20,false,M3,"3. VND NNI->ECR->SPR (Classic)",95,true,42.0000,31.0761,30976283,0,0,0,133751864,10241197720
20,false,M3,"3. VND NNI->ECR->SPR (Classic)",96,true,66.0000,106.0816,38849093,67084334,0,0,428139928,10274752152
20,false,M3,"3. VND NNI->ECR->SPR (Classic)",97,true,60.0000,45.4951,45365244,0,0,0,191282784,609574848
20,false,M3,"3. VND NNI->ECR->SPR (Classic)",98,true,63.0000,45.7212,45590292,0,0,0,198631320,810901440
20,false,M3,"3. VND NNI->ECR->SPR (Classic)",99,true,88.0000,65.5669,65397436,0,0,0,279038072,1079336896
20,false,M3,"3. VND NNI->ECR->SPR (Classic)",100,true,41.0000,30.0639,29962935,0,0,0,128274208,1213554624
20,false,M3,"4. VND NNI->SPR (Classic)",1,true,56.0000,40.9241,40760225,0,0,0,175260464,173095248
20,false,M3,"4. VND NNI->SPR (Classic)",2,true,45.0000,32.4278,32321639,0,0,0,141864904,307312976
20,false,M3,"4. VND NNI->SPR (Classic)",3,true,31.0000,21.7486,21672400,0,0,0,96939528,407976272
20,false,M3,"4. VND NNI->SPR (Classic)",4,true,67.0000,48.7127,48579536,0,0,0,208510880,609302864
20,false,M3,"4. VND NNI->SPR (Classic)",5,true,76.0000,56.7187,56564810,0,0,0,242248752,844183888
20,false,M3,"4. VND NNI->SPR (Classic)",6,true,67.0000,275.2239,27850359,0,0,247202876,1054562448,1917925712
20,false,M3,"4. VND NNI->SPR (Classic)",7,true,63.0000,46.7006,46550417,0,0,0,198079176,2119252304
20,false,M3,"4. VND NNI->SPR (Classic)",8,true,52.0000,38.8770,38753171,0,0,0,165895272,2287024464
20,false,M3,"4. VND NNI->SPR (Classic)",9,true,58.0000,44.0839,43940114,0,0,0,185939480,2454796624
20,false,M3,"4. VND NNI->SPR (Classic)",10,true,57.0000,42.6616,42528841,0,0,0,182162736,2656123216
20,false,M3,"4. VND NNI->SPR (Classic)",11,true,52.0000,38.1749,38042319,0,0,0,163358992,2790340944
20,false,M3,"4. VND NNI->SPR (Classic)",12,true,69.0000,50.5730,50415016,0,0,0,214547888,3025221968
20,false,M3,"4. VND NNI->SPR (Classic)",13,true,54.0000,39.6092,39475844,0,0,0,169285216,3192994128
20,false,M3,"4. VND NNI->SPR (Classic)",14,true,50.0000,36.8776,36762856,0,0,0,156301960,3360766288
20,false,M3,"4. VND NNI->SPR (Classic)",15,true,61.0000,44.7672,44621800,0,0,0,192982704,3528538448
20,false,M3,"4. VND NNI->SPR (Classic)",16,true,55.0000,40.3484,40233286,0,0,0,173766344,3696310608
20,false,M3,"4. VND NNI->SPR (Classic)",17,true,57.0000,42.8207,42697481,0,0,0,182844288,3897637200
20,false,M3,"4. VND NNI->SPR (Classic)",18,true,57.0000,42.2667,42133088,0,0,0,180904856,4065409360
20,false,M3,"4. VND NNI->SPR (Classic)",19,true,53.0000,39.2291,39114277,0,0,0,169097216,4233181520
20,false,M3,"4. VND NNI->SPR (Classic)",20,true,51.0000,37.9280,37809867,0,0,0,161301136,4400953680
20,false,M3,"4. VND NNI->SPR (Classic)",21,true,57.0000,307.9342,18228382,0,0,289546094,1173402528,5575358800
20,false,M3,"4. VND NNI->SPR (Classic)",22,true,48.0000,35.8996,35776260,0,0,0,153287320,5743130960
20,false,M3,"4. VND NNI->SPR (Classic)",23,true,48.0000,35.8347,35712649,0,0,0,151512040,5877348688
20,false,M3,"4. VND NNI->SPR (Classic)",24,true,63.0000,45.9659,45803627,0,0,0,197385200,6078675280
20,false,M3,"4. VND NNI->SPR (Classic)",25,true,58.0000,43.6766,43541526,0,0,0,185188904,6280001872
20,false,M3,"4. VND NNI->SPR (Classic)",26,true,52.0000,38.9368,38826861,0,0,0,165927144,6447774032
20,false,M3,"4. VND NNI->SPR (Classic)",27,true,48.0000,260.5063,12370102,0,0,248004300,999190088,7420852560
20,false,M3,"4. VND NNI->SPR (Classic)",28,true,63.0000,47.0804,46930700,0,0,0,200799376,7622179152
20,false,M3,"4. VND NNI->SPR (Classic)",29,true,47.0000,34.2398,34128817,0,0,0,147078168,7789951312
20,false,M3,"4. VND NNI->SPR (Classic)",30,true,62.0000,46.3861,46258623,0,0,0,198839112,7991277904
20,false,M3,"4. VND NNI->SPR (Classic)",31,true,76.0000,319.4447,22699374,0,0,296556905,1215944368,9199237456
20,false,M3,"4. VND NNI->SPR (Classic)",32,true,53.0000,152.4991,28710084,0,0,123661277,591441864,9769662800
20,false,M3,"4. VND NNI->SPR (Classic)",33,true,63.0000,47.5639,47426714,0,0,0,201253896,9970989392
20,false,M3,"4. VND NNI->SPR (Classic)",34,true,47.0000,33.7397,33625330,0,0,0,148891848,10138761552
20,false,M3,"4. VND NNI->SPR (Classic)",35,true,65.0000,270.6242,18667016,0,0,251788025,1030160912,10309285024
20,false,M3,"4. VND NNI->SPR (Classic)",36,true,78.0000,287.1222,34498591,0,0,252450304,1111824688,1987785888
20,false,M3,"4. VND NNI->SPR (Classic)",37,true,47.0000,34.2291,34101165,0,0,0,148768696,2122003616
20,false,M3,"4. VND NNI->SPR (Classic)",38,true,61.0000,44.6121,44476895,0,0,0,191462344,2323330208
20,false,M3,"4. VND NNI->SPR (Classic)",39,true,66.0000,48.9240,48779476,0,0,0,209619816,2524656800
20,false,M3,"4. VND NNI->SPR (Classic)",40,true,54.0000,39.4089,39277768,0,0,0,167884288,2692428960
20,false,M3,"4. VND NNI->SPR (Classic)",41,true,57.0000,42.9878,42866382,0,0,0,183339600,2893755552
20,false,M3,"4. VND NNI->SPR (Classic)",42,true,58.0000,43.4627,43324082,0,0,0,185178552,3061527712
20,false,M3,"4. VND NNI->SPR (Classic)",43,true,53.0000,38.3820,38265393,0,0,0,166360776,3229299872
20,false,M3,"4. VND NNI->SPR (Classic)",44,true,57.0000,43.3656,43231907,0,0,0,181397160,3397072032
20,false,M3,"4. VND NNI->SPR (Classic)",45,true,50.0000,37.1028,36981092,0,0,0,158485384,3564844192
20,false,M3,"4. VND NNI->SPR (Classic)",46,true,73.0000,53.9985,53848144,0,0,0,230066944,3799725216
20,false,M3,"4. VND NNI->SPR (Classic)",47,true,57.0000,43.4450,43325546,0,0,0,183808704,4001051808
20,false,M3,"4. VND NNI->SPR (Classic)",48,true,51.0000,37.3916,37273757,0,0,0,161375536,4135269536
20,false,M3,"4. VND NNI->SPR (Classic)",49,true,51.0000,37.2803,37155713,0,0,0,160090256,4303041696
20,false,M3,"4. VND NNI->SPR (Classic)",50,true,47.0000,34.3789,34266930,0,0,0,147422536,4470813856
20,false,M3,"4. VND NNI->SPR (Classic)",51,true,65.0000,47.5021,47358444,0,0,0,203602672,4672140448
20,false,M3,"4. VND NNI->SPR (Classic)",52,true,43.0000,32.3895,32285522,0,0,0,138709272,4806358176
20,false,M3,"4. VND NNI->SPR (Classic)",53,true,72.0000,53.6380,53480295,0,0,0,229826272,5041239200
20,false,M3,"4. VND NNI->SPR (Classic)",54,true,57.0000,41.5003,41376228,0,0,0,179656312,5209011360
20,false,M3,"4. VND NNI->SPR (Classic)",55,true,67.0000,49.0823,48943137,0,0,0,212738448,5410337952
20,false,M3,"4. VND NNI->SPR (Classic)",56,true,51.0000,37.5434,37420807,0,0,0,162073976,5578110112
20,false,M3,"4. VND NNI->SPR (Classic)",57,true,62.0000,394.4854,25318124,0,0,369004056,1516288712,7088059552
20,false,M3,"4. VND NNI->SPR (Classic)",58,true,53.0000,39.2340,39106402,0,0,0,166646024,7255831712
20,false,M3,"4. VND NNI->SPR (Classic)",59,true,51.0000,37.3207,37202152,0,0,0,160709792,7423603872
20,false,M3,"4. VND NNI->SPR (Classic)",60,true,52.0000,153.7122,30568277,0,0,123013635,600788440,8027583648
20,false,M3,"4. VND NNI->SPR (Classic)",61,true,43.0000,31.8848,31772036,0,0,0,135611360,8161801376
20,false,M3,"4. VND NNI->SPR (Classic)",62,true,72.0000,55.1949,55031625,0,0,0,234116400,8396682400
20,false,M3,"4. VND NNI->SPR (Classic)",63,true,60.0000,44.8243,44692806,0,0,0,189524096,8598008992
20,false,M3,"4. VND NNI->SPR (Classic)",64,true,56.0000,40.9928,40869705,0,0,0,175853680,8765781152
20,false,M3,"4. VND NNI->SPR (Classic)",65,true,50.0000,36.4606,36334081,0,0,0,155625080,8933553312
20,false,M3,"4. VND NNI->SPR (Classic)",66,true,70.0000,53.6478,53490153,0,0,0,225853016,9134879904
20,false,M3,"4. VND NNI->SPR (Classic)",67,true,59.0000,43.4993,43370982,0,0,0,187181536,9336206496
20,false,M3,"4. VND NNI->SPR (Classic)",68,true,48.0000,35.4973,35375959,0,0,0,151409952,9470424224
20,false,M3,"4. VND NNI->SPR (Classic)",69,true,64.0000,48.8979,48748307,0,0,0,205545328,9671750816
20,false,M3,"4. VND NNI->SPR (Classic)",70,true,62.0000,45.6198,45480553,0,0,0,194607024,9873077408
20,false,M3,"4. VND NNI->SPR (Classic)",71,true,57.0000,41.0901,40962141,0,0,0,178651168,10074404000
20,false,M3,"4. VND NNI->SPR (Classic)",72,true,69.0000,52.1823,52032472,0,0,0,216633544,10282844880
20,false,M3,"4. VND NNI->SPR (Classic)",73,true,51.0000,37.5105,37392534,0,0,0,160455112,182960848
20,false,M3,"4. VND NNI->SPR (Classic)",74,true,45.0000,32.7600,32651959,0,0,0,139455704,317178576
20,false,M3,"4. VND NNI->SPR (Classic)",75,true,48.0000,34.6607,34548225,0,0,0,150977712,451396304
20,false,M3,"4. VND NNI->SPR (Classic)",76,true,67.0000,48.6810,48540862,0,0,0,208722088,686277328
20,false,M3,"4. VND NNI->SPR (Classic)",77,true,38.0000,28.2879,28201336,0,0,0,121462304,786940624
20,false,M3,"4. VND NNI->SPR (Classic)",78,true,48.0000,34.5953,34482680,0,0,0,148649608,954712784
20,false,M3,"4. VND NNI->SPR (Classic)",79,true,50.0000,37.4788,37357828,0,0,0,159540696,1122484944
20,false,M3,"4. VND NNI->SPR (Classic)",80,true,47.0000,222.7314,17745915,0,0,204844791,855365360,1961345744
20,false,M3,"4. VND NNI->SPR (Classic)",81,true,53.0000,191.8866,27762993,0,0,163985094,747222400,2699543248
20,false,M3,"4. VND NNI->SPR (Classic)",82,true,75.0000,55.1393,54968535,0,0,0,235175152,2934424272
20,false,M3,"4. VND NNI->SPR (Classic)",83,true,43.0000,31.9906,31883338,0,0,0,135820248,3068642000
20,false,M3,"4. VND NNI->SPR (Classic)",84,true,51.0000,38.2143,38090440,0,0,0,161575192,3236414160
20,false,M3,"4. VND NNI->SPR (Classic)",85,true,43.0000,32.8136,32706914,0,0,0,136377616,3370631888
20,false,M3,"4. VND NNI->SPR (Classic)",86,true,49.0000,36.5114,36397100,0,0,0,154684264,3538404048
20,false,M3,"4. VND NNI->SPR (Classic)",87,true,71.0000,266.2736,17039521,0,0,249069967,1022919536,4545037008
20,false,M3,"4. VND NNI->SPR (Classic)",88,true,55.0000,40.1738,40055346,0,0,0,172007224,4712809168
20,false,M3,"4. VND NNI->SPR (Classic)",89,true,58.0000,229.0236,22764728,0,0,206123863,879102696,5618778832
20,false,M3,"4. VND NNI->SPR (Classic)",90,true,45.0000,34.0576,33935690,0,0,0,143808408,5752996560
20,false,M3,"4. VND NNI->SPR (Classic)",91,true,58.0000,42.2039,42073455,0,0,0,182667968,5920768720
20,false,M3,"4. VND NNI->SPR (Classic)",92,true,39.0000,28.3913,28291948,0,0,0,121264072,6054986448
20,false,M3,"4. VND NNI->SPR (Classic)",93,true,40.0000,28.5350,28439429,0,0,0,124873080,6189204176
20,false,M3,"4. VND NNI->SPR (Classic)",94,true,48.0000,34.8173,34699462,0,0,0,150012144,6323421904
20,false,M3,"4. VND NNI->SPR (Classic)",95,true,42.0000,31.3907,31278567,0,0,0,133751864,6457639632
20,false,M3,"4. VND NNI->SPR (Classic)",96,true,72.0000,250.5837,37702503,0,0,212699637,961796840,7430718160
20,false,M3,"4. VND NNI->SPR (Classic)",97,true,60.0000,45.4608,45311191,0,0,0,191282784,7632044752
20,false,M3,"4. VND NNI->SPR (Classic)",98,true,63.0000,46.0966,45952600,0,0,0,198631320,7799816912
20,false,M3,"4. VND NNI->SPR (Classic)",99,true,88.0000,65.1649,64986324,0,0,0,279038072,8101806800
20,false,M3,"4. VND NNI->SPR (Classic)",100,true,41.0000,30.0410,29935333,0,0,0,128274208,8236024528
20,false,M3,"5. VND NNI->ECR->SPR (Inc)",1,true,56.0000,20.0975,20015680,0,0,0,57895416,39253680
20,false,M3,"5. VND NNI->ECR->SPR (Inc)",2,true,44.0000,15.8118,15765379,0,0,0,45857984,106362544
20,false,M3,"5. VND NNI->ECR->SPR (Inc)",3,true,31.0000,10.8528,10807672,0,0,0,32027416,139916976
20,false,M3,"5. VND NNI->ECR->SPR (Inc)",4,true,68.0000,24.6023,24555182,0,0,0,70435184,207025840
20,false,M3,"5. VND NNI->ECR->SPR (Inc)",5,true,66.0000,23.4723,23425635,0,0,0,68344352,274134704
20,false,M3,"5. VND NNI->ECR->SPR (Inc)",6,true,61.0000,115.8925,13043624,102793025,0,0,245226272,509015728
20,false,M3,"5. VND NNI->ECR->SPR (Inc)",7,true,61.0000,22.7789,22709753,0,0,0,63564784,576124592
20,false,M3,"5. VND NNI->ECR->SPR (Inc)",8,true,52.0000,18.9346,18882146,0,0,0,53791360,609679024
20,false,M3,"5. VND NNI->ECR->SPR (Inc)",9,true,57.0000,21.1863,21130280,0,0,0,60025776,676787888
20,false,M3,"5. VND NNI->ECR->SPR (Inc)",10,true,57.0000,20.1226,20074072,0,0,0,58295528,743896752
20,false,M3,"5. VND NNI->ECR->SPR (Inc)",11,true,52.0000,18.6922,18643411,0,0,0,54719488,811005616
20,false,M3,"5. VND NNI->ECR->SPR (Inc)",12,true,68.0000,24.6766,24622862,0,0,0,70536976,878114480
20,false,M3,"5. VND NNI->ECR->SPR (Inc)",13,true,53.0000,19.1661,19117854,0,0,0,55238656,911668912
20,false,M3,"5. VND NNI->ECR->SPR (Inc)",14,true,50.0000,18.2843,18237600,0,0,0,52525888,978777776
20,false,M3,"5. VND NNI->ECR->SPR (Inc)",15,true,63.0000,152.6746,10067424,142550415,0,0,310017224,1280767664
20,false,M3,"5. VND NNI->ECR->SPR (Inc)",16,true,55.0000,20.0314,19970394,0,0,0,56989432,1347876528
20,false,M3,"5. VND NNI->ECR->SPR (Inc)",17,true,61.0000,22.5652,22514793,0,0,0,63447776,1414985392
20,false,M3,"5. VND NNI->ECR->SPR (Inc)",18,true,56.0000,20.7761,20726221,0,0,0,58932280,1482094256
20,false,M3,"5. VND NNI->ECR->SPR (Inc)",19,true,53.0000,19.1809,19130097,0,0,0,55297080,1515648688
20,false,M3,"5. VND NNI->ECR->SPR (Inc)",20,true,50.0000,18.5439,18494017,0,0,0,52372472,1582757552
20,false,M3,"5. VND NNI->ECR->SPR (Inc)",21,true,53.0000,19.3368,19288017,0,0,0,54844896,1616311984
20,false,M3,"5. VND NNI->ECR->SPR (Inc)",22,true,48.0000,17.8595,17805829,0,0,0,50000480,1683420848
20,false,M3,"5. VND NNI->ECR->SPR (Inc)",23,true,48.0000,17.7559,17706059,0,0,0,50075400,1716975280
20,false,M3,"5. VND NNI->ECR->SPR (Inc)",24,true,61.0000,22.2533,22205474,0,0,0,63333496,1784084144
20,false,M3,"5. VND NNI->ECR->SPR (Inc)",25,true,54.0000,20.2593,20208748,0,0,0,56528832,1851193008
20,false,M3,"5. VND NNI->ECR->SPR (Inc)",26,true,53.0000,19.1589,19111662,0,0,0,55035480,1918301872
20,false,M3,"5. VND NNI->ECR->SPR (Inc)",27,true,40.0000,77.3374,5833012,71451117,0,0,227851736,2119628464
20,false,M3,"5. VND NNI->ECR->SPR (Inc)",28,true,56.0000,20.5410,20487769,0,0,0,57938984,2186737328
20,false,M3,"5. VND NNI->ECR->SPR (Inc)",29,true,44.0000,16.3503,16302290,0,0,0,46244872,2253846192
20,false,M3,"5. VND NNI->ECR->SPR (Inc)",30,true,55.0000,19.9748,19923675,0,0,0,57100456,2287400624
20,false,M3,"5. VND NNI->ECR->SPR (Inc)",31,true,73.0000,113.9895,13044014,100890157,0,0,325525936,2622944944
20,false,M3,"5. VND NNI->ECR->SPR (Inc)",32,true,59.0000,21.6567,21605022,0,0,0,60843704,2690053808
20,false,M3,"5. VND NNI->ECR->SPR (Inc)",33,true,63.0000,23.0122,22961823,0,0,0,64634928,2757162672
20,false,M3,"5. VND NNI->ECR->SPR (Inc)",34,true,46.0000,16.5213,16475279,0,0,0,47690240,2790717104
20,false,M3,"5. VND NNI->ECR->SPR (Inc)",35,true,48.0000,77.1868,9091086,68044490,0,0,228028184,3025598128
20,false,M3,"5. VND NNI->ECR->SPR (Inc)",36,true,71.0000,25.5146,25465704,0,0,0,73084904,3092706992
20,false,M3,"5. VND NNI->ECR->SPR (Inc)",37,true,53.0000,19.2265,19179832,0,0,0,54867920,3159815856
20,false,M3,"5. VND NNI->ECR->SPR (Inc)",38,true,62.0000,22.0931,22046543,0,0,0,64085248,3226924720
20,false,M3,"5. VND NNI->ECR->SPR (Inc)",39,true,65.0000,23.6259,23578996,0,0,0,67946160,3294033584
20,false,M3,"5. VND NNI->ECR->SPR (Inc)",40,true,55.0000,20.0067,19960045,0,0,0,57501472,3327588016
20,false,M3,"5. VND NNI->ECR->SPR (Inc)",41,true,57.0000,20.8735,20826222,0,0,0,58991192,3394696880
20,false,M3,"5. VND NNI->ECR->SPR (Inc)",42,true,59.0000,21.9474,21900505,0,0,0,62053552,3461805744
20,false,M3,"5. VND NNI->ECR->SPR (Inc)",43,true,53.0000,18.9441,18899258,0,0,0,54372984,3528914608
20,false,M3,"5. VND NNI->ECR->SPR (Inc)",44,true,57.0000,21.2569,21210222,0,0,0,59629136,3562469040
20,false,M3,"5. VND NNI->ECR->SPR (Inc)",45,true,51.0000,18.1732,18126308,0,0,0,52802208,3629577904
20,false,M3,"5. VND NNI->ECR->SPR (Inc)",46,true,60.0000,21.2159,21164194,0,0,0,61685144,3696686768
20,false,M3,"5. VND NNI->ECR->SPR (Inc)",47,true,55.0000,19.8721,19824127,0,0,0,56930208,3730241200
20,false,M3,"5. VND NNI->ECR->SPR (Inc)",48,true,51.0000,17.9991,17952567,0,0,0,52927040,3797350064
20,false,M3,"5. VND NNI->ECR->SPR (Inc)",49,true,51.0000,18.3435,18296461,0,0,0,52984960,3864458928
20,false,M3,"5. VND NNI->ECR->SPR (Inc)",50,true,43.0000,15.2334,15186558,0,0,0,44655400,3898013360
20,false,M3,"5. VND NNI->ECR->SPR (Inc)",51,true,66.0000,23.5084,23462895,0,0,0,68745344,3965122224
20,false,M3,"5. VND NNI->ECR->SPR (Inc)",52,true,44.0000,15.6864,15636694,0,0,0,45701832,3998676656
20,false,M3,"5. VND NNI->ECR->SPR (Inc)",53,true,73.0000,26.2882,26241109,0,0,0,76243032,4099339952
20,false,M3,"5. VND NNI->ECR->SPR (Inc)",54,true,57.0000,20.0062,19957731,0,0,0,58696168,4132894384
20,false,M3,"5. VND NNI->ECR->SPR (Inc)",55,true,65.0000,22.8287,22780718,0,0,0,66769768,4200003248
20,false,M3,"5. VND NNI->ECR->SPR (Inc)",56,true,51.0000,18.2157,18169109,0,0,0,53541872,4267112112
20,false,M3,"5. VND NNI->ECR->SPR (Inc)",57,true,53.0000,143.3941,17451555,25484560,100390056,0,429937544,4703319728
20,false,M3,"5. VND NNI->ECR->SPR (Inc)",58,true,53.0000,19.0454,18993016,0,0,0,55261480,4736874160
20,false,M3,"5. VND NNI->ECR->SPR (Inc)",59,true,48.0000,17.1708,17122419,0,0,0,50470360,4803983024
20,false,M3,"5. VND NNI->ECR->SPR (Inc)",60,true,50.0000,41.7861,14715973,27017515,0,0,124475224,4938200752
20,false,M3,"5. VND NNI->ECR->SPR (Inc)",61,true,43.0000,15.7133,15659498,0,0,0,45415720,4971755184
20,false,M3,"5. VND NNI->ECR->SPR (Inc)",62,true,72.0000,26.1829,26123685,0,0,0,74229248,5038864048
20,false,M3,"5. VND NNI->ECR->SPR (Inc)",63,true,60.0000,21.5214,21472962,0,0,0,62660776,5105972912
20,false,M3,"5. VND NNI->ECR->SPR (Inc)",64,true,56.0000,19.8397,19791585,0,0,0,57443392,5173081776
20,false,M3,"5. VND NNI->ECR->SPR (Inc)",65,true,51.0000,18.4134,18364881,0,0,0,53463160,5206636208
20,false,M3,"5. VND NNI->ECR->SPR (Inc)",66,true,78.0000,27.9399,27890695,0,0,0,79721520,5307299504
20,false,M3,"5. VND NNI->ECR->SPR (Inc)",67,true,56.0000,19.7431,19695111,0,0,0,57788144,5340853936
20,false,M3,"5. VND NNI->ECR->SPR (Inc)",68,true,47.0000,16.7353,16688634,0,0,0,48833864,5407962800
20,false,M3,"5. VND NNI->ECR->SPR (Inc)",69,true,66.0000,24.3060,24256936,0,0,0,68810920,5475071664
20,false,M3,"5. VND NNI->ECR->SPR (Inc)",70,true,60.0000,21.7776,21730140,0,0,0,62507312,5542180528
20,false,M3,"5. VND NNI->ECR->SPR (Inc)",71,true,62.0000,22.4779,22430112,0,0,0,63755056,5609289392
20,false,M3,"5. VND NNI->ECR->SPR (Inc)",72,true,69.0000,24.3921,24341506,0,0,0,70658344,5676398256
20,false,M3,"5. VND NNI->ECR->SPR (Inc)",73,true,51.0000,18.6198,18574070,0,0,0,53240888,5709952688
20,false,M3,"5. VND NNI->ECR->SPR (Inc)",74,true,45.0000,16.6226,16576622,0,0,0,47497488,5777061552
20,false,M3,"5. VND NNI->ECR->SPR (Inc)",75,true,47.0000,16.9863,16939501,0,0,0,48818768,5810615984
20,false,M3,"5. VND NNI->ECR->SPR (Inc)",76,true,60.0000,21.7138,21666961,0,0,0,62536040,5877724848
20,false,M3,"5. VND NNI->ECR->SPR (Inc)",77,true,38.0000,13.8966,13850858,0,0,0,40115312,5911279280
20,false,M3,"5. VND NNI->ECR->SPR (Inc)",78,true,48.0000,17.7127,17662556,0,0,0,50462552,5978388144
20,false,M3,"5. VND NNI->ECR->SPR (Inc)",79,true,48.0000,17.5625,17513603,0,0,0,49848744,6011942576
20,false,M3,"5. VND NNI->ECR->SPR (Inc)",80,true,39.0000,50.1409,8753956,41336303,0,0,148477512,6179714736
20,false,M3,"5. VND NNI->ECR->SPR (Inc)",81,true,63.0000,22.6958,22647064,0,0,0,65257272,6246823600
20,false,M3,"5. VND NNI->ECR->SPR (Inc)",82,true,75.0000,27.4503,27400774,0,0,0,77814168,6313932464
20,false,M3,"5. VND NNI->ECR->SPR (Inc)",83,true,43.0000,16.3395,16291258,0,0,0,45578552,6347486896
20,false,M3,"5. VND NNI->ECR->SPR (Inc)",84,true,47.0000,17.4775,17428982,0,0,0,49075536,6414595760
20,false,M3,"5. VND NNI->ECR->SPR (Inc)",85,true,43.0000,16.0532,16004503,0,0,0,45091632,6448150192
20,false,M3,"5. VND NNI->ECR->SPR (Inc)",86,true,49.0000,18.2762,18226008,0,0,0,51427920,6515259056
20,false,M3,"5. VND NNI->ECR->SPR (Inc)",87,true,71.0000,121.3334,8180204,113102298,0,0,358166456,6850803376
20,false,M3,"5. VND NNI->ECR->SPR (Inc)",88,true,55.0000,20.0280,19978690,0,0,0,56590168,6917912240
20,false,M3,"5. VND NNI->ECR->SPR (Inc)",89,true,56.0000,79.9040,11281792,68572824,0,0,231151336,7152793264
20,false,M3,"5. VND NNI->ECR->SPR (Inc)",90,true,45.0000,16.7282,16677513,0,0,0,46939304,7186347696
20,false,M3,"5. VND NNI->ECR->SPR (Inc)",91,true,57.0000,20.4910,20442422,0,0,0,58964832,7253456560
20,false,M3,"5. VND NNI->ECR->SPR (Inc)",92,true,42.0000,15.3650,15317868,0,0,0,44051368,7320565424
20,false,M3,"5. VND NNI->ECR->SPR (Inc)",93,true,40.0000,14.3737,14327495,0,0,0,41528240,7354119856
20,false,M3,"5. VND NNI->ECR->SPR (Inc)",94,true,44.0000,15.9586,15912328,0,0,0,46232808,7387674288
20,false,M3,"5. VND NNI->ECR->SPR (Inc)",95,true,42.0000,15.5651,15517588,0,0,0,43908600,7421228720
20,false,M3,"5. VND NNI->ECR->SPR (Inc)",96,true,66.0000,24.5827,24533792,0,0,0,68617280,7488337584
20,false,M3,"5. VND NNI->ECR->SPR (Inc)",97,true,54.0000,19.9132,19863983,0,0,0,56059776,7555446448
20,false,M3,"5. VND NNI->ECR->SPR (Inc)",98,true,66.0000,23.7432,23697191,0,0,0,67863112,7622555312
20,false,M3,"5. VND NNI->ECR->SPR (Inc)",99,true,61.0000,263.5983,16008651,26955547,220577538,0,809664104,8427861680
20,false,M3,"5. VND NNI->ECR->SPR (Inc)",100,true,41.0000,14.9500,14898700,0,0,0,42799744,8494970544
20,false,M3,"6. VND NNI->SPR (Inc)",1,true,56.0000,20.6254,20505031,0,0,0,58158504,39522464
20,false,M3,"6. VND NNI->SPR (Inc)",2,true,44.0000,15.7928,15747033,0,0,0,46066640,106631328
20,false,M3,"6. VND NNI->SPR (Inc)",3,true,31.0000,10.9154,10870270,0,0,0,32177104,140185760
20,false,M3,"6. VND NNI->SPR (Inc)",4,true,68.0000,24.5356,24489568,0,0,0,70752704,207294624
20,false,M3,"6. VND NNI->SPR (Inc)",5,true,66.0000,23.3511,23305376,0,0,0,68652800,274403488
20,false,M3,"6. VND NNI->SPR (Inc)",6,true,67.0000,34.1960,13014858,0,0,21127715,60668280,341512352
20,false,M3,"6. VND NNI->SPR (Inc)",7,true,61.0000,23.0431,22988323,0,0,0,63564784,375066784
20,false,M3,"6. VND NNI->SPR (Inc)",8,true,52.0000,18.3878,18335536,0,0,0,53791360,442175648
20,false,M3,"6. VND NNI->SPR (Inc)",9,true,57.0000,21.0174,20967170,0,0,0,60025776,509284512
20,false,M3,"6. VND NNI->SPR (Inc)",10,true,57.0000,20.3645,20314619,0,0,0,58295528,576393376
20,false,M3,"6. VND NNI->SPR (Inc)",11,true,52.0000,18.9663,18910249,0,0,0,54719488,609947808
20,false,M3,"6. VND NNI->SPR (Inc)",12,true,68.0000,24.5412,24492443,0,0,0,70536976,677056672
20,false,M3,"6. VND NNI->SPR (Inc)",13,true,53.0000,18.8195,18773238,0,0,0,55238656,744165536
20,false,M3,"6. VND NNI->SPR (Inc)",14,true,50.0000,17.8033,17756354,0,0,0,52525888,811274400
20,false,M3,"6. VND NNI->SPR (Inc)",15,true,75.0000,20.8944,9779997,0,0,11062135,54849048,844828832
20,false,M3,"6. VND NNI->SPR (Inc)",16,true,55.0000,19.9019,19852921,0,0,0,56989432,911937696
20,false,M3,"6. VND NNI->SPR (Inc)",17,true,61.0000,22.5376,22489505,0,0,0,63447776,979046560
20,false,M3,"6. VND NNI->SPR (Inc)",18,true,56.0000,20.7592,20706113,0,0,0,58932280,1012600992
20,false,M3,"6. VND NNI->SPR (Inc)",19,true,53.0000,19.2497,19198868,0,0,0,55297080,1079709856
20,false,M3,"6. VND NNI->SPR (Inc)",20,true,50.0000,18.4743,18426358,0,0,0,52372472,1146818720
20,false,M3,"6. VND NNI->SPR (Inc)",21,true,53.0000,19.2776,19228734,0,0,0,54844896,1180373152
20,false,M3,"6. VND NNI->SPR (Inc)",22,true,48.0000,17.8367,17780400,0,0,0,50000480,1247482016
20,false,M3,"6. VND NNI->SPR (Inc)",23,true,48.0000,17.6482,17601310,0,0,0,50075400,1281036448
20,false,M3,"6. VND NNI->SPR (Inc)",24,true,61.0000,22.1774,22131304,0,0,0,63333496,1348145312
20,false,M3,"6. VND NNI->SPR (Inc)",25,true,54.0000,20.2802,20232243,0,0,0,56528832,1415254176
20,false,M3,"6. VND NNI->SPR (Inc)",26,true,53.0000,19.0171,18970122,0,0,0,55035480,1482363040
20,false,M3,"6. VND NNI->SPR (Inc)",27,true,48.0000,14.7864,5801181,0,0,8927386,39176664,1515917472
20,false,M3,"6. VND NNI->SPR (Inc)",28,true,56.0000,20.4335,20386486,0,0,0,57938984,1549471904
20,false,M3,"6. VND NNI->SPR (Inc)",29,true,44.0000,16.2859,16238007,0,0,0,46244872,1616580768
20,false,M3,"6. VND NNI->SPR (Inc)",30,true,55.0000,20.0444,19989892,0,0,0,57100456,1683689632
20,false,M3,"6. VND NNI->SPR (Inc)",31,true,79.0000,21.9604,12933905,0,0,8974736,57649320,1717244064
20,false,M3,"6. VND NNI->SPR (Inc)",32,true,59.0000,21.6040,21556941,0,0,0,60843704,1784352928
20,false,M3,"6. VND NNI->SPR (Inc)",33,true,63.0000,22.8934,22845061,0,0,0,64634928,1851461792
20,false,M3,"6. VND NNI->SPR (Inc)",34,true,46.0000,16.5468,16500536,0,0,0,47690240,1885016224
20,false,M3,"6. VND NNI->SPR (Inc)",35,true,65.0000,18.0853,9129950,0,0,8905154,47928088,1952125088
20,false,M3,"6. VND NNI->SPR (Inc)",36,true,71.0000,25.4195,25368299,0,0,0,73084904,2019233952
20,false,M3,"6. VND NNI->SPR (Inc)",37,true,53.0000,19.2317,19179039,0,0,0,54867920,2086342816
20,false,M3,"6. VND NNI->SPR (Inc)",38,true,62.0000,22.1213,22074446,0,0,0,64085248,2153451680
20,false,M3,"6. VND NNI->SPR (Inc)",39,true,65.0000,23.4940,23447066,0,0,0,67946160,2220560544
20,false,M3,"6. VND NNI->SPR (Inc)",40,true,55.0000,19.9810,19933495,0,0,0,57501472,2254114976
20,false,M3,"6. VND NNI->SPR (Inc)",41,true,57.0000,20.8963,20848234,0,0,0,58991192,2321223840
20,false,M3,"6. VND NNI->SPR (Inc)",42,true,59.0000,21.9277,21879154,0,0,0,62053552,2388332704
20,false,M3,"6. VND NNI->SPR (Inc)",43,true,53.0000,19.0412,18995401,0,0,0,54372984,2455441568
20,false,M3,"6. VND NNI->SPR (Inc)",44,true,57.0000,21.6957,21648585,0,0,0,59629136,2488996000
20,false,M3,"6. VND NNI->SPR (Inc)",45,true,51.0000,18.4718,18424525,0,0,0,52802208,2556104864
20,false,M3,"6. VND NNI->SPR (Inc)",46,true,60.0000,21.6386,21592158,0,0,0,61685144,2623213728
20,false,M3,"6. VND NNI->SPR (Inc)",47,true,55.0000,20.2605,20211744,0,0,0,56930208,2656768160
20,false,M3,"6. VND NNI->SPR (Inc)",48,true,51.0000,18.4121,18362607,0,0,0,52927040,2723877024
20,false,M3,"6. VND NNI->SPR (Inc)",49,true,51.0000,18.7071,18658520,0,0,0,52984960,2790985888
20,false,M3,"6. VND NNI->SPR (Inc)",50,true,43.0000,15.5945,15546953,0,0,0,44655400,2824540320
20,false,M3,"6. VND NNI->SPR (Inc)",51,true,66.0000,24.1181,24071773,0,0,0,68745344,2891649184
20,false,M3,"6. VND NNI->SPR (Inc)",52,true,44.0000,16.0378,15990928,0,0,0,45701832,2925203616
20,false,M3,"6. VND NNI->SPR (Inc)",53,true,73.0000,26.8112,26763292,0,0,0,76243032,3025866912
20,false,M3,"6. VND NNI->SPR (Inc)",54,true,57.0000,20.4855,20437062,0,0,0,58696168,3059421344
20,false,M3,"6. VND NNI->SPR (Inc)",55,true,65.0000,23.4680,23417188,0,0,0,66769768,3126530208
20,false,M3,"6. VND NNI->SPR (Inc)",56,true,51.0000,18.6002,18552638,0,0,0,53541872,3193639072
20,false,M3,"6. VND NNI->SPR (Inc)",57,true,62.0000,25.0260,12049282,0,0,12925688,68328112,3260747936
20,false,M3,"6. VND NNI->SPR (Inc)",58,true,53.0000,19.3083,19259633,0,0,0,55261480,3327856800
20,false,M3,"6. VND NNI->SPR (Inc)",59,true,48.0000,17.5380,17491941,0,0,0,50470360,3361411232
20,false,M3,"6. VND NNI->SPR (Inc)",60,true,52.0000,19.5190,15047523,0,0,4422760,54816744,3428520096
20,false,M3,"6. VND NNI->SPR (Inc)",61,true,43.0000,15.9871,15934470,0,0,0,45415720,3462074528
20,false,M3,"6. VND NNI->SPR (Inc)",62,true,72.0000,26.5087,26455516,0,0,0,74229248,3529183392
20,false,M3,"6. VND NNI->SPR (Inc)",63,true,60.0000,21.5410,21494533,0,0,0,62660776,3596292256
20,false,M3,"6. VND NNI->SPR (Inc)",64,true,56.0000,19.9414,19894340,0,0,0,57443392,3663401120
20,false,M3,"6. VND NNI->SPR (Inc)",65,true,51.0000,18.4704,18424776,0,0,0,53463160,3696955552
20,false,M3,"6. VND NNI->SPR (Inc)",66,true,78.0000,27.9026,27851220,0,0,0,79721520,3797618848
20,false,M3,"6. VND NNI->SPR (Inc)",67,true,56.0000,19.8573,19809528,0,0,0,57788144,3864727712
20,false,M3,"6. VND NNI->SPR (Inc)",68,true,47.0000,16.7067,16660391,0,0,0,48833864,3898282144
20,false,M3,"6. VND NNI->SPR (Inc)",69,true,66.0000,24.2449,24196431,0,0,0,68809336,3965391008
20,false,M3,"6. VND NNI->SPR (Inc)",70,true,60.0000,21.4895,21442013,0,0,0,62505872,4032499872
20,false,M3,"6. VND NNI->SPR (Inc)",71,true,62.0000,21.8676,21820122,0,0,0,63753568,4099608736
20,false,M3,"6. VND NNI->SPR (Inc)",72,true,69.0000,23.7888,23743519,0,0,0,70656688,4166717600
20,false,M3,"6. VND NNI->SPR (Inc)",73,true,51.0000,18.1452,18095469,0,0,0,53239664,4233826464
20,false,M3,"6. VND NNI->SPR (Inc)",74,true,45.0000,16.2247,16178905,0,0,0,47496408,4267380896
20,false,M3,"6. VND NNI->SPR (Inc)",75,true,47.0000,16.5505,16502851,0,0,0,48817640,4300935328
20,false,M3,"6. VND NNI->SPR (Inc)",76,true,60.0000,21.2680,21221653,0,0,0,62534600,4368044192
20,false,M3,"6. VND NNI->SPR (Inc)",77,true,38.0000,13.5344,13488459,0,0,0,40114400,4401598624
20,false,M3,"6. VND NNI->SPR (Inc)",78,true,48.0000,17.4158,17364469,0,0,0,50461400,4468707488
20,false,M3,"6. VND NNI->SPR (Inc)",79,true,48.0000,17.1835,17136075,0,0,0,49847592,4502261920
20,false,M3,"6. VND NNI->SPR (Inc)",80,true,47.0000,15.8631,8573473,0,0,7239757,43644576,4569370784
20,false,M3,"6. VND NNI->SPR (Inc)",81,true,63.0000,22.1427,22095465,0,0,0,65255760,4636479648
20,false,M3,"6. VND NNI->SPR (Inc)",82,true,75.0000,26.9015,26854044,0,0,0,77812368,4703588512
20,false,M3,"6. VND NNI->SPR (Inc)",83,true,43.0000,16.0061,15958866,0,0,0,45577520,4737142944
20,false,M3,"6. VND NNI->SPR (Inc)",84,true,47.0000,17.1181,17070721,0,0,0,49074408,4804251808
20,false,M3,"6. VND NNI->SPR (Inc)",85,true,43.0000,15.7846,15735692,0,0,0,45090600,4837806240
20,false,M3,"6. VND NNI->SPR (Inc)",86,true,49.0000,17.9118,17863057,0,0,0,51426744,4904915104
20,false,M3,"6. VND NNI->SPR (Inc)",87,true,71.0000,17.2348,7991898,0,0,9193913,45907496,4938469536
20,false,M3,"6. VND NNI->SPR (Inc)",88,true,55.0000,19.4530,19406031,0,0,0,56588848,5005578400
20,false,M3,"6. VND NNI->SPR (Inc)",89,true,58.0000,18.4413,11106749,0,0,7285003,50644056,5039132832
20,false,M3,"6. VND NNI->SPR (Inc)",90,true,45.0000,16.3969,16348578,0,0,0,46938224,5106241696
20,false,M3,"6. VND NNI->SPR (Inc)",91,true,57.0000,20.0437,19996884,0,0,0,58963464,5139796128
20,false,M3,"6. VND NNI->SPR (Inc)",92,true,42.0000,15.0729,15026383,0,0,0,44050360,5206904992
20,false,M3,"6. VND NNI->SPR (Inc)",93,true,40.0000,14.0632,14018397,0,0,0,41527280,5240459424
20,false,M3,"6. VND NNI->SPR (Inc)",94,true,44.0000,15.6286,15582090,0,0,0,46231752,5274013856
20,false,M3,"6. VND NNI->SPR (Inc)",95,true,42.0000,15.2861,15233688,0,0,0,43907592,5341122720
20,false,M3,"6. VND NNI->SPR (Inc)",96,true,66.0000,24.0283,23980520,0,0,0,68615696,5408231584
20,false,M3,"6. VND NNI->SPR (Inc)",97,true,54.0000,19.5227,19473339,0,0,0,56058480,5441786016
20,false,M3,"6. VND NNI->SPR (Inc)",98,true,66.0000,23.5234,23477233,0,0,0,67861528,5508894880
20,false,M3,"6. VND NNI->SPR (Inc)",99,true,71.0000,24.6942,15624922,0,0,9019261,67507312,5576003744
20,false,M3,"6. VND NNI->SPR (Inc)",100,true,41.0000,14.9840,14935791,0,0,0,42798760,5643112608
