Size,IsRooted,Metric,Variant,PairIndex,Success,Distance,TotalTimeMs,NniTimeNs,Ecr2TimeNs,Ecr3TimeNs,SprTimeNs,AllocBytes,PeakRamBytes
50,true,RFCluster,"1. NNI (Classic)",1,false,Infinity,11.0290,0,0,0,0,4548144,38456888
50,true,RFCluster,"1. NNI (Classic)",2,false,Infinity,4.0299,0,0,0,0,4399456,38456888
50,true,RFCluster,"1. NNI (Classic)",3,false,Infinity,4.1319,0,0,0,0,4390552,38456888
50,true,RFCluster,"1. NNI (Classic)",4,false,Infinity,3.7720,0,0,0,0,4422880,38456888
50,true,RFCluster,"1. NNI (Classic)",5,false,Infinity,12.9474,0,0,0,0,7773024,38456888
50,true,RFCluster,"1. NNI (Classic)",6,false,Infinity,4.2900,0,0,0,0,4412440,38456888
50,true,RFCluster,"1. NNI (Classic)",7,false,Infinity,3.4976,0,0,0,0,4373664,72011320
50,true,RFCluster,"1. NNI (Classic)",8,false,Infinity,6.4403,0,0,0,0,7311496,72011320
50,true,RFCluster,"1. NNI (Classic)",9,false,Infinity,6.3752,0,0,0,0,7349408,72011320
50,true,RFCluster,"1. NNI (Classic)",10,false,Infinity,3.6366,0,0,0,0,4382512,72011320
50,true,RFCluster,"1. NNI (Classic)",11,false,Infinity,5.9897,0,0,0,0,7307000,72011320
50,true,RFCluster,"1. NNI (Classic)",12,false,Infinity,5.4598,0,0,0,0,4381648,72011320
50,true,RFCluster,"1. NNI (Classic)",13,false,Infinity,4.7363,0,0,0,0,4390648,105565752
50,true,RFCluster,"1. NNI (Classic)",14,false,Infinity,3.6204,0,0,0,0,4401144,105565752
50,true,RFCluster,"1. NNI (Classic)",15,false,Infinity,5.6943,0,0,0,0,7205344,105565752
50,true,RFCluster,"1. NNI (Classic)",16,false,Infinity,5.4902,0,0,0,0,7294744,139120184
50,true,RFCluster,"1. NNI (Classic)",17,false,Infinity,3.3762,0,0,0,0,4421008,139120184
50,true,RFCluster,"1. NNI (Classic)",18,false,Infinity,3.2413,0,0,0,0,4394448,139120184
50,true,RFCluster,"1. NNI (Classic)",19,false,Infinity,3.3443,0,0,0,0,4416288,139120184
50,true,RFCluster,"1. NNI (Classic)",20,false,Infinity,5.3794,0,0,0,0,7288936,139120184
50,true,RFCluster,"1. NNI (Classic)",21,false,Infinity,3.5077,0,0,0,0,4526384,139120184
50,true,RFCluster,"1. NNI (Classic)",22,false,Infinity,3.3607,0,0,0,0,4394472,172674616
50,true,RFCluster,"1. NNI (Classic)",23,false,Infinity,3.3987,0,0,0,0,4385424,172674616
50,true,RFCluster,"1. NNI (Classic)",24,false,Infinity,5.7133,0,0,0,0,7242904,172674616
50,true,RFCluster,"1. NNI (Classic)",25,false,Infinity,3.4265,0,0,0,0,4403912,172674616
50,true,RFCluster,"1. NNI (Classic)",26,false,Infinity,5.4864,0,0,0,0,7236200,172674616
50,true,RFCluster,"1. NNI (Classic)",27,false,Infinity,3.2522,0,0,0,0,4376888,172674616
50,true,RFCluster,"1. NNI (Classic)",28,false,Infinity,7.6596,0,0,0,0,10208528,206229048
50,true,RFCluster,"1. NNI (Classic)",29,false,Infinity,5.1829,0,0,0,0,7251576,206229048
50,true,RFCluster,"1. NNI (Classic)",30,false,Infinity,3.4536,0,0,0,0,4351000,206229048
50,true,RFCluster,"1. NNI (Classic)",31,false,Infinity,3.2146,0,0,0,0,4393432,206229048
50,true,RFCluster,"1. NNI (Classic)",32,false,Infinity,3.2339,0,0,0,0,4377848,206229048
50,true,RFCluster,"1. NNI (Classic)",33,false,Infinity,3.2140,0,0,0,0,4389688,206229048
50,true,RFCluster,"1. NNI (Classic)",34,false,Infinity,3.2514,0,0,0,0,4390544,239783480
50,true,RFCluster,"1. NNI (Classic)",35,false,Infinity,3.2696,0,0,0,0,4401328,239783480
50,true,RFCluster,"1. NNI (Classic)",36,false,Infinity,5.2781,0,0,0,0,7251744,239783480
50,true,RFCluster,"1. NNI (Classic)",37,false,Infinity,3.1433,0,0,0,0,4429544,239783480
50,true,RFCluster,"1. NNI (Classic)",38,false,Infinity,3.2062,0,0,0,0,4383968,239783480
50,true,RFCluster,"1. NNI (Classic)",39,false,Infinity,3.1445,0,0,0,0,4372488,239783480
50,true,RFCluster,"1. NNI (Classic)",40,false,Infinity,3.3403,0,0,0,0,4437616,239783480
50,true,RFCluster,"1. NNI (Classic)",41,false,Infinity,3.1719,0,0,0,0,4407392,273337912
50,true,RFCluster,"1. NNI (Classic)",42,false,Infinity,3.2164,0,0,0,0,4343112,273337912
50,true,RFCluster,"1. NNI (Classic)",43,false,Infinity,5.3345,0,0,0,0,7279952,273337912
50,true,RFCluster,"1. NNI (Classic)",44,false,Infinity,5.4800,0,0,0,0,7230392,273337912
50,true,RFCluster,"1. NNI (Classic)",45,false,Infinity,3.2192,0,0,0,0,4406736,273337912
50,true,RFCluster,"1. NNI (Classic)",46,false,Infinity,3.4478,0,0,0,0,4392432,273337912
50,true,RFCluster,"1. NNI (Classic)",47,false,Infinity,3.1998,0,0,0,0,4345984,306892344
50,true,RFCluster,"1. NNI (Classic)",48,false,Infinity,3.2157,0,0,0,0,4407160,306892344
50,true,RFCluster,"1. NNI (Classic)",49,false,Infinity,3.2892,0,0,0,0,4567104,306892344
50,true,RFCluster,"1. NNI (Classic)",50,false,Infinity,7.1718,0,0,0,0,10168048,306892344
50,true,RFCluster,"1. NNI (Classic)",51,false,Infinity,5.1468,0,0,0,0,7245256,306892344
50,true,RFCluster,"1. NNI (Classic)",52,false,Infinity,3.1618,0,0,0,0,4388712,306892344
50,true,RFCluster,"1. NNI (Classic)",53,false,Infinity,3.3105,0,0,0,0,4378056,340446776
50,true,RFCluster,"1. NNI (Classic)",54,false,Infinity,3.1222,0,0,0,0,4367136,340446776
50,true,RFCluster,"1. NNI (Classic)",55,false,Infinity,3.2187,0,0,0,0,4397672,340446776
50,true,RFCluster,"1. NNI (Classic)",56,false,Infinity,3.1762,0,0,0,0,4426888,340446776
50,true,RFCluster,"1. NNI (Classic)",57,false,Infinity,3.3849,0,0,0,0,4368888,340446776
50,true,RFCluster,"1. NNI (Classic)",58,false,Infinity,3.2003,0,0,0,0,4378512,340446776
50,true,RFCluster,"1. NNI (Classic)",59,false,Infinity,3.1209,0,0,0,0,4360064,340446776
50,true,RFCluster,"1. NNI (Classic)",60,false,Infinity,3.0957,0,0,0,0,4379440,374001208
50,true,RFCluster,"1. NNI (Classic)",61,false,Infinity,3.2943,0,0,0,0,4396456,374001208
50,true,RFCluster,"1. NNI (Classic)",62,false,Infinity,3.2369,0,0,0,0,4394752,374001208
50,true,RFCluster,"1. NNI (Classic)",63,false,Infinity,5.3584,0,0,0,0,7289304,374001208
50,true,RFCluster,"1. NNI (Classic)",64,false,Infinity,4.2910,0,0,0,0,4450272,374001208
50,true,RFCluster,"1. NNI (Classic)",65,false,Infinity,7.5602,0,0,0,0,10098296,374001208
50,true,RFCluster,"1. NNI (Classic)",66,false,Infinity,3.1761,0,0,0,0,4357728,407555640
50,true,RFCluster,"1. NNI (Classic)",67,false,Infinity,7.1900,0,0,0,0,10150656,407555640
50,true,RFCluster,"1. NNI (Classic)",68,false,Infinity,3.3392,0,0,0,0,4331064,407555640
50,true,RFCluster,"1. NNI (Classic)",69,false,Infinity,7.4686,0,0,0,0,10221616,407555640
50,true,RFCluster,"1. NNI (Classic)",70,false,Infinity,3.2180,0,0,0,0,4388520,407555640
50,true,RFCluster,"1. NNI (Classic)",71,false,Infinity,7.3513,0,0,0,0,10444184,441110072
50,true,RFCluster,"1. NNI (Classic)",72,false,Infinity,3.2125,0,0,0,0,4405000,441110072
50,true,RFCluster,"1. NNI (Classic)",73,false,Infinity,3.1974,0,0,0,0,4406056,441110072
50,true,RFCluster,"1. NNI (Classic)",74,false,Infinity,3.2822,0,0,0,0,4348712,441110072
50,true,RFCluster,"1. NNI (Classic)",75,false,Infinity,3.2087,0,0,0,0,4410480,441110072
50,true,RFCluster,"1. NNI (Classic)",76,false,Infinity,3.2551,0,0,0,0,4390920,441110072
50,true,RFCluster,"1. NNI (Classic)",77,false,Infinity,5.4556,0,0,0,0,7296128,474664504
50,true,RFCluster,"1. NNI (Classic)",78,false,Infinity,3.3092,0,0,0,0,4385632,474664504
50,true,RFCluster,"1. NNI (Classic)",79,false,Infinity,3.2590,0,0,0,0,4327584,474664504
50,true,RFCluster,"1. NNI (Classic)",80,false,Infinity,3.1074,0,0,0,0,4363696,474664504
50,true,RFCluster,"1. NNI (Classic)",81,false,Infinity,5.2112,0,0,0,0,7341928,474664504
50,true,RFCluster,"1. NNI (Classic)",82,false,Infinity,5.3712,0,0,0,0,7237376,474664504
50,true,RFCluster,"1. NNI (Classic)",83,false,Infinity,3.2599,0,0,0,0,4421264,508218936
50,true,RFCluster,"1. NNI (Classic)",84,false,Infinity,3.1414,0,0,0,0,4366544,508218936
50,true,RFCluster,"1. NNI (Classic)",85,false,Infinity,3.3198,0,0,0,0,4344544,508218936
50,true,RFCluster,"1. NNI (Classic)",86,false,Infinity,5.3605,0,0,0,0,7466480,508218936
50,true,RFCluster,"1. NNI (Classic)",87,false,Infinity,3.0099,0,0,0,0,4362144,508218936
50,true,RFCluster,"1. NNI (Classic)",88,false,Infinity,5.0495,0,0,0,0,7213016,508218936
50,true,RFCluster,"1. NNI (Classic)",89,false,Infinity,3.1381,0,0,0,0,4409016,541773368
50,true,RFCluster,"1. NNI (Classic)",90,false,Infinity,3.2847,0,0,0,0,4393744,541773368
50,true,RFCluster,"1. NNI (Classic)",91,false,Infinity,5.3141,0,0,0,0,7282824,541773368
50,true,RFCluster,"1. NNI (Classic)",92,false,Infinity,3.4464,0,0,0,0,4395088,541773368
50,true,RFCluster,"1. NNI (Classic)",93,false,Infinity,3.2732,0,0,0,0,4413728,541773368
50,true,RFCluster,"1. NNI (Classic)",94,false,Infinity,3.1670,0,0,0,0,4378608,541773368
50,true,RFCluster,"1. NNI (Classic)",95,false,Infinity,5.2594,0,0,0,0,7300384,575327800
50,true,RFCluster,"1. NNI (Classic)",96,false,Infinity,3.2255,0,0,0,0,4415408,575327800
50,true,RFCluster,"1. NNI (Classic)",97,false,Infinity,3.2947,0,0,0,0,4390808,575327800
50,true,RFCluster,"1. NNI (Classic)",98,false,Infinity,3.1807,0,0,0,0,4395696,575327800
50,true,RFCluster,"1. NNI (Classic)",99,false,Infinity,3.2829,0,0,0,0,4358400,575327800
50,true,RFCluster,"1. NNI (Classic)",100,false,Infinity,7.0512,0,0,0,0,10157360,575327800
50,true,RFCluster,"2. NNI (Incremental)",1,false,Infinity,1.7268,0,0,0,0,55952,5478384
50,true,RFCluster,"2. NNI (Incremental)",2,false,Infinity,0.7254,0,0,0,0,44592,5478384
50,true,RFCluster,"2. NNI (Incremental)",3,false,Infinity,0.2908,0,0,0,0,44296,5478384
50,true,RFCluster,"2. NNI (Incremental)",4,false,Infinity,0.2694,0,0,0,0,44016,5478384
50,true,RFCluster,"2. NNI (Incremental)",5,false,Infinity,0.3213,0,0,0,0,54656,5478384
50,true,RFCluster,"2. NNI (Incremental)",6,false,Infinity,0.1968,0,0,0,0,43096,5478384
50,true,RFCluster,"2. NNI (Incremental)",7,false,Infinity,0.1235,0,0,0,0,44072,5478384
50,true,RFCluster,"2. NNI (Incremental)",8,false,Infinity,0.1544,0,0,0,0,55376,5478384
50,true,RFCluster,"2. NNI (Incremental)",9,false,Infinity,0.1371,0,0,0,0,56312,5478384
50,true,RFCluster,"2. NNI (Incremental)",10,false,Infinity,0.1400,0,0,0,0,44336,5478384
50,true,RFCluster,"2. NNI (Incremental)",11,false,Infinity,0.1460,0,0,0,0,55560,5478384
50,true,RFCluster,"2. NNI (Incremental)",12,false,Infinity,0.0900,0,0,0,0,44128,5478384
50,true,RFCluster,"2. NNI (Incremental)",13,false,Infinity,0.0887,0,0,0,0,44032,5478384
50,true,RFCluster,"2. NNI (Incremental)",14,false,Infinity,0.1110,0,0,0,0,43792,5478384
50,true,RFCluster,"2. NNI (Incremental)",15,false,Infinity,0.1437,0,0,0,0,55336,5478384
50,true,RFCluster,"2. NNI (Incremental)",16,false,Infinity,0.1273,0,0,0,0,56200,5478384
50,true,RFCluster,"2. NNI (Incremental)",17,false,Infinity,0.0873,0,0,0,0,43752,5478384
50,true,RFCluster,"2. NNI (Incremental)",18,false,Infinity,0.0850,0,0,0,0,42984,5478384
50,true,RFCluster,"2. NNI (Incremental)",19,false,Infinity,0.0865,0,0,0,0,43920,5478384
50,true,RFCluster,"2. NNI (Incremental)",20,false,Infinity,0.1538,0,0,0,0,55448,5478384
50,true,RFCluster,"2. NNI (Incremental)",21,false,Infinity,0.0826,0,0,0,0,44144,5478384
50,true,RFCluster,"2. NNI (Incremental)",22,false,Infinity,0.0824,0,0,0,0,44312,5478384
50,true,RFCluster,"2. NNI (Incremental)",23,false,Infinity,0.0827,0,0,0,0,44016,5478384
50,true,RFCluster,"2. NNI (Incremental)",24,false,Infinity,0.1560,0,0,0,0,55544,5478384
50,true,RFCluster,"2. NNI (Incremental)",25,false,Infinity,0.0865,0,0,0,0,43960,5478384
50,true,RFCluster,"2. NNI (Incremental)",26,false,Infinity,0.1233,0,0,0,0,55376,5478384
50,true,RFCluster,"2. NNI (Incremental)",27,false,Infinity,0.0928,0,0,0,0,44240,5478384
50,true,RFCluster,"2. NNI (Incremental)",28,false,Infinity,0.1514,0,0,0,0,66624,5478384
50,true,RFCluster,"2. NNI (Incremental)",29,false,Infinity,0.1183,0,0,0,0,56072,5478384
50,true,RFCluster,"2. NNI (Incremental)",30,false,Infinity,0.0824,0,0,0,0,44072,5478384
50,true,RFCluster,"2. NNI (Incremental)",31,false,Infinity,0.0773,0,0,0,0,44144,5478384
50,true,RFCluster,"2. NNI (Incremental)",32,false,Infinity,0.0813,0,0,0,0,43152,5478384
50,true,RFCluster,"2. NNI (Incremental)",33,false,Infinity,0.0875,0,0,0,0,44936,5478384
50,true,RFCluster,"2. NNI (Incremental)",34,false,Infinity,0.0847,0,0,0,0,43320,5478384
50,true,RFCluster,"2. NNI (Incremental)",35,false,Infinity,0.0797,0,0,0,0,44184,5478384
50,true,RFCluster,"2. NNI (Incremental)",36,false,Infinity,0.0939,0,0,0,0,54624,5478384
50,true,RFCluster,"2. NNI (Incremental)",37,false,Infinity,0.0705,0,0,0,0,42984,5478384
50,true,RFCluster,"2. NNI (Incremental)",38,false,Infinity,0.0601,0,0,0,0,44184,5478384
50,true,RFCluster,"2. NNI (Incremental)",39,false,Infinity,0.0657,0,0,0,0,44016,5478384
50,true,RFCluster,"2. NNI (Incremental)",40,false,Infinity,0.0566,0,0,0,0,44936,5478384
50,true,RFCluster,"2. NNI (Incremental)",41,false,Infinity,0.0635,0,0,0,0,44144,5478384
50,true,RFCluster,"2. NNI (Incremental)",42,false,Infinity,0.0643,0,0,0,0,42944,5478384
50,true,RFCluster,"2. NNI (Incremental)",43,false,Infinity,0.0883,0,0,0,0,55392,5478384
50,true,RFCluster,"2. NNI (Incremental)",44,false,Infinity,0.0793,0,0,0,0,55376,5478384
50,true,RFCluster,"2. NNI (Incremental)",45,false,Infinity,0.0565,0,0,0,0,43976,5478384
50,true,RFCluster,"2. NNI (Incremental)",46,false,Infinity,0.0672,0,0,0,0,43208,5478384
50,true,RFCluster,"2. NNI (Incremental)",47,false,Infinity,0.0557,0,0,0,0,43864,5478384
50,true,RFCluster,"2. NNI (Incremental)",48,false,Infinity,0.0550,0,0,0,0,44408,5478384
50,true,RFCluster,"2. NNI (Incremental)",49,false,Infinity,0.0538,0,0,0,0,43904,5478384
50,true,RFCluster,"2. NNI (Incremental)",50,false,Infinity,0.1172,0,0,0,0,67600,5478384
50,true,RFCluster,"2. NNI (Incremental)",51,false,Infinity,0.0927,0,0,0,0,54512,5478384
50,true,RFCluster,"2. NNI (Incremental)",52,false,Infinity,0.0547,0,0,0,0,43920,5478384
50,true,RFCluster,"2. NNI (Incremental)",53,false,Infinity,0.0981,0,0,0,0,43264,5478384
50,true,RFCluster,"2. NNI (Incremental)",54,false,Infinity,0.0680,0,0,0,0,44256,5478384
50,true,RFCluster,"2. NNI (Incremental)",55,false,Infinity,0.0637,0,0,0,0,43960,5478384
50,true,RFCluster,"2. NNI (Incremental)",56,false,Infinity,0.0638,0,0,0,0,43976,5478384
50,true,RFCluster,"2. NNI (Incremental)",57,false,Infinity,0.0634,0,0,0,0,44936,5478384
50,true,RFCluster,"2. NNI (Incremental)",58,false,Infinity,0.0633,0,0,0,0,43976,5478384
50,true,RFCluster,"2. NNI (Incremental)",59,false,Infinity,0.0640,0,0,0,0,44088,5478384
50,true,RFCluster,"2. NNI (Incremental)",60,false,Infinity,0.0697,0,0,0,0,44360,5478384
50,true,RFCluster,"2. NNI (Incremental)",61,false,Infinity,0.0695,0,0,0,0,42944,5478384
50,true,RFCluster,"2. NNI (Incremental)",62,false,Infinity,0.0650,0,0,0,0,44488,5478384
50,true,RFCluster,"2. NNI (Incremental)",63,false,Infinity,0.1014,0,0,0,0,55640,5478384
50,true,RFCluster,"2. NNI (Incremental)",64,false,Infinity,0.0655,0,0,0,0,43904,5478384
50,true,RFCluster,"2. NNI (Incremental)",65,false,Infinity,0.1588,0,0,0,0,66848,5478384
50,true,RFCluster,"2. NNI (Incremental)",66,false,Infinity,0.0726,0,0,0,0,43976,5478384
50,true,RFCluster,"2. NNI (Incremental)",67,false,Infinity,0.1242,0,0,0,0,65704,5478384
50,true,RFCluster,"2. NNI (Incremental)",68,false,Infinity,0.0553,0,0,0,0,44488,5478384
50,true,RFCluster,"2. NNI (Incremental)",69,false,Infinity,0.1031,0,0,0,0,66848,5478384
50,true,RFCluster,"2. NNI (Incremental)",70,false,Infinity,0.0532,0,0,0,0,43976,5478384
50,true,RFCluster,"2. NNI (Incremental)",71,false,Infinity,0.0903,0,0,0,0,65928,5478384
50,true,RFCluster,"2. NNI (Incremental)",72,false,Infinity,0.0532,0,0,0,0,44296,5478384
50,true,RFCluster,"2. NNI (Incremental)",73,false,Infinity,0.0531,0,0,0,0,44896,5478384
50,true,RFCluster,"2. NNI (Incremental)",74,false,Infinity,0.0514,0,0,0,0,44016,5478384
50,true,RFCluster,"2. NNI (Incremental)",75,false,Infinity,0.0525,0,0,0,0,44032,5478384
50,true,RFCluster,"2. NNI (Incremental)",76,false,Infinity,0.0507,0,0,0,0,43168,5478384
50,true,RFCluster,"2. NNI (Incremental)",77,false,Infinity,0.0733,0,0,0,0,55544,5478384
50,true,RFCluster,"2. NNI (Incremental)",78,false,Infinity,0.0512,0,0,0,0,44016,5478384
50,true,RFCluster,"2. NNI (Incremental)",79,false,Infinity,0.0510,0,0,0,0,43792,5478384
50,true,RFCluster,"2. NNI (Incremental)",80,false,Infinity,0.0516,0,0,0,0,43808,5478384
50,true,RFCluster,"2. NNI (Incremental)",81,false,Infinity,0.0790,0,0,0,0,55488,5478384
50,true,RFCluster,"2. NNI (Incremental)",82,false,Infinity,0.0712,0,0,0,0,54552,5478384
50,true,RFCluster,"2. NNI (Incremental)",83,false,Infinity,0.0530,0,0,0,0,44296,5478384
50,true,RFCluster,"2. NNI (Incremental)",84,false,Infinity,0.0520,0,0,0,0,44016,5478384
50,true,RFCluster,"2. NNI (Incremental)",85,false,Infinity,0.0530,0,0,0,0,44296,5478384
50,true,RFCluster,"2. NNI (Incremental)",86,false,Infinity,0.0744,0,0,0,0,55376,5478384
50,true,RFCluster,"2. NNI (Incremental)",87,false,Infinity,0.0517,0,0,0,0,45272,5478384
50,true,RFCluster,"2. NNI (Incremental)",88,false,Infinity,0.0746,0,0,0,0,55336,5478384
50,true,RFCluster,"2. NNI (Incremental)",89,false,Infinity,0.0539,0,0,0,0,43976,5478384
50,true,RFCluster,"2. NNI (Incremental)",90,false,Infinity,0.0519,0,0,0,0,43112,5478384
50,true,RFCluster,"2. NNI (Incremental)",91,false,Infinity,0.0718,0,0,0,0,55056,5478384
50,true,RFCluster,"2. NNI (Incremental)",92,false,Infinity,0.0526,0,0,0,0,44088,5478384
50,true,RFCluster,"2. NNI (Incremental)",93,false,Infinity,0.0512,0,0,0,0,42608,5478384
50,true,RFCluster,"2. NNI (Incremental)",94,false,Infinity,0.0511,0,0,0,0,44016,5478384
50,true,RFCluster,"2. NNI (Incremental)",95,false,Infinity,0.0735,0,0,0,0,55336,5478384
50,true,RFCluster,"2. NNI (Incremental)",96,false,Infinity,0.0566,0,0,0,0,44464,5478384
50,true,RFCluster,"2. NNI (Incremental)",97,false,Infinity,0.0516,0,0,0,0,43208,5478384
50,true,RFCluster,"2. NNI (Incremental)",98,false,Infinity,0.0516,0,0,0,0,44032,5478384
50,true,RFCluster,"2. NNI (Incremental)",99,false,Infinity,0.0523,0,0,0,0,44240,5478384
50,true,RFCluster,"2. NNI (Incremental)",100,false,Infinity,0.0942,0,0,0,0,67768,5478384
50,true,RFCluster,"3. VND NNI->ECR->SPR (Classic)",1,true,257.0000,30351.1743,6622274,408978996,8923894101,21009324189,60994370784,10535950160
50,true,RFCluster,"3. VND NNI->ECR->SPR (Classic)",2,true,253.0000,32609.6909,4358740,201718453,11332690763,21070687003,64283438176,21999295312
50,true,RFCluster,"3. VND NNI->ECR->SPR (Classic)",3,true,232.0000,30352.1912,6502768,566541501,10656073524,19122761609,65535697528,28771060048
50,true,RFCluster,"3. VND NNI->ECR->SPR (Classic)",4,true,246.0000,35748.8457,4479559,223512291,18405955213,17114666809,73836185608,36672509584
50,true,RFCluster,"3. VND NNI->ECR->SPR (Classic)",5,true,277.0000,23717.4339,5598357,102818017,3703706755,19905144169,50398619824,35458072400
50,true,RFCluster,"3. VND NNI->ECR->SPR (Classic)",6,true,241.0000,31030.5811,6481406,408879186,9627016719,20987908998,61767747192,21787024600
50,true,RFCluster,"3. VND NNI->ECR->SPR (Classic)",7,true,223.0000,38694.1133,6836872,454413826,17019680707,21212895805,71102404680,44104855128
50,true,RFCluster,"3. VND NNI->ECR->SPR (Classic)",8,true,219.0000,22711.8419,5756318,104313992,3338085280,19263530190,50195097808,32676441816
50,true,RFCluster,"3. VND NNI->ECR->SPR (Classic)",9,true,232.0000,35821.8875,10818365,528250203,15777915019,19504598222,65985604864,40447167800
50,true,RFCluster,"3. VND NNI->ECR->SPR (Classic)",10,true,256.0000,23088.3264,4316438,298743912,3144023028,19641046127,51087209544,44374609488
50,true,RFCluster,"3. VND NNI->ECR->SPR (Classic)",11,true,243.0000,22468.4078,5366857,100151195,3401778877,18960969540,50438112136,44370445528
50,true,RFCluster,"3. VND NNI->ECR->SPR (Classic)",12,true,232.0000,24079.2310,2483974,120945904,3933965227,20021706737,51154476504,51853477088
50,true,RFCluster,"3. VND NNI->ECR->SPR (Classic)",13,true,264.0000,29923.9173,7167553,426333452,9569891384,19920229198,60920155992,30285903888
50,true,RFCluster,"3. VND NNI->ECR->SPR (Classic)",14,true,231.0000,23252.4155,2220734,111596643,3540642237,19597818865,50688511776,31886966488
50,true,RFCluster,"3. VND NNI->ECR->SPR (Classic)",15,true,210.0000,21863.1469,5568360,107892087,3874477458,17875060119,48112763304,32011659720
50,true,RFCluster,"3. VND NNI->ECR->SPR (Classic)",16,true,259.0000,35763.8549,7883915,225319308,14985425595,20544994444,72831503632,28568729344
50,true,RFCluster,"3. VND NNI->ECR->SPR (Classic)",17,true,233.0000,31551.8866,6748065,414187161,13405380824,17725326444,65527370552,19000513600
50,true,RFCluster,"3. VND NNI->ECR->SPR (Classic)",18,true,261.0000,27582.7556,2260279,103430581,3259098457,24217814532,53643112912,18770762760
50,true,RFCluster,"3. VND NNI->ECR->SPR (Classic)",19,true,229.0000,30095.2848,6655749,441433471,10426300384,19220631937,61852448728,17961072616
50,true,RFCluster,"3. VND NNI->ECR->SPR (Classic)",20,true,235.0000,23580.6636,7615945,548350051,3407013182,19617478326,52068914456,20924491464
50,true,RFCluster,"3. VND NNI->ECR->SPR (Classic)",21,true,236.0000,30763.6235,4707904,232998382,10899334234,19626366138,64425808544,19594998952
50,true,RFCluster,"3. VND NNI->ECR->SPR (Classic)",22,true,249.0000,23291.7011,4258610,359399873,4315033800,18612812800,50926589688,14988389568
50,true,RFCluster,"3. VND NNI->ECR->SPR (Classic)",23,true,251.0000,23789.8664,2271309,122405500,4435635961,19229418447,51131373136,15315244992
50,true,RFCluster,"3. VND NNI->ECR->SPR (Classic)",24,true,211.0000,25058.1282,5737883,109932187,3346599833,21595718685,45824673640,26666210752
50,true,RFCluster,"3. VND NNI->ECR->SPR (Classic)",25,true,292.0000,27861.4934,2466350,123382638,3766231479,23969271716,53898820240,22814399040
50,true,RFCluster,"3. VND NNI->ECR->SPR (Classic)",26,true,266.0000,28022.7500,7958976,322633418,3198726998,24493226241,49597283568,28660608704
50,true,RFCluster,"3. VND NNI->ECR->SPR (Classic)",27,true,245.0000,29215.9645,4315878,457273046,8765972814,19988179982,61422582480,31277866280
50,true,RFCluster,"3. VND NNI->ECR->SPR (Classic)",28,true,258.0000,22008.1708,7370347,113543806,3364007852,18523104737,47383836864,34947877056
50,true,RFCluster,"3. VND NNI->ECR->SPR (Classic)",29,true,233.0000,27306.8472,7627096,214732543,9516949997,17567296183,58248491944,35628417216
50,true,RFCluster,"3. VND NNI->ECR->SPR (Classic)",30,true,271.0000,23478.1829,2514121,112264262,3511655708,19851622648,50498777016,37074226368
50,true,RFCluster,"3. VND NNI->ECR->SPR (Classic)",31,true,210.0000,34280.8285,6358734,418534559,16904338581,16951328950,71064278432,45056554416
50,true,RFCluster,"3. VND NNI->ECR->SPR (Classic)",32,true,243.0000,23283.3156,2293962,100785301,3904079348,19276024905,49587053872,16534121216
50,true,RFCluster,"3. VND NNI->ECR->SPR (Classic)",33,true,229.0000,27825.7468,6227193,359000914,8254619217,19205633060,60521209032,19829233344
50,true,RFCluster,"3. VND NNI->ECR->SPR (Classic)",34,true,247.0000,32023.9260,5374821,242430522,11560966636,20214901417,60405713176,23758653616
50,true,RFCluster,"3. VND NNI->ECR->SPR (Classic)",35,true,236.0000,32587.0165,4532009,219087808,13567463010,18795711239,67148260552,15724848480
50,true,RFCluster,"3. VND NNI->ECR->SPR (Classic)",36,true,249.0000,31236.0639,7703922,241538084,11923206101,19063373897,64949453024,15600514240
50,true,RFCluster,"3. VND NNI->ECR->SPR (Classic)",37,true,226.0000,33085.1471,6532805,519765535,12086907142,20471668534,66227745544,15912361664
50,true,RFCluster,"3. VND NNI->ECR->SPR (Classic)",38,true,221.0000,23823.9086,2246603,108681824,3412586640,20300266247,49746714528,18235132024
50,true,RFCluster,"3. VND NNI->ECR->SPR (Classic)",39,true,267.0000,24078.9284,2227817,107147156,3455101807,20514268644,50785949728,18498072256
50,true,RFCluster,"3. VND NNI->ECR->SPR (Classic)",40,true,209.0000,32244.6149,9614825,777798551,13604384176,17852570136,59668606832,25680635032
50,true,RFCluster,"3. VND NNI->ECR->SPR (Classic)",41,true,256.0000,22757.8825,2198251,106005083,3365497053,19284074682,50281043440,18577958424
50,true,RFCluster,"3. VND NNI->ECR->SPR (Classic)",42,true,235.0000,28797.5388,4389388,203590986,8983068069,19606303837,61842229824,19658318024
50,true,RFCluster,"3. VND NNI->ECR->SPR (Classic)",43,true,244.0000,21892.1042,5396984,112912090,3899913051,17873751648,47309317288,19925477056
50,true,RFCluster,"3. VND NNI->ECR->SPR (Classic)",44,true,252.0000,28873.6463,9922783,438768312,9373482230,19051233900,60951926992,19600918784
50,true,RFCluster,"3. VND NNI->ECR->SPR (Classic)",45,true,227.0000,31178.7820,6790034,440683536,11685067974,19045992370,66346350880,20168844240
50,true,RFCluster,"3. VND NNI->ECR->SPR (Classic)",46,true,210.0000,40150.4050,7158834,527630693,21387844135,18227483125,75892343960,15654204368
50,true,RFCluster,"3. VND NNI->ECR->SPR (Classic)",47,true,222.0000,25043.5868,4289979,290187548,2625233107,22123740514,45701713472,28659246704
50,true,RFCluster,"3. VND NNI->ECR->SPR (Classic)",48,true,229.0000,33098.7528,4344573,216863076,11197024849,21680334022,66141450328,28628266832
50,true,RFCluster,"3. VND NNI->ECR->SPR (Classic)",49,true,233.0000,31771.7110,6661598,549467433,11242566220,19972791096,64585154224,28528267456
50,true,RFCluster,"3. VND NNI->ECR->SPR (Classic)",50,true,224.0000,23583.4583,6497637,101693543,3587063576,19888082114,50436031840,21136912512
50,true,RFCluster,"3. VND NNI->ECR->SPR (Classic)",51,true,235.0000,27196.6461,7456212,283478629,3130877537,23774676829,48577876208,29689564704
50,true,RFCluster,"3. VND NNI->ECR->SPR (Classic)",52,true,267.0000,23115.2177,2207667,101395670,3467199612,19544306151,51469944648,33955600064
50,true,RFCluster,"3. VND NNI->ECR->SPR (Classic)",53,true,264.0000,28442.1588,4344841,204251940,8938427882,19294955442,60125301800,37020692112
50,true,RFCluster,"3. VND NNI->ECR->SPR (Classic)",54,true,262.0000,29879.9460,4303423,204130192,9871293103,19800053081,64325583088,20133579448
50,true,RFCluster,"3. VND NNI->ECR->SPR (Classic)",55,true,259.0000,42036.6552,5230877,532925765,21820431669,19677855605,72155110088,36184480472
50,true,RFCluster,"3. VND NNI->ECR->SPR (Classic)",56,true,278.0000,24323.8465,2138748,112609169,3741538573,20467439333,53422974952,37751653136
50,true,RFCluster,"3. VND NNI->ECR->SPR (Classic)",57,true,203.0000,30261.9243,4765482,212917385,10661784454,19382264545,62605272568,17819793608
50,true,RFCluster,"3. VND NNI->ECR->SPR (Classic)",58,true,216.0000,36361.0277,4526378,218264144,11118476633,25019516373,67442169792,27857972240
50,true,RFCluster,"3. VND NNI->ECR->SPR (Classic)",59,true,238.0000,30552.0677,6400331,447442100,11952792136,18145189102,65125066520,23417383440
50,true,RFCluster,"3. VND NNI->ECR->SPR (Classic)",60,true,284.0000,23368.3288,4176512,294532666,3186059509,19883406020,51623929304,17398979680
50,true,RFCluster,"3. VND NNI->ECR->SPR (Classic)",61,true,223.0000,28942.1568,2184133,108696077,3827863309,25003289607,51897073992,27581261632
50,true,RFCluster,"3. VND NNI->ECR->SPR (Classic)",62,true,267.0000,23631.5782,4583737,358499565,3741643713,19526705684,51120685848,24710527680
50,true,RFCluster,"3. VND NNI->ECR->SPR (Classic)",63,true,230.0000,24344.4921,5963720,120397860,4051935707,20166062763,52458846048,31022575064
50,true,RFCluster,"3. VND NNI->ECR->SPR (Classic)",64,true,244.0000,33060.2262,4544862,211355085,13187298233,19656836102,69028936760,40516392392
50,true,RFCluster,"3. VND NNI->ECR->SPR (Classic)",65,true,242.0000,35352.2905,8805324,221919754,14797820887,20323535553,67598261480,21914175104
50,true,RFCluster,"3. VND NNI->ECR->SPR (Classic)",66,true,225.0000,27343.3980,4552187,316862608,3627355000,23394490259,47315750816,29544307472
50,true,RFCluster,"3. VND NNI->ECR->SPR (Classic)",67,true,259.0000,22922.1260,6727704,97666454,3202152862,19615451155,50653961936,25555777808
50,true,RFCluster,"3. VND NNI->ECR->SPR (Classic)",68,true,215.0000,23318.0891,4760021,325691568,3402190926,19585280662,49402969288,19979711680
50,true,RFCluster,"3. VND NNI->ECR->SPR (Classic)",69,true,222.0000,21317.8458,7207076,100087467,3208427414,18001975657,46994689856,20182699232
50,true,RFCluster,"3. VND NNI->ECR->SPR (Classic)",70,true,250.0000,22998.0271,4124554,288619150,3165926658,19539200050,50814890312,14805454392
50,true,RFCluster,"3. VND NNI->ECR->SPR (Classic)",71,true,215.0000,30867.4345,8896238,212299830,9759818739,20886198071,61047652592,15673853856
50,true,RFCluster,"3. VND NNI->ECR->SPR (Classic)",72,true,248.0000,32743.8133,5345624,256815152,11220463923,21260993965,65409665488,29513615024
50,true,RFCluster,"3. VND NNI->ECR->SPR (Classic)",73,true,225.0000,32660.5085,4349391,212264714,9985443230,22458272439,63985683168,18017515200
50,true,RFCluster,"3. VND NNI->ECR->SPR (Classic)",74,true,214.0000,33539.2315,5419645,264291658,13635900413,19633424388,66062564248,30571948640
50,true,RFCluster,"3. VND NNI->ECR->SPR (Classic)",75,true,229.0000,30377.5513,4500237,217640657,10569921708,19585292771,63251344824,33042722064
50,true,RFCluster,"3. VND NNI->ECR->SPR (Classic)",76,true,223.0000,23456.4477,2237405,114684414,3778471127,19560940812,51273010000,37021981936
50,true,RFCluster,"3. VND NNI->ECR->SPR (Classic)",77,true,223.0000,22464.7857,5633352,105359963,3442335590,18911327764,48836678888,35510611136
50,true,RFCluster,"3. VND NNI->ECR->SPR (Classic)",78,true,267.0000,31169.7737,6932413,460107813,10275871831,20426646786,62274640272,15567466176
50,true,RFCluster,"3. VND NNI->ECR->SPR (Classic)",79,true,252.0000,29840.1825,6511000,393796446,11221543606,18218091813,63380949032,15695472848
50,true,RFCluster,"3. VND NNI->ECR->SPR (Classic)",80,true,228.0000,26890.6897,6140296,392974513,9343115424,17148242348,58620713064,14951446720
50,true,RFCluster,"3. VND NNI->ECR->SPR (Classic)",81,true,241.0000,22910.1415,5540205,114390856,3873957344,18916118543,50098746912,15716958720
50,true,RFCluster,"3. VND NNI->ECR->SPR (Classic)",82,true,250.0000,33939.2811,9296588,275285163,12914050749,20740448713,60398115368,27715994816
50,true,RFCluster,"3. VND NNI->ECR->SPR (Classic)",83,true,247.0000,22572.4039,2274315,103995478,3069948877,19396070706,49467258456,28297573568
50,true,RFCluster,"3. VND NNI->ECR->SPR (Classic)",84,true,249.0000,23159.1099,2165999,106074963,3599482741,19451261116,50001126312,15766496960
50,true,RFCluster,"3. VND NNI->ECR->SPR (Classic)",85,true,251.0000,28783.8958,6922983,463796419,9986129624,18326819709,58696356272,19725784256
50,true,RFCluster,"3. VND NNI->ECR->SPR (Classic)",86,true,267.0000,22642.8538,5973700,114998061,3631072173,18890673097,48964139016,15695422656
50,true,RFCluster,"3. VND NNI->ECR->SPR (Classic)",87,true,212.0000,23515.4052,2240530,108198440,3604411124,19800441090,51733170912,14883639872
50,true,RFCluster,"3. VND NNI->ECR->SPR (Classic)",88,true,221.0000,27356.4832,7838075,201829540,9453896216,17692723259,58971760200,16089531488
50,true,RFCluster,"3. VND NNI->ECR->SPR (Classic)",89,true,265.0000,29948.0474,4554802,196158665,9052464184,20694690181,64439086392,15111438000
50,true,RFCluster,"3. VND NNI->ECR->SPR (Classic)",90,true,283.0000,22862.7606,2417047,111555626,3425634784,19323038099,49377553360,17682950864
50,true,RFCluster,"3. VND NNI->ECR->SPR (Classic)",91,true,235.0000,27982.0151,8130322,320334802,3469707517,24183639962,49558889448,27943574848
50,true,RFCluster,"3. VND NNI->ECR->SPR (Classic)",92,true,245.0000,23012.2402,2430493,109985480,3478600549,19421108388,49840430824,27370739168
50,true,RFCluster,"3. VND NNI->ECR->SPR (Classic)",93,true,260.0000,23359.6532,4574249,430359444,3806665762,19117882813,50193492512,29913171408
50,true,RFCluster,"3. VND NNI->ECR->SPR (Classic)",94,true,269.0000,25982.5750,2240481,116723032,3348725566,22514759071,50769721048,18297484992
50,true,RFCluster,"3. VND NNI->ECR->SPR (Classic)",95,true,258.0000,26707.1658,8177110,310348811,3163830842,23224636604,50603036136,22905701568
50,true,RFCluster,"3. VND NNI->ECR->SPR (Classic)",96,true,268.0000,25449.4831,3061111,153963864,4684629847,20607695152,53328031880,29881453584
50,true,RFCluster,"3. VND NNI->ECR->SPR (Classic)",97,true,251.0000,32978.3610,4505357,220613741,13371027151,19382003203,67365866328,28886578104
50,true,RFCluster,"3. VND NNI->ECR->SPR (Classic)",98,true,230.0000,35895.5062,6773261,521572786,13567646863,21799281514,66600900968,26213704384
50,true,RFCluster,"3. VND NNI->ECR->SPR (Classic)",99,true,239.0000,32912.6934,4678447,208095705,12403251260,20296463653,66683527824,21225905792
50,true,RFCluster,"3. VND NNI->ECR->SPR (Classic)",100,true,242.0000,30138.5787,8852375,209923772,10418557996,19501033493,64640090256,20308017672
50,true,RFCluster,"4. VND NNI->SPR (Classic)",1,true,258.0000,21195.0358,4334172,0,0,21190546882,46439849696,20711058656
50,true,RFCluster,"4. VND NNI->SPR (Classic)",2,true,254.0000,27130.3459,3082462,0,0,27127174806,47382834384,26442961448
50,true,RFCluster,"4. VND NNI->SPR (Classic)",3,true,233.0000,25190.5488,3108532,0,0,25187357221,46375387296,26747322880
50,true,RFCluster,"4. VND NNI->SPR (Classic)",4,true,236.0000,18857.1136,2278974,0,0,18854753642,42359480864,16768785664
50,true,RFCluster,"4. VND NNI->SPR (Classic)",5,true,277.0000,19137.7012,5385382,0,0,19132227391,43363013360,16875722576
50,true,RFCluster,"4. VND NNI->SPR (Classic)",6,true,241.0000,24363.5098,2277942,0,0,24361154332,44416371472,28099649568
50,true,RFCluster,"4. VND NNI->SPR (Classic)",7,true,223.0000,22962.5438,2144608,0,0,22960316916,45414031160,25608630496
50,true,RFCluster,"4. VND NNI->SPR (Classic)",8,true,219.0000,24212.8585,5564712,0,0,24207191225,43391340400,26502136872
50,true,RFCluster,"4. VND NNI->SPR (Classic)",9,true,234.0000,19279.7623,5777506,0,0,19273870928,43359600824,20778349536
50,true,RFCluster,"4. VND NNI->SPR (Classic)",10,true,260.0000,25225.3985,2299243,0,0,25223019810,45349730096,28812794968
50,true,RFCluster,"4. VND NNI->SPR (Classic)",11,true,243.0000,20666.5010,5619827,0,0,20660788154,43405989432,16432442568
50,true,RFCluster,"4. VND NNI->SPR (Classic)",12,true,232.0000,24521.9764,3329762,0,0,24518568097,44331647152,32256502656
50,true,RFCluster,"4. VND NNI->SPR (Classic)",13,true,265.0000,20819.8558,2446382,0,0,20817323710,46272059184,34126543408
50,true,RFCluster,"4. VND NNI->SPR (Classic)",14,true,231.0000,22251.8017,2392710,0,0,22249329487,44411217376,39277781712
50,true,RFCluster,"4. VND NNI->SPR (Classic)",15,true,210.0000,18038.6072,5717382,0,0,18032788053,40304495536,41627539864
50,true,RFCluster,"4. VND NNI->SPR (Classic)",16,true,266.0000,22561.2240,5739144,0,0,22555396583,46367877656,47193523520
50,true,RFCluster,"4. VND NNI->SPR (Classic)",17,true,240.0000,19245.1366,2101366,0,0,19242966077,43347091592,51663614184
50,true,RFCluster,"4. VND NNI->SPR (Classic)",18,true,261.0000,22525.7142,2265078,0,0,22523371540,47378533712,55810529808
50,true,RFCluster,"4. VND NNI->SPR (Classic)",19,true,233.0000,19906.5022,2350169,0,0,19904077151,45355156616,60038045392
50,true,RFCluster,"4. VND NNI->SPR (Classic)",20,true,236.0000,21409.9785,5689550,0,0,21404196949,45395999928,64774626128
50,true,RFCluster,"4. VND NNI->SPR (Classic)",21,true,251.0000,20335.0319,2468635,0,0,20332477828,45382752560,68383048832
50,true,RFCluster,"4. VND NNI->SPR (Classic)",22,true,249.0000,20106.1078,2275017,0,0,20103745601,43326513904,72668403128
50,true,RFCluster,"4. VND NNI->SPR (Classic)",23,true,251.0000,19425.5604,2386318,0,0,19423099157,43374822792,74586205680
50,true,RFCluster,"4. VND NNI->SPR (Classic)",24,true,211.0000,18050.2093,5558641,0,0,18044568348,39338889016,25761754256
50,true,RFCluster,"4. VND NNI->SPR (Classic)",25,true,292.0000,21117.7911,2455460,0,0,21115252939,47328126176,16727007408
50,true,RFCluster,"4. VND NNI->SPR (Classic)",26,true,267.0000,23101.8744,5857488,0,0,23095915012,44388657000,20113877552
50,true,RFCluster,"4. VND NNI->SPR (Classic)",27,true,244.0000,21585.1131,2176729,0,0,21582850548,46316088648,28771491584
50,true,RFCluster,"4. VND NNI->SPR (Classic)",28,true,258.0000,20639.9818,10505057,0,0,20629365389,41294441464,33089426688
50,true,RFCluster,"4. VND NNI->SPR (Classic)",29,true,239.0000,18335.1600,5525978,0,0,18329525066,42376010496,36519479648
50,true,RFCluster,"4. VND NNI->SPR (Classic)",30,true,271.0000,21808.8550,2479014,0,0,21806263782,44200929592,41701915800
50,true,RFCluster,"4. VND NNI->SPR (Classic)",31,true,218.0000,18476.8347,2269656,0,0,18474495620,42304054400,46509634352
50,true,RFCluster,"4. VND NNI->SPR (Classic)",32,true,243.0000,20793.2909,2172912,0,0,20791041100,43288988272,50202045184
50,true,RFCluster,"4. VND NNI->SPR (Classic)",33,true,234.0000,20000.1606,2265859,0,0,19997821769,45452273488,53344998544
50,true,RFCluster,"4. VND NNI->SPR (Classic)",34,true,252.0000,21397.3498,2252754,0,0,21395026967,45421436272,57627747504
50,true,RFCluster,"4. VND NNI->SPR (Classic)",35,true,240.0000,20154.4059,2174315,0,0,20152152991,45359780456,62529099472
50,true,RFCluster,"4. VND NNI->SPR (Classic)",36,true,239.0000,20798.2760,5845867,0,0,20792352324,45338408104,68190108496
50,true,RFCluster,"4. VND NNI->SPR (Classic)",37,true,238.0000,19986.0517,2317467,0,0,19983658896,45402898880,72199332096
50,true,RFCluster,"4. VND NNI->SPR (Classic)",38,true,221.0000,19487.5763,2224220,0,0,19485283641,43359536200,74278361584
50,true,RFCluster,"4. VND NNI->SPR (Classic)",39,true,267.0000,19525.0187,2054377,0,0,19522893782,44335750232,78255410760
50,true,RFCluster,"4. VND NNI->SPR (Classic)",40,true,217.0000,20903.8050,2404944,0,0,20901296224,45379488656,81025241072
50,true,RFCluster,"4. VND NNI->SPR (Classic)",41,true,256.0000,19858.8151,2041903,0,0,19856700943,43355077144,81918565912
50,true,RFCluster,"4. VND NNI->SPR (Classic)",42,true,241.0000,20487.6336,2252884,0,0,20485309944,46369320032,79597894640
50,true,RFCluster,"4. VND NNI->SPR (Classic)",43,true,244.0000,17781.5927,5456086,0,0,17776051274,40327987696,85125043184
50,true,RFCluster,"4. VND NNI->SPR (Classic)",44,true,257.0000,20089.9144,5668078,0,0,20084164097,45334428272,84936501568
50,true,RFCluster,"4. VND NNI->SPR (Classic)",45,true,231.0000,21150.9874,2245460,0,0,21148668165,45363750624,19572046832
50,true,RFCluster,"4. VND NNI->SPR (Classic)",46,true,231.0000,22163.2471,2428298,0,0,22160745580,45234936040,14937611864
50,true,RFCluster,"4. VND NNI->SPR (Classic)",47,true,223.0000,19736.0476,2146332,0,0,19733829167,41393363136,26677546480
50,true,RFCluster,"4. VND NNI->SPR (Classic)",48,true,228.0000,20550.7623,2063494,0,0,20548628806,45400087592,32340692400
50,true,RFCluster,"4. VND NNI->SPR (Classic)",49,true,248.0000,18264.7928,2378353,0,0,18262336329,41323944376,36182948992
50,true,RFCluster,"4. VND NNI->SPR (Classic)",50,true,224.0000,21548.7061,7023846,0,0,21541561660,43413605992,41177670984
50,true,RFCluster,"4. VND NNI->SPR (Classic)",51,true,236.0000,19062.7790,5592607,0,0,19057103723,43456489016,44899122808
50,true,RFCluster,"4. VND NNI->SPR (Classic)",52,true,267.0000,21711.5987,2159376,0,0,21709365903,44444127160,49781766280
50,true,RFCluster,"4. VND NNI->SPR (Classic)",53,true,266.0000,19821.8471,2199022,0,0,19819576461,44305924184,53397895352
50,true,RFCluster,"4. VND NNI->SPR (Classic)",54,true,261.0000,21996.0122,2223228,0,0,21993718305,46375776232,58575995696
50,true,RFCluster,"4. VND NNI->SPR (Classic)",55,true,276.0000,20356.3464,2309993,0,0,20353972128,46406713832,63235188080
50,true,RFCluster,"4. VND NNI->SPR (Classic)",56,true,278.0000,21510.2222,2233918,0,0,21507916308,46350119632,67885378616
50,true,RFCluster,"4. VND NNI->SPR (Classic)",57,true,205.0000,20852.2301,2302168,0,0,20849854185,46392967432,71314569120
50,true,RFCluster,"4. VND NNI->SPR (Classic)",58,true,218.0000,21944.2380,2236874,0,0,21941931092,47393256632,70152232464
50,true,RFCluster,"4. VND NNI->SPR (Classic)",59,true,229.0000,19153.5184,2210996,0,0,19151238386,43336146008,75148055536
50,true,RFCluster,"4. VND NNI->SPR (Classic)",60,true,282.0000,20704.6732,3081852,0,0,20701518429,46365901520,80564857176
50,true,RFCluster,"4. VND NNI->SPR (Classic)",61,true,223.0000,20174.3506,2326996,0,0,20171951336,44325386976,82038660656
50,true,RFCluster,"4. VND NNI->SPR (Classic)",62,true,269.0000,19973.6308,2323439,0,0,19971239408,45232279152,83661745776
50,true,RFCluster,"4. VND NNI->SPR (Classic)",63,true,230.0000,20196.0218,5931572,0,0,20190012517,45345985424,84279301616
50,true,RFCluster,"4. VND NNI->SPR (Classic)",64,true,250.0000,20222.7132,2285367,0,0,20220356777,45383068448,87338821104
50,true,RFCluster,"4. VND NNI->SPR (Classic)",65,true,245.0000,19240.7352,6427265,0,0,19234217599,43399848912,17394949104
50,true,RFCluster,"4. VND NNI->SPR (Classic)",66,true,227.0000,19261.6725,2255380,0,0,19259351799,41371211680,29180883312
50,true,RFCluster,"4. VND NNI->SPR (Classic)",67,true,259.0000,20393.3327,6619602,0,0,20386624126,44402595952,38946386576
50,true,RFCluster,"4. VND NNI->SPR (Classic)",68,true,214.0000,19838.0021,2483765,0,0,19835447736,44279406928,43947268312
50,true,RFCluster,"4. VND NNI->SPR (Classic)",69,true,222.0000,18086.2186,7429863,0,0,18078705347,40302651584,44571857216
50,true,RFCluster,"4. VND NNI->SPR (Classic)",70,true,250.0000,21355.1196,2257754,0,0,21352789972,45349442504,50082250224
50,true,RFCluster,"4. VND NNI->SPR (Classic)",71,true,218.0000,19276.7216,6822838,0,0,19269800853,43389066992,53289400816
50,true,RFCluster,"4. VND NNI->SPR (Classic)",72,true,251.0000,22167.2624,2318389,0,0,22164877512,46371808080,58543380856
50,true,RFCluster,"4. VND NNI->SPR (Classic)",73,true,228.0000,20034.0605,2083633,0,0,20031908817,45432256888,60868893248
50,true,RFCluster,"4. VND NNI->SPR (Classic)",74,true,216.0000,20487.7037,2183494,0,0,20485449272,43318398856,66009808424
50,true,RFCluster,"4. VND NNI->SPR (Classic)",75,true,231.0000,19696.6626,2152885,0,0,19694440545,44346985920,69220696088
50,true,RFCluster,"4. VND NNI->SPR (Classic)",76,true,223.0000,19744.5386,2314463,0,0,19742156566,44362346232,69432831376
50,true,RFCluster,"4. VND NNI->SPR (Classic)",77,true,223.0000,18771.0203,5854736,0,0,18765081834,42381924400,73388176880
50,true,RFCluster,"4. VND NNI->SPR (Classic)",78,true,270.0000,20463.9083,2193512,0,0,20461640095,45361522144,80370920840
50,true,RFCluster,"4. VND NNI->SPR (Classic)",79,true,257.0000,19821.0745,2180959,0,0,19818823574,44386977104,81420209040
50,true,RFCluster,"4. VND NNI->SPR (Classic)",80,true,231.0000,18296.3309,2065048,0,0,18294198478,41368218488,82644630736
50,true,RFCluster,"4. VND NNI->SPR (Classic)",81,true,241.0000,19074.0904,5389501,0,0,19068614113,43299030528,83412216304
50,true,RFCluster,"4. VND NNI->SPR (Classic)",82,true,249.0000,20518.6785,6030300,0,0,20512569217,45311999968,84634268072
50,true,RFCluster,"4. VND NNI->SPR (Classic)",83,true,247.0000,19100.3610,2243487,0,0,19098036919,43380448248,25341273856
50,true,RFCluster,"4. VND NNI->SPR (Classic)",84,true,249.0000,19080.5673,2211536,0,0,19078284687,43332321792,31560459968
50,true,RFCluster,"4. VND NNI->SPR (Classic)",85,true,237.0000,19392.3690,2202519,0,0,19390096314,43343951032,37238859296
50,true,RFCluster,"4. VND NNI->SPR (Classic)",86,true,267.0000,18614.2161,5845659,0,0,18608287954,42380461808,38319666952
50,true,RFCluster,"4. VND NNI->SPR (Classic)",87,true,212.0000,19654.2331,1995606,0,0,19652167134,44397522488,43299542160
50,true,RFCluster,"4. VND NNI->SPR (Classic)",88,true,223.0000,19120.8811,5369623,0,0,19115385712,41414833184,48673557632
50,true,RFCluster,"4. VND NNI->SPR (Classic)",89,true,259.0000,21286.4866,2285407,0,0,21284100175,46469770984,54516031120
50,true,RFCluster,"4. VND NNI->SPR (Classic)",90,true,283.0000,20036.1031,3190148,0,0,20032842487,43354695744,58917545576
50,true,RFCluster,"4. VND NNI->SPR (Classic)",91,true,235.0000,19789.3520,6007967,0,0,19783264499,43385847128,63082600448
50,true,RFCluster,"4. VND NNI->SPR (Classic)",92,true,245.0000,19814.7136,2387431,0,0,19812253729,43287119536,65754924944
50,true,RFCluster,"4. VND NNI->SPR (Classic)",93,true,262.0000,19827.1033,2473214,0,0,19824560398,44306371704,70282406312
50,true,RFCluster,"4. VND NNI->SPR (Classic)",94,true,269.0000,20332.4552,3160591,0,0,20329213127,44359081200,73789147552
50,true,RFCluster,"4. VND NNI->SPR (Classic)",95,true,247.0000,21573.7729,5723466,0,0,21567964227,46417867560,80575239848
50,true,RFCluster,"4. VND NNI->SPR (Classic)",96,true,268.0000,20249.8868,2015163,0,0,20247802168,46393669704,81089575168
50,true,RFCluster,"4. VND NNI->SPR (Classic)",97,true,255.0000,19682.8002,2185857,0,0,19680545080,43340965224,81876538512
50,true,RFCluster,"4. VND NNI->SPR (Classic)",98,true,225.0000,19954.0224,2190867,0,0,19951759842,45342429640,84273336480
50,true,RFCluster,"4. VND NNI->SPR (Classic)",99,true,248.0000,19828.4357,2192931,0,0,19826170651,44302008656,86552421520
50,true,RFCluster,"4. VND NNI->SPR (Classic)",100,true,240.0000,19410.7715,6487430,0,0,19404194279,44350686320,85764470512
50,true,RFCluster,"5. VND NNI->ECR->SPR (Inc)",1,true,269.0000,119.2638,210981,2112889,14286243,102079222,135769032,178758248
50,true,RFCluster,"5. VND NNI->ECR->SPR (Inc)",2,true,262.0000,87.8340,115460,834256,9713846,77078229,117660880,312975976
50,true,RFCluster,"5. VND NNI->ECR->SPR (Inc)",3,true,227.0000,70.9388,64813,1513890,2146934,67139124,101720976,413639272
50,true,RFCluster,"5. VND NNI->ECR->SPR (Inc)",4,true,231.0000,70.7634,106263,765836,8137417,61670051,125329960,514302568
50,true,RFCluster,"5. VND NNI->ECR->SPR (Inc)",5,true,290.0000,67.6810,113356,181395,2052464,65267574,99207208,614965864
50,true,RFCluster,"5. VND NNI->ECR->SPR (Inc)",6,true,224.0000,71.3686,98326,765565,5390253,65038238,118052160,749183592
50,true,RFCluster,"5. VND NNI->ECR->SPR (Inc)",7,true,244.0000,73.8237,110159,679602,6335892,66624645,125232384,883401320
50,true,RFCluster,"5. VND NNI->ECR->SPR (Inc)",8,true,296.0000,71.9946,84631,158381,1974326,69729721,105362696,984064616
50,true,RFCluster,"5. VND NNI->ECR->SPR (Inc)",9,true,251.0000,70.0293,133544,658312,6313559,62868701,117506264,1084727912
50,true,RFCluster,"5. VND NNI->ECR->SPR (Inc)",10,true,290.0000,76.3648,50846,486296,1885506,73898200,104054728,1185391208
50,true,RFCluster,"5. VND NNI->ECR->SPR (Inc)",11,true,261.0000,72.2537,79652,158111,1968444,70002820,103440280,1286054504
50,true,RFCluster,"5. VND NNI->ECR->SPR (Inc)",12,true,245.0000,71.3213,26220,166247,2049739,69037574,102565824,1386717800
50,true,RFCluster,"5. VND NNI->ECR->SPR (Inc)",13,true,233.0000,107.0377,92657,1173863,21725673,83983704,195194488,1588044392
50,true,RFCluster,"5. VND NNI->ECR->SPR (Inc)",14,true,237.0000,71.4100,26571,261307,1927886,69139198,102710200,1688707688
50,true,RFCluster,"5. VND NNI->ECR->SPR (Inc)",15,true,231.0000,66.9933,88689,210901,2084766,64557213,99366824,1789370984
50,true,RFCluster,"5. VND NNI->ECR->SPR (Inc)",16,true,253.0000,78.8467,127112,655647,12622920,65375289,149198216,1957143144
50,true,RFCluster,"5. VND NNI->ECR->SPR (Inc)",17,true,255.0000,72.4260,80023,680434,5906816,65684577,118862552,2057806440
50,true,RFCluster,"5. VND NNI->ECR->SPR (Inc)",18,true,248.0000,71.1166,22853,149625,1850670,69052142,102748952,2158469736
50,true,RFCluster,"5. VND NNI->ECR->SPR (Inc)",19,true,241.0000,71.8653,79801,643354,5677370,65405586,119902760,2292687464
50,true,RFCluster,"5. VND NNI->ECR->SPR (Inc)",20,true,234.0000,70.3108,109718,511423,2026505,67605370,104790624,2393350760
50,true,RFCluster,"5. VND NNI->ECR->SPR (Inc)",21,true,248.0000,73.1608,55526,320330,5786657,66949964,119785864,2527568488
50,true,RFCluster,"5. VND NNI->ECR->SPR (Inc)",22,true,243.0000,65.8504,51428,534206,2147495,63074171,98628024,2628231784
50,true,RFCluster,"5. VND NNI->ECR->SPR (Inc)",23,true,245.0000,80.2156,25529,158071,2135431,77854385,99327776,2695340648
50,true,RFCluster,"5. VND NNI->ECR->SPR (Inc)",24,true,198.0000,62.9881,93478,155946,2589535,60105375,90233208,2796003944
50,true,RFCluster,"5. VND NNI->ECR->SPR (Inc)",25,true,267.0000,70.5363,24547,157911,1865448,68450327,102636472,2896667240
50,true,RFCluster,"5. VND NNI->ECR->SPR (Inc)",26,true,255.0000,70.6982,107174,476977,1791137,68279463,101381512,2997330536
50,true,RFCluster,"5. VND NNI->ECR->SPR (Inc)",27,true,239.0000,78.1092,51528,308667,5270184,72431180,123746688,3131548264
50,true,RFCluster,"5. VND NNI->ECR->SPR (Inc)",28,true,255.0000,71.0076,104668,152480,1833878,68874044,102616296,3232211560
50,true,RFCluster,"5. VND NNI->ECR->SPR (Inc)",29,true,221.0000,73.4114,112103,305842,7436093,65506208,125886664,3366429288
50,true,RFCluster,"5. VND NNI->ECR->SPR (Inc)",30,true,287.0000,73.6395,25068,152871,1840240,71575963,104269496,3467092584
50,true,RFCluster,"5. VND NNI->ECR->SPR (Inc)",31,true,211.0000,67.9637,78981,635058,5866469,61329363,115199888,3567755880
50,true,RFCluster,"5. VND NNI->ECR->SPR (Inc)",32,true,246.0000,68.6902,22904,153532,1909472,66566905,100515760,3668419176
50,true,RFCluster,"5. VND NNI->ECR->SPR (Inc)",33,true,241.0000,70.1260,78600,620309,5443013,63936952,114864952,3802636904
50,true,RFCluster,"5. VND NNI->ECR->SPR (Inc)",34,true,247.0000,72.3442,51537,308447,6976420,64960259,120526832,3903300200
50,true,RFCluster,"5. VND NNI->ECR->SPR (Inc)",35,true,250.0000,73.3587,55905,310480,7497481,65451343,125969784,4037517928
50,true,RFCluster,"5. VND NNI->ECR->SPR (Inc)",36,true,234.0000,72.2832,113526,312515,7937097,63875426,126485056,4171735656
50,true,RFCluster,"5. VND NNI->ECR->SPR (Inc)",37,true,212.0000,73.7254,78790,628846,9159623,63807015,132358320,4305953384
50,true,RFCluster,"5. VND NNI->ECR->SPR (Inc)",38,true,221.0000,70.7070,23595,156658,1866400,68615662,102410136,4406616680
50,true,RFCluster,"5. VND NNI->ECR->SPR (Inc)",39,true,258.0000,68.7379,23234,157520,1897008,66602953,100488608,4507279976
50,true,RFCluster,"5. VND NNI->ECR->SPR (Inc)",40,true,246.0000,73.3910,81104,798279,5698579,66749533,121206424,4607943272
50,true,RFCluster,"5. VND NNI->ECR->SPR (Inc)",41,true,251.0000,68.5133,26400,162059,1963775,66320136,100995640,4708606568
50,true,RFCluster,"5. VND NNI->ECR->SPR (Inc)",42,true,257.0000,70.4528,55275,327302,5673452,64349708,114578032,4842824296
50,true,RFCluster,"5. VND NNI->ECR->SPR (Inc)",43,true,236.0000,65.9987,83318,137492,2029731,63704922,96902648,4943487592
50,true,RFCluster,"5. VND NNI->ECR->SPR (Inc)",44,true,280.0000,76.3874,136378,559515,7427178,68212535,129259712,5077705320
50,true,RFCluster,"5. VND NNI->ECR->SPR (Inc)",45,true,223.0000,74.0451,80323,590414,5981658,67337862,122336896,5178368616
50,true,RFCluster,"5. VND NNI->ECR->SPR (Inc)",46,true,213.0000,74.3130,86212,560977,13375141,60241334,148240528,5346140776
50,true,RFCluster,"5. VND NNI->ECR->SPR (Inc)",47,true,228.0000,62.8705,68581,398008,1633748,60729041,92261312,5413249640
50,true,RFCluster,"5. VND NNI->ECR->SPR (Inc)",48,true,245.0000,75.5564,56607,280173,6091737,69078453,126045192,5547467368
50,true,RFCluster,"5. VND NNI->ECR->SPR (Inc)",49,true,231.0000,69.3490,55876,560006,1965739,66717351,100529048,5648130664
50,true,RFCluster,"5. VND NNI->ECR->SPR (Inc)",50,true,242.0000,65.6610,113366,135188,1956952,63409911,99250752,5748793960
50,true,RFCluster,"5. VND NNI->ECR->SPR (Inc)",51,true,244.0000,66.8595,117663,393329,1768284,64533688,97063968,5849457256
50,true,RFCluster,"5. VND NNI->ECR->SPR (Inc)",52,true,237.0000,69.5690,24005,137342,1913910,67454994,103212136,5950120552
50,true,RFCluster,"5. VND NNI->ECR->SPR (Inc)",53,true,282.0000,75.0279,63300,274542,5393167,69249428,119424296,6084338280
50,true,RFCluster,"5. VND NNI->ECR->SPR (Inc)",54,true,254.0000,66.0972,56949,268771,5786477,59937707,111594072,6185001576
50,true,RFCluster,"5. VND NNI->ECR->SPR (Inc)",55,true,259.0000,74.5348,56518,260296,10795994,63370455,136573000,6319219304
50,true,RFCluster,"5. VND NNI->ECR->SPR (Inc)",56,true,292.0000,75.8034,26610,134636,1907458,73652242,106848952,6419882600
50,true,RFCluster,"5. VND NNI->ECR->SPR (Inc)",57,true,216.0000,74.7685,58191,296936,7703483,66644783,131287080,6554100328
50,true,RFCluster,"5. VND NNI->ECR->SPR (Inc)",58,true,219.0000,76.0359,54774,270454,7902972,67758943,132845752,6688318056
50,true,RFCluster,"5. VND NNI->ECR->SPR (Inc)",59,true,226.0000,77.7143,79801,583881,13168768,63828767,151993584,6856090216
50,true,RFCluster,"5. VND NNI->ECR->SPR (Inc)",60,true,264.0000,73.8248,48973,411384,1808951,71507212,105272592,6956753512
50,true,RFCluster,"5. VND NNI->ECR->SPR (Inc)",61,true,230.0000,68.4544,23986,143884,2087812,66157296,101399872,7057416808
50,true,RFCluster,"5. VND NNI->ECR->SPR (Inc)",62,true,264.0000,74.0113,49805,431050,1897048,71590491,103322560,7158080104
50,true,RFCluster,"5. VND NNI->ECR->SPR (Inc)",63,true,211.0000,64.7409,86375,139636,1982501,62495782,94710432,7258743400
50,true,RFCluster,"5. VND NNI->ECR->SPR (Inc)",64,true,269.0000,74.4283,54072,260987,7321096,66747409,127759280,7392961128
50,true,RFCluster,"5. VND NNI->ECR->SPR (Inc)",65,true,250.0000,75.2322,166124,423075,9693728,64896748,137855272,7527178856
50,true,RFCluster,"5. VND NNI->ECR->SPR (Inc)",66,true,213.0000,64.6402,49403,406924,1889604,62248762,95648512,7627842152
50,true,RFCluster,"5. VND NNI->ECR->SPR (Inc)",67,true,232.0000,68.7503,101513,137692,1870377,66601371,100800872,7728505448
50,true,RFCluster,"5. VND NNI->ECR->SPR (Inc)",68,true,210.0000,71.6377,50426,419688,1750901,69374005,102940888,7829168744
50,true,RFCluster,"5. VND NNI->ECR->SPR (Inc)",69,true,230.0000,61.6065,103716,132852,1900094,59427806,92745616,7896277608
50,true,RFCluster,"5. VND NNI->ECR->SPR (Inc)",70,true,252.0000,71.3934,50265,401814,1786097,69113710,105637128,8030495336
50,true,RFCluster,"5. VND NNI->ECR->SPR (Inc)",71,true,251.0000,70.2991,129776,262158,5447983,64416294,116923016,8131158632
50,true,RFCluster,"5. VND NNI->ECR->SPR (Inc)",72,true,241.0000,71.6620,57930,280053,5842382,65436044,118349824,8265376360
50,true,RFCluster,"5. VND NNI->ECR->SPR (Inc)",73,true,240.0000,76.1576,56878,275795,9633454,66147427,135784640,8399594088
50,true,RFCluster,"5. VND NNI->ECR->SPR (Inc)",74,true,223.0000,78.6498,80263,393549,8987796,69138456,139264608,8533811816
50,true,RFCluster,"5. VND NNI->ECR->SPR (Inc)",75,true,231.0000,68.7329,56016,304720,5847843,62478168,113661888,8634475112
50,true,RFCluster,"5. VND NNI->ECR->SPR (Inc)",76,true,247.0000,69.2217,23405,136059,1905214,67119776,103135976,8735138408
50,true,RFCluster,"5. VND NNI->ECR->SPR (Inc)",77,true,228.0000,70.0487,81595,138894,1864597,67926571,102860248,8835801704
50,true,RFCluster,"5. VND NNI->ECR->SPR (Inc)",78,true,270.0000,77.5871,83799,602236,7387382,69461612,130255544,8970019432
50,true,RFCluster,"5. VND NNI->ECR->SPR (Inc)",79,true,247.0000,77.9422,84680,535188,10519379,66755754,140914160,9104237160
50,true,RFCluster,"5. VND NNI->ECR->SPR (Inc)",80,true,262.0000,71.6755,75703,556177,5703238,65293924,121003800,9238454888
50,true,RFCluster,"5. VND NNI->ECR->SPR (Inc)",81,true,233.0000,68.7485,84760,136850,1957493,66530466,101126824,9339118184
50,true,RFCluster,"5. VND NNI->ECR->SPR (Inc)",82,true,257.0000,76.2753,111233,257660,5445318,70414504,121865472,9473335912
50,true,RFCluster,"5. VND NNI->ECR->SPR (Inc)",83,true,243.0000,72.1331,26410,137582,1832035,70096970,102054072,9573999208
50,true,RFCluster,"5. VND NNI->ECR->SPR (Inc)",84,true,232.0000,70.8161,31560,136189,1900765,68704762,102843904,9674662504
50,true,RFCluster,"5. VND NNI->ECR->SPR (Inc)",85,true,257.0000,70.2988,50827,429166,1772161,68002175,101239440,9775325800
50,true,RFCluster,"5. VND NNI->ECR->SPR (Inc)",86,true,277.0000,73.0155,82948,130849,1815282,70943350,104770872,9875989096
50,true,RFCluster,"5. VND NNI->ECR->SPR (Inc)",87,true,232.0000,65.5108,26731,154083,2046462,63243624,97161152,9976652392
50,true,RFCluster,"5. VND NNI->ECR->SPR (Inc)",88,true,244.0000,73.4171,113797,265395,5569203,67423114,118690296,10077315688
50,true,RFCluster,"5. VND NNI->ECR->SPR (Inc)",89,true,282.0000,76.1006,55737,260305,7380047,68362250,132364960,10211533416
50,true,RFCluster,"5. VND NNI->ECR->SPR (Inc)",90,true,277.0000,73.1915,22904,132151,1866962,71131618,102305016,10382575256
50,true,RFCluster,"5. VND NNI->ECR->SPR (Inc)",91,true,244.0000,69.4381,104447,434527,1945771,66907904,100020192,182027928
50,true,RFCluster,"5. VND NNI->ECR->SPR (Inc)",92,true,257.0000,66.4930,25038,136139,1916645,64379134,98936392,282691224
50,true,RFCluster,"5. VND NNI->ECR->SPR (Inc)",93,true,277.0000,74.6037,79711,702236,7883785,65887193,129662032,416908952
50,true,RFCluster,"5. VND NNI->ECR->SPR (Inc)",94,true,260.0000,74.9191,23524,133364,1854678,72872108,106667904,517572248
50,true,RFCluster,"5. VND NNI->ECR->SPR (Inc)",95,true,265.0000,70.2420,112403,401764,1745660,67941650,103586552,618235544
50,true,RFCluster,"5. VND NNI->ECR->SPR (Inc)",96,true,263.0000,70.8115,22893,136289,1975127,68639848,105339192,718898840
50,true,RFCluster,"5. VND NNI->ECR->SPR (Inc)",97,true,254.0000,75.2280,54824,290613,9428262,65409052,134824416,886671000
50,true,RFCluster,"5. VND NNI->ECR->SPR (Inc)",98,true,241.0000,74.2544,77889,552611,7862786,65714775,131511288,987334296
50,true,RFCluster,"5. VND NNI->ECR->SPR (Inc)",99,true,295.0000,105.5587,60175,260736,23210517,81983850,196460824,1188660888
50,true,RFCluster,"5. VND NNI->ECR->SPR (Inc)",100,true,234.0000,73.9627,134576,265214,5700262,67817363,122711056,1322878616
50,true,RFCluster,"6. VND NNI->SPR (Inc)",1,true,268.0000,72.3630,40898,0,0,72238843,97194448,78762288
50,true,RFCluster,"6. VND NNI->SPR (Inc)",2,true,260.0000,70.5185,25288,0,0,70458437,97458152,179425584
50,true,RFCluster,"6. VND NNI->SPR (Inc)",3,true,228.0000,68.5092,25479,0,0,68455899,95357832,280088880
50,true,RFCluster,"6. VND NNI->SPR (Inc)",4,true,230.0000,66.1693,23235,0,0,66122489,91083448,380752176
50,true,RFCluster,"6. VND NNI->SPR (Inc)",5,true,290.0000,65.2433,80924,0,0,65134331,88992848,481415472
50,true,RFCluster,"6. VND NNI->SPR (Inc)",6,true,224.0000,67.8338,21241,0,0,67787507,93316432,548524336
50,true,RFCluster,"6. VND NNI->SPR (Inc)",7,true,242.0000,68.9807,24307,0,0,68924330,97669112,649187632
50,true,RFCluster,"6. VND NNI->SPR (Inc)",8,true,296.0000,69.8383,82367,0,0,69717407,95346480,749850928
50,true,RFCluster,"6. VND NNI->SPR (Inc)",9,true,252.0000,65.3102,77818,0,0,65207089,88943256,850514224
50,true,RFCluster,"6. VND NNI->SPR (Inc)",10,true,290.0000,69.1928,22282,0,0,69146653,95301128,951177520
50,true,RFCluster,"6. VND NNI->SPR (Inc)",11,true,261.0000,68.1843,85272,0,0,68073912,93331344,1018286384
50,true,RFCluster,"6. VND NNI->SPR (Inc)",12,true,245.0000,68.8955,22533,0,0,68848926,92642584,1118949680
50,true,RFCluster,"6. VND NNI->SPR (Inc)",13,true,256.0000,71.2994,22733,0,0,71253570,95084800,1219612976
50,true,RFCluster,"6. VND NNI->SPR (Inc)",14,true,237.0000,68.7678,22362,0,0,68714781,93193344,1320276272
50,true,RFCluster,"6. VND NNI->SPR (Inc)",15,true,231.0000,64.4914,83018,0,0,64379084,88961688,1387385136
50,true,RFCluster,"6. VND NNI->SPR (Inc)",16,true,249.0000,68.8051,85943,0,0,68690545,93264280,1488048432
50,true,RFCluster,"6. VND NNI->SPR (Inc)",17,true,254.0000,68.4547,22232,0,0,68404160,93026056,1588711728
50,true,RFCluster,"6. VND NNI->SPR (Inc)",18,true,248.0000,68.9497,22583,0,0,68897058,93142904,1689375024
50,true,RFCluster,"6. VND NNI->SPR (Inc)",19,true,243.0000,68.6141,23244,0,0,68562452,95264624,1790038320
50,true,RFCluster,"6. VND NNI->SPR (Inc)",20,true,234.0000,69.0095,89451,0,0,68890185,95435248,1857147184
50,true,RFCluster,"6. VND NNI->SPR (Inc)",21,true,250.0000,68.1138,22523,0,0,68061118,93063464,1957810480
50,true,RFCluster,"6. VND NNI->SPR (Inc)",22,true,243.0000,64.0848,23284,0,0,64035410,88611240,2058473776
50,true,RFCluster,"6. VND NNI->SPR (Inc)",23,true,245.0000,64.1726,23014,0,0,64122315,88634664,2125582640
50,true,RFCluster,"6. VND NNI->SPR (Inc)",24,true,198.0000,57.8691,84451,0,0,57757219,80612560,2226245936
50,true,RFCluster,"6. VND NNI->SPR (Inc)",25,true,267.0000,68.1494,21811,0,0,68102316,92989520,2326909232
50,true,RFCluster,"6. VND NNI->SPR (Inc)",26,true,255.0000,69.3373,83489,0,0,69227125,93123400,2394018096
50,true,RFCluster,"6. VND NNI->SPR (Inc)",27,true,242.0000,73.4416,24096,0,0,73393200,99364536,2494681392
50,true,RFCluster,"6. VND NNI->SPR (Inc)",28,true,255.0000,68.7147,108175,0,0,68577860,93178512,2595344688
50,true,RFCluster,"6. VND NNI->SPR (Inc)",29,true,229.0000,66.2552,79001,0,0,66147467,91273624,2696007984
50,true,RFCluster,"6. VND NNI->SPR (Inc)",30,true,287.0000,71.0362,38203,0,0,70962847,94847192,2796671280
50,true,RFCluster,"6. VND NNI->SPR (Inc)",31,true,211.0000,64.0069,22052,0,0,63960929,88704464,2863780144
50,true,RFCluster,"6. VND NNI->SPR (Inc)",32,true,246.0000,65.9377,21922,0,0,65892242,90907424,2964443440
50,true,RFCluster,"6. VND NNI->SPR (Inc)",33,true,245.0000,66.5537,23034,0,0,66507873,90882744,3065106736
50,true,RFCluster,"6. VND NNI->SPR (Inc)",34,true,257.0000,64.3285,20890,0,0,64285446,86699032,3132215600
50,true,RFCluster,"6. VND NNI->SPR (Inc)",35,true,255.0000,68.1819,21762,0,0,68135329,93081496,3232878896
50,true,RFCluster,"6. VND NNI->SPR (Inc)",36,true,250.0000,67.3295,126651,0,0,67179530,93212200,3333542192
50,true,RFCluster,"6. VND NNI->SPR (Inc)",37,true,228.0000,69.5952,21460,0,0,69548717,95132280,3434205488
50,true,RFCluster,"6. VND NNI->SPR (Inc)",38,true,221.0000,68.4827,22332,0,0,68437253,92882128,3501314352
50,true,RFCluster,"6. VND NNI->SPR (Inc)",39,true,258.0000,66.4674,21421,0,0,66423663,90768232,3601977648
50,true,RFCluster,"6. VND NNI->SPR (Inc)",40,true,245.0000,71.3894,21190,0,0,71344844,97359624,3702640944
50,true,RFCluster,"6. VND NNI->SPR (Inc)",41,true,251.0000,65.8375,21701,0,0,65793093,91053296,3803304240
50,true,RFCluster,"6. VND NNI->SPR (Inc)",42,true,258.0000,66.5593,21832,0,0,66514486,91023912,3903967536
50,true,RFCluster,"6. VND NNI->SPR (Inc)",43,true,236.0000,63.3377,80353,0,0,63231291,86884264,3971076400
50,true,RFCluster,"6. VND NNI->SPR (Inc)",44,true,280.0000,72.2574,78178,0,0,72154884,97179936,4071739696
50,true,RFCluster,"6. VND NNI->SPR (Inc)",45,true,231.0000,70.4783,22483,0,0,70432668,95216512,4172402992
50,true,RFCluster,"6. VND NNI->SPR (Inc)",46,true,240.0000,68.6023,21771,0,0,68557542,92400584,4273066288
50,true,RFCluster,"6. VND NNI->SPR (Inc)",47,true,228.0000,62.2178,21771,0,0,62170944,84549360,4340175152
50,true,RFCluster,"6. VND NNI->SPR (Inc)",48,true,243.0000,70.2628,22092,0,0,70216287,97466272,4440838448
50,true,RFCluster,"6. VND NNI->SPR (Inc)",49,true,231.0000,69.2753,21050,0,0,69228899,92795864,4541501744
50,true,RFCluster,"6. VND NNI->SPR (Inc)",50,true,242.0000,62.8823,103917,0,0,62752380,89232928,4608610608
50,true,RFCluster,"6. VND NNI->SPR (Inc)",51,true,245.0000,65.4553,75093,0,0,65356644,89000728,4709273904
50,true,RFCluster,"6. VND NNI->SPR (Inc)",52,true,237.0000,67.2338,22492,0,0,67187947,93186960,4809937200
50,true,RFCluster,"6. VND NNI->SPR (Inc)",53,true,284.0000,70.5633,21160,0,0,70519924,95054584,4910600496
50,true,RFCluster,"6. VND NNI->SPR (Inc)",54,true,254.0000,62.8909,21951,0,0,62845367,86852992,4977709360
50,true,RFCluster,"6. VND NNI->SPR (Inc)",55,true,253.0000,67.4734,20679,0,0,67428674,88631104,5078372656
50,true,RFCluster,"6. VND NNI->SPR (Inc)",56,true,292.0000,73.4300,22112,0,0,73344917,96917800,5179035952
50,true,RFCluster,"6. VND NNI->SPR (Inc)",57,true,218.0000,67.3229,24707,0,0,67244825,95555248,5279699248
50,true,RFCluster,"6. VND NNI->SPR (Inc)",58,true,220.0000,68.4208,22032,0,0,68365346,95397800,5380362544
50,true,RFCluster,"6. VND NNI->SPR (Inc)",59,true,229.0000,68.7768,21981,0,0,68729268,93201376,5447471408
50,true,RFCluster,"6. VND NNI->SPR (Inc)",60,true,264.0000,73.0737,22934,0,0,73022675,97079720,5548134704
50,true,RFCluster,"6. VND NNI->SPR (Inc)",61,true,230.0000,65.9616,22012,0,0,65909325,91086472,5648798000
50,true,RFCluster,"6. VND NNI->SPR (Inc)",62,true,264.0000,72.7628,22633,0,0,72713166,94423728,5749461296
50,true,RFCluster,"6. VND NNI->SPR (Inc)",63,true,211.0000,62.2996,80794,0,0,62191833,84586848,5816570160
50,true,RFCluster,"6. VND NNI->SPR (Inc)",64,true,269.0000,68.9860,20509,0,0,68940420,95412456,5917233456
50,true,RFCluster,"6. VND NNI->SPR (Inc)",65,true,264.0000,67.6103,100441,0,0,67483298,93309744,6017896752
50,true,RFCluster,"6. VND NNI->SPR (Inc)",66,true,213.0000,63.2601,21320,0,0,63214700,86805648,6085005616
50,true,RFCluster,"6. VND NNI->SPR (Inc)",67,true,232.0000,66.2765,101273,0,0,66148780,91181496,6185668912
50,true,RFCluster,"6. VND NNI->SPR (Inc)",68,true,210.0000,70.8246,22974,0,0,70774268,94708864,6286332208
50,true,RFCluster,"6. VND NNI->SPR (Inc)",69,true,230.0000,59.2904,97566,0,0,59166469,82839128,6386995504
50,true,RFCluster,"6. VND NNI->SPR (Inc)",70,true,251.0000,70.6026,21832,0,0,70554731,97235104,6454104368
50,true,RFCluster,"6. VND NNI->SPR (Inc)",71,true,252.0000,65.3758,98628,0,0,65251002,91291296,6554767664
50,true,RFCluster,"6. VND NNI->SPR (Inc)",72,true,240.0000,66.7489,22463,0,0,66698045,91061816,6655430960
50,true,RFCluster,"6. VND NNI->SPR (Inc)",73,true,244.0000,69.3187,22413,0,0,69271940,93000448,6756094256
50,true,RFCluster,"6. VND NNI->SPR (Inc)",74,true,227.0000,71.0061,21471,0,0,70960783,94958440,6823203120
50,true,RFCluster,"6. VND NNI->SPR (Inc)",75,true,233.0000,63.5525,21881,0,0,63506685,86583608,6923866416
50,true,RFCluster,"6. VND NNI->SPR (Inc)",76,true,247.0000,66.9695,21540,0,0,66901772,93220392,7024529712
50,true,RFCluster,"6. VND NNI->SPR (Inc)",77,true,228.0000,67.6752,81225,0,0,67566296,93238208,7125193008
50,true,RFCluster,"6. VND NNI->SPR (Inc)",78,true,278.0000,73.0147,22253,0,0,72962470,96958472,7192301872
50,true,RFCluster,"6. VND NNI->SPR (Inc)",79,true,237.0000,67.1854,21842,0,0,67138042,90682400,7292965168
50,true,RFCluster,"6. VND NNI->SPR (Inc)",80,true,260.0000,67.9316,22012,0,0,67887909,95378392,7393628464
50,true,RFCluster,"6. VND NNI->SPR (Inc)",81,true,233.0000,66.4832,82577,0,0,66375180,91111024,7494291760
50,true,RFCluster,"6. VND NNI->SPR (Inc)",82,true,262.0000,71.6273,85553,0,0,71513574,97222712,7594955056
50,true,RFCluster,"6. VND NNI->SPR (Inc)",83,true,243.0000,69.8502,22182,0,0,69805776,92806880,7662063920
50,true,RFCluster,"6. VND NNI->SPR (Inc)",84,true,232.0000,68.5782,23265,0,0,68529588,93126640,7762727216
50,true,RFCluster,"6. VND NNI->SPR (Inc)",85,true,258.0000,69.3976,21561,0,0,69352674,92939592,7863390512
50,true,RFCluster,"6. VND NNI->SPR (Inc)",86,true,277.0000,70.5737,81245,0,0,70468336,95137200,7964053808
50,true,RFCluster,"6. VND NNI->SPR (Inc)",87,true,232.0000,62.8315,21371,0,0,62787065,86834280,8031162672
50,true,RFCluster,"6. VND NNI->SPR (Inc)",88,true,245.0000,68.6268,88699,0,0,68513678,93003320,8131825968
50,true,RFCluster,"6. VND NNI->SPR (Inc)",89,true,277.0000,69.4452,21601,0,0,69401156,97611344,8232489264
50,true,RFCluster,"6. VND NNI->SPR (Inc)",90,true,277.0000,69.6642,21380,0,0,69620153,92871016,8333152560
50,true,RFCluster,"6. VND NNI->SPR (Inc)",91,true,244.0000,68.0805,74040,0,0,67983260,90946320,8433815856
50,true,RFCluster,"6. VND NNI->SPR (Inc)",92,true,257.0000,63.8179,21932,0,0,63773692,89100512,8500924720
50,true,RFCluster,"6. VND NNI->SPR (Inc)",93,true,284.0000,68.6549,21761,0,0,68610382,93038936,8601588016
50,true,RFCluster,"6. VND NNI->SPR (Inc)",94,true,260.0000,72.1331,21581,0,0,72089259,97067288,8702251312
50,true,RFCluster,"6. VND NNI->SPR (Inc)",95,true,265.0000,69.1675,76275,0,0,69067342,95450560,8802914608
50,true,RFCluster,"6. VND NNI->SPR (Inc)",96,true,263.0000,68.2605,21692,0,0,68214279,95321688,8903577904
50,true,RFCluster,"6. VND NNI->SPR (Inc)",97,true,275.0000,68.8831,21942,0,0,68838686,92865320,8970686768
50,true,RFCluster,"6. VND NNI->SPR (Inc)",98,true,228.0000,64.5312,21120,0,0,64485025,91127624,9071350064
50,true,RFCluster,"6. VND NNI->SPR (Inc)",99,true,286.0000,71.4093,21601,0,0,71362707,97334896,9172013360
50,true,RFCluster,"6. VND NNI->SPR (Inc)",100,true,234.0000,69.3578,99430,0,0,69230442,95420064,9272676656
50,true,MC,"1. NNI (Classic)",1,false,Infinity,179.4816,0,0,0,0,87775928,78838832
50,true,MC,"1. NNI (Classic)",2,false,Infinity,86.8683,0,0,0,0,76662040,145947696
50,true,MC,"1. NNI (Classic)",3,false,Infinity,119.2480,0,0,0,0,105286688,280165424
50,true,MC,"1. NNI (Classic)",4,false,Infinity,85.3815,0,0,0,0,75851656,347274288
50,true,MC,"1. NNI (Classic)",5,false,Infinity,154.7946,0,0,0,0,117139592,447937584
50,true,MC,"1. NNI (Classic)",6,false,Infinity,107.1003,0,0,0,0,87318320,548600880
50,true,MC,"1. NNI (Classic)",7,false,Infinity,196.0532,0,0,0,0,171775616,716373040
50,true,MC,"1. NNI (Classic)",8,false,Infinity,144.9046,0,0,0,0,128969360,850590768
50,true,MC,"1. NNI (Classic)",9,false,Infinity,122.2894,0,0,0,0,105255472,951254064
50,true,MC,"1. NNI (Classic)",10,false,Infinity,125.1811,0,0,0,0,110842408,1051917360
50,true,MC,"1. NNI (Classic)",11,false,Infinity,85.8920,0,0,0,0,75852264,1152580656
50,true,MC,"1. NNI (Classic)",12,false,Infinity,73.6555,0,0,0,0,64200288,1186135088
50,true,MC,"1. NNI (Classic)",13,false,Infinity,185.6070,0,0,0,0,157171744,1353907248
50,true,MC,"1. NNI (Classic)",14,false,Infinity,118.8391,0,0,0,0,104454528,1454570544
50,true,MC,"1. NNI (Classic)",15,false,Infinity,60.7835,0,0,0,0,53191328,1521679408
50,true,MC,"1. NNI (Classic)",16,false,Infinity,67.2762,0,0,0,0,58848144,1588788272
50,true,MC,"1. NNI (Classic)",17,false,Infinity,126.0159,0,0,0,0,111201408,1689451568
50,true,MC,"1. NNI (Classic)",18,false,Infinity,125.3787,0,0,0,0,111156920,1790114864
50,true,MC,"1. NNI (Classic)",19,false,Infinity,111.5679,0,0,0,0,99462360,1890778160
50,true,MC,"1. NNI (Classic)",20,false,Infinity,179.4263,0,0,0,0,156315824,2058550320
50,true,MC,"1. NNI (Classic)",21,false,Infinity,189.0898,0,0,0,0,161983416,2226322480
50,true,MC,"1. NNI (Classic)",22,false,Infinity,73.0048,0,0,0,0,64156080,2293431344
50,true,MC,"1. NNI (Classic)",23,false,Infinity,93.2489,0,0,0,0,81517328,2360540208
50,true,MC,"1. NNI (Classic)",24,false,Infinity,112.1703,0,0,0,0,98865792,2461203504
50,true,MC,"1. NNI (Classic)",25,false,Infinity,189.7349,0,0,0,0,164413024,2628975664
50,true,MC,"1. NNI (Classic)",26,false,Infinity,186.7562,0,0,0,0,163514376,2796747824
50,true,MC,"1. NNI (Classic)",27,false,Infinity,218.4698,0,0,0,0,194549032,2998074416
50,true,MC,"1. NNI (Classic)",28,false,Infinity,117.5177,0,0,0,0,104517328,3098737712
50,true,MC,"1. NNI (Classic)",29,false,Infinity,145.2861,0,0,0,0,127698696,3232955440
50,true,MC,"1. NNI (Classic)",30,false,Infinity,100.3570,0,0,0,0,88034920,3300064304
50,true,MC,"1. NNI (Classic)",31,false,Infinity,119.1503,0,0,0,0,105532608,3400727600
50,true,MC,"1. NNI (Classic)",32,false,Infinity,127.0696,0,0,0,0,111065568,3534945328
50,true,MC,"1. NNI (Classic)",33,false,Infinity,186.1625,0,0,0,0,164273728,3669163056
50,true,MC,"1. NNI (Classic)",34,false,Infinity,134.8373,0,0,0,0,117455528,3803380784
50,true,MC,"1. NNI (Classic)",35,false,Infinity,171.7957,0,0,0,0,151770464,3971152944
50,true,MC,"1. NNI (Classic)",36,false,Infinity,108.7683,0,0,0,0,93297480,4038261808
50,true,MC,"1. NNI (Classic)",37,false,Infinity,169.7013,0,0,0,0,147408168,4206033968
50,true,MC,"1. NNI (Classic)",38,false,Infinity,120.8117,0,0,0,0,104992192,4306697264
50,true,MC,"1. NNI (Classic)",39,false,Infinity,122.2574,0,0,0,0,105668584,4407360560
50,true,MC,"1. NNI (Classic)",40,false,Infinity,171.7994,0,0,0,0,151139488,4541578288
50,true,MC,"1. NNI (Classic)",41,false,Infinity,127.4672,0,0,0,0,110975808,4675796016
50,true,MC,"1. NNI (Classic)",42,false,Infinity,113.7158,0,0,0,0,100313440,4776459312
50,true,MC,"1. NNI (Classic)",43,false,Infinity,209.2863,0,0,0,0,186171864,4944231472
50,true,MC,"1. NNI (Classic)",44,false,Infinity,138.4028,0,0,0,0,123263424,5078449200
50,true,MC,"1. NNI (Classic)",45,false,Infinity,160.4877,0,0,0,0,140032600,5212666928
50,true,MC,"1. NNI (Classic)",46,false,Infinity,106.2470,0,0,0,0,92981336,5313330224
50,true,MC,"1. NNI (Classic)",47,false,Infinity,147.9987,0,0,0,0,127977736,5447547952
50,true,MC,"1. NNI (Classic)",48,false,Infinity,242.5367,0,0,0,0,212216408,5648874544
50,true,MC,"1. NNI (Classic)",49,false,Infinity,128.5693,0,0,0,0,110299256,5749537840
50,true,MC,"1. NNI (Classic)",50,false,Infinity,144.3749,0,0,0,0,128143120,5883755568
50,true,MC,"1. NNI (Classic)",51,false,Infinity,134.3265,0,0,0,0,118586104,6017973296
50,true,MC,"1. NNI (Classic)",52,false,Infinity,94.8706,0,0,0,0,81876896,6085082160
50,true,MC,"1. NNI (Classic)",53,false,Infinity,125.8665,0,0,0,0,111603912,6185745456
50,true,MC,"1. NNI (Classic)",54,false,Infinity,93.5926,0,0,0,0,81652072,6286408752
50,true,MC,"1. NNI (Classic)",55,false,Infinity,121.8751,0,0,0,0,105173408,6387072048
50,true,MC,"1. NNI (Classic)",56,false,Infinity,139.5224,0,0,0,0,122039272,6521289776
50,true,MC,"1. NNI (Classic)",57,false,Infinity,180.6746,0,0,0,0,156945488,6655507504
50,true,MC,"1. NNI (Classic)",58,false,Infinity,123.4217,0,0,0,0,105847688,6789725232
50,true,MC,"1. NNI (Classic)",59,false,Infinity,93.9841,0,0,0,0,82101600,6856834096
50,true,MC,"1. NNI (Classic)",60,false,Infinity,139.8996,0,0,0,0,123255744,6991051824
50,true,MC,"1. NNI (Classic)",61,false,Infinity,104.7326,0,0,0,0,87899528,7058160688
50,true,MC,"1. NNI (Classic)",62,false,Infinity,187.4751,0,0,0,0,162746040,7225932848
50,true,MC,"1. NNI (Classic)",63,false,Infinity,178.2829,0,0,0,0,156404744,7393705008
50,true,MC,"1. NNI (Classic)",64,false,Infinity,118.7401,0,0,0,0,105486904,7494368304
50,true,MC,"1. NNI (Classic)",65,false,Infinity,146.8608,0,0,0,0,128464256,7628586032
50,true,MC,"1. NNI (Classic)",66,false,Infinity,161.1349,0,0,0,0,139806768,7762803760
50,true,MC,"1. NNI (Classic)",67,false,Infinity,89.9914,0,0,0,0,75714208,7829912624
50,true,MC,"1. NNI (Classic)",68,false,Infinity,139.8715,0,0,0,0,122445080,7964130352
50,true,MC,"1. NNI (Classic)",69,false,Infinity,121.6643,0,0,0,0,105535032,8064793648
50,true,MC,"1. NNI (Classic)",70,false,Infinity,144.1618,0,0,0,0,127932072,8199011376
50,true,MC,"1. NNI (Classic)",71,false,Infinity,105.7980,0,0,0,0,93522104,8299674672
50,true,MC,"1. NNI (Classic)",72,false,Infinity,113.1624,0,0,0,0,99099976,8400337968
50,true,MC,"1. NNI (Classic)",73,false,Infinity,107.0083,0,0,0,0,93522928,8467446832
50,true,MC,"1. NNI (Classic)",74,false,Infinity,139.8237,0,0,0,0,122300840,8601664560
50,true,MC,"1. NNI (Classic)",75,false,Infinity,134.5897,0,0,0,0,117632880,8702327856
50,true,MC,"1. NNI (Classic)",76,false,Infinity,61.0615,0,0,0,0,53225016,8769436720
50,true,MC,"1. NNI (Classic)",77,false,Infinity,149.4095,0,0,0,0,128021288,8903654448
50,true,MC,"1. NNI (Classic)",78,false,Infinity,141.4185,0,0,0,0,121993736,9037872176
50,true,MC,"1. NNI (Classic)",79,false,Infinity,153.4237,0,0,0,0,133463200,9172089904
50,true,MC,"1. NNI (Classic)",80,false,Infinity,125.6820,0,0,0,0,111020096,9272753200
50,true,MC,"1. NNI (Classic)",81,false,Infinity,154.1029,0,0,0,0,134498832,9406970928
50,true,MC,"1. NNI (Classic)",82,false,Infinity,159.1233,0,0,0,0,135037360,9541188656
50,true,MC,"1. NNI (Classic)",83,false,Infinity,100.2302,0,0,0,0,87675656,9608297520
50,true,MC,"1. NNI (Classic)",84,false,Infinity,130.0305,0,0,0,0,111020352,9742515248
50,true,MC,"1. NNI (Classic)",85,false,Infinity,148.1783,0,0,0,0,128202264,9876732976
50,true,MC,"1. NNI (Classic)",86,false,Infinity,135.9974,0,0,0,0,117360968,9977396272
50,true,MC,"1. NNI (Classic)",87,false,Infinity,79.8931,0,0,0,0,70180896,10044505136
50,true,MC,"1. NNI (Classic)",88,false,Infinity,118.9909,0,0,0,0,105217776,10145168432
50,true,MC,"1. NNI (Classic)",89,false,Infinity,161.9729,0,0,0,0,140436752,10348139456
50,true,MC,"1. NNI (Classic)",90,false,Infinity,151.6236,0,0,0,0,133689424,181146560
50,true,MC,"1. NNI (Classic)",91,false,Infinity,143.0969,0,0,0,0,121860776,281809856
50,true,MC,"1. NNI (Classic)",92,false,Infinity,105.3190,0,0,0,0,93837704,382473152
50,true,MC,"1. NNI (Classic)",93,false,Infinity,118.5601,0,0,0,0,105038576,483136448
50,true,MC,"1. NNI (Classic)",94,false,Infinity,146.6819,0,0,0,0,129239728,617354176
50,true,MC,"1. NNI (Classic)",95,false,Infinity,107.0336,0,0,0,0,93837136,718017472
50,true,MC,"1. NNI (Classic)",96,false,Infinity,85.3164,0,0,0,0,75759440,785126336
50,true,MC,"1. NNI (Classic)",97,false,Infinity,132.8358,0,0,0,0,117002376,885789632
50,true,MC,"1. NNI (Classic)",98,false,Infinity,98.6033,0,0,0,0,87451592,986452928
50,true,MC,"1. NNI (Classic)",99,false,Infinity,140.3821,0,0,0,0,123119816,1120670656
50,true,MC,"1. NNI (Classic)",100,false,Infinity,121.5609,0,0,0,0,105309088,1221333952
50,true,MC,"2. NNI (Incremental)",1,false,Infinity,8.7920,0,0,0,0,9459712,12069288
50,true,MC,"2. NNI (Incremental)",2,false,Infinity,4.3620,0,0,0,0,6473848,12069288
50,true,MC,"2. NNI (Incremental)",3,false,Infinity,5.5037,0,0,0,0,10529648,45623720
50,true,MC,"2. NNI (Incremental)",4,false,Infinity,3.8236,0,0,0,0,7052568,45623720
50,true,MC,"2. NNI (Incremental)",5,false,Infinity,6.0682,0,0,0,0,11691400,45623720
50,true,MC,"2. NNI (Incremental)",6,false,Infinity,5.1879,0,0,0,0,8861448,79178152
50,true,MC,"2. NNI (Incremental)",7,false,Infinity,6.3259,0,0,0,0,12923408,79178152
50,true,MC,"2. NNI (Incremental)",8,false,Infinity,7.9759,0,0,0,0,15827032,79178152
50,true,MC,"2. NNI (Incremental)",9,false,Infinity,7.0950,0,0,0,0,14589088,112732584
50,true,MC,"2. NNI (Incremental)",10,false,Infinity,8.5779,0,0,0,0,15879152,112732584
50,true,MC,"2. NNI (Incremental)",11,false,Infinity,1.8607,0,0,0,0,5554920,146287016
50,true,MC,"2. NNI (Incremental)",12,false,Infinity,1.5654,0,0,0,0,4714616,146287016
50,true,MC,"2. NNI (Incremental)",13,false,Infinity,3.2040,0,0,0,0,10604584,146287016
50,true,MC,"2. NNI (Incremental)",14,false,Infinity,1.9594,0,0,0,0,6402280,146287016
50,true,MC,"2. NNI (Incremental)",15,false,Infinity,1.2758,0,0,0,0,3873472,146287016
50,true,MC,"2. NNI (Incremental)",16,false,Infinity,1.4593,0,0,0,0,4713272,146287016
50,true,MC,"2. NNI (Incremental)",17,false,Infinity,2.4363,0,0,0,0,8504776,179841448
50,true,MC,"2. NNI (Incremental)",18,false,Infinity,2.3032,0,0,0,0,8504216,179841448
50,true,MC,"2. NNI (Incremental)",19,false,Infinity,2.0176,0,0,0,0,7240176,179841448
50,true,MC,"2. NNI (Incremental)",20,false,Infinity,2.9038,0,0,0,0,10164944,179841448
50,true,MC,"2. NNI (Incremental)",21,false,Infinity,2.3265,0,0,0,0,7654672,213395880
50,true,MC,"2. NNI (Incremental)",22,false,Infinity,1.7114,0,0,0,0,5962024,213395880
50,true,MC,"2. NNI (Incremental)",23,false,Infinity,2.3930,0,0,0,0,8073872,213395880
50,true,MC,"2. NNI (Incremental)",24,false,Infinity,2.1098,0,0,0,0,7240064,213395880
50,true,MC,"2. NNI (Incremental)",25,false,Infinity,3.0445,0,0,0,0,10592656,246950312
50,true,MC,"2. NNI (Incremental)",26,false,Infinity,2.5264,0,0,0,0,9338640,246950312
50,true,MC,"2. NNI (Incremental)",27,false,Infinity,3.5466,0,0,0,0,13177424,246950312
50,true,MC,"2. NNI (Incremental)",28,false,Infinity,2.3358,0,0,0,0,8150456,280504744
50,true,MC,"2. NNI (Incremental)",29,false,Infinity,2.6362,0,0,0,0,9414384,280504744
50,true,MC,"2. NNI (Incremental)",30,false,Infinity,1.7948,0,0,0,0,6474328,280504744
50,true,MC,"2. NNI (Incremental)",31,false,Infinity,2.1983,0,0,0,0,8154824,280504744
50,true,MC,"2. NNI (Incremental)",32,false,Infinity,2.5326,0,0,0,0,8993224,314059176
50,true,MC,"2. NNI (Incremental)",33,false,Infinity,2.9714,0,0,0,0,11102216,314059176
50,true,MC,"2. NNI (Incremental)",34,false,Infinity,2.8418,0,0,0,0,9842992,314059176
50,true,MC,"2. NNI (Incremental)",35,false,Infinity,2.5960,0,0,0,0,9836736,347613608
50,true,MC,"2. NNI (Incremental)",36,false,Infinity,1.8019,0,0,0,0,6462552,347613608
50,true,MC,"2. NNI (Incremental)",37,false,Infinity,2.2609,0,0,0,0,8571664,347613608
50,true,MC,"2. NNI (Incremental)",38,false,Infinity,1.7640,0,0,0,0,6464040,347613608
50,true,MC,"2. NNI (Incremental)",39,false,Infinity,2.1810,0,0,0,0,8147328,347613608
50,true,MC,"2. NNI (Incremental)",40,false,Infinity,2.6818,0,0,0,0,9409880,381168040
50,true,MC,"2. NNI (Incremental)",41,false,Infinity,2.0651,0,0,0,0,7721784,381168040
50,true,MC,"2. NNI (Incremental)",42,false,Infinity,1.8347,0,0,0,0,6890200,381168040
50,true,MC,"2. NNI (Incremental)",43,false,Infinity,3.1103,0,0,0,0,11923840,381168040
50,true,MC,"2. NNI (Incremental)",44,false,Infinity,2.2860,0,0,0,0,8992328,414722472
50,true,MC,"2. NNI (Incremental)",45,false,Infinity,2.2020,0,0,0,0,7725080,414722472
50,true,MC,"2. NNI (Incremental)",46,false,Infinity,2.0818,0,0,0,0,6879400,414722472
50,true,MC,"2. NNI (Incremental)",47,false,Infinity,2.6680,0,0,0,0,9408968,414722472
50,true,MC,"2. NNI (Incremental)",48,false,Infinity,2.4725,0,0,0,0,8985160,448276904
50,true,MC,"2. NNI (Incremental)",49,false,Infinity,1.8772,0,0,0,0,6884728,448276904
50,true,MC,"2. NNI (Incremental)",50,false,Infinity,2.3956,0,0,0,0,8985536,448276904
50,true,MC,"2. NNI (Incremental)",51,false,Infinity,2.5778,0,0,0,0,9351232,448276904
50,true,MC,"2. NNI (Incremental)",52,false,Infinity,1.9222,0,0,0,0,7306160,481831336
50,true,MC,"2. NNI (Incremental)",53,false,Infinity,2.5961,0,0,0,0,8987448,481831336
50,true,MC,"2. NNI (Incremental)",54,false,Infinity,1.5720,0,0,0,0,5973008,481831336
50,true,MC,"2. NNI (Incremental)",55,false,Infinity,2.0827,0,0,0,0,7656400,481831336
50,true,MC,"2. NNI (Incremental)",56,false,Infinity,3.3541,0,0,0,0,11848304,515385768
50,true,MC,"2. NNI (Incremental)",57,false,Infinity,3.3093,0,0,0,0,11423112,515385768
50,true,MC,"2. NNI (Incremental)",58,false,Infinity,1.6159,0,0,0,0,5972104,515385768
50,true,MC,"2. NNI (Incremental)",59,false,Infinity,2.1950,0,0,0,0,8073536,515385768
50,true,MC,"2. NNI (Incremental)",60,false,Infinity,2.3138,0,0,0,0,8921456,548940200
50,true,MC,"2. NNI (Incremental)",61,false,Infinity,1.7324,0,0,0,0,5969632,548940200
50,true,MC,"2. NNI (Incremental)",62,false,Infinity,2.9506,0,0,0,0,11017896,548940200
50,true,MC,"2. NNI (Incremental)",63,false,Infinity,2.9282,0,0,0,0,10579352,582494632
50,true,MC,"2. NNI (Incremental)",64,false,Infinity,2.5447,0,0,0,0,9333264,582494632
50,true,MC,"2. NNI (Incremental)",65,false,Infinity,2.0927,0,0,0,0,8069208,582494632
50,true,MC,"2. NNI (Incremental)",66,false,Infinity,2.5953,0,0,0,0,9334816,582494632
50,true,MC,"2. NNI (Incremental)",67,false,Infinity,1.4785,0,0,0,0,5554480,616049064
50,true,MC,"2. NNI (Incremental)",68,false,Infinity,2.3819,0,0,0,0,8922008,616049064
50,true,MC,"2. NNI (Incremental)",69,false,Infinity,1.5878,0,0,0,0,5978656,616049064
50,true,MC,"2. NNI (Incremental)",70,false,Infinity,2.2681,0,0,0,0,8918648,616049064
50,true,MC,"2. NNI (Incremental)",71,false,Infinity,2.6201,0,0,0,0,8914344,649603496
50,true,MC,"2. NNI (Incremental)",72,false,Infinity,1.9860,0,0,0,0,6812176,649603496
50,true,MC,"2. NNI (Incremental)",73,false,Infinity,1.8488,0,0,0,0,6389024,649603496
50,true,MC,"2. NNI (Incremental)",74,false,Infinity,2.4931,0,0,0,0,8916904,649603496
50,true,MC,"2. NNI (Incremental)",75,false,Infinity,1.9397,0,0,0,0,6813304,649603496
50,true,MC,"2. NNI (Incremental)",76,false,Infinity,2.3499,0,0,0,0,8071920,683157928
50,true,MC,"2. NNI (Incremental)",77,false,Infinity,2.7065,0,0,0,0,10181912,683157928
50,true,MC,"2. NNI (Incremental)",78,false,Infinity,2.1282,0,0,0,0,8074144,683157928
50,true,MC,"2. NNI (Incremental)",79,false,Infinity,2.1146,0,0,0,0,7651776,683157928
50,true,MC,"2. NNI (Incremental)",80,false,Infinity,2.0526,0,0,0,0,7654568,716712360
50,true,MC,"2. NNI (Incremental)",81,false,Infinity,2.9770,0,0,0,0,10595400,716712360
50,true,MC,"2. NNI (Incremental)",82,false,Infinity,2.5514,0,0,0,0,8923488,716712360
50,true,MC,"2. NNI (Incremental)",83,false,Infinity,2.3521,0,0,0,0,8493328,716712360
50,true,MC,"2. NNI (Incremental)",84,false,Infinity,2.1304,0,0,0,0,7654256,750266792
50,true,MC,"2. NNI (Incremental)",85,false,Infinity,2.6693,0,0,0,0,9753552,750266792
50,true,MC,"2. NNI (Incremental)",86,false,Infinity,1.9848,0,0,0,0,7230832,750266792
50,true,MC,"2. NNI (Incremental)",87,false,Infinity,1.4130,0,0,0,0,4706624,750266792
50,true,MC,"2. NNI (Incremental)",88,false,Infinity,2.1772,0,0,0,0,7662400,783821224
50,true,MC,"2. NNI (Incremental)",89,false,Infinity,2.6728,0,0,0,0,10179464,783821224
50,true,MC,"2. NNI (Incremental)",90,false,Infinity,2.8302,0,0,0,0,10178008,783821224
50,true,MC,"2. NNI (Incremental)",91,false,Infinity,2.7497,0,0,0,0,9326552,783821224
50,true,MC,"2. NNI (Incremental)",92,false,Infinity,1.8571,0,0,0,0,6807024,817375656
50,true,MC,"2. NNI (Incremental)",93,false,Infinity,2.2176,0,0,0,0,7655472,817375656
50,true,MC,"2. NNI (Incremental)",94,false,Infinity,2.2986,0,0,0,0,8926272,817375656
50,true,MC,"2. NNI (Incremental)",95,false,Infinity,2.0640,0,0,0,0,7239536,817375656
50,true,MC,"2. NNI (Incremental)",96,false,Infinity,1.5994,0,0,0,0,5552432,850930088
50,true,MC,"2. NNI (Incremental)",97,false,Infinity,2.2749,0,0,0,0,8070512,850930088
50,true,MC,"2. NNI (Incremental)",98,false,Infinity,1.9233,0,0,0,0,6808368,850930088
50,true,MC,"2. NNI (Incremental)",99,false,Infinity,2.5745,0,0,0,0,9341224,850930088
50,true,MC,"2. NNI (Incremental)",100,false,Infinity,2.1684,0,0,0,0,7651848,884484520
50,true,MC,"3. VND NNI->ECR->SPR (Classic)",1,true,174.0000,137813.3075,127364278,4807371870,123320849828,9556667807,246663900544,14439120200
50,true,MC,"3. VND NNI->ECR->SPR (Classic)",2,true,229.0000,146911.2651,110011791,2788849587,127220754562,16790924784,266071431240,19324156744
50,true,MC,"3. VND NNI->ECR->SPR (Classic)",3,true,161.0000,154156.5100,142626208,2798819170,142445053545,8769268660,264370389400,19383004152
50,true,MC,"3. VND NNI->ECR->SPR (Classic)",4,true,165.0000,156379.6031,107560782,2625455682,142244155456,11401763119,259896687584,26184960984
50,true,MC,"3. VND NNI->ECR->SPR (Classic)",5,true,196.0000,152589.2297,156151922,4404658824,133961203488,14066405227,267567985424,19827547688
50,true,MC,"3. VND NNI->ECR->SPR (Classic)",6,true,196.0000,118864.9927,120951851,2746736943,100077185027,15919491037,212278716648,19172669272
50,true,MC,"3. VND NNI->ECR->SPR (Classic)",7,true,156.0000,171626.2439,216794412,5087679079,162058316432,4262453971,311063360472,25808215864
50,true,MC,"3. VND NNI->ECR->SPR (Classic)",8,true,180.0000,212392.1209,165140552,4360614460,198335558971,9529858777,352550758232,20998635216
50,true,MC,"3. VND NNI->ECR->SPR (Classic)",9,true,190.0000,130672.6207,143249631,5431527218,113831525088,11265424194,236506842768,25960048920
50,true,MC,"3. VND NNI->ECR->SPR (Classic)",10,true,202.0000,94440.1303,146468744,6782963198,77047501101,10462439045,158322763696,16465214456
50,true,MC,"3. VND NNI->ECR->SPR (Classic)",11,true,221.0000,105173.9140,107337342,6718505915,82494423411,15852849132,180252535152,18505919480
50,true,MC,"3. VND NNI->ECR->SPR (Classic)",12,true,181.0000,188991.0005,94512541,4828120482,172056475363,12010980235,303387201728,20815451896
50,true,MC,"3. VND NNI->ECR->SPR (Classic)",13,true,199.0000,204970.0294,203753730,1533217823,186774325810,16457974989,309062027024,29372568056
50,true,MC,"3. VND NNI->ECR->SPR (Classic)",14,true,185.0000,173849.6643,138936257,1707420327,157997339389,14005272473,301881541912,20224821752
50,true,MC,"3. VND NNI->ECR->SPR (Classic)",15,true,180.0000,169442.1547,83445913,4163784639,155642046372,9552025337,280510914128,26309474296
50,true,MC,"3. VND NNI->ECR->SPR (Classic)",16,true,225.0000,111241.1353,89127009,4075310331,89206111323,17869787094,196386953064,19124487672
50,true,MC,"3. VND NNI->ECR->SPR (Classic)",17,true,193.0000,171224.3939,147674884,4307036892,154845944932,11922913367,297285878960,19826744880
50,true,MC,"3. VND NNI->ECR->SPR (Classic)",18,true,205.0000,86274.7647,146906410,7890146959,64930880229,13306061949,150620875168,21534029424
50,true,MC,"3. VND NNI->ECR->SPR (Classic)",19,true,225.0000,109988.5512,132604107,3813230147,90268563068,15773530145,192297434088,29179020872
50,true,MC,"3. VND NNI->ECR->SPR (Classic)",20,true,176.0000,169915.6059,198770799,5239321635,158475203843,6001464254,278997820168,18160273480
50,true,MC,"3. VND NNI->ECR->SPR (Classic)",21,true,209.0000,86988.2154,209546693,6750038416,68623062084,11404745618,137578792744,17633202680
50,true,MC,"3. VND NNI->ECR->SPR (Classic)",22,true,214.0000,71012.4472,94671339,4052242848,45685290756,21179771900,118293057544,18176264184
50,true,MC,"3. VND NNI->ECR->SPR (Classic)",23,true,170.0000,176364.1564,114574671,2946298731,162915289503,10387311017,294967515920,26088139768
50,true,MC,"3. VND NNI->ECR->SPR (Classic)",24,true,169.0000,207082.7270,132699884,2008351383,195290593349,9650346597,361325810048,21101979744
50,true,MC,"3. VND NNI->ECR->SPR (Classic)",25,true,199.0000,148968.8305,211787560,3471782026,128074447182,17210169013,231003114088,19923959032
50,true,MC,"3. VND NNI->ECR->SPR (Classic)",26,true,205.0000,136573.7890,208176063,2821768889,118702120757,14841068684,218172783624,29546305120
50,true,MC,"3. VND NNI->ECR->SPR (Classic)",27,true,209.0000,119019.4249,241204802,5175095304,103107837456,10494563791,210494610624,17017374304
50,true,MC,"3. VND NNI->ECR->SPR (Classic)",28,true,183.0000,191047.1334,138129498,6741013710,176361973494,7805163403,315139583512,20378369632
50,true,MC,"3. VND NNI->ECR->SPR (Classic)",29,true,180.0000,115740.9541,167440323,1352660223,99439529206,14780773295,211464361480,19102408800
50,true,MC,"3. VND NNI->ECR->SPR (Classic)",30,true,194.0000,187643.0244,121391089,8068867766,171782637916,7669199024,288142109400,29126028768
50,true,MC,"3. VND NNI->ECR->SPR (Classic)",31,true,189.0000,134916.0924,141631904,2869031432,118716837407,13187953318,237308186856,19388276192
50,true,MC,"3. VND NNI->ECR->SPR (Classic)",32,true,208.0000,220606.8847,149140313,2796202229,203772974815,13887792666,377806232032,26386367072
50,true,MC,"3. VND NNI->ECR->SPR (Classic)",33,true,213.0000,114975.1469,206664250,6533681803,98684219946,9549804459,197345430040,14145524320
50,true,MC,"3. VND NNI->ECR->SPR (Classic)",34,true,219.0000,87224.5253,158331355,4630573768,62961647528,19473396202,144628786200,17551847520
50,true,MC,"3. VND NNI->ECR->SPR (Classic)",35,true,185.0000,137611.2912,192747554,3594998427,121514039931,12308846667,240033343992,19048023136
50,true,MC,"3. VND NNI->ECR->SPR (Classic)",36,true,206.0000,145029.7144,131132812,2070829120,126139089525,16688014364,261087310192,26331359704
50,true,MC,"3. VND NNI->ECR->SPR (Classic)",37,true,199.0000,148481.3865,190688256,3040541819,132090465542,13158896411,265031851200,19746103592
50,true,MC,"3. VND NNI->ECR->SPR (Classic)",38,true,208.0000,60913.2315,141509134,4841569254,39091557421,16838023610,102217350624,17999515432
50,true,MC,"3. VND NNI->ECR->SPR (Classic)",39,false,Infinity,78207.8998,149737161,4301151357,57722524647,16033905063,137929906744,21158558784
50,true,MC,"3. VND NNI->ECR->SPR (Classic)",40,true,194.0000,129743.2914,193138587,4989144015,112414645739,12145644696,209667453704,29367209056
50,true,MC,"3. VND NNI->ECR->SPR (Classic)",41,true,185.0000,195311.2020,149455036,2697041989,183737563000,8726383801,349007802864,19588829280
50,true,MC,"3. VND NNI->ECR->SPR (Classic)",42,true,206.0000,168859.1928,134849105,2630044359,150987117763,15106493676,292802003128,20864301664
50,true,MC,"3. VND NNI->ECR->SPR (Classic)",43,false,Infinity,132297.5056,237856435,3206126025,121872798348,6979940695,239732532568,25980293248
50,true,MC,"3. VND NNI->ECR->SPR (Classic)",44,true,196.0000,159393.1460,161233942,2704374063,145943981477,10582830453,282119475424,19562020960
50,true,MC,"3. VND NNI->ECR->SPR (Classic)",45,true,213.0000,137660.2140,182562993,4613282404,119682124492,13181465431,225765671832,19353056952
50,true,MC,"3. VND NNI->ECR->SPR (Classic)",46,true,185.0000,133597.5679,138708686,2735437868,117550872236,13171963180,226738219352,26379067104
50,true,MC,"3. VND NNI->ECR->SPR (Classic)",47,true,216.0000,104015.4754,176807059,5911714459,84690475611,13235720699,181536829456,17954324704
50,true,MC,"3. VND NNI->ECR->SPR (Classic)",48,true,195.0000,134902.8551,263740470,2302910953,118211953396,14123512351,243853681744,19607094016
50,true,MC,"3. VND NNI->ECR->SPR (Classic)",49,true,197.0000,172560.3157,150035195,4300689000,154014278403,14094562268,284217269400,26429134944
50,true,MC,"3. VND NNI->ECR->SPR (Classic)",50,true,178.0000,129159.0681,163450910,3381551514,110574314739,15039105253,224683713544,19143941728
50,true,MC,"3. VND NNI->ECR->SPR (Classic)",51,true,207.0000,174951.4639,156377307,2091110350,155280516529,17422780888,312192368328,20354663520
50,true,MC,"3. VND NNI->ECR->SPR (Classic)",52,true,176.0000,210371.8921,116903780,2451215896,197335398999,10467621361,349869221472,29414093920
50,true,MC,"3. VND NNI->ECR->SPR (Classic)",53,true,174.0000,236006.3381,148213012,3859672453,222444111315,9553535813,393830318488,21897209952
50,true,MC,"3. VND NNI->ECR->SPR (Classic)",54,true,200.0000,136289.3206,121189510,5114525417,117950620434,13102222705,240174233160,26421114240
50,true,MC,"3. VND NNI->ECR->SPR (Classic)",55,true,201.0000,220495.0819,143754803,1846438533,206969999449,11534080034,400974569024,21925673344
50,true,MC,"3. VND NNI->ECR->SPR (Classic)",56,true,226.0000,120661.9567,161423586,3263968141,98262520194,18973425593,201587895280,19060887296
50,true,MC,"3. VND NNI->ECR->SPR (Classic)",57,true,184.0000,166896.0169,201731641,4708725088,149928324674,12056493581,245414689616,29517447264
50,true,MC,"3. VND NNI->ECR->SPR (Classic)",58,true,189.0000,194088.7173,144655607,2146085415,176898373277,14898924617,339173787000,21063760480
50,true,MC,"3. VND NNI->ECR->SPR (Classic)",59,true,193.0000,115613.0818,114922153,4936303313,98127189870,12434008598,210330341360,18704396384
50,true,MC,"3. VND NNI->ECR->SPR (Classic)",60,true,201.0000,187698.0988,169286179,1881835128,171496207953,14150039820,346130146368,26273223264
50,true,MC,"3. VND NNI->ECR->SPR (Classic)",61,true,210.0000,96656.8131,126036018,5418004038,72493549778,18618620253,149504824088,18134588000
50,true,MC,"3. VND NNI->ECR->SPR (Classic)",62,true,233.0000,58568.6226,209818995,6117414822,35354920734,16885794160,99508823216,18027549472
50,true,MC,"3. VND NNI->ECR->SPR (Classic)",63,true,196.0000,159877.5968,200170796,4887958186,144393175973,10395507565,278259288056,28645364704
50,true,MC,"3. VND NNI->ECR->SPR (Classic)",64,true,216.0000,101809.2404,139920285,4339686477,81441031567,15887998827,175677070256,15031758944
50,true,MC,"3. VND NNI->ECR->SPR (Classic)",65,true,178.0000,139434.0955,166634769,3711314797,124034992152,11520483124,256952808416,18979187808
50,true,MC,"3. VND NNI->ECR->SPR (Classic)",66,true,192.0000,119439.7067,181022289,5076447798,100111940853,14069574005,206953598944,19086546528
50,true,MC,"3. VND NNI->ECR->SPR (Classic)",67,true,179.0000,144974.6618,109245758,1912789981,129838928626,13113082120,256383760256,26389759072
50,true,MC,"3. VND NNI->ECR->SPR (Classic)",68,true,225.0000,145484.3920,160718177,2531789979,118379028296,24412300182,231056689120,20402006624
50,true,MC,"3. VND NNI->ECR->SPR (Classic)",69,true,169.0000,191014.5580,143882460,6355797846,177012799937,7501221899,285929027160,19396765360
50,true,MC,"3. VND NNI->ECR->SPR (Classic)",70,true,193.0000,212765.2648,165281271,2654876675,198544586985,11399739933,378975595776,29292350560
50,true,MC,"3. VND NNI->ECR->SPR (Classic)",71,true,212.0000,113406.6256,135445369,4562538664,93772852525,14935128310,194929009040,18627072088
50,true,MC,"3. VND NNI->ECR->SPR (Classic)",72,true,207.0000,112691.1700,137398864,3321211906,89146679064,20085328102,188314078232,19038847416
50,true,MC,"3. VND NNI->ECR->SPR (Classic)",73,true,228.0000,103646.0631,127850414,4705623902,84638049062,14173892888,179823992984,28962997240
50,true,MC,"3. VND NNI->ECR->SPR (Classic)",74,true,224.0000,117302.9490,160571302,1870652282,95874386446,19396800535,195084343136,16708386400
50,true,MC,"3. VND NNI->ECR->SPR (Classic)",75,true,200.0000,133293.7877,155001041,6127693724,116506850439,10503450797,228447313480,18573152992
50,true,MC,"3. VND NNI->ECR->SPR (Classic)",76,true,194.0000,120896.4354,82223272,4027369162,101892210142,14893978952,207386683552,19453724368
50,true,MC,"3. VND NNI->ECR->SPR (Classic)",77,true,183.0000,199887.9427,171619124,5887542059,188632325987,5195422386,340109625072,29120842096
50,true,MC,"3. VND NNI->ECR->SPR (Classic)",78,true,207.0000,154123.6403,162642888,2442432992,135586456767,15931445043,265277007360,20130656112
50,true,MC,"3. VND NNI->ECR->SPR (Classic)",79,true,179.0000,243137.4527,173914663,2468867533,233531785906,6961995113,419890442256,25914298464
50,true,MC,"3. VND NNI->ECR->SPR (Classic)",80,true,187.0000,180481.6099,146310076,2680063496,166213177586,11441336636,326131710176,21030266976
50,true,MC,"3. VND NNI->ECR->SPR (Classic)",81,true,202.0000,142604.6462,173657475,2241495817,125219281399,14969576470,260313303304,26226054936
50,true,MC,"3. VND NNI->ECR->SPR (Classic)",82,true,221.0000,175961.1901,184367662,3759252365,156280790740,15736036297,296393234232,20291599968
50,true,MC,"3. VND NNI->ECR->SPR (Classic)",83,true,206.0000,118280.7790,121050348,4428441510,95587527996,18143142128,198669534480,19257779712
50,true,MC,"3. VND NNI->ECR->SPR (Classic)",84,true,202.0000,120678.2704,151570851,4514913880,101989249804,14021821800,209373950784,29507345352
50,true,MC,"3. VND NNI->ECR->SPR (Classic)",85,true,201.0000,185782.3186,169208966,3391282992,167336305898,14884788507,307577900536,19951805384
50,true,MC,"3. VND NNI->ECR->SPR (Classic)",86,true,238.0000,113548.4654,156815935,4384118387,93190451008,15816441739,196981107472,18863846784
50,true,MC,"3. VND NNI->ECR->SPR (Classic)",87,true,198.0000,132867.9838,106238661,3815262458,115714331957,13231488084,242077079056,26391244384
50,true,MC,"3. VND NNI->ECR->SPR (Classic)",88,true,199.0000,150722.7204,139715916,3658993873,133646309100,13276969779,270607609864,19899696224
50,true,MC,"3. VND NNI->ECR->SPR (Classic)",89,true,206.0000,163799.1700,180441789,1625744618,144001556098,17990799198,273362889144,19899212384
50,true,MC,"3. VND NNI->ECR->SPR (Classic)",90,true,183.0000,258683.7056,172093321,2768512150,249702639805,6039528994,444146863568,29719148064
50,true,MC,"3. VND NNI->ECR->SPR (Classic)",91,true,199.0000,177168.4268,165764778,2091350369,161786664824,13123969766,279114214920,21133622256
50,true,MC,"3. VND NNI->ECR->SPR (Classic)",92,true,199.0000,173353.0969,126952034,5281441108,155834130546,12109796755,268926455800,27342814304
50,true,MC,"3. VND NNI->ECR->SPR (Classic)",93,true,230.0000,110813.4467,140085009,4387069031,88832953267,17452796434,173404710984,18597985368
50,true,MC,"3. VND NNI->ECR->SPR (Classic)",94,true,194.0000,162376.6194,169146095,4205622974,146596807672,11404357986,275666095888,19704708056
50,true,MC,"3. VND NNI->ECR->SPR (Classic)",95,true,232.0000,83314.7244,127654780,4826219624,59977332082,18382940391,139865713696,26406809688
50,true,MC,"3. VND NNI->ECR->SPR (Classic)",96,true,202.0000,125761.8762,106963339,2780140628,105252505625,17621715777,222024113704,17425127008
50,true,MC,"3. VND NNI->ECR->SPR (Classic)",97,true,164.0000,129846.6787,254716510,6636729392,113328939183,9625523646,215912163832,18826891296
50,true,MC,"3. VND NNI->ECR->SPR (Classic)",98,true,186.0000,136943.4499,124395330,2353499194,116999329766,17465674454,233316581464,19668792496
50,true,MC,"3. VND NNI->ECR->SPR (Classic)",99,true,184.0000,262506.0419,164253681,2354831801,251308116611,8677983714,426504914848,29233858176
50,true,MC,"3. VND NNI->ECR->SPR (Classic)",100,true,164.0000,235264.5157,142682968,3864690726,226910586194,4345590822,416517365824,22114309248
50,true,MC,"4. VND NNI->SPR (Classic)",1,true,246.0000,34843.7807,108935849,0,0,34734551657,49232875800,14135104056
50,true,MC,"4. VND NNI->SPR (Classic)",2,true,279.0000,37906.3577,95380471,0,0,37810807351,53144083352,17921186920
50,true,MC,"4. VND NNI->SPR (Classic)",3,true,225.0000,33149.2205,128960361,0,0,33020068445,46682794608,17750595688
50,true,MC,"4. VND NNI->SPR (Classic)",4,true,238.0000,33013.6328,94639000,0,0,32918790419,45408390792,19076232792
50,true,MC,"4. VND NNI->SPR (Classic)",5,false,Infinity,31525.0941,149912476,0,0,31374961460,44225151528,28657598520
50,true,MC,"4. VND NNI->SPR (Classic)",6,true,255.0000,37821.3287,107690331,0,0,37713462224,53057955280,17911509560
50,true,MC,"4. VND NNI->SPR (Classic)",7,true,252.0000,32426.4361,204985143,0,0,32221208844,45582981656,17699366384
50,true,MC,"4. VND NNI->SPR (Classic)",8,true,241.0000,31116.7811,153991835,0,0,30962557986,42855002144,18198373688
50,true,MC,"4. VND NNI->SPR (Classic)",9,true,245.0000,33511.8929,130854483,0,0,33380848725,46751261664,25663198264
50,true,MC,"4. VND NNI->SPR (Classic)",10,true,273.0000,36601.4546,133430923,0,0,36467829750,51692900536,18024558120
50,true,MC,"4. VND NNI->SPR (Classic)",11,true,256.0000,36680.0834,93625643,0,0,36586291997,51748972152,18549196704
50,true,MC,"4. VND NNI->SPR (Classic)",12,false,Infinity,39719.5991,87415232,0,0,39632008237,55313261152,20231378520
50,true,MC,"4. VND NNI->SPR (Classic)",13,false,Infinity,32433.3617,195712777,0,0,32237417397,45190632752,28697181400
50,true,MC,"4. VND NNI->SPR (Classic)",14,true,271.0000,37744.4921,126822186,0,0,37617477300,52986186488,17958306360
50,true,MC,"4. VND NNI->SPR (Classic)",15,true,240.0000,33984.5124,69465336,0,0,33914893157,47828297720,17972217008
50,true,MC,"4. VND NNI->SPR (Classic)",16,false,Infinity,40664.0247,81493991,0,0,40582356708,55589014472,19423165176
50,true,MC,"4. VND NNI->SPR (Classic)",17,true,257.0000,35904.4731,134943069,0,0,35769343550,50516968968,28690270240
50,true,MC,"4. VND NNI->SPR (Classic)",18,true,269.0000,35997.6795,132623808,0,0,35864868656,50511382480,17848222344
50,true,MC,"4. VND NNI->SPR (Classic)",19,true,268.0000,35841.8600,118936749,0,0,35722739421,50526387184,18392533264
50,true,MC,"4. VND NNI->SPR (Classic)",20,true,253.0000,33826.5074,185708922,0,0,33640570313,46661288888,19410847064
50,true,MC,"4. VND NNI->SPR (Classic)",21,true,278.0000,37376.2439,197113762,0,0,37178891667,52903393056,28751023096
50,true,MC,"4. VND NNI->SPR (Classic)",22,true,258.0000,38522.2109,80510281,0,0,38441540918,54265207792,18252626496
50,true,MC,"4. VND NNI->SPR (Classic)",23,false,Infinity,32328.9990,107325747,0,0,32221483734,45401908336,18377671128
50,true,MC,"4. VND NNI->SPR (Classic)",24,true,236.0000,31931.6581,120083930,0,0,31811382452,44115436320,18851706944
50,true,MC,"4. VND NNI->SPR (Classic)",25,true,254.0000,37565.8058,196350271,0,0,37369231286,52918341352,28840140896
50,true,MC,"4. VND NNI->SPR (Classic)",26,true,251.0000,33096.3575,194512475,0,0,32901623135,46585856144,17503809088
50,true,MC,"4. VND NNI->SPR (Classic)",27,true,257.0000,34050.1594,227599309,0,0,33822311839,48053072576,18159902808
50,true,MC,"4. VND NNI->SPR (Classic)",28,false,Infinity,40835.7957,131773341,0,0,40703817485,56682380200,20006815856
50,true,MC,"4. VND NNI->SPR (Classic)",29,true,227.0000,28848.8933,153776825,0,0,28694916133,40507258672,28902302944
50,true,MC,"4. VND NNI->SPR (Classic)",30,true,285.0000,35296.4380,108602565,0,0,35187657314,50181773376,16746957024
50,true,MC,"4. VND NNI->SPR (Classic)",31,true,239.0000,30457.5463,127926596,0,0,30329445610,42959314344,17609475344
50,true,MC,"4. VND NNI->SPR (Classic)",32,true,257.0000,36717.7615,135861546,0,0,36581701977,50427482696,18734121112
50,true,MC,"4. VND NNI->SPR (Classic)",33,true,263.0000,35643.6224,193856498,0,0,35449549299,50551912992,24594276416
50,true,MC,"4. VND NNI->SPR (Classic)",34,true,239.0000,38631.0225,143219128,0,0,38487606804,54281197864,17600980432
50,true,MC,"4. VND NNI->SPR (Classic)",35,true,268.0000,35443.2307,179140922,0,0,35263872156,49228438584,16747683088
50,true,MC,"4. VND NNI->SPR (Classic)",36,true,258.0000,40814.0169,140362245,0,0,40673450272,51847564712,26633160304
50,true,MC,"4. VND NNI->SPR (Classic)",37,true,274.0000,34176.9645,179350599,0,0,33997377611,48051872144,15052024848
50,true,MC,"4. VND NNI->SPR (Classic)",38,false,Infinity,37153.9453,169383674,0,0,36984310261,51799913160,15391425120
50,true,MC,"4. VND NNI->SPR (Classic)",39,true,268.0000,37191.9015,129850893,0,0,37061866825,51908579744,19826839336
50,true,MC,"4. VND NNI->SPR (Classic)",40,true,269.0000,34798.7352,179475607,0,0,34619043460,49128924816,18648688296
50,true,MC,"4. VND NNI->SPR (Classic)",41,true,239.0000,32423.4467,135163597,0,0,32288092148,45460664032,14762891160
50,true,MC,"4. VND NNI->SPR (Classic)",42,true,258.0000,39746.3125,122108339,0,0,39624023291,55559490096,19465784936
50,true,MC,"4. VND NNI->SPR (Classic)",43,false,Infinity,33126.3149,224157560,0,0,32901885927,46909497776,15425822880
50,true,MC,"4. VND NNI->SPR (Classic)",44,true,286.0000,37249.6072,146277622,0,0,37103128192,51844521248,16941490984
50,true,MC,"4. VND NNI->SPR (Classic)",45,true,262.0000,31094.8012,169012829,0,0,30925553971,42906294504,18495662488
50,true,MC,"4. VND NNI->SPR (Classic)",46,true,231.0000,30280.1226,113583246,0,0,30166357854,42867730880,14441264056
50,true,MC,"4. VND NNI->SPR (Classic)",47,true,260.0000,33211.6244,156096084,0,0,33055322054,46735191040,14172375808
50,true,MC,"4. VND NNI->SPR (Classic)",48,false,Infinity,34376.7348,257151366,0,0,34119307221,48144644176,15355740264
50,true,MC,"4. VND NNI->SPR (Classic)",49,true,246.0000,32186.5479,136006670,0,0,32050351246,45349342928,15322027416
50,true,MC,"4. VND NNI->SPR (Classic)",50,true,230.0000,31227.6978,151996899,0,0,31075493166,44214360304,14838833160
50,true,MC,"4. VND NNI->SPR (Classic)",51,false,Infinity,33003.6671,146894004,0,0,32856573044,46757184152,14036387352
50,true,MC,"4. VND NNI->SPR (Classic)",52,true,264.0000,31085.1989,102609296,0,0,30982416798,44106619744,15067675800
50,true,MC,"4. VND NNI->SPR (Classic)",53,true,270.0000,32700.2950,133338505,0,0,32566768590,46620232552,15251167040
50,true,MC,"4. VND NNI->SPR (Classic)",54,true,265.0000,35790.3379,100235974,0,0,35689923490,50393210688,15209320952
50,true,MC,"4. VND NNI->SPR (Classic)",55,false,Infinity,36986.2858,143102045,0,0,36842935232,51799224768,15959483288
50,true,MC,"4. VND NNI->SPR (Classic)",56,true,255.0000,34841.5762,145778182,0,0,34695586887,49244936248,15922543416
50,true,MC,"4. VND NNI->SPR (Classic)",57,true,235.0000,36378.1171,187068707,0,0,36190811932,50126588528,15073518744
50,true,MC,"4. VND NNI->SPR (Classic)",58,true,244.0000,32251.3136,130329684,0,0,32120791756,45428122120,14329869992
50,true,MC,"4. VND NNI->SPR (Classic)",59,true,229.0000,34040.3462,100878856,0,0,33939301686,47983472752,15104694936
50,true,MC,"4. VND NNI->SPR (Classic)",60,true,271.0000,35011.0571,146784717,0,0,34864086510,49352606896,15565260824
50,true,MC,"4. VND NNI->SPR (Classic)",61,true,237.0000,34014.8511,112779548,0,0,33901890489,47688713984,15224886128
50,true,MC,"4. VND NNI->SPR (Classic)",62,true,252.0000,33991.3716,204420706,0,0,33786696140,46862433560,15093456944
50,true,MC,"4. VND NNI->SPR (Classic)",63,true,246.0000,31334.9279,184958925,0,0,31149752749,44257830296,15247441048
50,true,MC,"4. VND NNI->SPR (Classic)",64,true,270.0000,34781.1225,125944013,0,0,34654999700,49228258856,14566566120
50,true,MC,"4. VND NNI->SPR (Classic)",65,true,229.0000,28694.4016,153546475,0,0,28540657668,40502066632,15159425368
50,true,MC,"4. VND NNI->SPR (Classic)",66,true,241.0000,33162.9513,168765709,0,0,32993972337,46700493808,15157286744
50,true,MC,"4. VND NNI->SPR (Classic)",67,true,260.0000,36756.2636,94662139,0,0,36661436181,51781883296,15174303288
50,true,MC,"4. VND NNI->SPR (Classic)",68,false,Infinity,37971.2279,154217205,0,0,37816803668,54092722064,16500516640
50,true,MC,"4. VND NNI->SPR (Classic)",69,false,Infinity,34263.1996,134643091,0,0,34128355916,48873287000,16849714072
50,true,MC,"4. VND NNI->SPR (Classic)",70,true,267.0000,34208.4643,150737437,0,0,34057527139,48058735864,16343418776
50,true,MC,"4. VND NNI->SPR (Classic)",71,false,Infinity,36372.4845,142647814,0,0,36229629253,50449039808,20712624024
50,true,MC,"4. VND NNI->SPR (Classic)",72,true,269.0000,34818.7284,118776568,0,0,34699780996,49188610512,20966650616
50,true,MC,"4. VND NNI->SPR (Classic)",73,true,283.0000,34850.9908,113992439,0,0,34736816377,49274703736,21532422760
50,true,MC,"4. VND NNI->SPR (Classic)",74,false,Infinity,35520.4853,153902807,0,0,35366372137,50365608016,28403072328
50,true,MC,"4. VND NNI->SPR (Classic)",75,true,258.0000,34893.6236,141541190,0,0,34751868429,49227162896,17918945688
50,true,MC,"4. VND NNI->SPR (Classic)",76,true,264.0000,36670.7285,68597683,0,0,36601972667,51739470088,18862137872
50,true,MC,"4. VND NNI->SPR (Classic)",77,true,265.0000,33811.2253,155825604,0,0,33655199874,46699490712,19570446376
50,true,MC,"4. VND NNI->SPR (Classic)",78,true,269.0000,35979.6963,149046042,0,0,35830443821,50541557120,28467149592
50,true,MC,"4. VND NNI->SPR (Classic)",79,true,240.0000,31058.9339,159505752,0,0,30899215720,44145208672,17089097336
50,true,MC,"4. VND NNI->SPR (Classic)",80,true,232.0000,32314.9417,132903483,0,0,32181850308,45512967048,18191490760
50,true,MC,"4. VND NNI->SPR (Classic)",81,true,238.0000,35754.2234,160799192,0,0,35593210051,49301140000,19001947512
50,true,MC,"4. VND NNI->SPR (Classic)",82,true,252.0000,30287.5794,165123015,0,0,30122234871,42924721024,27870972872
50,true,MC,"4. VND NNI->SPR (Classic)",83,true,268.0000,36795.9788,108293743,0,0,36687500888,51693403192,17311812552
50,true,MC,"4. VND NNI->SPR (Classic)",84,true,241.0000,35060.6312,137712788,0,0,34922724446,49245486608,18241169784
50,true,MC,"4. VND NNI->SPR (Classic)",85,false,Infinity,35575.0549,162539322,0,0,35412290055,49087809272,18960091496
50,true,MC,"4. VND NNI->SPR (Classic)",86,true,277.0000,35057.7104,144054077,0,0,34913465770,49246292264,28549052568
50,true,MC,"4. VND NNI->SPR (Classic)",87,true,234.0000,33211.4131,87035466,0,0,33124216312,46763891848,17026966392
50,true,MC,"4. VND NNI->SPR (Classic)",88,true,240.0000,32615.5567,222377836,0,0,32392967880,44296883936,18321949872
50,true,MC,"4. VND NNI->SPR (Classic)",89,true,263.0000,37505.8246,166586308,0,0,37339026925,51722976032,19051950928
50,true,MC,"4. VND NNI->SPR (Classic)",90,true,294.0000,34818.3222,160458964,0,0,34657646117,49203044608,28566954288
50,true,MC,"4. VND NNI->SPR (Classic)",91,true,250.0000,30176.5612,150945804,0,0,30025392336,42743507448,16936535384
50,true,MC,"4. VND NNI->SPR (Classic)",92,true,255.0000,38083.4300,113664456,0,0,37969587916,54008660232,18658141784
50,true,MC,"4. VND NNI->SPR (Classic)",93,true,268.0000,39254.4101,126246955,0,0,39127975566,54070139632,19605943800
50,true,MC,"4. VND NNI->SPR (Classic)",94,true,276.0000,35710.5528,155459137,0,0,35554878290,50454530368,28653474168
50,true,MC,"4. VND NNI->SPR (Classic)",95,true,272.0000,33020.1578,115289688,0,0,32904684685,46579620496,17244646968
50,true,MC,"4. VND NNI->SPR (Classic)",96,true,243.0000,36207.2820,93800971,0,0,36113313675,50577653664,18813959280
50,true,MC,"4. VND NNI->SPR (Classic)",97,true,246.0000,35484.5961,141383495,0,0,35343015811,49092523248,19167252944
50,true,MC,"4. VND NNI->SPR (Classic)",98,false,Infinity,33819.3660,143423994,0,0,33675742324,47899847144,28564426184
50,true,MC,"4. VND NNI->SPR (Classic)",99,true,275.0000,35525.5353,147886571,0,0,35377447988,50382183112,17792381848
50,true,MC,"4. VND NNI->SPR (Classic)",100,true,267.0000,33996.6126,129363336,0,0,33867052651,48065114064,18434353152
50,true,MC,"5. VND NNI->ECR->SPR (Inc)",1,true,207.0000,1125.3848,5558271,62243708,757280104,300061417,3005993328,3035333448
50,true,MC,"5. VND NNI->ECR->SPR (Inc)",2,true,221.0000,1318.7154,2281438,44917037,959241317,312134335,3506160400,6524994376
50,true,MC,"5. VND NNI->ECR->SPR (Inc)",3,true,176.0000,1006.2769,3826165,38099452,733005952,231201147,2664715736,9209348936
50,true,MC,"5. VND NNI->ECR->SPR (Inc)",4,true,198.0000,1271.3167,2788733,40663217,998782320,228941911,3364965200,10362619384
50,true,MC,"5. VND NNI->ECR->SPR (Inc)",5,true,222.0000,957.2280,3942398,51510675,533969672,367662461,2642361416,4960355832
50,true,MC,"5. VND NNI->ECR->SPR (Inc)",6,true,202.0000,1268.6892,3223690,68084634,934981573,262250303,3384740040,8315799032
50,true,MC,"5. VND NNI->ECR->SPR (Inc)",7,true,205.0000,1068.0365,4223531,49881768,717470970,296313189,2953314880,10295510520
50,true,MC,"5. VND NNI->ECR->SPR (Inc)",8,true,211.0000,1587.7949,5265544,18828105,1283840176,279728240,4071613608,5085275096
50,true,MC,"5. VND NNI->ECR->SPR (Inc)",9,true,206.0000,1183.9174,5054724,28037478,833681213,317005589,3119566792,8205837272
50,true,MC,"5. VND NNI->ECR->SPR (Inc)",10,true,200.0000,1343.2361,6849346,42648985,1049247648,244348799,3228892264,10286212056
50,true,MC,"5. VND NNI->ECR->SPR (Inc)",11,true,221.0000,1291.5366,2669545,65663370,926930542,296114431,3536427320,4682520608
50,true,MC,"5. VND NNI->ECR->SPR (Inc)",12,true,181.0000,1462.4282,2792691,60539554,1186184517,212765659,3630339792,8339953696
50,true,MC,"5. VND NNI->ECR->SPR (Inc)",13,true,211.0000,1397.9029,5128482,27107799,1055226598,310322159,3586764328,10286110752
50,true,MC,"5. VND NNI->ECR->SPR (Inc)",14,true,199.0000,1864.2519,3202781,58338761,1626225698,176323057,4623222512,6291042352
50,true,MC,"5. VND NNI->ECR->SPR (Inc)",15,true,194.0000,1324.1122,2195705,67569464,992480126,261659640,3312065992,9579376688
50,true,MC,"5. VND NNI->ECR->SPR (Inc)",16,true,202.0000,1818.3136,2480968,47447410,1557284336,210996795,4697317016,10284019760
50,true,MC,"5. VND NNI->ECR->SPR (Inc)",17,true,187.0000,1290.3983,3917691,57875440,1022776229,205709330,3444348544,7464930152
50,true,MC,"5. VND NNI->ECR->SPR (Inc)",18,true,203.0000,1536.6609,3835865,65692525,1309948135,157070045,3972590336,10283955680
50,true,MC,"5. VND NNI->ECR->SPR (Inc)",19,true,230.0000,818.8713,3518901,48203197,391322355,375706729,2332795792,3505960416
50,true,MC,"5. VND NNI->ECR->SPR (Inc)",20,true,212.0000,896.2007,4607401,76531277,589430821,225519403,2404838816,5921879520
50,true,MC,"5. VND NNI->ECR->SPR (Inc)",21,true,206.0000,1869.3875,3874898,70513082,1647588745,147285318,4661925576,10283955680
50,true,MC,"5. VND NNI->ECR->SPR (Inc)",22,true,182.0000,1295.4965,2933748,52817421,1041944371,197675193,3327194584,3639547832
50,true,MC,"5. VND NNI->ECR->SPR (Inc)",23,true,206.0000,1301.6673,3971292,41578189,997128565,258839356,3465502232,7095654328
50,true,MC,"5. VND NNI->ECR->SPR (Inc)",24,true,177.0000,1490.2514,3616878,31644006,1230996514,223870818,3858296440,10283325368
50,true,MC,"5. VND NNI->ECR->SPR (Inc)",25,true,198.0000,1346.1366,4805348,50139067,1066012931,225058115,3477504496,4176409840
50,true,MC,"5. VND NNI->ECR->SPR (Inc)",26,true,228.0000,1886.5891,4177785,35620930,1635898864,210779823,4946557512,9108911344
50,true,MC,"5. VND NNI->ECR->SPR (Inc)",27,true,198.0000,780.2515,5915690,88950354,492859033,192400081,2134596288,10283529784
50,true,MC,"5. VND NNI->ECR->SPR (Inc)",28,true,191.0000,1764.8783,3784899,78357510,1519230378,163375787,4390038016,5384582712
50,true,MC,"5. VND NNI->ECR->SPR (Inc)",29,true,189.0000,1017.3691,4428852,19501405,703308448,290017156,2819723816,8203155000
50,true,MC,"5. VND NNI->ECR->SPR (Inc)",30,true,228.0000,1266.5477,3139160,94301811,924642020,244352637,3228645112,10283740392
50,true,MC,"5. VND NNI->ECR->SPR (Inc)",31,true,205.0000,916.1958,3720437,37963284,615138248,259260447,2515240408,3673517288
50,true,MC,"5. VND NNI->ECR->SPR (Inc)",32,true,192.0000,1787.7864,4275631,28518953,1579769895,175104390,4652893984,8304028904
50,true,MC,"5. VND NNI->ECR->SPR (Inc)",33,false,Infinity,1535.5220,5232010,49875297,1302255656,178039412,3968975168,10283786856
50,true,MC,"5. VND NNI->ECR->SPR (Inc)",34,true,231.0000,1132.1272,4670532,53525057,780989051,292845755,2873834600,4881523304
50,true,MC,"5. VND NNI->ECR->SPR (Inc)",35,true,190.0000,1537.5588,4502513,67620021,1301169880,164148657,3827565520,8706728552
50,true,MC,"5. VND NNI->ECR->SPR (Inc)",36,true,197.0000,1683.9149,3336213,27704915,1440264763,212499293,4417276184,10283786856
50,true,MC,"5. VND NNI->ECR->SPR (Inc)",37,true,200.0000,1578.2421,3999406,51007900,1344805150,178320146,4032541864,6894692536
50,true,MC,"5. VND NNI->ECR->SPR (Inc)",38,true,204.0000,1146.8392,3208632,47394108,772509896,323617733,3100432944,10015254712
50,true,MC,"5. VND NNI->ECR->SPR (Inc)",39,true,228.0000,865.7427,3849851,54945970,466372715,340448099,2412672896,10283690168
50,true,MC,"5. VND NNI->ECR->SPR (Inc)",40,true,203.0000,948.5653,4481855,78183398,602935632,262841076,2466740808,4612639712
50,true,MC,"5. VND NNI->ECR->SPR (Inc)",41,true,198.0000,1335.5953,3674017,64722941,1072167936,194919512,3414833848,8035191776
50,true,MC,"5. VND NNI->ECR->SPR (Inc)",42,true,198.0000,1370.9514,3355862,41413605,1118773554,207292581,3660655120,10283831144
50,true,MC,"5. VND NNI->ECR->SPR (Inc)",43,true,212.0000,983.0427,5563130,53168589,628649232,295542774,2729983872,4143370088
50,true,MC,"5. VND NNI->ECR->SPR (Inc)",44,true,195.0000,1180.0178,4048378,89130297,957269416,129452185,3164691992,7331041128
50,true,MC,"5. VND NNI->ECR->SPR (Inc)",45,true,181.0000,1556.3530,3824023,49980687,1340262953,162173279,4005914256,10284090376
50,true,MC,"5. VND NNI->ECR->SPR (Inc)",46,true,209.0000,1286.8496,3395778,24526411,982996151,275810339,3370403184,4445619208
50,true,MC,"5. VND NNI->ECR->SPR (Inc)",47,true,204.0000,1673.5660,4343840,24877149,1448243806,195989025,4362637544,8807695368
50,true,MC,"5. VND NNI->ECR->SPR (Inc)",48,true,187.0000,1723.4880,4289919,44264476,1512350595,162479411,4446250336,10284131336
50,true,MC,"5. VND NNI->ECR->SPR (Inc)",49,true,187.0000,1144.6830,3379996,51788655,843498403,245908355,2958100088,5921590752
50,true,MC,"5. VND NNI->ECR->SPR (Inc)",50,true,179.0000,1151.6125,4446515,31227885,852014558,263808285,3069861592,9008598496
50,true,MC,"5. VND NNI->ECR->SPR (Inc)",51,true,232.0000,949.3253,4206579,79263022,587336568,278426775,2589567240,10283668448
50,true,MC,"5. VND NNI->ECR->SPR (Inc)",52,true,212.0000,1431.2641,3374047,23199538,1126681953,277908239,3764281048,5082638952
50,true,MC,"5. VND NNI->ECR->SPR (Inc)",53,true,212.0000,1575.0475,4228312,44963044,1268626274,257103405,4025940896,9109170792
50,true,MC,"5. VND NNI->ECR->SPR (Inc)",54,true,210.0000,943.0811,2932316,61438644,619701215,258900392,2633575576,10283576424
50,true,MC,"5. VND NNI->ECR->SPR (Inc)",55,true,188.0000,1427.8932,3758868,35475011,1126560582,261981531,3720400704,5183245344
50,true,MC,"5. VND NNI->ECR->SPR (Inc)",56,true,211.0000,1298.1711,5568159,41119106,954656678,296684595,3297967472,8505134112
50,true,MC,"5. VND NNI->ECR->SPR (Inc)",57,true,187.0000,1484.5889,5263599,63500107,1256737315,158968746,3654657560,10283695184
50,true,MC,"5. VND NNI->ECR->SPR (Inc)",58,true,230.0000,1321.4030,2944339,43306304,949095442,325951370,3536113448,5418302544
50,true,MC,"5. VND NNI->ECR->SPR (Inc)",59,true,161.0000,1461.1694,3786179,22766804,1255637144,178877386,3730004976,9142844496
50,true,MC,"5. VND NNI->ECR->SPR (Inc)",60,true,199.0000,1628.2866,4011589,31572040,1369600082,223003137,4291993288,10283700304
50,true,MC,"5. VND NNI->ECR->SPR (Inc)",61,true,192.0000,1681.0144,3076900,36364402,1379992575,261467652,4172201008,7330769904
50,true,MC,"5. VND NNI->ECR->SPR (Inc)",62,true,197.0000,1210.7795,5198776,69899997,924191595,211388911,3211159824,10283561968
50,true,MC,"5. VND NNI->ECR->SPR (Inc)",63,true,174.0000,1463.0767,4884739,58889478,1253407934,145794543,3666513232,3941531304
50,true,MC,"5. VND NNI->ECR->SPR (Inc)",64,true,232.0000,1188.3284,4376802,56371510,834376225,293107292,3274982080,7229865640
50,true,MC,"5. VND NNI->ECR->SPR (Inc)",65,true,172.0000,1771.7518,3817319,43050357,1546796230,177987824,4750290472,10283996928
50,true,MC,"5. VND NNI->ECR->SPR (Inc)",66,true,158.0000,1511.6496,4303193,35017530,1361120597,111111467,3930869536,5653485312
50,true,MC,"5. VND NNI->ECR->SPR (Inc)",67,true,195.0000,1426.5932,2844809,27193222,1184732276,211718818,3724750824,9378027264
50,true,MC,"5. VND NNI->ECR->SPR (Inc)",68,true,242.0000,1103.3710,4375180,65206200,669948007,363733941,2975122248,10283996928
50,true,MC,"5. VND NNI->ECR->SPR (Inc)",69,true,181.0000,1925.7202,2934662,85062670,1773086979,64531167,4715666984,6793834824
50,true,MC,"5. VND NNI->ECR->SPR (Inc)",70,true,223.0000,1111.9269,4047900,53407254,729298511,325068341,2952775376,9746624840
50,true,MC,"5. VND NNI->ECR->SPR (Inc)",71,true,227.0000,950.4672,4241737,39925926,542790286,363400517,2636267528,10283495752
50,true,MC,"5. VND NNI->ECR->SPR (Inc)",72,true,205.0000,1500.2285,3443768,32982842,1166266660,297426596,3834952792,5954864256
50,true,MC,"5. VND NNI->ECR->SPR (Inc)",73,true,230.0000,1161.8240,3319112,57357364,764804203,336216912,3003581408,8941208704
50,true,MC,"5. VND NNI->ECR->SPR (Inc)",74,true,212.0000,1131.1485,4208734,71737913,752599583,302492801,2925594736,10283553736
50,true,MC,"5. VND NNI->ECR->SPR (Inc)",75,true,179.0000,1939.3612,3351934,30198106,1740732182,164985717,4783477648,6391239624
50,true,MC,"5. VND NNI->ECR->SPR (Inc)",76,true,219.0000,1346.6000,4066122,75407881,1021421202,245606582,3420135872,9813791688
50,true,MC,"5. VND NNI->ECR->SPR (Inc)",77,true,208.0000,1292.7230,4949472,41140065,966214388,280312931,3284985280,10283553736
50,true,MC,"5. VND NNI->ECR->SPR (Inc)",78,true,234.0000,1349.5013,3796850,52176932,966123055,327287051,3564101928,6391061096
50,true,MC,"5. VND NNI->ECR->SPR (Inc)",79,true,223.0000,1306.4981,3673605,35742510,990644626,276325739,3288200328,9679395432
50,true,MC,"5. VND NNI->ECR->SPR (Inc)",80,true,225.0000,1196.7026,3615544,79420863,866895837,246661899,3110787480,10283384072
50,true,MC,"5. VND NNI->ECR->SPR (Inc)",81,true,198.0000,1150.4050,4925486,31157452,783300366,330915751,3054992800,5585763592
50,true,MC,"5. VND NNI->ECR->SPR (Inc)",82,true,189.0000,1910.0701,4319144,57929021,1734400340,113312633,4755385992,10283384072
50,true,MC,"5. VND NNI->ECR->SPR (Inc)",83,true,206.0000,1009.7576,3917679,63585869,698382060,243770140,2689364384,2767147592
50,true,MC,"5. VND NNI->ECR->SPR (Inc)",84,true,174.0000,1213.7600,3585929,90124727,1040556430,79387098,3073999200,5820600904
50,true,MC,"5. VND NNI->ECR->SPR (Inc)",85,true,192.0000,1060.5731,4557687,42593540,768634115,244681472,2866737224,8706282056
50,true,MC,"5. VND NNI->ECR->SPR (Inc)",86,true,218.0000,1358.0223,3513571,68142985,1044354534,241901115,3587467944,10283652448
50,true,MC,"5. VND NNI->ECR->SPR (Inc)",87,true,189.0000,1931.6340,2483983,36709669,1684928332,207402189,5090449000,7129535840
50,true,MC,"5. VND NNI->ECR->SPR (Inc)",88,true,206.0000,1440.7528,3699465,23633093,1137750471,275551066,3948328544,10283652448
50,true,MC,"5. VND NNI->ECR->SPR (Inc)",89,true,220.0000,1548.9629,4660683,76748511,1243238685,224206856,4067438672,4847508408
50,true,MC,"5. VND NNI->ECR->SPR (Inc)",90,true,252.0000,1740.3781,4689177,35950256,1439461306,260162262,4495166088,9343802296
50,true,MC,"5. VND NNI->ECR->SPR (Inc)",91,true,215.0000,769.3508,4561013,70427311,397849096,296397699,2167488528,10283485808
50,true,MC,"5. VND NNI->ECR->SPR (Inc)",92,true,201.0000,1144.8566,3190768,63412881,852015128,226128220,3047597368,4310796912
50,true,MC,"5. VND NNI->ECR->SPR (Inc)",93,true,241.0000,1529.2937,3727760,64672335,1186445855,274337528,4051936192,8370883184
50,true,MC,"5. VND NNI->ECR->SPR (Inc)",94,true,219.0000,1536.5874,3980600,40375802,1247252407,244859421,4054913696,10283715104
50,true,MC,"5. VND NNI->ECR->SPR (Inc)",95,true,220.0000,1814.9407,3760351,50027275,1501726392,259296675,4397036824,6559173152
50,true,MC,"5. VND NNI->ECR->SPR (Inc)",96,true,205.0000,1193.3732,2774426,41103225,818457904,330935259,3208346192,9746844192
50,true,MC,"5. VND NNI->ECR->SPR (Inc)",97,true,165.0000,1092.9005,3871292,90451779,870394551,128074094,2714348296,10283715104
50,true,MC,"5. VND NNI->ECR->SPR (Inc)",98,true,219.0000,795.6939,3472885,63745172,418608144,309763466,2191707296,4377777504
50,true,MC,"5. VND NNI->ECR->SPR (Inc)",99,true,210.0000,1629.5792,4206439,47747520,1348524633,228994471,4158578664,8538527072
50,true,MC,"5. VND NNI->ECR->SPR (Inc)",100,true,171.0000,1696.0285,3572736,47512953,1565599978,79248344,4460763408,10283677272
50,true,MC,"6. VND NNI->SPR (Inc)",1,true,249.0000,738.6297,5208566,0,0,733261208,2364690256,2364364136
50,true,MC,"6. VND NNI->SPR (Inc)",2,true,278.0000,676.5466,1850558,0,0,674617137,2207061320,4578956648
50,true,MC,"6. VND NNI->SPR (Inc)",3,true,225.0000,629.0274,3362444,0,0,625584814,2034440088,6592222568
50,true,MC,"6. VND NNI->SPR (Inc)",4,true,239.0000,625.5508,2420714,0,0,623047007,2032569552,8639042920
50,true,MC,"6. VND NNI->SPR (Inc)",5,false,Infinity,601.4180,3698255,0,0,597630985,1930245336,10316951568
50,true,MC,"6. VND NNI->SPR (Inc)",6,true,255.0000,738.0679,2831254,0,0,735161753,2366843320,2632986640
50,true,MC,"6. VND NNI->SPR (Inc)",7,true,271.0000,713.4750,3827249,0,0,709569565,2318504720,4948242448
50,true,MC,"6. VND NNI->SPR (Inc)",8,true,247.0000,588.4191,4830357,0,0,583514059,1919401272,6860845072
50,true,MC,"6. VND NNI->SPR (Inc)",9,true,240.0000,640.6197,4599718,0,0,635938522,2044031104,8907665424
50,true,MC,"6. VND NNI->SPR (Inc)",10,true,265.0000,655.1315,6122924,0,0,648935058,2092310864,10283397136
50,true,MC,"6. VND NNI->SPR (Inc)",11,true,259.0000,681.2265,2281339,0,0,678869283,2196500024,2934952592
50,true,MC,"6. VND NNI->SPR (Inc)",12,false,Infinity,754.1007,2349066,0,0,751662612,2398724008,5350871696
50,true,MC,"6. VND NNI->SPR (Inc)",13,false,Infinity,656.7501,4801602,0,0,651861774,2066190656,7397692048
50,true,MC,"6. VND NNI->SPR (Inc)",14,true,271.0000,745.4577,2954828,0,0,742425205,2358582824,9746502288
50,true,MC,"6. VND NNI->SPR (Inc)",15,true,240.0000,652.9643,1767751,0,0,651119693,2075653104,10283381728
50,true,MC,"6. VND NNI->SPR (Inc)",16,true,268.0000,739.7890,2092859,0,0,737618222,2365314080,3941594080
50,true,MC,"6. VND NNI->SPR (Inc)",17,true,237.0000,673.6129,3549579,0,0,669976592,2145667520,6089077728
50,true,MC,"6. VND NNI->SPR (Inc)",18,true,278.0000,744.9323,3512870,0,0,741341484,2365406480,8437887968
50,true,MC,"6. VND NNI->SPR (Inc)",19,false,Infinity,707.9725,3306637,0,0,704559607,2255932464,10283390336
50,true,MC,"6. VND NNI->SPR (Inc)",20,false,Infinity,655.5637,4395289,0,0,651076410,2088241376,2532316544
50,true,MC,"6. VND NNI->SPR (Inc)",21,false,Infinity,740.5578,3572433,0,0,736890480,2347052632,4881126784
50,true,MC,"6. VND NNI->SPR (Inc)",22,true,242.0000,651.3366,2411886,0,0,648845097,2086379880,6961501568
50,true,MC,"6. VND NNI->SPR (Inc)",23,true,232.0000,575.5585,3516296,0,0,571965828,1868340096,8840549760
50,true,MC,"6. VND NNI->SPR (Inc)",24,true,236.0000,577.6585,3158286,0,0,574419464,1865281480,10283390336
50,true,MC,"6. VND NNI->SPR (Inc)",25,true,253.0000,687.0243,4452086,0,0,682493755,2241942360,2666529032
50,true,MC,"6. VND NNI->SPR (Inc)",26,true,282.0000,680.6463,3881962,0,0,676683456,2189551240,4847567112
50,true,MC,"6. VND NNI->SPR (Inc)",27,true,279.0000,676.9178,5424345,0,0,671415038,2209753432,7062159624
50,true,MC,"6. VND NNI->SPR (Inc)",28,true,281.0000,697.6772,3350131,0,0,694246405,2238060328,9310306568
50,true,MC,"6. VND NNI->SPR (Inc)",29,true,222.0000,507.6536,4105257,0,0,503468159,1662642512,10283390040
50,true,MC,"6. VND NNI->SPR (Inc)",30,true,287.0000,682.6338,2745090,0,0,679806235,2171777120,2867860568
50,true,MC,"6. VND NNI->SPR (Inc)",31,false,Infinity,562.9426,3518361,0,0,559334477,1819964952,4679799896
50,true,MC,"6. VND NNI->SPR (Inc)",32,true,247.0000,694.5764,3891220,0,0,690609809,2196370160,6894392408
50,true,MC,"6. VND NNI->SPR (Inc)",33,false,Infinity,730.2733,5025616,0,0,725162487,2313483880,9209648216
50,true,MC,"6. VND NNI->SPR (Inc)",34,true,249.0000,659.8302,4259269,0,0,655488881,2090216960,10283390040
50,true,MC,"6. VND NNI->SPR (Inc)",35,true,263.0000,625.9307,3918221,0,0,621932298,1984290360,3002054008
50,true,MC,"6. VND NNI->SPR (Inc)",36,true,241.0000,662.0083,2862715,0,0,659064180,2094650832,5115983224
50,true,MC,"6. VND NNI->SPR (Inc)",37,true,286.0000,641.0035,3607309,0,0,637316373,2040048480,7129249144
50,true,MC,"6. VND NNI->SPR (Inc)",38,true,245.0000,693.7428,2793963,0,0,690871948,2203875600,9343841656
50,true,MC,"6. VND NNI->SPR (Inc)",39,true,272.0000,701.5992,3409564,0,0,698110984,2264861624,10283374768
50,true,MC,"6. VND NNI->SPR (Inc)",40,true,270.0000,616.9739,4027680,0,0,612866908,1967950912,3304052912
50,true,MC,"6. VND NNI->SPR (Inc)",41,false,Infinity,700.7109,3506838,0,0,697116173,2204564800,5518645424
50,true,MC,"6. VND NNI->SPR (Inc)",42,true,258.0000,693.8934,2960049,0,0,690854164,2201395960,7733237936
50,true,MC,"6. VND NNI->SPR (Inc)",43,false,Infinity,676.9339,5342790,0,0,671500049,2156719616,9880721584
50,true,MC,"6. VND NNI->SPR (Inc)",44,true,293.0000,660.2548,3548257,0,0,656629319,2093565976,10283376104
50,true,MC,"6. VND NNI->SPR (Inc)",45,true,261.0000,667.1002,3377884,0,0,663642506,2136834544,3840925160
50,true,MC,"6. VND NNI->SPR (Inc)",46,true,227.0000,580.0975,3053327,0,0,576968812,1866760136,5719973352
50,true,MC,"6. VND NNI->SPR (Inc)",47,true,267.0000,670.9699,3978224,0,0,666916062,2147636456,7867457000
50,true,MC,"6. VND NNI->SPR (Inc)",48,false,Infinity,627.6492,4051214,0,0,623517533,1986463104,9847168488
50,true,MC,"6. VND NNI->SPR (Inc)",49,false,Infinity,633.8779,3114663,0,0,630679612,2032457200,10283382392
50,true,MC,"6. VND NNI->SPR (Inc)",50,true,227.0000,572.2249,4012251,0,0,568134472,1875987600,3471832696
50,true,MC,"6. VND NNI->SPR (Inc)",51,false,Infinity,716.8274,3865521,0,0,712871443,2313200280,5787088504
50,true,MC,"6. VND NNI->SPR (Inc)",52,true,268.0000,659.7782,2949499,0,0,656750220,2132307384,7934572152
50,true,MC,"6. VND NNI->SPR (Inc)",53,true,251.0000,597.5502,3835945,0,0,593630968,1915457280,9847174776
50,true,MC,"6. VND NNI->SPR (Inc)",54,false,Infinity,681.8702,2715404,0,0,679066758,2199079624,10283396328
50,true,MC,"6. VND NNI->SPR (Inc)",55,false,Infinity,632.9071,3504634,0,0,629315579,2040350416,3807390952
50,true,MC,"6. VND NNI->SPR (Inc)",56,false,Infinity,682.0191,5286123,0,0,676631828,2207321736,6021983464
50,true,MC,"6. VND NNI->SPR (Inc)",57,true,243.0000,644.6570,4977255,0,0,639606448,2061579160,8068803816
50,true,MC,"6. VND NNI->SPR (Inc)",58,true,272.0000,685.3513,2520323,0,0,682732129,2196452128,10283396328
50,true,MC,"6. VND NNI->SPR (Inc)",59,true,229.0000,649.5097,3377913,0,0,646053198,2097300792,2096100152
50,true,MC,"6. VND NNI->SPR (Inc)",60,false,Infinity,714.3581,3704916,0,0,710566461,2320980424,4444910392
50,true,MC,"6. VND NNI->SPR (Inc)",61,true,237.0000,669.4019,2674116,0,0,666646859,2125032160,6558839608
50,true,MC,"6. VND NNI->SPR (Inc)",62,true,256.0000,634.1016,4634012,0,0,629380652,2048506112,8605659960
50,true,MC,"6. VND NNI->SPR (Inc)",63,true,256.0000,639.8818,4474148,0,0,635327281,2041435696,10283381560
50,true,MC,"6. VND NNI->SPR (Inc)",64,true,268.0000,674.3059,4067896,0,0,670156805,2146453304,2532305072
50,true,MC,"6. VND NNI->SPR (Inc)",65,true,235.0000,564.3309,3416657,0,0,560837156,1826030616,4344244400
50,true,MC,"6. VND NNI->SPR (Inc)",66,true,271.0000,695.6938,4121518,0,0,691492878,2251651288,6592391344
50,true,MC,"6. VND NNI->SPR (Inc)",67,false,Infinity,759.9254,2668423,0,0,757168512,2418630392,9008310448
50,true,MC,"6. VND NNI->SPR (Inc)",68,false,Infinity,748.6618,4163348,0,0,744407034,2347124064,10283383448
50,true,MC,"6. VND NNI->SPR (Inc)",69,false,Infinity,718.5808,2759026,0,0,715728698,2271206920,3371170456
50,true,MC,"6. VND NNI->SPR (Inc)",70,true,266.0000,650.7927,3630393,0,0,647084458,2095270728,5451545240
50,true,MC,"6. VND NNI->SPR (Inc)",71,false,Infinity,709.1236,4036316,0,0,705003922,2254905248,7733246616
50,true,MC,"6. VND NNI->SPR (Inc)",72,true,280.0000,732.2383,2965789,0,0,729190076,2302761128,10014947992
50,true,MC,"6. VND NNI->SPR (Inc)",73,true,291.0000,757.6536,2867873,0,0,754703444,2362331112,10283383448
50,true,MC,"6. VND NNI->SPR (Inc)",74,true,250.0000,655.7975,3696119,0,0,652021757,2082078400,4210026720
50,true,MC,"6. VND NNI->SPR (Inc)",75,true,259.0000,691.0899,2873434,0,0,688137067,2195556560,6391064800
50,true,MC,"6. VND NNI->SPR (Inc)",76,true,276.0000,678.6512,3632849,0,0,674942195,2144847312,8538548448
50,true,MC,"6. VND NNI->SPR (Inc)",77,false,Infinity,656.9870,4691181,0,0,652205959,2090430280,10283418336
50,true,MC,"6. VND NNI->SPR (Inc)",78,true,275.0000,691.1086,3400236,0,0,687626707,2200431112,2565860472
50,true,MC,"6. VND NNI->SPR (Inc)",79,true,258.0000,624.1905,3231867,0,0,620875738,1974726600,4545571960
50,true,MC,"6. VND NNI->SPR (Inc)",80,true,239.0000,587.3218,3192771,0,0,584045270,1875579328,6424620152
50,true,MC,"6. VND NNI->SPR (Inc)",81,true,246.0000,676.3416,4501049,0,0,671765194,2155969240,8572103800
50,true,MC,"6. VND NNI->SPR (Inc)",82,true,255.0000,627.2484,3874548,0,0,623282506,1978192192,10283380344
50,true,MC,"6. VND NNI->SPR (Inc)",83,true,248.0000,668.2676,3474678,0,0,664715938,2138436744,2431640376
50,true,MC,"6. VND NNI->SPR (Inc)",84,true,247.0000,693.0279,3252725,0,0,689696373,2201323192,4612678456
50,true,MC,"6. VND NNI->SPR (Inc)",85,true,261.0000,608.5828,4216339,0,0,604278356,1976369056,6592389944
50,true,MC,"6. VND NNI->SPR (Inc)",86,true,264.0000,746.7908,3079567,0,0,743635547,2418935328,9008309048
50,true,MC,"6. VND NNI->SPR (Inc)",87,true,237.0000,614.6819,2115082,0,0,612488518,1985922080,10283378488
50,true,MC,"6. VND NNI->SPR (Inc)",88,true,252.0000,676.9960,3304844,0,0,673610903,2151207032,2901399328
50,true,MC,"6. VND NNI->SPR (Inc)",89,true,244.0000,654.7782,4219594,0,0,650481118,2087123848,4981774112
50,true,MC,"6. VND NNI->SPR (Inc)",90,true,317.0000,727.1868,4424906,0,0,722681770,2305039784,7297029920
50,true,MC,"6. VND NNI->SPR (Inc)",91,true,251.0000,571.1153,4200868,0,0,566832015,1801730704,9075414816
50,true,MC,"6. VND NNI->SPR (Inc)",92,true,261.0000,771.3301,2826215,0,0,768423325,2396571264,10283374368
50,true,MC,"6. VND NNI->SPR (Inc)",93,true,262.0000,729.3199,3364399,0,0,725874380,2291545152,3505378800
50,true,MC,"6. VND NNI->SPR (Inc)",94,true,272.0000,719.2379,3569808,0,0,715586046,2308898992,5820634608
50,true,MC,"6. VND NNI->SPR (Inc)",95,true,260.0000,606.6632,3183674,0,0,603401037,1917342384,7733237232
50,true,MC,"6. VND NNI->SPR (Inc)",96,true,243.0000,676.8914,2266089,0,0,674548726,2203068472,9947829744
50,true,MC,"6. VND NNI->SPR (Inc)",97,true,249.0000,671.5410,3323821,0,0,668136283,2132078848,10283396904
50,true,MC,"6. VND NNI->SPR (Inc)",98,false,Infinity,667.0960,3139100,0,0,663871303,2142269728,3941609256
50,true,MC,"6. VND NNI->SPR (Inc)",99,true,268.0000,676.6906,3653448,0,0,672959925,2192185864,6122647336
50,true,MC,"6. VND NNI->SPR (Inc)",100,true,267.0000,655.7424,3206949,0,0,652453940,2090004656,8236576552
50,true,MP,"1. NNI (Classic)",1,false,Infinity,161.3167,0,0,0,0,108811280,116294080
50,true,MP,"1. NNI (Classic)",2,false,Infinity,31.2298,0,0,0,0,80909280,183402944
50,true,MP,"1. NNI (Classic)",3,false,Infinity,69.6384,0,0,0,0,136844256,317620672
50,true,MP,"1. NNI (Classic)",4,false,Infinity,53.1389,0,0,0,0,139803800,451838400
50,true,MP,"1. NNI (Classic)",5,false,Infinity,53.1332,0,0,0,0,50216800,518947264
50,true,MP,"1. NNI (Classic)",6,false,Infinity,44.2025,0,0,0,0,117132784,619610560
50,true,MP,"1. NNI (Classic)",7,false,Infinity,48.7933,0,0,0,0,125068808,753828288
50,true,MP,"1. NNI (Classic)",8,false,Infinity,67.3789,0,0,0,0,177435056,921600448
50,true,MP,"1. NNI (Classic)",9,false,Infinity,103.7755,0,0,0,0,271210552,1190035904
50,true,MP,"1. NNI (Classic)",10,false,Infinity,63.8737,0,0,0,0,171423128,1391362496
50,true,MP,"1. NNI (Classic)",11,false,Infinity,35.5394,0,0,0,0,92643744,1458471360
50,true,MP,"1. NNI (Classic)",12,false,Infinity,56.2638,0,0,0,0,146400448,1626243520
50,true,MP,"1. NNI (Classic)",13,false,Infinity,47.4637,0,0,0,0,129090320,1760461248
50,true,MP,"1. NNI (Classic)",14,false,Infinity,21.4991,0,0,0,0,57179448,1794015680
50,true,MP,"1. NNI (Classic)",15,false,Infinity,69.7858,0,0,0,0,185153168,1995342272
50,true,MP,"1. NNI (Classic)",16,false,Infinity,48.5857,0,0,0,0,129323208,2129560000
50,true,MP,"1. NNI (Classic)",17,false,Infinity,19.4093,0,0,0,0,50727328,2163114432
50,true,MP,"1. NNI (Classic)",18,false,Infinity,44.5650,0,0,0,0,116498328,2297332160
50,true,MP,"1. NNI (Classic)",19,false,Infinity,28.3784,0,0,0,0,73904192,2364441024
50,true,MP,"1. NNI (Classic)",20,false,Infinity,30.3126,0,0,0,0,79548832,2431549888
50,true,MP,"1. NNI (Classic)",21,false,Infinity,41.8937,0,0,0,0,109960280,2565767616
50,true,MP,"1. NNI (Classic)",22,false,Infinity,50.5462,0,0,0,0,133690768,2666430912
50,true,MP,"1. NNI (Classic)",23,false,Infinity,43.7559,0,0,0,0,115381824,2800648640
50,true,MP,"1. NNI (Classic)",24,false,Infinity,45.2073,0,0,0,0,122401264,2934866368
50,true,MP,"1. NNI (Classic)",25,false,Infinity,51.2005,0,0,0,0,134760824,3069084096
50,true,MP,"1. NNI (Classic)",26,false,Infinity,54.3364,0,0,0,0,146051608,3203301824
50,true,MP,"1. NNI (Classic)",27,false,Infinity,39.1388,0,0,0,0,103344320,3303965120
50,true,MP,"1. NNI (Classic)",28,false,Infinity,57.9080,0,0,0,0,155395448,3471737280
50,true,MP,"1. NNI (Classic)",29,false,Infinity,27.7760,0,0,0,0,73354080,3538846144
50,true,MP,"1. NNI (Classic)",30,false,Infinity,76.1705,0,0,0,0,203168600,3740172736
50,true,MP,"1. NNI (Classic)",31,false,Infinity,42.7222,0,0,0,0,111817368,3840836032
50,true,MP,"1. NNI (Classic)",32,false,Infinity,59.0773,0,0,0,0,154986048,4008608192
50,true,MP,"1. NNI (Classic)",33,false,Infinity,30.0686,0,0,0,0,79977816,4075717056
50,true,MP,"1. NNI (Classic)",34,false,Infinity,33.1556,0,0,0,0,88594240,4176380352
50,true,MP,"1. NNI (Classic)",35,false,Infinity,38.3629,0,0,0,0,98736224,4277043648
50,true,MP,"1. NNI (Classic)",36,false,Infinity,51.6387,0,0,0,0,135854992,4411261376
50,true,MP,"1. NNI (Classic)",37,false,Infinity,43.7334,0,0,0,0,116412224,4511924672
50,true,MP,"1. NNI (Classic)",38,false,Infinity,35.3919,0,0,0,0,92216600,4612587968
50,true,MP,"1. NNI (Classic)",39,false,Infinity,34.8627,0,0,0,0,91629008,4713251264
50,true,MP,"1. NNI (Classic)",40,false,Infinity,41.9464,0,0,0,0,110753432,4813914560
50,true,MP,"1. NNI (Classic)",41,false,Infinity,39.8624,0,0,0,0,104058320,4914577856
50,true,MP,"1. NNI (Classic)",42,false,Infinity,32.7541,0,0,0,0,86689016,5015241152
50,true,MP,"1. NNI (Classic)",43,false,Infinity,49.1814,0,0,0,0,130893256,5149458880
50,true,MP,"1. NNI (Classic)",44,false,Infinity,30.2209,0,0,0,0,80913152,5216567744
50,true,MP,"1. NNI (Classic)",45,false,Infinity,43.7283,0,0,0,0,115413296,5350785472
50,true,MP,"1. NNI (Classic)",46,false,Infinity,49.7015,0,0,0,0,132416768,5485003200
50,true,MP,"1. NNI (Classic)",47,false,Infinity,32.7850,0,0,0,0,86694032,5552112064
50,true,MP,"1. NNI (Classic)",48,false,Infinity,63.6497,0,0,0,0,170318224,5719884224
50,true,MP,"1. NNI (Classic)",49,false,Infinity,68.1599,0,0,0,0,178723616,5921210816
50,true,MP,"1. NNI (Classic)",50,false,Infinity,21.3061,0,0,0,0,56029000,5954765248
50,true,MP,"1. NNI (Classic)",51,false,Infinity,37.4368,0,0,0,0,100317448,6055428544
50,true,MP,"1. NNI (Classic)",52,false,Infinity,46.7192,0,0,0,0,121960224,6189646272
50,true,MP,"1. NNI (Classic)",53,false,Infinity,41.3369,0,0,0,0,110072760,6290309568
50,true,MP,"1. NNI (Classic)",54,false,Infinity,33.8869,0,0,0,0,88346640,6390972864
50,true,MP,"1. NNI (Classic)",55,false,Infinity,63.5973,0,0,0,0,169701080,6558745024
50,true,MP,"1. NNI (Classic)",56,false,Infinity,40.1020,0,0,0,0,104629096,6659408320
50,true,MP,"1. NNI (Classic)",57,false,Infinity,70.8042,0,0,0,0,188804192,6860734912
50,true,MP,"1. NNI (Classic)",58,false,Infinity,54.6356,0,0,0,0,141897136,6994952640
50,true,MP,"1. NNI (Classic)",59,false,Infinity,21.4533,0,0,0,0,56452024,7028507072
50,true,MP,"1. NNI (Classic)",60,false,Infinity,46.8548,0,0,0,0,122209184,7162724800
50,true,MP,"1. NNI (Classic)",61,false,Infinity,60.5477,0,0,0,0,157560640,7330496960
50,true,MP,"1. NNI (Classic)",62,false,Infinity,42.8493,0,0,0,0,110420400,7431160256
50,true,MP,"1. NNI (Classic)",63,false,Infinity,47.1419,0,0,0,0,123330448,7565377984
50,true,MP,"1. NNI (Classic)",64,false,Infinity,39.8865,0,0,0,0,104251472,7666041280
50,true,MP,"1. NNI (Classic)",65,false,Infinity,33.5612,0,0,0,0,87515472,7733150144
50,true,MP,"1. NNI (Classic)",66,false,Infinity,27.8717,0,0,0,0,74136552,7833813440
50,true,MP,"1. NNI (Classic)",67,false,Infinity,35.3238,0,0,0,0,91366648,7900922304
50,true,MP,"1. NNI (Classic)",68,false,Infinity,44.8874,0,0,0,0,116805624,8035140032
50,true,MP,"1. NNI (Classic)",69,false,Infinity,84.8186,0,0,0,0,224602000,8270021056
50,true,MP,"1. NNI (Classic)",70,false,Infinity,74.0640,0,0,0,0,192274024,8437793216
50,true,MP,"1. NNI (Classic)",71,false,Infinity,50.0544,0,0,0,0,129761936,8572010944
50,true,MP,"1. NNI (Classic)",72,false,Infinity,49.2783,0,0,0,0,127215952,8706228672
50,true,MP,"1. NNI (Classic)",73,false,Infinity,31.8992,0,0,0,0,85354272,8806891968
50,true,MP,"1. NNI (Classic)",74,false,Infinity,45.1858,0,0,0,0,117459376,8907555264
50,true,MP,"1. NNI (Classic)",75,false,Infinity,44.8251,0,0,0,0,116062552,9008218560
50,true,MP,"1. NNI (Classic)",76,false,Infinity,38.0821,0,0,0,0,98631888,9108881856
50,true,MP,"1. NNI (Classic)",77,false,Infinity,49.1628,0,0,0,0,129423680,9243099584
50,true,MP,"1. NNI (Classic)",78,false,Infinity,36.1917,0,0,0,0,92936896,9343762880
50,true,MP,"1. NNI (Classic)",79,false,Infinity,39.8531,0,0,0,0,103642064,9444426176
50,true,MP,"1. NNI (Classic)",80,false,Infinity,25.9087,0,0,0,0,68172672,9511535040
50,true,MP,"1. NNI (Classic)",81,false,Infinity,39.0277,0,0,0,0,102922120,9612198336
50,true,MP,"1. NNI (Classic)",82,false,Infinity,42.4709,0,0,0,0,113099144,9746416064
50,true,MP,"1. NNI (Classic)",83,false,Infinity,48.6749,0,0,0,0,128469464,9847079360
50,true,MP,"1. NNI (Classic)",84,false,Infinity,46.7891,0,0,0,0,123746680,9981297088
50,true,MP,"1. NNI (Classic)",85,false,Infinity,69.5485,0,0,0,0,178037600,10149069248
50,true,MP,"1. NNI (Classic)",86,false,Infinity,40.4190,0,0,0,0,107290264,10283286976
50,true,MP,"1. NNI (Classic)",87,false,Infinity,44.7823,0,0,0,0,111689448,10322032648
50,true,MP,"1. NNI (Classic)",88,false,Infinity,33.5081,0,0,0,0,87946816,188594184
50,true,MP,"1. NNI (Classic)",89,false,Infinity,31.7446,0,0,0,0,80427552,255703048
50,true,MP,"1. NNI (Classic)",90,false,Infinity,65.0019,0,0,0,0,173267120,423475208
50,true,MP,"1. NNI (Classic)",91,false,Infinity,80.1906,0,0,0,0,214597040,658356232
50,true,MP,"1. NNI (Classic)",92,false,Infinity,44.2513,0,0,0,0,116832232,759019528
50,true,MP,"1. NNI (Classic)",93,false,Infinity,46.8035,0,0,0,0,124007880,893237256
50,true,MP,"1. NNI (Classic)",94,false,Infinity,60.4737,0,0,0,0,157677280,1027454984
50,true,MP,"1. NNI (Classic)",95,false,Infinity,63.9657,0,0,0,0,171599576,1228781576
50,true,MP,"1. NNI (Classic)",96,false,Infinity,28.8267,0,0,0,0,75266280,1295890440
50,true,MP,"1. NNI (Classic)",97,false,Infinity,72.8006,0,0,0,0,191172288,1497217032
50,true,MP,"1. NNI (Classic)",98,false,Infinity,45.9242,0,0,0,0,120848472,1597880328
50,true,MP,"1. NNI (Classic)",99,false,Infinity,26.3079,0,0,0,0,68693112,1664989192
50,true,MP,"1. NNI (Classic)",100,false,Infinity,57.5351,0,0,0,0,157746320,1832761352
50,true,MP,"2. NNI (Incremental)",1,false,Infinity,81.5291,0,0,0,0,101073696,116706312
50,true,MP,"2. NNI (Incremental)",2,false,Infinity,30.7259,0,0,0,0,90219432,183815176
50,true,MP,"2. NNI (Incremental)",3,false,Infinity,41.8417,0,0,0,0,124741584,318032904
50,true,MP,"2. NNI (Incremental)",4,false,Infinity,47.1307,0,0,0,0,140986600,452250632
50,true,MP,"2. NNI (Incremental)",5,false,Infinity,17.0799,0,0,0,0,51278240,519359496
50,true,MP,"2. NNI (Incremental)",6,false,Infinity,42.9424,0,0,0,0,129228576,653577224
50,true,MP,"2. NNI (Incremental)",7,false,Infinity,38.3373,0,0,0,0,113432240,754240520
50,true,MP,"2. NNI (Incremental)",8,false,Infinity,56.8204,0,0,0,0,168672640,922012680
50,true,MP,"2. NNI (Incremental)",9,false,Infinity,61.4757,0,0,0,0,187386488,1123339272
50,true,MP,"2. NNI (Incremental)",10,false,Infinity,46.7970,0,0,0,0,140500824,1257557000
50,true,MP,"2. NNI (Incremental)",11,false,Infinity,27.9004,0,0,0,0,85156792,1324665864
50,true,MP,"2. NNI (Incremental)",12,false,Infinity,45.7293,0,0,0,0,135334192,1492438024
50,true,MP,"2. NNI (Incremental)",13,false,Infinity,39.2468,0,0,0,0,117276728,1593101320
50,true,MP,"2. NNI (Incremental)",14,false,Infinity,22.8694,0,0,0,0,67678968,1660210184
50,true,MP,"2. NNI (Incremental)",15,false,Infinity,73.2562,0,0,0,0,216052824,1861536776
50,true,MP,"2. NNI (Incremental)",16,false,Infinity,37.5836,0,0,0,0,113330744,1995754504
50,true,MP,"2. NNI (Incremental)",17,false,Infinity,31.4803,0,0,0,0,95534736,2096417800
50,true,MP,"2. NNI (Incremental)",18,false,Infinity,34.9866,0,0,0,0,106987056,2197081096
50,true,MP,"2. NNI (Incremental)",19,false,Infinity,22.1392,0,0,0,0,67607328,2264189960
50,true,MP,"2. NNI (Incremental)",20,false,Infinity,24.5360,0,0,0,0,74001416,2331298824
50,true,MP,"2. NNI (Incremental)",21,false,Infinity,33.5204,0,0,0,0,101564136,2431962120
50,true,MP,"2. NNI (Incremental)",22,false,Infinity,45.6625,0,0,0,0,137636888,2566179848
50,true,MP,"2. NNI (Incremental)",23,false,Infinity,32.4460,0,0,0,0,96887368,2666843144
50,true,MP,"2. NNI (Incremental)",24,false,Infinity,47.2491,0,0,0,0,141104200,2801060872
50,true,MP,"2. NNI (Incremental)",25,false,Infinity,40.0665,0,0,0,0,119539560,2935278600
50,true,MP,"2. NNI (Incremental)",26,false,Infinity,43.6485,0,0,0,0,135358488,3069496328
50,true,MP,"2. NNI (Incremental)",27,false,Infinity,31.7889,0,0,0,0,96423440,3170159624
50,true,MP,"2. NNI (Incremental)",28,false,Infinity,49.2256,0,0,0,0,146697032,3304377352
50,true,MP,"2. NNI (Incremental)",29,false,Infinity,22.7833,0,0,0,0,67962920,3371486216
50,true,MP,"2. NNI (Incremental)",30,false,Infinity,60.5093,0,0,0,0,179642984,3572812808
50,true,MP,"2. NNI (Incremental)",31,false,Infinity,30.5055,0,0,0,0,90458616,3639921672
50,true,MP,"2. NNI (Incremental)",32,false,Infinity,52.7268,0,0,0,0,157032368,3807693832
50,true,MP,"2. NNI (Incremental)",33,false,Infinity,24.6614,0,0,0,0,73202944,3874802696
50,true,MP,"2. NNI (Incremental)",34,false,Infinity,26.6610,0,0,0,0,78452928,3941911560
50,true,MP,"2. NNI (Incremental)",35,false,Infinity,30.4193,0,0,0,0,90436552,4042574856
50,true,MP,"2. NNI (Incremental)",36,false,Infinity,45.1748,0,0,0,0,135777512,4176792584
50,true,MP,"2. NNI (Incremental)",37,false,Infinity,27.9158,0,0,0,0,84579360,4277455880
50,true,MP,"2. NNI (Incremental)",38,false,Infinity,29.5749,0,0,0,0,91036368,4344564744
50,true,MP,"2. NNI (Incremental)",39,false,Infinity,27.6378,0,0,0,0,85058720,4445228040
50,true,MP,"2. NNI (Incremental)",40,false,Infinity,33.4227,0,0,0,0,101866400,4545891336
50,true,MP,"2. NNI (Incremental)",41,false,Infinity,31.7044,0,0,0,0,96673008,4646554632
50,true,MP,"2. NNI (Incremental)",42,false,Infinity,26.2227,0,0,0,0,79206760,4713663496
50,true,MP,"2. NNI (Incremental)",43,false,Infinity,44.5680,0,0,0,0,135115256,4847881224
50,true,MP,"2. NNI (Incremental)",44,false,Infinity,24.1403,0,0,0,0,73498808,4914990088
50,true,MP,"2. NNI (Incremental)",45,false,Infinity,35.5509,0,0,0,0,107517840,5049207816
50,true,MP,"2. NNI (Incremental)",46,false,Infinity,41.5033,0,0,0,0,125037800,5149871112
50,true,MP,"2. NNI (Incremental)",47,false,Infinity,26.1372,0,0,0,0,78850760,5250534408
50,true,MP,"2. NNI (Incremental)",48,false,Infinity,44.0041,0,0,0,0,130442056,5384752136
50,true,MP,"2. NNI (Incremental)",49,false,Infinity,48.4603,0,0,0,0,147347928,5518969864
50,true,MP,"2. NNI (Incremental)",50,false,Infinity,13.2171,0,0,0,0,39716208,5552524296
50,true,MP,"2. NNI (Incremental)",51,false,Infinity,27.5664,0,0,0,0,84394848,5653187592
50,true,MP,"2. NNI (Incremental)",52,false,Infinity,34.9764,0,0,0,0,108172304,5753850888
50,true,MP,"2. NNI (Incremental)",53,false,Infinity,42.7366,0,0,0,0,129522048,5888068616
50,true,MP,"2. NNI (Incremental)",54,false,Infinity,25.7983,0,0,0,0,79469008,5955177480
50,true,MP,"2. NNI (Incremental)",55,false,Infinity,49.3861,0,0,0,0,151989152,6122949640
50,true,MP,"2. NNI (Incremental)",56,false,Infinity,31.9117,0,0,0,0,96763224,6223612936
50,true,MP,"2. NNI (Incremental)",57,false,Infinity,67.7075,0,0,0,0,203050344,6424939528
50,true,MP,"2. NNI (Incremental)",58,false,Infinity,41.1360,0,0,0,0,125054560,6525602824
50,true,MP,"2. NNI (Incremental)",59,false,Infinity,16.8913,0,0,0,0,51228664,6592711688
50,true,MP,"2. NNI (Incremental)",60,false,Infinity,37.1465,0,0,0,0,112290432,6693374984
50,true,MP,"2. NNI (Incremental)",61,false,Infinity,63.1210,0,0,0,0,187577800,6894701576
50,true,MP,"2. NNI (Incremental)",62,false,Infinity,31.2017,0,0,0,0,96305704,6995364872
50,true,MP,"2. NNI (Incremental)",63,false,Infinity,35.5199,0,0,0,0,108152112,7096028168
50,true,MP,"2. NNI (Incremental)",64,false,Infinity,16.5432,0,0,0,0,50764272,7129582600
50,true,MP,"2. NNI (Incremental)",65,false,Infinity,27.9480,0,0,0,0,85360728,7230245896
50,true,MP,"2. NNI (Incremental)",66,false,Infinity,22.3629,0,0,0,0,67982912,7297354760
50,true,MP,"2. NNI (Incremental)",67,false,Infinity,27.7602,0,0,0,0,84847128,7398018056
50,true,MP,"2. NNI (Incremental)",68,false,Infinity,35.0724,0,0,0,0,106747288,7498681352
50,true,MP,"2. NNI (Incremental)",69,false,Infinity,75.4289,0,0,0,0,223770736,7700007944
50,true,MP,"2. NNI (Incremental)",70,false,Infinity,44.4308,0,0,0,0,134915768,7834225672
50,true,MP,"2. NNI (Incremental)",71,false,Infinity,37.4368,0,0,0,0,113435240,7968443400
50,true,MP,"2. NNI (Incremental)",72,false,Infinity,37.0845,0,0,0,0,113332600,8069106696
50,true,MP,"2. NNI (Incremental)",73,false,Infinity,26.1347,0,0,0,0,79225296,8169769992
50,true,MP,"2. NNI (Incremental)",74,false,Infinity,35.7995,0,0,0,0,106941232,8270433288
50,true,MP,"2. NNI (Incremental)",75,false,Infinity,47.3355,0,0,0,0,146967608,8404651016
50,true,MP,"2. NNI (Incremental)",76,false,Infinity,30.3953,0,0,0,0,90196512,8505314312
50,true,MP,"2. NNI (Incremental)",77,false,Infinity,39.1897,0,0,0,0,117899664,8605977608
50,true,MP,"2. NNI (Incremental)",78,false,Infinity,30.1542,0,0,0,0,90727336,8706640904
50,true,MP,"2. NNI (Incremental)",79,false,Infinity,31.4398,0,0,0,0,96096848,8807304200
50,true,MP,"2. NNI (Incremental)",80,false,Infinity,21.0207,0,0,0,0,62194088,8874413064
50,true,MP,"2. NNI (Incremental)",81,false,Infinity,27.4715,0,0,0,0,84903496,8941521928
50,true,MP,"2. NNI (Incremental)",82,false,Infinity,37.0019,0,0,0,0,112710088,9075739656
50,true,MP,"2. NNI (Incremental)",83,false,Infinity,67.3678,0,0,0,0,202223008,9277066248
50,true,MP,"2. NNI (Incremental)",84,false,Infinity,37.2408,0,0,0,0,111942904,9377729544
50,true,MP,"2. NNI (Incremental)",85,false,Infinity,49.5255,0,0,0,0,146815464,9511947272
50,true,MP,"2. NNI (Incremental)",86,false,Infinity,49.8394,0,0,0,0,145728936,9679719432
50,true,MP,"2. NNI (Incremental)",87,false,Infinity,30.2827,0,0,0,0,91461248,9746828296
50,true,MP,"2. NNI (Incremental)",88,false,Infinity,25.5510,0,0,0,0,78794800,9847491592
50,true,MP,"2. NNI (Incremental)",89,false,Infinity,33.5072,0,0,0,0,101056288,9948154888
50,true,MP,"2. NNI (Incremental)",90,false,Infinity,42.8629,0,0,0,0,129356248,10082372616
50,true,MP,"2. NNI (Incremental)",91,false,Infinity,62.3628,0,0,0,0,186960656,10250144776
50,true,MP,"2. NNI (Incremental)",92,false,Infinity,25.9700,0,0,0,0,74041632,10317508872
50,true,MP,"2. NNI (Incremental)",93,false,Infinity,41.6013,0,0,0,0,123681992,150515976
50,true,MP,"2. NNI (Incremental)",94,false,Infinity,65.1428,0,0,0,0,196383312,351842568
50,true,MP,"2. NNI (Incremental)",95,false,Infinity,54.0911,0,0,0,0,163188672,519614728
50,true,MP,"2. NNI (Incremental)",96,false,Infinity,23.1024,0,0,0,0,68039752,586723592
50,true,MP,"2. NNI (Incremental)",97,false,Infinity,62.1427,0,0,0,0,185754376,754495752
50,true,MP,"2. NNI (Incremental)",98,false,Infinity,37.7406,0,0,0,0,113184080,888713480
50,true,MP,"2. NNI (Incremental)",99,false,Infinity,20.9297,0,0,0,0,61987424,955822344
50,true,MP,"2. NNI (Incremental)",100,false,Infinity,50.3196,0,0,0,0,152537576,1090040072
50,true,MP,"3. VND NNI->ECR->SPR (Classic)",1,true,202.0000,71107.5432,73180484,2327595250,60400522269,8305601770,137882234720,13525810584
50,true,MP,"3. VND NNI->ECR->SPR (Classic)",2,true,229.0000,63312.6019,40967577,2261171734,50516164526,10493853899,126671759376,15865457552
50,true,MP,"3. VND NNI->ECR->SPR (Classic)",3,true,249.0000,64857.9286,60852512,1407775670,50370936312,13017991985,120101646880,18173348752
50,true,MP,"3. VND NNI->ECR->SPR (Classic)",4,true,242.0000,54252.1913,64040975,3441856091,39840499847,10905321082,103859207776,20450811792
50,true,MP,"3. VND NNI->ECR->SPR (Classic)",5,true,243.0000,47140.7142,31723408,3147040289,31400959718,12560574121,87806790504,23368349072
50,true,MP,"3. VND NNI->ECR->SPR (Classic)",6,true,234.0000,49619.3184,52742237,3404466820,38309294805,7852308651,98178063696,23207662024
50,true,MP,"3. VND NNI->ECR->SPR (Classic)",7,true,228.0000,82398.0137,57822429,2392634883,71183781638,8763217355,155081640896,32060534832
50,true,MP,"3. VND NNI->ECR->SPR (Classic)",8,true,284.0000,55354.5929,76728193,2143569704,41830853514,11303014699,91818231512,16187324752
50,true,MP,"3. VND NNI->ECR->SPR (Classic)",9,true,255.0000,57824.1995,112861193,1856032164,45979790318,9874981329,110088097752,17412257808
50,true,MP,"3. VND NNI->ECR->SPR (Classic)",10,true,259.0000,62918.8525,73055006,1884388427,49581557627,11379451900,104291732784,20611108480
50,true,MP,"3. VND NNI->ECR->SPR (Classic)",11,true,251.0000,59918.7813,46714405,3676623350,47366245383,8828671477,114639708080,23223597904
50,true,MP,"3. VND NNI->ECR->SPR (Classic)",12,true,240.0000,76602.6478,91608018,2146417231,64090448426,10273695022,129092605840,24431940992
50,true,MP,"3. VND NNI->ECR->SPR (Classic)",13,true,301.0000,66165.0924,57948249,5783933160,50330224025,9992446561,104444392400,32171987792
50,true,MP,"3. VND NNI->ECR->SPR (Classic)",14,true,232.0000,88211.2570,30767791,2227690036,76670689703,9281657931,160838247936,15113825104
50,true,MP,"3. VND NNI->ECR->SPR (Classic)",15,true,227.0000,91361.7307,78857633,1890471556,81141049949,8250856861,146413088400,18035557712
50,true,MP,"3. VND NNI->ECR->SPR (Classic)",16,true,277.0000,69550.1655,58498165,2442077924,56176080554,10873059131,127783010528,18043974480
50,true,MP,"3. VND NNI->ECR->SPR (Classic)",17,true,263.0000,46842.3559,31007817,3597378347,29503641662,13709941384,90714649880,20305534288
50,true,MP,"3. VND NNI->ECR->SPR (Classic)",18,true,306.0000,54747.5513,54218717,2754927621,39448535353,12489444181,92362928696,24124722128
50,true,MP,"3. VND NNI->ECR->SPR (Classic)",19,true,256.0000,58632.8634,38735072,2049143227,45287254860,11257312958,112590339608,24895990352
50,true,MP,"3. VND NNI->ECR->SPR (Classic)",20,true,235.0000,94537.7284,40258738,2645231453,82012595766,9839112289,167764605280,35042065512
50,true,MP,"3. VND NNI->ECR->SPR (Classic)",21,true,201.0000,93225.4661,51385790,3700348056,83814652978,5658426708,161019793200,17645563544
50,true,MP,"3. VND NNI->ECR->SPR (Classic)",22,true,257.0000,39168.6878,60000051,2975889490,23764348992,12368059214,75087650504,16927798480
50,true,MP,"3. VND NNI->ECR->SPR (Classic)",23,true,228.0000,77015.1009,55538167,1664580613,62031123591,13263441235,136970748256,20982451088
50,true,MP,"3. VND NNI->ECR->SPR (Classic)",24,true,228.0000,100784.5791,54732624,1332668365,89532358734,9864389558,168675249992,24797523344
50,true,MP,"3. VND NNI->ECR->SPR (Classic)",25,true,188.0000,147318.6056,61391106,2821345025,139770894628,4664259941,246630646192,32283485520
50,true,MP,"3. VND NNI->ECR->SPR (Classic)",26,true,282.0000,86105.4686,63733170,2269835212,73555017841,10216392534,144128220576,18361135952
50,true,MP,"3. VND NNI->ECR->SPR (Classic)",27,true,201.0000,98465.4932,48630830,3543643524,87564727135,7307918758,175706633416,20767044432
50,true,MP,"3. VND NNI->ECR->SPR (Classic)",28,true,283.0000,44359.7784,68718190,2390101950,27641322343,14259210584,80141866976,21016505680
50,true,MP,"3. VND NNI->ECR->SPR (Classic)",29,true,228.0000,40572.1010,37322255,2736969019,25732135068,12065268988,82397834400,23628001104
50,true,MP,"3. VND NNI->ECR->SPR (Classic)",30,true,382.0000,50758.5107,84659746,1713769858,34482432832,14477291578,82404105440,25334776400
50,true,MP,"3. VND NNI->ECR->SPR (Classic)",31,true,222.0000,63715.4357,52073536,2069769995,52858008183,8735133335,119356442280,34700260144
50,true,MP,"3. VND NNI->ECR->SPR (Classic)",32,true,271.0000,36827.4545,69019171,2088195783,20838503914,13831370071,71248749584,16117546424
50,true,MP,"3. VND NNI->ECR->SPR (Classic)",33,true,267.0000,63208.8417,39150461,2744385644,49506813055,10918059187,116097520128,20489555608
50,true,MP,"3. VND NNI->ECR->SPR (Classic)",34,true,190.0000,77558.5686,42578420,1865430255,68412887361,7237196837,146089786360,20901221688
50,true,MP,"3. VND NNI->ECR->SPR (Classic)",35,true,243.0000,83886.2949,48177618,2517634877,71747855523,9572097825,149348751416,21341479208
50,true,MP,"3. VND NNI->ECR->SPR (Classic)",36,true,212.0000,64200.9677,61657553,2640527269,50886235009,10612011550,115462846496,24183175752
50,true,MP,"3. VND NNI->ECR->SPR (Classic)",37,true,277.0000,40822.6150,53584901,1878431339,27958889615,10931331327,80150917072,28351470792
50,true,MP,"3. VND NNI->ECR->SPR (Classic)",38,true,249.0000,75874.6809,45552387,1824764252,63155115299,10848830626,134914520200,16481890256
50,true,MP,"3. VND NNI->ECR->SPR (Classic)",39,true,271.0000,66594.7261,44683754,1677949257,52164332288,12707358626,124669511456,18453893728
50,true,MP,"3. VND NNI->ECR->SPR (Classic)",40,true,255.0000,40107.7678,80155158,2836563526,26843904212,10346691659,73340627416,20149266528
50,true,MP,"3. VND NNI->ECR->SPR (Classic)",41,true,268.0000,38285.5217,50001898,3389143354,23042710000,11803237198,76142541336,20480315872
50,true,MP,"3. VND NNI->ECR->SPR (Classic)",42,true,266.0000,66840.3454,42909871,1320436308,53586310232,11890292552,118794608400,24700625376
50,true,MP,"3. VND NNI->ECR->SPR (Classic)",43,true,244.0000,74976.0884,59367140,1291708829,64850552631,8774006003,147161882520,32304696936
50,true,MP,"3. VND NNI->ECR->SPR (Classic)",44,true,275.0000,47522.7677,39156966,2945336349,34166455665,10371352993,95368868256,15819517024
50,true,MP,"3. VND NNI->ECR->SPR (Classic)",45,true,250.0000,85137.9780,53390876,874921963,74400587871,9808636940,154933116248,18513839200
50,true,MP,"3. VND NNI->ECR->SPR (Classic)",46,true,229.0000,44539.7231,60727909,4234873908,32487802353,7755810512,84776569048,19474857568
50,true,MP,"3. VND NNI->ECR->SPR (Classic)",47,true,342.0000,63556.7012,41909060,1788206473,46589277262,15136973746,106932976704,21582836280
50,true,MP,"3. VND NNI->ECR->SPR (Classic)",48,true,260.0000,69356.5266,71882170,2486119413,55622174146,11175932945,120927423384,24170437728
50,true,MP,"3. VND NNI->ECR->SPR (Classic)",49,true,234.0000,34319.9804,119726187,2996528472,19435778665,11767531715,68553575520,26495708752
50,true,MP,"3. VND NNI->ECR->SPR (Classic)",50,true,251.0000,52959.8382,30673803,2416141024,36999572473,13513078009,99990828976,34827593784
50,true,MP,"3. VND NNI->ECR->SPR (Classic)",51,true,282.0000,31321.5705,47479583,2144500958,18236653083,10892560206,65457846856,16183776992
50,true,MP,"3. VND NNI->ECR->SPR (Classic)",52,true,200.0000,108196.0892,56250252,3404149706,98640053518,6094991055,184428021848,19880391136
50,true,MP,"3. VND NNI->ECR->SPR (Classic)",53,true,241.0000,106546.2727,51086622,1452669021,96373854204,8668159201,178860910664,22499809760
50,true,MP,"3. VND NNI->ECR->SPR (Classic)",54,true,250.0000,100230.7958,43169135,1513928050,88190625610,10482627346,183710339392,21967185408
50,true,MP,"3. VND NNI->ECR->SPR (Classic)",55,true,226.0000,99564.5242,73210076,1003273373,88555790433,9931730299,191274024952,35412818192
50,true,MP,"3. VND NNI->ECR->SPR (Classic)",56,true,250.0000,71742.7324,49887733,2100938244,58241591794,11349913858,130820234216,18072455776
50,true,MP,"3. VND NNI->ECR->SPR (Classic)",57,true,254.0000,48521.7794,80866283,4634618965,33925065067,9880716123,79553579536,18731950688
50,true,MP,"3. VND NNI->ECR->SPR (Classic)",58,true,215.0000,115040.0932,63595961,2551699124,106334493006,6089663588,214024646184,20647261280
50,true,MP,"3. VND NNI->ECR->SPR (Classic)",59,true,209.0000,59579.8975,31231462,2771424990,44769292920,12007520740,119258808416,22859351136
50,true,MP,"3. VND NNI->ECR->SPR (Classic)",60,true,268.0000,56768.3632,56729033,1605110265,43133682502,11972414728,108595502552,23507468384
50,true,MP,"3. VND NNI->ECR->SPR (Classic)",61,true,207.0000,115407.4823,69924416,3275629279,106936914211,5124333810,193008607816,26028825424
50,true,MP,"3. VND NNI->ECR->SPR (Classic)",62,true,264.0000,51362.9171,51227087,2284457888,35665029847,13361816828,92236477000,25823774816
50,true,MP,"3. VND NNI->ECR->SPR (Classic)",63,true,171.0000,169331.1269,86081232,1825901646,163845680762,3572719319,327681687376,37132362432
50,true,MP,"3. VND NNI->ECR->SPR (Classic)",64,true,258.0000,66959.3296,48865448,2532072028,54528955165,9848962697,121243607896,18848728184
50,true,MP,"3. VND NNI->ECR->SPR (Classic)",65,true,242.0000,57319.8521,42902529,1930705203,44841563358,10504264181,113519159760,21449018976
50,true,MP,"3. VND NNI->ECR->SPR (Classic)",66,true,212.0000,51989.3047,36421563,2959901647,36265894557,12726668512,96570710328,21525162592
50,true,MP,"3. VND NNI->ECR->SPR (Classic)",67,true,255.0000,74038.7107,44101449,2387429599,60702655979,10904065488,136666697160,25604664928
50,true,MP,"3. VND NNI->ECR->SPR (Classic)",68,true,230.0000,93307.3486,54473994,3316420193,81296077655,8639809334,152032760160,33270684768
50,true,MP,"3. VND NNI->ECR->SPR (Classic)",69,true,222.0000,137558.5802,93459453,1705062764,129223871408,6535601852,205072562024,16730996832
50,true,MP,"3. VND NNI->ECR->SPR (Classic)",70,true,232.0000,59716.8156,122249301,2207561215,49046142499,8340310904,115165252400,17733211088
50,true,MP,"3. VND NNI->ECR->SPR (Classic)",71,true,279.0000,71817.6353,59413862,2137338447,57356168055,12264249584,124971552768,18251556800
50,true,MP,"3. VND NNI->ECR->SPR (Classic)",72,true,298.0000,74780.3074,58414952,908027059,59563768144,14249730021,130097573872,21687023200
50,true,MP,"3. VND NNI->ECR->SPR (Classic)",73,true,315.0000,39250.4563,41388963,866443637,23526056692,14816277042,77529824304,23951694824
50,true,MP,"3. VND NNI->ECR->SPR (Classic)",74,true,202.0000,90364.0915,54285098,2428955497,80214507033,7665780553,169961204504,30785732528
50,true,MP,"3. VND NNI->ECR->SPR (Classic)",75,true,273.0000,59598.0278,54272194,2458124367,45710193711,11374994916,105510136544,15356159472
50,true,MP,"3. VND NNI->ECR->SPR (Classic)",76,true,261.0000,57103.0405,47968615,2710171473,39171286722,15173207592,100665299928,18728257120
50,true,MP,"3. VND NNI->ECR->SPR (Classic)",77,true,303.0000,54323.7088,69308540,2767830237,40240959714,11245184466,95425646424,20435958128
50,true,MP,"3. VND NNI->ECR->SPR (Classic)",78,true,303.0000,53588.0437,45572037,1586192744,37098059341,14857891143,92769897856,21491883408
50,true,MP,"3. VND NNI->ECR->SPR (Classic)",79,true,203.0000,71264.4047,48648118,3368480796,59598942749,8247836649,134372713936,23971304920
50,true,MP,"3. VND NNI->ECR->SPR (Classic)",80,true,251.0000,39686.8636,37149370,3434217051,25258417063,10956660599,76437902960,26486778656
50,true,MP,"3. VND NNI->ECR->SPR (Classic)",81,true,250.0000,49833.0737,48436444,1432384948,36318098854,12033794190,98531990808,35099318896
50,true,MP,"3. VND NNI->ECR->SPR (Classic)",82,true,261.0000,69526.1238,51968782,1746805731,54245743334,13481211516,117987658752,17188201056
50,true,MP,"3. VND NNI->ECR->SPR (Classic)",83,true,243.0000,43073.3625,56653822,3977010590,28107419309,10931788638,80548396536,17015395424
50,true,MP,"3. VND NNI->ECR->SPR (Classic)",84,true,272.0000,103612.9073,56972328,1746672690,93083163931,8725537266,177948245008,21673483360
50,true,MP,"3. VND NNI->ECR->SPR (Classic)",85,true,246.0000,39378.8492,130699590,3999844003,25053241015,10194579316,70656686008,22899612256
50,true,MP,"3. VND NNI->ECR->SPR (Classic)",86,true,312.0000,29523.8519,49316719,2342880981,11307603302,15823749464,61513911304,23574282736
50,true,MP,"3. VND NNI->ECR->SPR (Classic)",87,true,230.0000,82530.9374,78989279,2244322897,70125600403,10081549891,156068871552,27465839888
50,true,MP,"3. VND NNI->ECR->SPR (Classic)",88,true,238.0000,104330.1659,42999716,1004821209,94608886453,8672955999,199978868080,37957491912
50,true,MP,"3. VND NNI->ECR->SPR (Classic)",89,true,284.0000,37734.0911,41880509,3860038234,18304650447,15527148057,72953899392,16768859848
50,true,MP,"3. VND NNI->ECR->SPR (Classic)",90,true,365.0000,51982.2108,75161709,1978036060,37003177558,12925461107,85442803848,17783023200
50,true,MP,"3. VND NNI->ECR->SPR (Classic)",91,true,244.0000,42747.7681,90687396,2347455261,29562973480,10746138315,73422050040,19793940216
50,true,MP,"3. VND NNI->ECR->SPR (Classic)",92,true,254.0000,45463.6798,55088927,5102681316,28604020742,11701374734,77113640288,20482222512
50,true,MP,"3. VND NNI->ECR->SPR (Classic)",93,true,268.0000,99843.3056,56986804,2061265769,88008447463,9716118902,159170368712,24975532464
50,true,MP,"3. VND NNI->ECR->SPR (Classic)",94,true,240.0000,53797.0751,71574816,1621219278,40649125692,11454746621,99252585104,35408229680
50,true,MP,"3. VND NNI->ECR->SPR (Classic)",95,true,297.0000,42133.4496,74910660,2260494429,28570211692,11227383184,79575697504,17307767392
50,true,MP,"3. VND NNI->ECR->SPR (Classic)",96,true,237.0000,25982.9124,39160474,2653837565,12550922325,10738662749,55298242360,18912924768
50,true,MP,"3. VND NNI->ECR->SPR (Classic)",97,true,285.0000,47939.8309,81052701,1870563735,32884809939,13103032511,85165474168,19975625824
50,true,MP,"3. VND NNI->ECR->SPR (Classic)",98,true,237.0000,62281.5293,55689116,2528124261,48698948993,10998337672,116973034280,22345419872
50,true,MP,"3. VND NNI->ECR->SPR (Classic)",99,true,267.0000,41338.3973,37100906,2081153480,22384353224,16835508328,80860558288,22232377128
50,true,MP,"3. VND NNI->ECR->SPR (Classic)",100,true,244.0000,58816.2811,66352055,2801321709,47213486510,8734637266,111384122488,24624873568
50,true,MP,"4. VND NNI->SPR (Classic)",1,true,266.0000,17654.7087,45129123,0,0,17609412879,43436774608,13384475680
50,true,MP,"4. VND NNI->SPR (Classic)",2,true,300.0000,19702.8108,34644455,0,0,19668057662,43445905112,20797581296
50,true,MP,"4. VND NNI->SPR (Classic)",3,true,263.0000,17760.8566,55514634,0,0,17705193447,43424788560,23730917232
50,true,MP,"4. VND NNI->SPR (Classic)",4,true,341.0000,20362.8480,56393415,0,0,20306293628,49838992296,24712042032
50,true,MP,"4. VND NNI->SPR (Classic)",5,true,278.0000,20989.6048,23393347,0,0,20966115873,51062839736,24925567392
50,true,MP,"4. VND NNI->SPR (Classic)",6,true,265.0000,16329.7909,47447162,0,0,16282201053,39640580320,24917187504
50,true,MP,"4. VND NNI->SPR (Classic)",7,true,281.0000,20853.7675,74629536,0,0,20778974100,47316908664,28052078096
50,true,MP,"4. VND NNI->SPR (Classic)",8,true,289.0000,17319.2347,70351951,0,0,17248712672,40941505984,30619689680
50,true,MP,"4. VND NNI->SPR (Classic)",9,true,291.0000,16344.2635,106891991,0,0,16237125433,39821746528,40437795152
50,true,MP,"4. VND NNI->SPR (Classic)",10,true,345.0000,19935.8862,66398722,0,0,19869316674,44732120040,21031877504
50,true,MP,"4. VND NNI->SPR (Classic)",11,true,295.0000,19755.2547,39019465,0,0,19716112886,48550940136,22761526736
50,true,MP,"4. VND NNI->SPR (Classic)",12,true,324.0000,18165.4394,58276407,0,0,18107008303,44667963400,23285337904
50,true,MP,"4. VND NNI->SPR (Classic)",13,true,334.0000,19836.8362,52353202,0,0,19784343812,49504525152,23898985448
50,true,MP,"4. VND NNI->SPR (Classic)",14,true,277.0000,19091.3654,25322417,0,0,19065943790,44709289968,24421267888
50,true,MP,"4. VND NNI->SPR (Classic)",15,true,294.0000,17203.1308,73093044,0,0,17129847627,42241922056,33745306016
50,true,MP,"4. VND NNI->SPR (Classic)",16,true,319.0000,18314.3303,52217524,0,0,18261972596,44768251840,21487415920
50,true,MP,"4. VND NNI->SPR (Classic)",17,true,253.0000,20674.0525,23393167,0,0,20650563798,48482043936,19270028968
50,true,MP,"4. VND NNI->SPR (Classic)",18,true,282.0000,19596.1448,48466731,0,0,19547539219,47243396456,17158629296
50,true,MP,"4. VND NNI->SPR (Classic)",19,true,304.0000,25053.0044,32366913,0,0,25020524091,44695716600,33575044544
50,true,MP,"4. VND NNI->SPR (Classic)",20,true,295.0000,19696.2143,33432440,0,0,19662671672,48501391096,31371890680
50,true,MP,"4. VND NNI->SPR (Classic)",21,true,310.0000,19908.7407,45943402,0,0,19862659038,48468294840,37185737296
50,true,MP,"4. VND NNI->SPR (Classic)",22,true,282.0000,21424.3999,52882199,0,0,21371373842,42130080920,42275644592
50,true,MP,"4. VND NNI->SPR (Classic)",23,true,291.0000,17554.8550,47661901,0,0,17507054796,43433679136,43585236632
50,true,MP,"4. VND NNI->SPR (Classic)",24,true,287.0000,17149.0260,49123319,0,0,17099756471,42156720440,49556859328
50,true,MP,"4. VND NNI->SPR (Classic)",25,true,301.0000,21180.2424,55010706,0,0,21125071549,48480965048,49627480112
50,true,MP,"4. VND NNI->SPR (Classic)",26,true,334.0000,16723.1030,56262045,0,0,16666693869,40927856736,54003859888
50,true,MP,"4. VND NNI->SPR (Classic)",27,true,255.0000,18070.5917,41712657,0,0,18028762610,44742130368,56004335112
50,true,MP,"4. VND NNI->SPR (Classic)",28,true,311.0000,19677.4501,61763669,0,0,19615528989,46009098120,61353575920
50,true,MP,"4. VND NNI->SPR (Classic)",29,true,252.0000,16229.1540,30381759,0,0,16198668555,39602890224,61093763504
50,true,MP,"4. VND NNI->SPR (Classic)",30,true,370.0000,19519.2886,79686623,0,0,19439400017,45913581408,64724159488
50,true,MP,"4. VND NNI->SPR (Classic)",31,true,279.0000,18313.2181,44953921,0,0,18268128842,44712534344,71108271432
50,true,MP,"4. VND NNI->SPR (Classic)",32,true,330.0000,18883.0316,62977446,0,0,18819883948,47295212152,71274532976
50,true,MP,"4. VND NNI->SPR (Classic)",33,true,273.0000,18224.7572,33264640,0,0,18191374767,42187994976,74713717968
50,true,MP,"4. VND NNI->SPR (Classic)",34,true,290.0000,18325.2563,36816717,0,0,18288321675,44685993680,76487695312
50,true,MP,"4. VND NNI->SPR (Classic)",35,true,329.0000,20287.5296,42359106,0,0,20245036849,48449595712,76549988280
50,true,MP,"4. VND NNI->SPR (Classic)",36,true,312.0000,17871.8468,55483616,0,0,17816210411,43504422168,76893859248
50,true,MP,"4. VND NNI->SPR (Classic)",37,true,296.0000,16804.6333,47249697,0,0,16757244732,40902436936,78255739888
50,true,MP,"4. VND NNI->SPR (Classic)",38,true,310.0000,20551.7901,39177316,0,0,20512483645,49805897584,79282418608
50,true,MP,"4. VND NNI->SPR (Classic)",39,true,283.0000,18373.2315,38765251,0,0,18334334368,44725100440,79009459632
50,true,MP,"4. VND NNI->SPR (Classic)",40,true,270.0000,16681.1858,45812864,0,0,16635224302,40877982984,79099339416
50,true,MP,"4. VND NNI->SPR (Classic)",41,true,292.0000,19422.0265,43823051,0,0,19378068591,47261659880,85720838736
50,true,MP,"4. VND NNI->SPR (Classic)",42,true,280.0000,21737.9103,36604683,0,0,21701186319,43435312024,23719768880
50,true,MP,"4. VND NNI->SPR (Classic)",43,true,274.0000,20197.3212,84561775,0,0,20112590993,44808976832,34952627720
50,true,MP,"4. VND NNI->SPR (Classic)",44,true,320.0000,18259.5959,33848020,0,0,18225628347,44733526328,35739983816
50,true,MP,"4. VND NNI->SPR (Classic)",45,true,342.0000,24928.3700,46684552,0,0,24881548356,49852997976,39907679176
50,true,MP,"4. VND NNI->SPR (Classic)",46,true,257.0000,15929.8286,53837025,0,0,15875839658,38358301728,45320736000
50,true,MP,"4. VND NNI->SPR (Classic)",47,true,315.0000,21493.0413,36542485,0,0,21456383337,48502746640,44153315048
50,true,MP,"4. VND NNI->SPR (Classic)",48,true,330.0000,18413.9181,67484027,0,0,18346263083,44795732864,49597904352
50,true,MP,"4. VND NNI->SPR (Classic)",49,true,261.0000,15572.0458,71799103,0,0,15500075181,38385550952,51795728304
50,true,MP,"4. VND NNI->SPR (Classic)",50,true,248.0000,20859.5519,24942824,0,0,20834508984,47199065864,56059516816
50,true,MP,"4. VND NNI->SPR (Classic)",51,true,324.0000,20390.2934,41331823,0,0,20348836269,49833383032,59953004464
50,true,MP,"4. VND NNI->SPR (Classic)",52,true,274.0000,18423.1011,49681152,0,0,18373271225,43424007024,60719236808
50,true,MP,"4. VND NNI->SPR (Classic)",53,true,312.0000,18275.0107,44793926,0,0,18230084332,44672984616,66617087920
50,true,MP,"4. VND NNI->SPR (Classic)",54,true,301.0000,18638.0190,37925235,0,0,18599970500,43463903552,67036010368
50,true,MP,"4. VND NNI->SPR (Classic)",55,true,324.0000,18230.5629,107525386,0,0,18122848506,44799436328,69472353968
50,true,MP,"4. VND NNI->SPR (Classic)",56,true,331.0000,20214.9379,43890188,0,0,20170916402,49781736696,74861907312
50,true,MP,"4. VND NNI->SPR (Classic)",57,true,270.0000,19816.7151,74406872,0,0,19742123089,47161093560,77845039312
50,true,MP,"4. VND NNI->SPR (Classic)",58,true,341.0000,20798.0152,58151039,0,0,20739700072,51085417240,80538528576
50,true,MP,"4. VND NNI->SPR (Classic)",59,true,253.0000,18411.1122,25145490,0,0,18385865908,44678787848,79024105952
50,true,MP,"4. VND NNI->SPR (Classic)",60,true,319.0000,19800.8283,50534574,0,0,19750144433,48587392448,80448608712
50,true,MP,"4. VND NNI->SPR (Classic)",61,true,270.0000,16573.5126,64466407,0,0,16508878023,40863066032,80634872784
50,true,MP,"4. VND NNI->SPR (Classic)",62,true,270.0000,17953.1702,44960844,0,0,17908089000,43443242296,81182456272
50,true,MP,"4. VND NNI->SPR (Classic)",63,true,308.0000,17680.0709,50472336,0,0,17629442747,43423599840,81432073136
50,true,MP,"4. VND NNI->SPR (Classic)",64,true,319.0000,19804.8714,43253757,0,0,19761479820,48557520008,82158254000
50,true,MP,"4. VND NNI->SPR (Classic)",65,true,313.0000,21757.1803,36936904,0,0,21720126057,52387188104,87892668336
50,true,MP,"4. VND NNI->SPR (Classic)",66,true,265.0000,21761.4621,31209694,0,0,21730134958,43415183392,28327083952
50,true,MP,"4. VND NNI->SPR (Classic)",67,true,295.0000,18206.9403,38531827,0,0,18168270247,44689723568,28688982144
50,true,MP,"4. VND NNI->SPR (Classic)",68,true,289.0000,22327.6914,47717247,0,0,22279837833,47204139752,32201018904
50,true,MP,"4. VND NNI->SPR (Classic)",69,true,278.0000,15629.5232,88025571,0,0,15541281914,38270701816,42399651808
50,true,MP,"4. VND NNI->SPR (Classic)",70,true,281.0000,16038.3380,77127948,0,0,15961012836,39733785200,42617188328
50,true,MP,"4. VND NNI->SPR (Classic)",71,true,323.0000,24954.6625,53616194,0,0,24900900016,47286441832,44331855792
50,true,MP,"4. VND NNI->SPR (Classic)",72,true,301.0000,18213.4613,52591356,0,0,18160722544,44789338400,30499437336
50,true,MP,"4. VND NNI->SPR (Classic)",73,true,342.0000,17312.6750,35205101,0,0,17277345155,42183455232,37437328240
50,true,MP,"4. VND NNI->SPR (Classic)",74,true,299.0000,24023.7828,48418599,0,0,23975223155,48502600176,37710805920
50,true,MP,"4. VND NNI->SPR (Classic)",75,true,296.0000,19021.5578,48290667,0,0,18973123253,47262942416,45530213552
50,true,MP,"4. VND NNI->SPR (Classic)",76,true,326.0000,21509.1104,41664396,0,0,21467316354,52342521760,47927027664
50,true,MP,"4. VND NNI->SPR (Classic)",77,true,320.0000,21787.6041,52388528,0,0,21735067078,48549789056,50321910816
50,true,MP,"4. VND NNI->SPR (Classic)",78,true,328.0000,18561.0146,38738440,0,0,18522159465,45957953664,55134812360
50,true,MP,"4. VND NNI->SPR (Classic)",79,true,282.0000,19139.1824,42340290,0,0,19096720494,44621193608,60430234960
50,true,MP,"4. VND NNI->SPR (Classic)",80,true,280.0000,17143.3037,28972528,0,0,17114228497,42115472048,62074439088
50,true,MP,"4. VND NNI->SPR (Classic)",81,true,259.0000,16446.1516,42686780,0,0,16403337725,39633749880,65932393744
50,true,MP,"4. VND NNI->SPR (Classic)",82,true,333.0000,21743.8941,46211513,0,0,21697542584,51046675624,68846323552
50,true,MP,"4. VND NNI->SPR (Classic)",83,true,313.0000,20354.1389,52570765,0,0,20301424503,49873396160,70541126256
50,true,MP,"4. VND NNI->SPR (Classic)",84,true,342.0000,20554.8482,50439914,0,0,20504270025,47231380128,70740783024
50,true,MP,"4. VND NNI->SPR (Classic)",85,true,271.0000,16568.6658,73042088,0,0,16495448706,40865561000,70838095032
50,true,MP,"4. VND NNI->SPR (Classic)",86,true,341.0000,20894.2286,196806035,0,0,20697256636,51070036712,74770826752
50,true,MP,"4. VND NNI->SPR (Classic)",87,true,261.0000,17182.8278,46361667,0,0,17136329739,40925250944,75142093400
50,true,MP,"4. VND NNI->SPR (Classic)",88,true,277.0000,17975.5560,37115725,0,0,17938312657,43489732144,75728751912
50,true,MP,"4. VND NNI->SPR (Classic)",89,true,308.0000,21569.8334,35597308,0,0,21534118204,52305852744,77248621296
50,true,MP,"4. VND NNI->SPR (Classic)",90,true,366.0000,19345.0187,69260326,0,0,19275587453,47235250392,76717909984
50,true,MP,"4. VND NNI->SPR (Classic)",91,true,302.0000,15327.4911,84499738,0,0,15242797092,38374103824,82919278160
50,true,MP,"4. VND NNI->SPR (Classic)",92,true,296.0000,23264.2693,48361281,0,0,23215762443,45896999600,26489590224
50,true,MP,"4. VND NNI->SPR (Classic)",93,true,358.0000,23547.0329,50907764,0,0,23495976199,47122753240,33460903000
50,true,MP,"4. VND NNI->SPR (Classic)",94,true,270.0000,21167.7944,65028828,0,0,21102597762,43451887512,33026298224
50,true,MP,"4. VND NNI->SPR (Classic)",95,true,344.0000,22209.3116,118811609,0,0,22090286023,44760841088,21993086776
50,true,MP,"4. VND NNI->SPR (Classic)",96,true,242.0000,19667.3883,52024958,0,0,19615238312,40888895448,35332847688
50,true,MP,"4. VND NNI->SPR (Classic)",97,true,281.0000,18039.0425,77540723,0,0,17961314390,44728547224,34472409224
50,true,MP,"4. VND NNI->SPR (Classic)",98,true,273.0000,20830.2203,48744009,0,0,20781321797,45914600184,38593015400
50,true,MP,"4. VND NNI->SPR (Classic)",99,true,258.0000,22477.1984,48027225,0,0,22429058783,47184009088,43671491416
50,true,MP,"4. VND NNI->SPR (Classic)",100,true,258.0000,17136.2710,62662969,0,0,17073438596,42289245968,44882406160
50,true,MP,"5. VND NNI->ECR->SPR (Inc)",1,true,209.0000,9558.3711,43524773,1017372674,8209410851,287728937,28986685344,10432031912
50,true,MP,"5. VND NNI->ECR->SPR (Inc)",2,true,272.0000,6600.8909,63336430,1048579251,5267039871,221603374,14425232272,20612715944
50,true,MP,"5. VND NNI->ECR->SPR (Inc)",3,true,231.0000,6929.4527,50255913,427444311,6202527399,249017608,23014850880,20608284616
50,true,MP,"5. VND NNI->ECR->SPR (Inc)",4,true,247.0000,8610.6291,57214708,888301434,7504579730,160314237,29960661536,20607553840
50,true,MP,"5. VND NNI->ECR->SPR (Inc)",5,true,214.0000,11155.8219,23811794,1128632874,9882278951,120883910,38969016224,16077729872
50,true,MP,"5. VND NNI->ECR->SPR (Inc)",6,true,264.0000,3357.6333,51963061,764075478,2362245280,179139538,11728277240,10289118808
50,true,MP,"5. VND NNI->ECR->SPR (Inc)",7,true,262.0000,7965.9365,48059848,670613246,7067091680,179947705,27629646072,10288865392
50,true,MP,"5. VND NNI->ECR->SPR (Inc)",8,true,258.0000,7040.0503,67358267,760889739,6040065157,171516972,22003053024,10288936768
50,true,MP,"5. VND NNI->ECR->SPR (Inc)",9,true,202.0000,13257.6908,71552785,701268415,12394981111,89664409,45304247072,10289350256
50,true,MP,"5. VND NNI->ECR->SPR (Inc)",10,true,270.0000,4510.0502,57482418,740353444,3511768490,200222432,14568138352,10289350256
50,true,MP,"5. VND NNI->ECR->SPR (Inc)",11,true,256.0000,5401.0020,36751792,1021379415,4180204245,162451862,18989337680,10289385064
50,true,MP,"5. VND NNI->ECR->SPR (Inc)",12,true,218.0000,10754.0152,54820346,831579182,9744979051,122401306,35887091056,10289328960
50,true,MP,"5. VND NNI->ECR->SPR (Inc)",13,true,281.0000,8332.2099,47304342,1664826936,6482791991,137050305,25113546080,10289904024
50,true,MP,"5. VND NNI->ECR->SPR (Inc)",14,true,198.0000,14240.2648,29787177,904570934,13218047233,87628697,50620120320,10289974480
50,true,MP,"5. VND NNI->ECR->SPR (Inc)",15,true,240.0000,6010.8840,82712808,859344303,4934565178,134054047,19330151816,10289573784
50,true,MP,"5. VND NNI->ECR->SPR (Inc)",16,true,272.0000,9900.5663,45562629,494620723,9187202452,172958253,33412757992,10289656672
50,true,MP,"5. VND NNI->ECR->SPR (Inc)",17,true,282.0000,8650.6998,39901233,509338272,7898899278,202328688,27146991200,10289794192
50,true,MP,"5. VND NNI->ECR->SPR (Inc)",18,true,281.0000,3990.9302,43327697,758205694,2965848038,223331681,13210398800,10289794192
50,true,MP,"5. VND NNI->ECR->SPR (Inc)",19,true,247.0000,6047.2584,30165176,1183896350,4680813055,152166081,21245585512,10289449472
50,true,MP,"5. VND NNI->ECR->SPR (Inc)",20,true,234.0000,9180.6499,32112230,757417665,8245131261,145758135,31592673408,10289708384
50,true,MP,"5. VND NNI->ECR->SPR (Inc)",21,true,258.0000,5050.6677,42229990,1080884107,3693673548,233653450,16053306552,10290084704
50,true,MP,"5. VND NNI->ECR->SPR (Inc)",22,true,247.0000,5169.6820,54517188,777750443,4134921039,202280576,17345629112,10289375768
50,true,MP,"5. VND NNI->ECR->SPR (Inc)",23,true,253.0000,6811.2399,41081828,309469251,6241768677,218679413,22568867000,10289504296
50,true,MP,"5. VND NNI->ECR->SPR (Inc)",24,true,238.0000,6981.1823,56813235,502216308,6244820780,177103225,22682543008,10289577088
50,true,MP,"5. VND NNI->ECR->SPR (Inc)",25,true,253.0000,6554.9606,48141412,799539480,5496333268,210714415,21711477504,10289577088
50,true,MP,"5. VND NNI->ECR->SPR (Inc)",26,true,286.0000,7723.6690,53340479,668897573,6807468343,193735636,25221905520,10289567400
50,true,MP,"5. VND NNI->ECR->SPR (Inc)",27,true,215.0000,9099.2196,41223635,900336502,8038817486,118608493,31505045680,10289610872
50,true,MP,"5. VND NNI->ECR->SPR (Inc)",28,true,290.0000,4560.0470,59395886,527359003,3746040116,227017159,14881795800,10289610872
50,true,MP,"5. VND NNI->ECR->SPR (Inc)",29,true,240.0000,4121.7465,30563956,747880388,3135755399,207322625,14402081200,10289474152
50,true,MP,"5. VND NNI->ECR->SPR (Inc)",30,true,345.0000,6363.2766,73538822,494331763,5526752538,268430356,18166424248,10289517544
50,true,MP,"5. VND NNI->ECR->SPR (Inc)",31,true,219.0000,11043.8729,38581504,524417820,10347229689,133414049,36865826968,10289740840
50,true,MP,"5. VND NNI->ECR->SPR (Inc)",32,true,251.0000,10794.3417,62417031,422128782,10153946544,155610331,35781853352,10289853920
50,true,MP,"5. VND NNI->ECR->SPR (Inc)",33,true,300.0000,5407.7698,32204484,738016490,4410513654,226818321,17951197664,10289853920
50,true,MP,"5. VND NNI->ECR->SPR (Inc)",34,true,211.0000,7461.4524,34285333,722640739,6559534607,144756090,25214205360,10289610336
50,true,MP,"5. VND NNI->ECR->SPR (Inc)",35,true,224.0000,11564.1607,38627199,1221778251,10195590599,107924696,40049590808,10289763072
50,true,MP,"5. VND NNI->ECR->SPR (Inc)",36,true,284.0000,2580.1126,55455161,322671318,1929687124,272059468,8697302264,10289763072
50,true,MP,"5. VND NNI->ECR->SPR (Inc)",37,true,281.0000,5907.0170,37720314,398979337,5263574359,206516112,18942677192,10289634472
50,true,MP,"5. VND NNI->ECR->SPR (Inc)",38,true,220.0000,11227.7639,37678115,724513140,10334383799,130969901,38454796816,10289922616
50,true,MP,"5. VND NNI->ECR->SPR (Inc)",39,true,262.0000,6580.6014,36174705,653909339,5707253194,183045997,22803739696,10289922616
50,true,MP,"5. VND NNI->ECR->SPR (Inc)",40,true,257.0000,6192.0015,42439459,907338837,5090531856,151457423,20411932720,10289712088
50,true,MP,"5. VND NNI->ECR->SPR (Inc)",41,true,237.0000,6881.4284,41827976,848176254,5828509834,162687641,23697355928,10289575888
50,true,MP,"5. VND NNI->ECR->SPR (Inc)",42,true,269.0000,6390.1983,34500831,398705978,5734980143,221774008,21252175000,10289575888
50,true,MP,"5. VND NNI->ECR->SPR (Inc)",43,true,220.0000,8342.1730,55058256,393490329,7757903900,135486160,29393933504,10289732744
50,true,MP,"5. VND NNI->ECR->SPR (Inc)",44,true,313.0000,3416.9619,33343821,584586835,2558351044,240443852,11831299128,10289732744
50,true,MP,"5. VND NNI->ECR->SPR (Inc)",45,true,259.0000,9229.6929,44449893,258814419,8752789188,173420972,31360474584,10289728528
50,true,MP,"5. VND NNI->ECR->SPR (Inc)",46,true,234.0000,4097.1427,51637913,1128207370,2778441675,138628111,14170061800,10289728528
50,true,MP,"5. VND NNI->ECR->SPR (Inc)",47,true,327.0000,6501.1826,34230644,703663790,5535613347,227462689,21030746960,10289591768
50,true,MP,"5. VND NNI->ECR->SPR (Inc)",48,true,278.0000,5502.2210,52708928,809537726,4431193607,208551941,18129899936,10289591768
50,true,MP,"5. VND NNI->ECR->SPR (Inc)",49,true,217.0000,9022.1469,59005655,735599781,8094921416,132401378,32098741344,10289598632
50,true,MP,"5. VND NNI->ECR->SPR (Inc)",50,true,192.0000,10552.3380,20362618,819257953,9588290550,124203266,37211788608,10289745192
50,true,MP,"5. VND NNI->ECR->SPR (Inc)",51,true,267.0000,4548.5735,36342702,815874677,3528231073,167892890,16035010776,10289745192
50,true,MP,"5. VND NNI->ECR->SPR (Inc)",52,true,216.0000,9823.0330,43160428,1255784877,8423231940,100627597,33447140856,10289688104
50,true,MP,"5. VND NNI->ECR->SPR (Inc)",53,true,250.0000,9714.5789,53406065,507576033,8998327111,155030868,32985076208,10289718712
50,true,MP,"5. VND NNI->ECR->SPR (Inc)",54,true,272.0000,4808.0607,33827378,1181946502,3413057251,178997972,16766553224,10289718712
50,true,MP,"5. VND NNI->ECR->SPR (Inc)",55,true,266.0000,8945.0509,60603703,157327465,8522356808,204533549,30885920496,10289774952
50,true,MP,"5. VND NNI->ECR->SPR (Inc)",56,true,253.0000,6596.1564,40151094,626234335,5730792985,198737886,22871100720,10289774952
50,true,MP,"5. VND NNI->ECR->SPR (Inc)",57,true,209.0000,10053.1181,78509510,1428430637,8454705900,91242186,32535560864,10289836568
50,true,MP,"5. VND NNI->ECR->SPR (Inc)",58,true,248.0000,13906.2931,50550935,604601640,13124634262,126264857,48913559592,10289933680
50,true,MP,"5. VND NNI->ECR->SPR (Inc)",59,true,194.0000,9322.0503,24848471,547847479,8586809984,162322477,32416490752,10289933680
50,true,MP,"5. VND NNI->ECR->SPR (Inc)",60,true,255.0000,6615.2839,46073560,457829580,5919628056,191525668,23118570736,10289766896
50,true,MP,"5. VND NNI->ECR->SPR (Inc)",61,true,258.0000,7155.0238,73724829,629674989,6283472184,167940070,23641193024,10289571360
50,true,MP,"5. VND NNI->ECR->SPR (Inc)",62,true,239.0000,6347.8503,39456995,1069484476,5079278790,159412261,21825852112,10289614912
50,true,MP,"5. VND NNI->ECR->SPR (Inc)",63,true,250.0000,9231.7841,46098255,961720988,8079287972,144412913,32205009440,10289725448
50,true,MP,"5. VND NNI->ECR->SPR (Inc)",64,true,263.0000,5634.6420,23765420,1041350749,4388071682,181229837,19441428520,10289725448
50,true,MP,"5. VND NNI->ECR->SPR (Inc)",65,true,201.0000,11318.6983,36548803,718212411,10435060758,128657848,40505111352,10289812824
50,true,MP,"5. VND NNI->ECR->SPR (Inc)",66,true,221.0000,5749.2630,30104477,1718292995,3878783560,121862203,19512137720,10289812824
50,true,MP,"5. VND NNI->ECR->SPR (Inc)",67,true,246.0000,5688.1745,35577996,879225416,4598901105,174270090,19912869976,10289579944
50,true,MP,"5. VND NNI->ECR->SPR (Inc)",68,true,226.0000,9986.7941,43771129,1015074654,8794188794,133530927,32525984912,10289809120
50,true,MP,"5. VND NNI->ECR->SPR (Inc)",69,true,277.0000,12090.6824,86665752,382627441,11472255915,148932850,35568188944,10289809120
50,true,MP,"5. VND NNI->ECR->SPR (Inc)",70,true,280.0000,4918.1812,54362272,607161109,4029733077,226709616,17358360840,10289782632
50,true,MP,"5. VND NNI->ECR->SPR (Inc)",71,true,250.0000,4030.4686,46869523,766360294,3010020101,206989830,13743587936,10289523520
50,true,MP,"5. VND NNI->ECR->SPR (Inc)",72,true,303.0000,1804.7570,45222428,1132311839,376471543,250553034,6268483624,10289465712
50,true,MP,"5. VND NNI->ECR->SPR (Inc)",73,true,292.0000,6705.0556,34943059,221117050,6224078140,224701067,22907724488,10289575144
50,true,MP,"5. VND NNI->ECR->SPR (Inc)",74,true,239.0000,8522.8918,45684830,508639447,7805969448,162377071,28376062744,10289657144
50,true,MP,"5. VND NNI->ECR->SPR (Inc)",75,true,251.0000,4174.4846,58232396,906501453,3017181373,192358713,14173165736,10289657144
50,true,MP,"5. VND NNI->ECR->SPR (Inc)",76,true,261.0000,8012.7322,38771321,685377240,7069806808,218542342,24617030400,10289668920
50,true,MP,"5. VND NNI->ECR->SPR (Inc)",77,true,280.0000,7535.0097,47660667,684158092,6625860363,177116253,24651713648,10289682320
50,true,MP,"5. VND NNI->ECR->SPR (Inc)",78,true,303.0000,3137.3547,38818720,641814247,2200068559,256419953,10720173616,10289682320
50,true,MP,"5. VND NNI->ECR->SPR (Inc)",79,true,254.0000,8490.9854,40129202,885012133,7402627721,162985096,28445881736,10289770976
50,true,MP,"5. VND NNI->ECR->SPR (Inc)",80,true,256.0000,5705.0097,29257085,869209205,4638204227,168121836,19713665752,10289713440
50,true,MP,"5. VND NNI->ECR->SPR (Inc)",81,true,258.0000,3435.9938,35952890,577669308,2607016476,215139311,12062520128,10289508872
50,true,MP,"5. VND NNI->ECR->SPR (Inc)",82,true,233.0000,12733.1085,46353853,582273213,11950803339,153453679,42785548952,10289843920
50,true,MP,"5. VND NNI->ECR->SPR (Inc)",83,true,231.0000,9877.5840,76697402,341604688,9312985309,146072680,33671909384,10289843920
50,true,MP,"5. VND NNI->ECR->SPR (Inc)",84,true,261.0000,9841.9010,47534980,495357885,9141710957,157081468,32225071864,10289968496
50,true,MP,"5. VND NNI->ECR->SPR (Inc)",85,true,242.0000,7654.2831,58237695,810454911,6632848803,152518490,25623225424,10289968496
50,true,MP,"5. VND NNI->ECR->SPR (Inc)",86,true,267.0000,7816.6414,60452506,651034032,6937983509,166961840,26272695368,10289768600
50,true,MP,"5. VND NNI->ECR->SPR (Inc)",87,true,229.0000,5362.7390,37864325,670580318,4475775177,178308972,18685307152,10289768600
50,true,MP,"5. VND NNI->ECR->SPR (Inc)",88,true,238.0000,11981.4313,36159603,282558647,11520713437,141791869,41511093120,10289837760
50,true,MP,"5. VND NNI->ECR->SPR (Inc)",89,true,355.0000,3710.2033,42005902,899606991,2480782709,287599584,11639218896,10289526424
50,true,MP,"5. VND NNI->ECR->SPR (Inc)",90,true,326.0000,3467.9322,52084541,1050813807,2157750624,207067779,11633713728,10289526424
50,true,MP,"5. VND NNI->ECR->SPR (Inc)",91,true,238.0000,8485.9277,73342020,733358208,7551026235,127985589,27299215192,10289545320
50,true,MP,"5. VND NNI->ECR->SPR (Inc)",92,true,242.0000,8798.0336,32219149,1280995055,7331125296,153477233,29302748816,10289554344
50,true,MP,"5. VND NNI->ECR->SPR (Inc)",93,true,244.0000,8330.0685,51238773,1043011237,7073343684,162270387,27085555360,10289633496
50,true,MP,"5. VND NNI->ECR->SPR (Inc)",94,true,246.0000,6731.3597,75398643,880145045,5623152802,152451081,23402940600,10289633496
50,true,MP,"5. VND NNI->ECR->SPR (Inc)",95,true,273.0000,2888.2069,64388662,937330958,1714876317,171384441,10047035552,10289643224
50,true,MP,"5. VND NNI->ECR->SPR (Inc)",96,true,220.0000,4608.8063,29978908,676021167,3746936666,155658943,16243926232,10289666768
50,true,MP,"5. VND NNI->ECR->SPR (Inc)",97,true,281.0000,6883.3535,72203215,485498274,6121120322,204308331,21719278920,10289629280
50,true,MP,"5. VND NNI->ECR->SPR (Inc)",98,true,241.0000,4561.4047,46240836,992884478,3332422209,189627449,15946982736,10289629280
50,true,MP,"5. VND NNI->ECR->SPR (Inc)",99,true,177.0000,15231.8069,28603260,626392927,14486502144,90090195,51407615792,10289923152
50,true,MP,"5. VND NNI->ECR->SPR (Inc)",100,true,296.0000,1905.4656,59001718,1317170198,355777905,173332486,6803902296,7504416048
50,true,MP,"6. VND NNI->SPR (Inc)",1,true,266.0000,340.6913,39993546,0,0,300359143,1436757576,1430143768
50,true,MP,"6. VND NNI->SPR (Inc)",2,true,299.0000,332.4159,34490588,0,0,297761773,1422771328,2872984344
50,true,MP,"6. VND NNI->SPR (Inc)",3,true,273.0000,337.6932,45204406,0,0,292334851,1415214672,4282270488
50,true,MP,"6. VND NNI->SPR (Inc)",4,true,289.0000,352.3675,52808237,0,0,299391462,1429592032,5725111064
50,true,MP,"6. VND NNI->SPR (Inc)",5,true,286.0000,372.9411,19994789,0,0,352783901,1574283368,7268614936
50,true,MP,"6. VND NNI->SPR (Inc)",6,true,254.0000,303.4387,48661692,0,0,254613527,1230122624,8510128920
50,true,MP,"6. VND NNI->SPR (Inc)",7,true,279.0000,377.6104,43572782,0,0,333871260,1564246352,10087187224
50,true,MP,"6. VND NNI->SPR (Inc)",8,true,287.0000,358.3164,63126082,0,0,295026480,1415099944,10322308984
50,true,MP,"6. VND NNI->SPR (Inc)",9,true,260.0000,354.6978,66799207,0,0,287713792,1489801240,2671898488
50,true,MP,"6. VND NNI->SPR (Inc)",10,true,301.0000,364.0311,52577059,0,0,311290834,1503070104,4181847928
50,true,MP,"6. VND NNI->SPR (Inc)",11,true,295.0000,376.4688,31945538,0,0,344360721,1569435472,5758906232
50,true,MP,"6. VND NNI->SPR (Inc)",12,true,324.0000,374.6910,50238329,0,0,324263077,1491644280,7235301240
50,true,MP,"6. VND NNI->SPR (Inc)",13,true,334.0000,413.9357,43724130,0,0,370037135,1600086712,8845913976
50,true,MP,"6. VND NNI->SPR (Inc)",14,true,313.0000,365.1942,25507363,0,0,339513772,1502792584,10288773352
50,true,MP,"6. VND NNI->SPR (Inc)",15,true,278.0000,353.3445,79138385,0,0,274040626,1390733280,1463957736
50,true,MP,"6. VND NNI->SPR (Inc)",16,true,335.0000,361.9305,41813376,0,0,319945545,1522026968,3007461608
50,true,MP,"6. VND NNI->SPR (Inc)",17,true,272.0000,338.6536,35612743,0,0,302860570,1422726144,4416747752
50,true,MP,"6. VND NNI->SPR (Inc)",18,true,282.0000,373.8741,40598937,0,0,333100956,1555689456,5960251624
50,true,MP,"6. VND NNI->SPR (Inc)",19,true,304.0000,344.4218,26210130,0,0,318030111,1433169432,7403092200
50,true,MP,"6. VND NNI->SPR (Inc)",20,true,297.0000,377.5550,28059707,0,0,349323008,1554307224,8946596072
50,true,MP,"6. VND NNI->SPR (Inc)",21,true,300.0000,393.1699,38261511,0,0,354715555,1573714736,10288773352
50,true,MP,"6. VND NNI->SPR (Inc)",22,true,285.0000,343.4634,51280141,0,0,292012007,1385810464,1665278064
50,true,MP,"6. VND NNI->SPR (Inc)",23,true,300.0000,347.6659,36609579,0,0,310878530,1458968984,3108118640
50,true,MP,"6. VND NNI->SPR (Inc)",24,true,272.0000,329.1594,52467680,0,0,276526104,1350329288,4450295920
50,true,MP,"6. VND NNI->SPR (Inc)",25,true,310.0000,384.2785,44731778,0,0,339366942,1552011184,6027354224
50,true,MP,"6. VND NNI->SPR (Inc)",26,true,333.0000,356.9064,49516718,0,0,307208961,1416882792,7436640368
50,true,MP,"6. VND NNI->SPR (Inc)",27,true,257.0000,354.3407,37467140,0,0,316694941,1467469720,8913035376
50,true,MP,"6. VND NNI->SPR (Inc)",28,true,302.0000,382.7175,55274608,0,0,327254234,1505819200,10288767088
50,true,MP,"6. VND NNI->SPR (Inc)",29,true,252.0000,302.0793,26718086,0,0,275171558,1286748616,1430375136
50,true,MP,"6. VND NNI->SPR (Inc)",30,true,384.0000,433.1995,68309800,0,0,364718801,1669760776,3108096736
50,true,MP,"6. VND NNI->SPR (Inc)",31,true,283.0000,357.5893,34041654,0,0,323377481,1494515984,4584491744
50,true,MP,"6. VND NNI->SPR (Inc)",32,true,303.0000,380.3291,59133638,0,0,321020900,1524215128,6127995616
50,true,MP,"6. VND NNI->SPR (Inc)",33,true,273.0000,332.0713,28185107,0,0,303706770,1358093024,7470172896
50,true,MP,"6. VND NNI->SPR (Inc)",34,true,287.0000,361.7316,30513985,0,0,331013896,1481718952,8946567904
50,true,MP,"6. VND NNI->SPR (Inc)",35,true,332.0000,390.3847,34557717,0,0,355638490,1564498664,10288762648
50,true,MP,"6. VND NNI->SPR (Inc)",36,true,311.0000,350.9529,51679962,0,0,299083206,1430400568,1665273624
50,true,MP,"6. VND NNI->SPR (Inc)",37,true,293.0000,328.7130,33058604,0,0,295483630,1375176176,3041005336
50,true,MP,"6. VND NNI->SPR (Inc)",38,true,279.0000,366.4844,33533208,0,0,332778712,1583255624,4651618072
50,true,MP,"6. VND NNI->SPR (Inc)",39,true,291.0000,342.0544,32718989,0,0,309165461,1417433168,6060904216
50,true,MP,"6. VND NNI->SPR (Inc)",40,true,269.0000,323.8699,38486748,0,0,285204129,1307598528,7369527064
50,true,MP,"6. VND NNI->SPR (Inc)",41,true,292.0000,379.0478,38010353,0,0,340867176,1542450576,8913030936
50,true,MP,"6. VND NNI->SPR (Inc)",42,true,280.0000,343.0566,30253991,0,0,312634449,1407038752,10288763696
50,true,MP,"6. VND NNI->SPR (Inc)",43,true,263.0000,345.9877,51346759,0,0,294462698,1433420408,1463948080
50,true,MP,"6. VND NNI->SPR (Inc)",44,true,322.0000,343.6287,28755780,0,0,314684278,1438036864,2906788656
50,true,MP,"6. VND NNI->SPR (Inc)",45,true,347.0000,393.0299,40014395,0,0,352845117,1627067952,4550955824
50,true,MP,"6. VND NNI->SPR (Inc)",46,true,257.0000,321.4361,47534888,0,0,273721109,1302097968,5859578672
50,true,MP,"6. VND NNI->SPR (Inc)",47,true,315.0000,380.9359,30564622,0,0,350192642,1556984192,7403082544
50,true,MP,"6. VND NNI->SPR (Inc)",48,true,343.0000,385.3198,49693344,0,0,335465152,1534041320,8946586416
50,true,MP,"6. VND NNI->SPR (Inc)",49,true,277.0000,350.1709,55255473,0,0,294742861,1399681672,10288768968
50,true,MP,"6. VND NNI->SPR (Inc)",50,true,247.0000,346.9700,16182949,0,0,330618534,1484244872,1564616648
50,true,MP,"6. VND NNI->SPR (Inc)",51,true,308.0000,373.5396,31805002,0,0,341563821,1568302648,3108120520
50,true,MP,"6. VND NNI->SPR (Inc)",52,true,270.0000,364.3075,39259728,0,0,324893525,1550644680,4685178824
50,true,MP,"6. VND NNI->SPR (Inc)",53,true,310.0000,358.4109,48966660,0,0,309275471,1408489512,6094464968
50,true,MP,"6. VND NNI->SPR (Inc)",54,true,301.0000,344.9092,29925827,0,0,314808324,1404894752,7503751112
50,true,MP,"6. VND NNI->SPR (Inc)",55,true,305.0000,349.4266,57041739,0,0,292183764,1410159472,8913037256
50,true,MP,"6. VND NNI->SPR (Inc)",56,true,331.0000,396.6854,35798266,0,0,360715176,1616882424,10288769232
50,true,MP,"6. VND NNI->SPR (Inc)",57,true,260.0000,403.0909,74427576,0,0,328492361,1590591376,1833052368
50,true,MP,"6. VND NNI->SPR (Inc)",58,true,326.0000,397.1871,46203746,0,0,350806610,1642939136,3477219536
50,true,MP,"6. VND NNI->SPR (Inc)",59,true,253.0000,332.6845,20469741,0,0,312054757,1421631272,4920060112
50,true,MP,"6. VND NNI->SPR (Inc)",60,true,316.0000,381.0005,41719969,0,0,339109393,1560972728,6463563984
50,true,MP,"6. VND NNI->SPR (Inc)",61,true,273.0000,365.6338,69540923,0,0,295923666,1432855528,7906404560
50,true,MP,"6. VND NNI->SPR (Inc)",62,true,268.0000,346.3674,36087806,0,0,310115408,1429239304,9315690704
50,true,MP,"6. VND NNI->SPR (Inc)",63,true,308.0000,349.3378,42054435,0,0,307110734,1397744072,10288778832
50,true,MP,"6. VND NNI->SPR (Inc)",64,true,300.0000,370.9738,19932600,0,0,350862797,1569549632,2034388560
50,true,MP,"6. VND NNI->SPR (Inc)",65,true,275.0000,320.3061,32120631,0,0,288015476,1384036056,3410120272
50,true,MP,"6. VND NNI->SPR (Inc)",66,true,266.0000,334.5481,25976615,0,0,308407961,1392752416,4819406416
50,true,MP,"6. VND NNI->SPR (Inc)",67,true,295.0000,349.3320,32197177,0,0,316967630,1454998488,6262246992
50,true,MP,"6. VND NNI->SPR (Inc)",68,true,289.0000,385.5380,40628973,0,0,344717459,1537110096,7805750864
50,true,MP,"6. VND NNI->SPR (Inc)",69,true,327.0000,376.4521,83350547,0,0,292927538,1412610920,9215037008
50,true,MP,"6. VND NNI->SPR (Inc)",70,true,300.0000,349.9349,50181973,0,0,299583777,1428800744,10288778832
50,true,MP,"6. VND NNI->SPR (Inc)",71,true,312.0000,369.7045,42834218,0,0,326701283,1516781080,1900149880
50,true,MP,"6. VND NNI->SPR (Inc)",72,true,300.0000,371.5046,42825190,0,0,328510575,1557447536,3443653752
50,true,MP,"6. VND NNI->SPR (Inc)",73,true,342.0000,333.6314,30529444,0,0,302928860,1366583848,4819385464
50,true,MP,"6. VND NNI->SPR (Inc)",74,true,266.0000,344.9872,41458691,0,0,303344781,1393017752,6195117176
50,true,MP,"6. VND NNI->SPR (Inc)",75,true,276.0000,364.9032,54583324,0,0,310150024,1473202928,7671512184
50,true,MP,"6. VND NNI->SPR (Inc)",76,true,318.0000,404.0507,34325034,0,0,369551712,1645551264,9315679352
50,true,MP,"6. VND NNI->SPR (Inc)",77,true,320.0000,401.8505,44202922,0,0,357467108,1592579960,10288769392
50,true,MP,"6. VND NNI->SPR (Inc)",78,true,325.0000,359.9642,34599295,0,0,325170372,1490426296,2135042416
50,true,MP,"6. VND NNI->SPR (Inc)",79,true,282.0000,349.5118,35477035,0,0,313861073,1453856984,3577882992
50,true,MP,"6. VND NNI->SPR (Inc)",80,true,280.0000,320.5568,25029474,0,0,295363091,1351613376,4953614704
50,true,MP,"6. VND NNI->SPR (Inc)",81,true,260.0000,310.3937,32158834,0,0,278059800,1304124680,6262237552
50,true,MP,"6. VND NNI->SPR (Inc)",82,true,296.0000,367.2602,42623828,0,0,324448840,1478121600,7738632560
50,true,MP,"6. VND NNI->SPR (Inc)",83,true,288.0000,375.0241,72694519,0,0,302161390,1495610056,9215027568
50,true,MP,"6. VND NNI->SPR (Inc)",84,true,342.0000,387.9404,43270768,0,0,344503142,1550217048,10288777824
50,true,MP,"6. VND NNI->SPR (Inc)",85,true,280.0000,341.1391,55099035,0,0,285847513,1391987800,1900169824
50,true,MP,"6. VND NNI->SPR (Inc)",86,true,347.0000,397.5024,55737819,0,0,341597355,1618712488,3510782560
50,true,MP,"6. VND NNI->SPR (Inc)",87,true,262.0000,326.7619,33655340,0,0,292941515,1385629440,4886514272
50,true,MP,"6. VND NNI->SPR (Inc)",88,true,282.0000,346.4319,31994301,0,0,314282614,1448202136,6362909280
50,true,MP,"6. VND NNI->SPR (Inc)",89,true,351.0000,420.9273,38413680,0,0,382344693,1683951872,8040630880
50,true,MP,"6. VND NNI->SPR (Inc)",90,true,357.0000,381.6102,48744388,0,0,332681227,1529018768,9550580320
50,true,MP,"6. VND NNI->SPR (Inc)",91,true,288.0000,335.1946,69829431,0,0,265197688,1273723088,10288777824
50,true,MP,"6. VND NNI->SPR (Inc)",92,true,285.0000,351.5096,28441644,0,0,322902107,1466629560,2034385280
50,true,MP,"6. VND NNI->SPR (Inc)",93,true,342.0000,379.1424,46594148,0,0,332381747,1558197016,3611443584
50,true,MP,"6. VND NNI->SPR (Inc)",94,true,266.0000,352.3395,70354599,0,0,281812087,1455461824,5054284160
50,true,MP,"6. VND NNI->SPR (Inc)",95,true,324.0000,354.8853,60302591,0,0,294402764,1412064960,6463570304
50,true,MP,"6. VND NNI->SPR (Inc)",96,true,240.0000,311.0498,25868980,0,0,285010100,1323242192,7772193152
50,true,MP,"6. VND NNI->SPR (Inc)",97,true,276.0000,382.3826,68832745,0,0,313372753,1509538248,9282142592
50,true,MP,"6. VND NNI->SPR (Inc)",98,true,274.0000,369.5000,41921021,0,0,327407957,1514970680,10288775552
50,true,MP,"6. VND NNI->SPR (Inc)",99,true,258.0000,352.3018,24567606,0,0,327558494,1500896032,2034370672
50,true,MP,"6. VND NNI->SPR (Inc)",100,true,259.0000,347.2638,56595861,0,0,290511653,1448892520,3477211248
