Size,IsRooted,Metric,Variant,PairIndex,Success,Distance,TotalTimeMs,NniTimeNs,Ecr2TimeNs,Ecr3TimeNs,SprTimeNs,AllocBytes,PeakRamBytes
80,false,RF,"1. NNI (Classic)",1,false,Infinity,15.1014,0,0,0,0,14566696,7227888
80,false,RF,"1. NNI (Classic)",2,false,Infinity,7.1013,0,0,0,0,14549632,7227888
80,false,RF,"1. NNI (Classic)",3,false,Infinity,6.6540,0,0,0,0,14452528,40782320
80,false,RF,"1. NNI (Classic)",4,false,Infinity,6.2911,0,0,0,0,14486896,40782320
80,false,RF,"1. NNI (Classic)",5,false,Infinity,6.2476,0,0,0,0,14506152,74336752
80,false,RF,"1. NNI (Classic)",6,false,Infinity,6.3097,0,0,0,0,14632024,74336752
80,false,RF,"1. NNI (Classic)",7,false,Infinity,6.1449,0,0,0,0,14560968,107891184
80,false,RF,"1. NNI (Classic)",8,false,Infinity,6.2607,0,0,0,0,14598560,107891184
80,false,RF,"1. NNI (Classic)",9,false,Infinity,10.3748,0,0,0,0,23472760,141445616
80,false,RF,"1. NNI (Classic)",10,false,Infinity,6.4679,0,0,0,0,14549568,141445616
80,false,RF,"1. NNI (Classic)",11,false,Infinity,6.6645,0,0,0,0,14465992,175000048
80,false,RF,"1. NNI (Classic)",12,false,Infinity,10.3373,0,0,0,0,23329880,175000048
80,false,RF,"1. NNI (Classic)",13,false,Infinity,6.7069,0,0,0,0,14688496,208554480
80,false,RF,"1. NNI (Classic)",14,false,Infinity,6.4915,0,0,0,0,14652808,208554480
80,false,RF,"1. NNI (Classic)",15,false,Infinity,10.2619,0,0,0,0,23500872,242108912
80,false,RF,"1. NNI (Classic)",16,false,Infinity,6.5514,0,0,0,0,14446120,242108912
80,false,RF,"1. NNI (Classic)",17,false,Infinity,6.2042,0,0,0,0,14553192,275663344
80,false,RF,"1. NNI (Classic)",18,false,Infinity,4.3895,0,0,0,0,14511880,275663344
80,false,RF,"1. NNI (Classic)",19,false,Infinity,4.4172,0,0,0,0,14409296,309217776
80,false,RF,"1. NNI (Classic)",20,false,Infinity,4.3542,0,0,0,0,14690128,309217776
80,false,RF,"1. NNI (Classic)",21,false,Infinity,4.3270,0,0,0,0,14416720,309217776
80,false,RF,"1. NNI (Classic)",22,false,Infinity,4.3397,0,0,0,0,14682816,342772208
80,false,RF,"1. NNI (Classic)",23,false,Infinity,4.3071,0,0,0,0,14523976,342772208
80,false,RF,"1. NNI (Classic)",24,false,Infinity,4.2801,0,0,0,0,14693912,376326640
80,false,RF,"1. NNI (Classic)",25,false,Infinity,6.9869,0,0,0,0,23280024,376326640
80,false,RF,"1. NNI (Classic)",26,false,Infinity,4.2426,0,0,0,0,14557984,409881072
80,false,RF,"1. NNI (Classic)",27,false,Infinity,4.3787,0,0,0,0,14479984,409881072
80,false,RF,"1. NNI (Classic)",28,false,Infinity,4.2551,0,0,0,0,14701904,443435504
80,false,RF,"1. NNI (Classic)",29,false,Infinity,7.0592,0,0,0,0,23348480,443435504
80,false,RF,"1. NNI (Classic)",30,false,Infinity,5.3175,0,0,0,0,14472816,476989936
80,false,RF,"1. NNI (Classic)",31,false,Infinity,5.3127,0,0,0,0,14482192,476989936
80,false,RF,"1. NNI (Classic)",32,false,Infinity,5.3220,0,0,0,0,14525336,510544368
80,false,RF,"1. NNI (Classic)",33,false,Infinity,7.7547,0,0,0,0,23527216,510544368
80,false,RF,"1. NNI (Classic)",34,false,Infinity,4.3708,0,0,0,0,14498880,544098800
80,false,RF,"1. NNI (Classic)",35,false,Infinity,6.9545,0,0,0,0,23477784,577653232
80,false,RF,"1. NNI (Classic)",36,false,Infinity,4.2250,0,0,0,0,14473360,577653232
80,false,RF,"1. NNI (Classic)",37,false,Infinity,4.3359,0,0,0,0,14497640,577653232
80,false,RF,"1. NNI (Classic)",38,false,Infinity,4.2318,0,0,0,0,14385512,611207664
80,false,RF,"1. NNI (Classic)",39,false,Infinity,4.3087,0,0,0,0,14426152,611207664
80,false,RF,"1. NNI (Classic)",40,false,Infinity,4.3544,0,0,0,0,14710176,644762096
80,false,RF,"1. NNI (Classic)",41,false,Infinity,4.4168,0,0,0,0,14500512,644762096
80,false,RF,"1. NNI (Classic)",42,false,Infinity,4.3016,0,0,0,0,14558792,678316528
80,false,RF,"1. NNI (Classic)",43,false,Infinity,6.9594,0,0,0,0,23540296,678316528
80,false,RF,"1. NNI (Classic)",44,false,Infinity,4.3742,0,0,0,0,14496432,711870960
80,false,RF,"1. NNI (Classic)",45,false,Infinity,6.9996,0,0,0,0,23352584,711870960
80,false,RF,"1. NNI (Classic)",46,false,Infinity,6.9508,0,0,0,0,23387200,745425392
80,false,RF,"1. NNI (Classic)",47,false,Infinity,4.3223,0,0,0,0,14243584,778979824
80,false,RF,"1. NNI (Classic)",48,false,Infinity,9.8509,0,0,0,0,32279080,812534256
80,false,RF,"1. NNI (Classic)",49,false,Infinity,4.4315,0,0,0,0,14554736,812534256
80,false,RF,"1. NNI (Classic)",50,false,Infinity,4.3175,0,0,0,0,14444728,812534256
80,false,RF,"1. NNI (Classic)",51,false,Infinity,4.3602,0,0,0,0,14634808,846088688
80,false,RF,"1. NNI (Classic)",52,false,Infinity,4.3591,0,0,0,0,14478688,846088688
80,false,RF,"1. NNI (Classic)",53,false,Infinity,4.4187,0,0,0,0,14424224,879643120
80,false,RF,"1. NNI (Classic)",54,false,Infinity,4.4166,0,0,0,0,14703680,879643120
80,false,RF,"1. NNI (Classic)",55,false,Infinity,4.4980,0,0,0,0,14552928,913197552
80,false,RF,"1. NNI (Classic)",56,false,Infinity,4.6355,0,0,0,0,14940160,913197552
80,false,RF,"1. NNI (Classic)",57,false,Infinity,4.3555,0,0,0,0,14694400,913197552
80,false,RF,"1. NNI (Classic)",58,false,Infinity,4.3132,0,0,0,0,14517584,946751984
80,false,RF,"1. NNI (Classic)",59,false,Infinity,4.3293,0,0,0,0,14507320,946751984
80,false,RF,"1. NNI (Classic)",60,false,Infinity,4.4285,0,0,0,0,14702928,980306416
80,false,RF,"1. NNI (Classic)",61,false,Infinity,4.2933,0,0,0,0,14464984,980306416
80,false,RF,"1. NNI (Classic)",62,false,Infinity,4.2995,0,0,0,0,14450528,1013860848
80,false,RF,"1. NNI (Classic)",63,false,Infinity,4.3687,0,0,0,0,14709184,1013860848
80,false,RF,"1. NNI (Classic)",64,false,Infinity,4.3042,0,0,0,0,14523840,1047415280
80,false,RF,"1. NNI (Classic)",65,false,Infinity,9.8402,0,0,0,0,32435184,1047415280
80,false,RF,"1. NNI (Classic)",66,false,Infinity,4.2999,0,0,0,0,14340920,1080969712
80,false,RF,"1. NNI (Classic)",67,false,Infinity,9.7289,0,0,0,0,32369704,1114524144
80,false,RF,"1. NNI (Classic)",68,false,Infinity,7.0700,0,0,0,0,23611560,1148078576
80,false,RF,"1. NNI (Classic)",69,false,Infinity,4.3741,0,0,0,0,14600824,1148078576
80,false,RF,"1. NNI (Classic)",70,false,Infinity,4.3011,0,0,0,0,14511344,1148078576
80,false,RF,"1. NNI (Classic)",71,false,Infinity,4.2971,0,0,0,0,14498856,1181633008
80,false,RF,"1. NNI (Classic)",72,false,Infinity,4.3880,0,0,0,0,14440552,1181633008
80,false,RF,"1. NNI (Classic)",73,false,Infinity,4.4073,0,0,0,0,14702928,1215187440
80,false,RF,"1. NNI (Classic)",74,false,Infinity,7.0872,0,0,0,0,23267704,1215187440
80,false,RF,"1. NNI (Classic)",75,false,Infinity,9.7921,0,0,0,0,32376672,1248741872
80,false,RF,"1. NNI (Classic)",76,false,Infinity,4.3605,0,0,0,0,14698728,1282296304
80,false,RF,"1. NNI (Classic)",77,false,Infinity,4.2984,0,0,0,0,14581680,1282296304
80,false,RF,"1. NNI (Classic)",78,false,Infinity,7.1200,0,0,0,0,23561144,1315850736
80,false,RF,"1. NNI (Classic)",79,false,Infinity,4.3066,0,0,0,0,14560328,1315850736
80,false,RF,"1. NNI (Classic)",80,false,Infinity,4.3624,0,0,0,0,14528472,1349405168
80,false,RF,"1. NNI (Classic)",81,false,Infinity,4.3204,0,0,0,0,14460360,1349405168
80,false,RF,"1. NNI (Classic)",82,false,Infinity,4.3275,0,0,0,0,14517456,1382959600
80,false,RF,"1. NNI (Classic)",83,false,Infinity,4.3315,0,0,0,0,14466304,1382959600
80,false,RF,"1. NNI (Classic)",84,false,Infinity,4.3416,0,0,0,0,14406488,1416514032
80,false,RF,"1. NNI (Classic)",85,false,Infinity,4.3241,0,0,0,0,14376584,1416514032
80,false,RF,"1. NNI (Classic)",86,false,Infinity,4.3557,0,0,0,0,14603456,1416514032
80,false,RF,"1. NNI (Classic)",87,false,Infinity,7.0189,0,0,0,0,23267752,1450068464
80,false,RF,"1. NNI (Classic)",88,false,Infinity,4.3828,0,0,0,0,14735312,1483622896
80,false,RF,"1. NNI (Classic)",89,false,Infinity,4.3083,0,0,0,0,14526928,1483622896
80,false,RF,"1. NNI (Classic)",90,false,Infinity,4.2919,0,0,0,0,14663304,1483622896
80,false,RF,"1. NNI (Classic)",91,false,Infinity,4.3173,0,0,0,0,14457712,1517177328
80,false,RF,"1. NNI (Classic)",92,false,Infinity,7.0798,0,0,0,0,23693152,1550731760
80,false,RF,"1. NNI (Classic)",93,false,Infinity,7.1382,0,0,0,0,23456944,1550731760
80,false,RF,"1. NNI (Classic)",94,false,Infinity,4.4405,0,0,0,0,14412880,1584286192
80,false,RF,"1. NNI (Classic)",95,false,Infinity,4.4490,0,0,0,0,14489424,1584286192
80,false,RF,"1. NNI (Classic)",96,false,Infinity,4.4134,0,0,0,0,14543656,1617840624
80,false,RF,"1. NNI (Classic)",97,false,Infinity,4.3722,0,0,0,0,14536952,1617840624
80,false,RF,"1. NNI (Classic)",98,false,Infinity,4.7910,0,0,0,0,14548704,1617840624
80,false,RF,"1. NNI (Classic)",99,false,Infinity,4.2998,0,0,0,0,14629048,1651395056
80,false,RF,"1. NNI (Classic)",100,false,Infinity,4.4208,0,0,0,0,14862776,1651395056
80,false,RF,"2. NNI (Incremental)",1,false,Infinity,0.8223,0,0,0,0,91808,7245048
80,false,RF,"2. NNI (Incremental)",2,false,Infinity,0.5943,0,0,0,0,76288,7245048
80,false,RF,"2. NNI (Incremental)",3,false,Infinity,0.5624,0,0,0,0,77016,7245048
80,false,RF,"2. NNI (Incremental)",4,false,Infinity,0.4494,0,0,0,0,75984,7245048
80,false,RF,"2. NNI (Incremental)",5,false,Infinity,0.2605,0,0,0,0,75360,7245048
80,false,RF,"2. NNI (Incremental)",6,false,Infinity,0.3109,0,0,0,0,77656,7245048
80,false,RF,"2. NNI (Incremental)",7,false,Infinity,0.2614,0,0,0,0,75592,7245048
80,false,RF,"2. NNI (Incremental)",8,false,Infinity,0.2586,0,0,0,0,76048,7245048
80,false,RF,"2. NNI (Incremental)",9,false,Infinity,0.4164,0,0,0,0,96128,7245048
80,false,RF,"2. NNI (Incremental)",10,false,Infinity,0.2481,0,0,0,0,76256,7245048
80,false,RF,"2. NNI (Incremental)",11,false,Infinity,0.2672,0,0,0,0,75728,7245048
80,false,RF,"2. NNI (Incremental)",12,false,Infinity,0.3968,0,0,0,0,96752,7245048
80,false,RF,"2. NNI (Incremental)",13,false,Infinity,0.2603,0,0,0,0,77736,7245048
80,false,RF,"2. NNI (Incremental)",14,false,Infinity,0.2625,0,0,0,0,77192,7245048
80,false,RF,"2. NNI (Incremental)",15,false,Infinity,0.4025,0,0,0,0,97504,7245048
80,false,RF,"2. NNI (Incremental)",16,false,Infinity,0.2519,0,0,0,0,76216,7245048
80,false,RF,"2. NNI (Incremental)",17,false,Infinity,0.2723,0,0,0,0,76552,7245048
80,false,RF,"2. NNI (Incremental)",18,false,Infinity,0.2564,0,0,0,0,76216,7245048
80,false,RF,"2. NNI (Incremental)",19,false,Infinity,0.2735,0,0,0,0,78608,7245048
80,false,RF,"2. NNI (Incremental)",20,false,Infinity,0.2549,0,0,0,0,75848,7245048
80,false,RF,"2. NNI (Incremental)",21,false,Infinity,0.2933,0,0,0,0,76232,7245048
80,false,RF,"2. NNI (Incremental)",22,false,Infinity,0.2632,0,0,0,0,74016,7245048
80,false,RF,"2. NNI (Incremental)",23,false,Infinity,0.2753,0,0,0,0,76224,7245048
80,false,RF,"2. NNI (Incremental)",24,false,Infinity,0.2518,0,0,0,0,77824,7245048
80,false,RF,"2. NNI (Incremental)",25,false,Infinity,0.4029,0,0,0,0,96512,7245048
80,false,RF,"2. NNI (Incremental)",26,false,Infinity,0.2534,0,0,0,0,77208,7245048
80,false,RF,"2. NNI (Incremental)",27,false,Infinity,0.2661,0,0,0,0,77448,7245048
80,false,RF,"2. NNI (Incremental)",28,false,Infinity,0.2644,0,0,0,0,75944,7245048
80,false,RF,"2. NNI (Incremental)",29,false,Infinity,0.4001,0,0,0,0,97880,7245048
80,false,RF,"2. NNI (Incremental)",30,false,Infinity,0.2466,0,0,0,0,76704,7245048
80,false,RF,"2. NNI (Incremental)",31,false,Infinity,0.2654,0,0,0,0,76024,7245048
80,false,RF,"2. NNI (Incremental)",32,false,Infinity,0.2657,0,0,0,0,77208,7245048
80,false,RF,"2. NNI (Incremental)",33,false,Infinity,0.4020,0,0,0,0,96032,7245048
80,false,RF,"2. NNI (Incremental)",34,false,Infinity,0.2467,0,0,0,0,76200,7245048
80,false,RF,"2. NNI (Incremental)",35,false,Infinity,0.4116,0,0,0,0,95000,7245048
80,false,RF,"2. NNI (Incremental)",36,false,Infinity,0.2519,0,0,0,0,77136,7245048
80,false,RF,"2. NNI (Incremental)",37,false,Infinity,0.2625,0,0,0,0,75616,7245048
80,false,RF,"2. NNI (Incremental)",38,false,Infinity,0.2741,0,0,0,0,75296,7245048
80,false,RF,"2. NNI (Incremental)",39,false,Infinity,0.2439,0,0,0,0,74080,7245048
80,false,RF,"2. NNI (Incremental)",40,false,Infinity,0.2550,0,0,0,0,78400,7245048
80,false,RF,"2. NNI (Incremental)",41,false,Infinity,0.2701,0,0,0,0,75200,7245048
80,false,RF,"2. NNI (Incremental)",42,false,Infinity,0.2465,0,0,0,0,76720,7245048
80,false,RF,"2. NNI (Incremental)",43,false,Infinity,0.4336,0,0,0,0,95112,7245048
80,false,RF,"2. NNI (Incremental)",44,false,Infinity,0.2555,0,0,0,0,75472,7245048
80,false,RF,"2. NNI (Incremental)",45,false,Infinity,0.4030,0,0,0,0,95472,7245048
80,false,RF,"2. NNI (Incremental)",46,false,Infinity,0.3839,0,0,0,0,94808,7245048
80,false,RF,"2. NNI (Incremental)",47,false,Infinity,0.2680,0,0,0,0,76312,7245048
80,false,RF,"2. NNI (Incremental)",48,false,Infinity,0.5498,0,0,0,0,118160,7245048
80,false,RF,"2. NNI (Incremental)",49,false,Infinity,0.2432,0,0,0,0,77352,7245048
80,false,RF,"2. NNI (Incremental)",50,false,Infinity,0.2713,0,0,0,0,75816,7245048
80,false,RF,"2. NNI (Incremental)",51,false,Infinity,0.2484,0,0,0,0,74088,7245048
80,false,RF,"2. NNI (Incremental)",52,false,Infinity,0.2702,0,0,0,0,77152,7245048
80,false,RF,"2. NNI (Incremental)",53,false,Infinity,0.2646,0,0,0,0,75032,7245048
80,false,RF,"2. NNI (Incremental)",54,false,Infinity,0.2682,0,0,0,0,77464,7245048
80,false,RF,"2. NNI (Incremental)",55,false,Infinity,0.2544,0,0,0,0,78192,7245048
80,false,RF,"2. NNI (Incremental)",56,false,Infinity,0.2526,0,0,0,0,75384,7245048
80,false,RF,"2. NNI (Incremental)",57,false,Infinity,0.2698,0,0,0,0,75560,7245048
80,false,RF,"2. NNI (Incremental)",58,false,Infinity,0.2481,0,0,0,0,76696,7245048
80,false,RF,"2. NNI (Incremental)",59,false,Infinity,0.2781,0,0,0,0,76304,7245048
80,false,RF,"2. NNI (Incremental)",60,false,Infinity,0.2567,0,0,0,0,76808,7245048
80,false,RF,"2. NNI (Incremental)",61,false,Infinity,0.2699,0,0,0,0,76936,7245048
80,false,RF,"2. NNI (Incremental)",62,false,Infinity,0.2692,0,0,0,0,77112,7245048
80,false,RF,"2. NNI (Incremental)",63,false,Infinity,0.2509,0,0,0,0,76936,7245048
80,false,RF,"2. NNI (Incremental)",64,false,Infinity,0.2732,0,0,0,0,76600,7245048
80,false,RF,"2. NNI (Incremental)",65,false,Infinity,0.5441,0,0,0,0,119464,7245048
80,false,RF,"2. NNI (Incremental)",66,false,Infinity,0.2525,0,0,0,0,76776,7245048
80,false,RF,"2. NNI (Incremental)",67,false,Infinity,0.5485,0,0,0,0,112440,7245048
80,false,RF,"2. NNI (Incremental)",68,false,Infinity,0.3891,0,0,0,0,96168,7245048
80,false,RF,"2. NNI (Incremental)",69,false,Infinity,0.2534,0,0,0,0,77808,7245048
80,false,RF,"2. NNI (Incremental)",70,false,Infinity,0.2516,0,0,0,0,76488,7245048
80,false,RF,"2. NNI (Incremental)",71,false,Infinity,0.2630,0,0,0,0,75664,7245048
80,false,RF,"2. NNI (Incremental)",72,false,Infinity,0.2507,0,0,0,0,76024,7245048
80,false,RF,"2. NNI (Incremental)",73,false,Infinity,0.2630,0,0,0,0,77216,7245048
80,false,RF,"2. NNI (Incremental)",74,false,Infinity,0.4196,0,0,0,0,94248,7245048
80,false,RF,"2. NNI (Incremental)",75,false,Infinity,0.5392,0,0,0,0,117816,7245048
80,false,RF,"2. NNI (Incremental)",76,false,Infinity,0.2581,0,0,0,0,76264,7245048
80,false,RF,"2. NNI (Incremental)",77,false,Infinity,0.2652,0,0,0,0,75616,7245048
80,false,RF,"2. NNI (Incremental)",78,false,Infinity,0.4081,0,0,0,0,97856,7245048
80,false,RF,"2. NNI (Incremental)",79,false,Infinity,0.2485,0,0,0,0,76688,7245048
80,false,RF,"2. NNI (Incremental)",80,false,Infinity,0.2622,0,0,0,0,76688,7245048
80,false,RF,"2. NNI (Incremental)",81,false,Infinity,0.2735,0,0,0,0,75280,7245048
80,false,RF,"2. NNI (Incremental)",82,false,Infinity,0.2637,0,0,0,0,76904,7245048
80,false,RF,"2. NNI (Incremental)",83,false,Infinity,0.2494,0,0,0,0,77584,7245048
80,false,RF,"2. NNI (Incremental)",84,false,Infinity,0.2680,0,0,0,0,77128,7245048
80,false,RF,"2. NNI (Incremental)",85,false,Infinity,0.2344,0,0,0,0,75912,7245048
80,false,RF,"2. NNI (Incremental)",86,false,Infinity,0.2634,0,0,0,0,76840,7245048
80,false,RF,"2. NNI (Incremental)",87,false,Infinity,0.3983,0,0,0,0,96072,7245048
80,false,RF,"2. NNI (Incremental)",88,false,Infinity,0.2688,0,0,0,0,77696,7245048
80,false,RF,"2. NNI (Incremental)",89,false,Infinity,0.2620,0,0,0,0,77664,7245048
80,false,RF,"2. NNI (Incremental)",90,false,Infinity,0.2624,0,0,0,0,76456,7245048
80,false,RF,"2. NNI (Incremental)",91,false,Infinity,0.2516,0,0,0,0,75384,7245048
80,false,RF,"2. NNI (Incremental)",92,false,Infinity,0.4127,0,0,0,0,97144,7245048
80,false,RF,"2. NNI (Incremental)",93,false,Infinity,0.3943,0,0,0,0,97896,7245048
80,false,RF,"2. NNI (Incremental)",94,false,Infinity,0.2572,0,0,0,0,76864,7245048
80,false,RF,"2. NNI (Incremental)",95,false,Infinity,0.2639,0,0,0,0,75808,7245048
80,false,RF,"2. NNI (Incremental)",96,false,Infinity,0.2651,0,0,0,0,76328,7245048
80,false,RF,"2. NNI (Incremental)",97,false,Infinity,0.2782,0,0,0,0,76960,7245048
80,false,RF,"2. NNI (Incremental)",98,false,Infinity,0.2634,0,0,0,0,74744,7245048
80,false,RF,"2. NNI (Incremental)",99,false,Infinity,0.2642,0,0,0,0,76024,7245048
80,false,RF,"2. NNI (Incremental)",100,false,Infinity,0.2749,0,0,0,0,77832,7245048
80,false,RF,"3. VND NNI->ECR->SPR (Classic)",1,true,461.0000,158545.6908,11371344,282271562,638748569,157605732001,490055061288,49256427824
80,false,RF,"3. VND NNI->ECR->SPR (Classic)",2,true,447.0000,165684.5315,9667245,121048642,1934796411,163615535950,508206933800,53228106160
80,false,RF,"3. VND NNI->ECR->SPR (Classic)",3,true,474.0000,158434.5237,4832540,58622790,562452339,157804196819,480752733056,66678624560
80,false,RF,"3. VND NNI->ECR->SPR (Classic)",4,true,485.0000,158540.9046,4945344,61514740,635294079,157835182367,491673328760,65268040024
80,false,RF,"3. VND NNI->ECR->SPR (Classic)",5,true,488.0000,163068.2251,9486990,157984443,587536300,162309118959,497838163880,64640581416
80,false,RF,"3. VND NNI->ECR->SPR (Classic)",6,true,441.0000,137352.5170,9441775,156439535,612652261,136570419027,446320803400,88703316864
80,false,RF,"3. VND NNI->ECR->SPR (Classic)",7,true,439.0000,152251.6536,9497271,116662385,1542271548,150579275262,487581257080,83575752160
80,false,RF,"3. VND NNI->ECR->SPR (Classic)",8,true,526.0000,151004.3028,4855433,59425985,596524984,150339210554,486091904320,91132461256
80,false,RF,"3. VND NNI->ECR->SPR (Classic)",9,true,506.0000,162606.3991,16967766,118311762,1906348558,160560301231,488058548864,90618718080
80,false,RF,"3. VND NNI->ECR->SPR (Classic)",10,true,439.0000,153584.1728,9594154,121313590,1803468981,151646443788,480220292968,68901965136
80,false,RF,"3. VND NNI->ECR->SPR (Classic)",11,true,438.0000,158971.1053,4535524,56567969,860856667,158045797289,470818466832,61270010192
80,false,RF,"3. VND NNI->ECR->SPR (Classic)",12,true,433.0000,144930.8007,16426438,111925244,1488218674,143310644468,467468860656,89130761600
80,false,RF,"3. VND NNI->ECR->SPR (Classic)",13,true,457.0000,154347.9307,9622308,117745181,1704404236,152512614674,495230161960,107163093984
80,false,RF,"3. VND NNI->ECR->SPR (Classic)",14,true,440.0000,150774.9989,8983273,150232482,549631255,150062155573,484903227928,85414306968
80,false,RF,"3. VND NNI->ECR->SPR (Classic)",15,true,503.0000,143787.5418,11559302,55955589,615346613,143101272250,465639198128,89977007528
80,false,RF,"3. VND NNI->ECR->SPR (Classic)",16,true,474.0000,166955.8538,4547989,57476992,566085495,166324102971,490402539336,88437115728
80,false,RF,"3. VND NNI->ECR->SPR (Classic)",17,true,473.0000,153018.4883,4780291,58869360,618881115,152332366567,492376487264,88653138880
80,false,RF,"3. VND NNI->ECR->SPR (Classic)",18,true,451.0000,154200.5394,4534412,57120563,612022322,153523705870,492095213520,109382446912
80,false,RF,"3. VND NNI->ECR->SPR (Classic)",19,true,510.0000,149913.5905,14271580,228128898,1950691680,147716377908,480813822240,88853266560
80,false,RF,"3. VND NNI->ECR->SPR (Classic)",20,true,495.0000,166971.2245,4716088,61834437,673849806,166227076601,504193596000,96727934384
80,false,RF,"3. VND NNI->ECR->SPR (Classic)",21,true,413.0000,161558.8688,9107298,160976358,620282029,160765216635,485381016752,62471007160
80,false,RF,"3. VND NNI->ECR->SPR (Classic)",22,true,438.0000,147381.1250,14353585,222141422,2319502223,144821719877,456350675888,60144521568
80,false,RF,"3. VND NNI->ECR->SPR (Classic)",23,true,495.0000,163247.1868,4635766,58340833,624461537,162554928317,494992193288,60892692960
80,false,RF,"3. VND NNI->ECR->SPR (Classic)",24,true,487.0000,159734.5500,19745160,292049671,2932994691,156485582602,481658609472,65436815368
80,false,RF,"3. VND NNI->ECR->SPR (Classic)",25,true,488.0000,151043.2885,16828282,158391636,590647717,150273740938,472135433232,68274167160
80,false,RF,"3. VND NNI->ECR->SPR (Classic)",26,true,445.0000,158392.3301,9719343,163253000,575835450,157639851446,486176883288,62735841760
80,false,RF,"3. VND NNI->ECR->SPR (Classic)",27,true,521.0000,159328.7732,10243018,135371579,2296217770,156882869890,473895739640,64094517768
80,false,RF,"3. VND NNI->ECR->SPR (Classic)",28,true,418.0000,144234.9934,14092108,291065154,1762081066,142164626172,463126513160,86722715552
80,false,RF,"3. VND NNI->ECR->SPR (Classic)",29,true,474.0000,156254.9103,16957518,116467191,1623621685,154494330658,467644578832,90334148984
80,false,RF,"3. VND NNI->ECR->SPR (Classic)",30,true,516.0000,153060.9834,4774259,58668216,606918499,152386878546,492297978384,87907653920
80,false,RF,"3. VND NNI->ECR->SPR (Classic)",31,true,444.0000,153100.5401,8965059,205039113,594866242,152287989535,491563421168,98550053296
80,false,RF,"3. VND NNI->ECR->SPR (Classic)",32,true,438.0000,159712.8965,4835386,58889688,606701528,159038004652,479312532640,60587613152
80,false,RF,"3. VND NNI->ECR->SPR (Classic)",33,true,486.0000,160678.6118,20105493,93490006,795523303,159765658911,484663936912,61883115344
80,false,RF,"3. VND NNI->ECR->SPR (Classic)",34,true,543.0000,168255.9909,4731979,56952043,568288049,167621789957,496871890576,61649690576
80,false,RF,"3. VND NNI->ECR->SPR (Classic)",35,true,493.0000,151947.9943,12153581,259809328,558701479,151113469835,490300972896,92586945584
80,false,RF,"3. VND NNI->ECR->SPR (Classic)",36,true,476.0000,167908.7983,4461785,54996384,782623772,167062989345,499428792944,93925514720
80,false,RF,"3. VND NNI->ECR->SPR (Classic)",37,true,496.0000,151639.6982,9381561,161140914,633035847,150832201470,490809435192,89573027072
80,false,RF,"3. VND NNI->ECR->SPR (Classic)",38,true,471.0000,154552.6308,13662010,212470116,1851771396,152470853640,489861236856,107617831968
80,false,RF,"3. VND NNI->ECR->SPR (Classic)",39,true,498.0000,155913.4107,4552607,56208399,572244102,155276638996,498879154096,88790754920
80,false,RF,"3. VND NNI->ECR->SPR (Classic)",40,true,524.0000,150612.9140,9442216,287067865,535991211,149776195255,478526724744,88307275712
80,false,RF,"3. VND NNI->ECR->SPR (Classic)",41,true,459.0000,150087.1528,9427788,116742053,1792691495,148164682838,454619104056,59816003312
80,false,RF,"3. VND NNI->ECR->SPR (Classic)",42,true,464.0000,163299.9307,9352185,116026854,1660591817,161510264417,493637143496,64854973064
80,false,RF,"3. VND NNI->ECR->SPR (Classic)",43,true,435.0000,150522.1955,11593307,56573203,583257035,149867382420,483614120224,89410436088
80,false,RF,"3. VND NNI->ECR->SPR (Classic)",44,true,486.0000,148907.1705,14448245,222368569,1655457263,147010973762,472512302016,90770607760
80,false,RF,"3. VND NNI->ECR->SPR (Classic)",45,true,521.0000,150450.0807,12209028,58833700,577466214,149797272389,480701318240,108937708368
80,false,RF,"3. VND NNI->ECR->SPR (Classic)",46,true,497.0000,151078.5800,21595558,217795720,1555235264,149279980944,473286983296,69713273888
80,false,RF,"3. VND NNI->ECR->SPR (Classic)",47,true,413.0000,155480.2500,9456974,169222691,704054231,154594419523,457343511408,59276336096
80,false,RF,"3. VND NNI->ECR->SPR (Classic)",48,true,489.0000,149262.1863,15057644,60232581,654579728,148528641868,477242604872,86995717632
80,false,RF,"3. VND NNI->ECR->SPR (Classic)",49,true,512.0000,154788.5630,9582231,119005306,1793107721,152862887627,494822497056,108602583072
80,false,RF,"3. VND NNI->ECR->SPR (Classic)",50,true,501.0000,152069.8780,4500588,59204556,596601754,151405453639,490620498808,92326389728
80,false,RF,"3. VND NNI->ECR->SPR (Classic)",51,true,449.0000,150597.6829,4877225,60080151,621808158,149907614992,465810688496,86421267232
80,false,RF,"3. VND NNI->ECR->SPR (Classic)",52,true,457.0000,163164.0247,9657701,120440867,1747817006,161282520269,480881762776,59656930952
80,false,RF,"3. VND NNI->ECR->SPR (Classic)",53,true,462.0000,149805.5012,9723606,120293467,1841197575,147830565656,475041324376,88604370624
80,false,RF,"3. VND NNI->ECR->SPR (Classic)",54,true,477.0000,156148.2074,4860121,56736019,561446587,155521387263,481034618608,86362135856
80,false,RF,"3. VND NNI->ECR->SPR (Classic)",55,true,496.0000,162197.7280,14237409,358215746,1676122047,160145390824,477072161912,62099800608
80,false,RF,"3. VND NNI->ECR->SPR (Classic)",56,true,513.0000,155715.5126,4883687,61062440,652508390,154993207237,497772320336,91522899488
80,false,RF,"3. VND NNI->ECR->SPR (Classic)",57,true,484.0000,156266.4689,4874770,60307464,649520498,155547681371,491599516312,93861873120
80,false,RF,"3. VND NNI->ECR->SPR (Classic)",58,true,449.0000,152414.4828,9483423,159930304,574591630,151666891311,492389837712,74178093016
80,false,RF,"3. VND NNI->ECR->SPR (Classic)",59,true,455.0000,150523.8612,4532540,56043185,602602547,149857379533,485133198848,74754113824
80,false,RF,"3. VND NNI->ECR->SPR (Classic)",60,true,475.0000,162634.2123,9794545,122699894,1930220659,160567737334,476047215200,64019861712
80,false,RF,"3. VND NNI->ECR->SPR (Classic)",61,true,472.0000,151146.4797,9432637,156559614,628201788,150348883452,485073841232,87648107856
80,false,RF,"3. VND NNI->ECR->SPR (Classic)",62,true,447.0000,148265.6507,13924491,216084801,1640218543,146391610555,475205489680,107145400640
80,false,RF,"3. VND NNI->ECR->SPR (Classic)",63,true,509.0000,148687.7333,9133629,158002347,585058173,147931445566,474497328208,87418022368
80,false,RF,"3. VND NNI->ECR->SPR (Classic)",64,true,477.0000,151062.1255,4474819,55951611,568386780,150429225665,485043078424,108945124544
80,false,RF,"3. VND NNI->ECR->SPR (Classic)",65,true,449.0000,149821.3149,24086905,217859653,1723433581,147852118692,469178702944,68478433440
80,false,RF,"3. VND NNI->ECR->SPR (Classic)",66,true,479.0000,160425.8761,7729499,99298426,1213830861,159101416028,476682007792,58132017632
80,false,RF,"3. VND NNI->ECR->SPR (Classic)",67,true,492.0000,161196.0815,19146812,120369657,1741381884,159311295473,488213714528,61843875936
80,false,RF,"3. VND NNI->ECR->SPR (Classic)",68,true,516.0000,154914.9888,16644914,113342322,1881754580,152898735073,486622821328,69713964824
80,false,RF,"3. VND NNI->ECR->SPR (Classic)",69,true,436.0000,154163.7732,19530631,256782202,2763300866,151120936158,469974963136,62362063840
80,false,RF,"3. VND NNI->ECR->SPR (Classic)",70,true,450.0000,160617.0477,8940543,115027818,1962168614,158527441988,487095138288,60198920680
80,false,RF,"3. VND NNI->ECR->SPR (Classic)",71,true,456.0000,160409.0709,9184045,115909204,1982986453,158296360028,480905048160,61116293088
80,false,RF,"3. VND NNI->ECR->SPR (Classic)",72,true,483.0000,157182.5201,5205769,68163092,732358214,156372846675,472262763808,62941201360
80,false,RF,"3. VND NNI->ECR->SPR (Classic)",73,true,513.0000,155695.5999,4818693,59212702,626416120,155001363034,491116826584,74247197840
80,false,RF,"3. VND NNI->ECR->SPR (Classic)",74,true,503.0000,164214.0316,12017102,57952004,655385599,163485042055,486237751232,59603438528
80,false,RF,"3. VND NNI->ECR->SPR (Classic)",75,true,466.0000,163003.9209,19965085,124010394,1704780565,161151460380,487311287104,62251678448
80,false,RF,"3. VND NNI->ECR->SPR (Classic)",76,true,446.0000,155160.5297,4794197,59716519,583621189,154508672513,485304249832,70205416512
80,false,RF,"3. VND NNI->ECR->SPR (Classic)",77,true,526.0000,163023.3708,13100232,180071811,2777359467,160047641629,488982202248,59247791360
80,false,RF,"3. VND NNI->ECR->SPR (Classic)",78,true,542.0000,165380.6725,21802259,191590876,2931725295,162231432741,492259754504,67430589104
80,false,RF,"3. VND NNI->ECR->SPR (Classic)",79,true,474.0000,156987.0611,14405455,216878132,1529370172,155222415108,494566374216,70688055848
80,false,RF,"3. VND NNI->ECR->SPR (Classic)",80,true,534.0000,164475.9087,4782024,58330924,588838946,163819948226,490902863264,57268663096
80,false,RF,"3. VND NNI->ECR->SPR (Classic)",81,true,450.0000,166338.4088,4503865,56381848,568421219,165705503936,490707741920,62121144160
80,false,RF,"3. VND NNI->ECR->SPR (Classic)",82,true,497.0000,165095.8048,4440875,55164122,610801651,164421617649,497029148920,60718750176
80,false,RF,"3. VND NNI->ECR->SPR (Classic)",83,true,510.0000,160277.4786,9566141,161739980,638740500,159463198602,484876523816,63989650912
80,false,RF,"3. VND NNI->ECR->SPR (Classic)",84,true,471.0000,150595.3509,19420414,308514837,1641813483,148622145813,472596395304,69272344864
80,false,RF,"3. VND NNI->ECR->SPR (Classic)",85,true,472.0000,166294.7006,8935903,115642122,2261027833,163905275547,486718762400,65441345568
80,false,RF,"3. VND NNI->ECR->SPR (Classic)",86,true,478.0000,148778.1544,9460773,118419503,1775150487,146871562768,473257314184,84649278960
80,false,RF,"3. VND NNI->ECR->SPR (Classic)",87,true,422.0000,145418.5812,16880673,168187881,684087130,144546034201,464325531560,85001306816
80,false,RF,"3. VND NNI->ECR->SPR (Classic)",88,true,451.0000,151759.0537,9567295,114819628,1521200779,150109474544,493916639336,84044214192
80,false,RF,"3. VND NNI->ECR->SPR (Classic)",89,true,437.0000,153247.2730,14231525,469922373,1744784558,151015153317,495428664432,82871539200
80,false,RF,"3. VND NNI->ECR->SPR (Classic)",90,true,460.0000,142793.3014,13664436,211618515,1464891162,141099291606,459847687552,84444577760
80,false,RF,"3. VND NNI->ECR->SPR (Classic)",91,true,477.0000,138755.0099,9191309,152245241,531804435,138057754660,451395502416,82058635464
80,false,RF,"3. VND NNI->ECR->SPR (Classic)",92,true,460.0000,149727.8557,12193539,60465666,620965722,149030829007,485881132768,82866714704
80,false,RF,"3. VND NNI->ECR->SPR (Classic)",93,true,455.0000,152594.8688,17142280,169438248,663932281,151741005628,490885335992,83397003976
80,false,RF,"3. VND NNI->ECR->SPR (Classic)",94,true,431.0000,142010.3065,14042024,218641367,1638828485,140135385051,461147253088,81668572128
80,false,RF,"3. VND NNI->ECR->SPR (Classic)",95,true,452.0000,149145.4029,17403346,298686258,2665480345,146160411564,474246569800,75996031688
80,false,RF,"3. VND NNI->ECR->SPR (Classic)",96,true,414.0000,145555.1372,8981519,240824302,596143217,144705764486,458815845504,68359783976
80,false,RF,"3. VND NNI->ECR->SPR (Classic)",97,true,484.0000,159244.9930,4811590,60591245,811217671,158364278367,478547835320,61748616672
80,false,RF,"3. VND NNI->ECR->SPR (Classic)",98,true,466.0000,160558.0608,13858554,225325922,1987422713,158327683894,476393479488,62588345360
80,false,RF,"3. VND NNI->ECR->SPR (Classic)",99,true,456.0000,158582.5856,9322298,114254052,1564529616,156890554270,502508599392,75557121376
80,false,RF,"3. VND NNI->ECR->SPR (Classic)",100,true,452.0000,149300.6834,9126907,158351050,612093570,148517844784,471906323544,69146531872
80,false,RF,"4. VND NNI->SPR (Classic)",1,true,462.0000,168936.1565,4841056,0,0,168927105509,500798448344,63322598544
80,false,RF,"4. VND NNI->SPR (Classic)",2,true,450.0000,165942.7040,5428353,0,0,165933977314,509817542072,68421558264
80,false,RF,"4. VND NNI->SPR (Classic)",3,true,474.0000,158213.5478,4794107,0,0,158204297268,479098970944,65215113592
80,false,RF,"4. VND NNI->SPR (Classic)",4,true,485.0000,164090.4904,5471925,0,0,164081214365,489837995376,69268684264
80,false,RF,"4. VND NNI->SPR (Classic)",5,true,489.0000,160737.7741,4817151,0,0,160729154911,502592814088,74870733656
80,false,RF,"4. VND NNI->SPR (Classic)",6,true,441.0000,147730.1040,4505759,0,0,147722067364,450867323768,64259681384
80,false,RF,"4. VND NNI->SPR (Classic)",7,true,440.0000,160554.4537,4782695,0,0,160545923114,489772133432,62457763888
80,false,RF,"4. VND NNI->SPR (Classic)",8,true,526.0000,161017.5770,4795369,0,0,161008690507,484336094888,66115421864
80,false,RF,"4. VND NNI->SPR (Classic)",9,true,502.0000,153534.2543,12288890,0,0,153517989504,490203023208,78753042504
80,false,RF,"4. VND NNI->SPR (Classic)",10,true,433.0000,150063.7381,4555333,0,0,150056139309,474412252864,77674428520
80,false,RF,"4. VND NNI->SPR (Classic)",11,true,438.0000,146164.7446,4915518,0,0,146156464671,469084642200,72959695232
80,false,RF,"4. VND NNI->SPR (Classic)",12,true,438.0000,147554.8156,12115059,0,0,147539284516,469888809880,76518069480
80,false,RF,"4. VND NNI->SPR (Classic)",13,true,461.0000,156355.9606,4834333,0,0,156347159000,496907733488,71434212744
80,false,RF,"4. VND NNI->SPR (Classic)",14,true,442.0000,164491.4980,5390952,0,0,164482126879,489658773816,60164226792
80,false,RF,"4. VND NNI->SPR (Classic)",15,true,503.0000,155309.4798,12321982,0,0,155293658698,463821541472,60712237208
80,false,RF,"4. VND NNI->SPR (Classic)",16,true,474.0000,151760.4917,4754972,0,0,151752245508,488682660120,82752342000
80,false,RF,"4. VND NNI->SPR (Classic)",17,true,473.0000,153018.2312,4739503,0,0,153009901909,490542861816,84407435624
80,false,RF,"4. VND NNI->SPR (Classic)",18,true,451.0000,152616.9515,4871113,0,0,152608943096,490299377576,82187838456
80,false,RF,"4. VND NNI->SPR (Classic)",19,true,519.0000,151667.5237,4807883,0,0,151658737629,488554470392,84641325560
80,false,RF,"4. VND NNI->SPR (Classic)",20,true,495.0000,155091.0415,4831448,0,0,155082597490,502228428456,83798259160
80,false,RF,"4. VND NNI->SPR (Classic)",21,true,410.0000,151990.3986,4509506,0,0,151982669223,489998528688,81359447672
80,false,RF,"4. VND NNI->SPR (Classic)",22,true,435.0000,148595.6409,4838601,0,0,148587420980,476968818344,79379858568
80,false,RF,"4. VND NNI->SPR (Classic)",23,true,495.0000,155466.8666,4865674,0,0,155458004830,493121557728,77304272272
80,false,RF,"4. VND NNI->SPR (Classic)",24,true,492.0000,161639.1208,4818935,0,0,161630269300,495669283760,63181154408
80,false,RF,"4. VND NNI->SPR (Classic)",25,true,486.0000,161570.3464,11963561,0,0,161554831265,476732600424,64583700024
80,false,RF,"4. VND NNI->SPR (Classic)",26,true,446.0000,155512.4112,4791412,0,0,155504411407,490847906440,69738989432
80,false,RF,"4. VND NNI->SPR (Classic)",27,true,523.0000,159416.6614,4889900,0,0,159407827048,475785059576,63682600320
80,false,RF,"4. VND NNI->SPR (Classic)",28,true,424.0000,158807.9603,4740486,0,0,158800221982,484813960496,63096549864
80,false,RF,"4. VND NNI->SPR (Classic)",29,true,478.0000,148222.6432,12244356,0,0,148206886043,469729959304,65505108232
80,false,RF,"4. VND NNI->SPR (Classic)",30,true,516.0000,159904.9057,4773779,0,0,159896353224,490506457656,59901339272
80,false,RF,"4. VND NNI->SPR (Classic)",31,true,449.0000,169093.1613,4741167,0,0,169084858722,502513986960,64557161112
80,false,RF,"4. VND NNI->SPR (Classic)",32,true,438.0000,147402.6325,4827180,0,0,147394111025,477518162152,89768797832
80,false,RF,"4. VND NNI->SPR (Classic)",33,true,486.0000,150576.4125,12212664,0,0,150560437735,482996777072,108558489736
80,false,RF,"4. VND NNI->SPR (Classic)",34,true,543.0000,156757.0673,4713614,0,0,156748247269,495188498696,76727952552
80,false,RF,"4. VND NNI->SPR (Classic)",35,true,493.0000,154275.2811,11606812,0,0,154259815657,488600312048,65617451720
80,false,RF,"4. VND NNI->SPR (Classic)",36,true,476.0000,164924.5186,4745855,0,0,164916127196,497732987480,63871667032
80,false,RF,"4. VND NNI->SPR (Classic)",37,true,496.0000,165653.6451,4467806,0,0,165645352546,495342681144,64218221144
80,false,RF,"4. VND NNI->SPR (Classic)",38,true,476.0000,158390.7503,4707201,0,0,158382352540,498167183232,74820169352
80,false,RF,"4. VND NNI->SPR (Classic)",39,true,498.0000,164299.4408,4787645,0,0,164291035774,497171119104,62035211616
80,false,RF,"4. VND NNI->SPR (Classic)",40,true,525.0000,162920.3950,4581774,0,0,162911072199,483359157984,60278671032
80,false,RF,"4. VND NNI->SPR (Classic)",41,true,462.0000,156627.5208,5450956,0,0,156618542572,456693474304,66550432536
80,false,RF,"4. VND NNI->SPR (Classic)",42,true,467.0000,171702.3635,4810729,0,0,171693864962,495505716128,65767984936
80,false,RF,"4. VND NNI->SPR (Classic)",43,true,435.0000,154793.4543,12181305,0,0,154778027851,481877195904,66927777160
80,false,RF,"4. VND NNI->SPR (Classic)",44,true,490.0000,154817.0487,4521559,0,0,154808721259,480717733544,57385732976
80,false,RF,"4. VND NNI->SPR (Classic)",45,true,521.0000,157723.6770,12229788,0,0,157707252240,478985327424,62468392160
80,false,RF,"4. VND NNI->SPR (Classic)",46,true,503.0000,162596.3979,12247942,0,0,162580184363,482013434288,63489088120
80,false,RF,"4. VND NNI->SPR (Classic)",47,true,413.0000,165845.5086,4496340,0,0,165838016125,461741046712,62193096216
80,false,RF,"4. VND NNI->SPR (Classic)",48,true,489.0000,157163.4685,14488834,0,0,157145399937,475383977384,61422696584
80,false,RF,"4. VND NNI->SPR (Classic)",49,true,514.0000,165303.0837,4790240,0,0,165293682224,496909154576,55550277016
80,false,RF,"4. VND NNI->SPR (Classic)",50,true,501.0000,161743.1660,5394007,0,0,161733750756,488767288640,65553960512
80,false,RF,"4. VND NNI->SPR (Classic)",51,true,449.0000,154489.7297,4800248,0,0,154481845833,463976329200,62769644664
80,false,RF,"4. VND NNI->SPR (Classic)",52,true,459.0000,159380.9051,4574019,0,0,159372661100,482623850456,60424709880
80,false,RF,"4. VND NNI->SPR (Classic)",53,true,466.0000,156589.0322,4817391,0,0,156580949230,476707819112,60004798088
80,false,RF,"4. VND NNI->SPR (Classic)",54,true,477.0000,155727.4604,4812582,0,0,155718962356,479345108512,62000025824
80,false,RF,"4. VND NNI->SPR (Classic)",55,true,497.0000,163332.1932,4851135,0,0,163323285047,485334838608,62556622856
80,false,RF,"4. VND NNI->SPR (Classic)",56,true,513.0000,173376.6651,5439384,0,0,173367461332,495849628304,67732759664
80,false,RF,"4. VND NNI->SPR (Classic)",57,true,484.0000,170010.9863,4825897,0,0,170002327414,489692678272,65089537672
80,false,RF,"4. VND NNI->SPR (Classic)",58,true,451.0000,168285.9454,4727480,0,0,168276991854,497044597760,62063376392
80,false,RF,"4. VND NNI->SPR (Classic)",59,true,455.0000,162498.6785,7800314,0,0,162487569443,483315962176,66734820688
80,false,RF,"4. VND NNI->SPR (Classic)",60,true,480.0000,151012.3939,4616699,0,0,151004303974,477753364232,70516753048
80,false,RF,"4. VND NNI->SPR (Classic)",61,true,474.0000,165556.1684,4772205,0,0,165547971175,489664190920,63832855816
80,false,RF,"4. VND NNI->SPR (Classic)",62,true,449.0000,149113.4060,4800689,0,0,149104970218,483430121936,91205484776
80,false,RF,"4. VND NNI->SPR (Classic)",63,true,510.0000,155575.5678,4614225,0,0,155566932048,479255064496,96063482248
80,false,RF,"4. VND NNI->SPR (Classic)",64,true,477.0000,152468.4913,4788076,0,0,152459651168,483271134616,71622733784
80,false,RF,"4. VND NNI->SPR (Classic)",65,true,454.0000,160784.4087,14290787,0,0,160766897010,477231736304,59981277728
80,false,RF,"4. VND NNI->SPR (Classic)",66,true,479.0000,149092.2201,4738992,0,0,149084044372,474794379416,71230296736
80,false,RF,"4. VND NNI->SPR (Classic)",67,true,497.0000,163380.4368,14381822,0,0,163362155863,490185098328,64748204216
80,false,RF,"4. VND NNI->SPR (Classic)",68,true,519.0000,153937.2833,12296936,0,0,153921138464,489113918552,64272535128
80,false,RF,"4. VND NNI->SPR (Classic)",69,true,464.0000,152406.4337,4549912,0,0,152398856037,490215587632,92780274400
80,false,RF,"4. VND NNI->SPR (Classic)",70,true,450.0000,153309.4871,4694147,0,0,153301220786,488598857736,108051529352
80,false,RF,"4. VND NNI->SPR (Classic)",71,true,459.0000,151237.2876,4529344,0,0,151228859349,488689785112,88484376200
80,false,RF,"4. VND NNI->SPR (Classic)",72,true,483.0000,148579.3437,4900349,0,0,148570507257,470353886872,92967476456
80,false,RF,"4. VND NNI->SPR (Classic)",73,true,513.0000,155188.2450,4834374,0,0,155179605334,489238553544,65795464328
80,false,RF,"4. VND NNI->SPR (Classic)",74,true,503.0000,159238.9663,12275024,0,0,159223088503,484323392984,64583688336
80,false,RF,"4. VND NNI->SPR (Classic)",75,true,469.0000,169440.9253,15132599,0,0,169422121238,488874688744,63135025512
80,false,RF,"4. VND NNI->SPR (Classic)",76,true,446.0000,162962.1178,4788707,0,0,162954052651,483561255240,62482760240
80,false,RF,"4. VND NNI->SPR (Classic)",77,true,529.0000,151383.6522,4737000,0,0,151374519412,490957743696,90404891528
80,false,RF,"4. VND NNI->SPR (Classic)",78,true,543.0000,154984.3235,12296730,0,0,154967889301,494007798784,104573144400
80,false,RF,"4. VND NNI->SPR (Classic)",79,true,477.0000,165100.6663,4825578,0,0,165091827530,503434083728,66052849896
80,false,RF,"4. VND NNI->SPR (Classic)",80,true,534.0000,162398.6994,4767137,0,0,162389936067,489131105760,61218469848
80,false,RF,"4. VND NNI->SPR (Classic)",81,true,450.0000,158297.6056,4760635,0,0,158289294247,488969689024,65609021376
80,false,RF,"4. VND NNI->SPR (Classic)",82,true,497.0000,160633.3590,4733403,0,0,160624886316,495210023288,64679088664
80,false,RF,"4. VND NNI->SPR (Classic)",83,true,503.0000,153504.6747,4817671,0,0,153496067057,489939063744,85545328256
80,false,RF,"4. VND NNI->SPR (Classic)",84,true,469.0000,158406.5694,4630396,0,0,158398564397,481504404264,70679508104
80,false,RF,"4. VND NNI->SPR (Classic)",85,true,472.0000,149524.0936,4748882,0,0,149515862029,481042491608,89998080968
80,false,RF,"4. VND NNI->SPR (Classic)",86,true,475.0000,150177.7807,4840496,0,0,150169678561,474460055496,94712681904
80,false,RF,"4. VND NNI->SPR (Classic)",87,true,423.0000,158641.8684,12355888,0,0,158626156809,468767070544,65212334728
80,false,RF,"4. VND NNI->SPR (Classic)",88,true,452.0000,163143.1122,4841448,0,0,163134563288,496059292256,64147299688
80,false,RF,"4. VND NNI->SPR (Classic)",89,true,443.0000,169217.4490,4834204,0,0,169209293897,500407264792,62117494920
80,false,RF,"4. VND NNI->SPR (Classic)",90,true,457.0000,154105.5767,4771955,0,0,154097019497,475259461624,63273108488
80,false,RF,"4. VND NNI->SPR (Classic)",91,true,477.0000,148283.8456,4783647,0,0,148275257208,456167434232,65194446808
80,false,RF,"4. VND NNI->SPR (Classic)",92,true,460.0000,159343.6257,11591603,0,0,159328817177,484031107832,60620767960
80,false,RF,"4. VND NNI->SPR (Classic)",93,true,454.0000,163443.0148,11901353,0,0,163427920375,495260038248,63795399056
80,false,RF,"4. VND NNI->SPR (Classic)",94,true,433.0000,157274.6584,4733171,0,0,157266544914,469106853920,62424028976
80,false,RF,"4. VND NNI->SPR (Classic)",95,true,454.0000,150716.3330,4942659,0,0,150707972539,482656794184,82505557544
80,false,RF,"4. VND NNI->SPR (Classic)",96,true,427.0000,152649.4302,4819926,0,0,152641225210,496706142336,83732811592
80,false,RF,"4. VND NNI->SPR (Classic)",97,true,484.0000,147082.6002,4601370,0,0,147074156242,476784081640,81347227272
80,false,RF,"4. VND NNI->SPR (Classic)",98,true,470.0000,153312.9589,4839413,0,0,153304499271,484459416656,79020563072
80,false,RF,"4. VND NNI->SPR (Classic)",99,true,453.0000,158425.8971,4541506,0,0,158416885829,504878838416,76183992424
80,false,RF,"4. VND NNI->SPR (Classic)",100,true,458.0000,160989.7866,5474170,0,0,160980593686,483035588264,66399272392
80,false,RF,"5. VND NNI->ECR->SPR (Inc)",1,true,451.0000,6590.4046,266927,9110155,23709757,6556871058,15030062808,10434644208
80,false,RF,"5. VND NNI->ECR->SPR (Inc)",2,true,469.0000,7202.5994,111362,605251,18217684,7183608122,16624358936,10419481784
80,false,RF,"5. VND NNI->ECR->SPR (Inc)",3,true,481.0000,6985.8992,70965,296534,3188784,6982268574,16227205904,10311182136
80,false,RF,"5. VND NNI->ECR->SPR (Inc)",4,true,485.0000,7014.7282,55375,256177,3240281,7011114820,16242054696,10310544832
80,false,RF,"5. VND NNI->ECR->SPR (Inc)",5,true,451.0000,7171.8058,104167,808578,3123540,7167705210,16663082984,10310306936
80,false,RF,"5. VND NNI->ECR->SPR (Inc)",6,true,452.0000,6066.2649,101794,867089,3716808,6061513933,14071319848,10310250840
80,false,RF,"5. VND NNI->ECR->SPR (Inc)",7,true,463.0000,6227.4443,96504,555146,12183108,6214549924,14473849120,10310297784
80,false,RF,"5. VND NNI->ECR->SPR (Inc)",8,true,515.0000,6812.3338,58061,279732,3328529,6808603114,15801928840,10310291984
80,false,RF,"5. VND NNI->ECR->SPR (Inc)",9,true,464.0000,6643.2429,207294,526241,13054525,6629385034,15381879232,10310389944
80,false,RF,"5. VND NNI->ECR->SPR (Inc)",10,true,457.0000,6432.9524,105600,549104,10701981,6421527623,14971454560,10310493200
80,false,RF,"5. VND NNI->ECR->SPR (Inc)",11,true,439.0000,6698.4858,55646,266787,3248106,6694852249,15538774568,10310406536
80,false,RF,"5. VND NNI->ECR->SPR (Inc)",12,true,421.0000,6113.5785,193798,553272,9638109,6103132046,14197612744,10310345384
80,false,RF,"5. VND NNI->ECR->SPR (Inc)",13,true,484.0000,7194.4978,106944,563411,14545641,7179210639,16693837144,10310453968
80,false,RF,"5. VND NNI->ECR->SPR (Inc)",14,true,446.0000,6301.8567,93949,800492,3300086,6297605476,14525486312,10310419872
80,false,RF,"5. VND NNI->ECR->SPR (Inc)",15,true,457.0000,7264.2979,139956,270485,3593373,7260236371,16760544224,10310405232
80,false,RF,"5. VND NNI->ECR->SPR (Inc)",16,true,503.0000,7370.5029,52499,261397,3136324,7366991811,17028840128,10310390872
80,false,RF,"5. VND NNI->ECR->SPR (Inc)",17,true,473.0000,7480.4179,47610,264222,3409554,7476637880,17301550864,10310443040
80,false,RF,"5. VND NNI->ECR->SPR (Inc)",18,true,464.0000,6992.4628,45176,279532,3446945,6988637506,16118160568,10310436168
80,false,RF,"5. VND NNI->ECR->SPR (Inc)",19,true,563.0000,7205.4505,150566,1163813,12090702,7191984881,16662822736,10310474312
80,false,RF,"5. VND NNI->ECR->SPR (Inc)",20,true,465.0000,6810.9740,47500,267048,3610245,6806996831,15758738072,10310479784
80,false,RF,"5. VND NNI->ECR->SPR (Inc)",21,true,441.0000,6669.7068,106492,843985,3544400,6665146079,15508257272,10310472752
80,false,RF,"5. VND NNI->ECR->SPR (Inc)",22,true,460.0000,6933.7746,153411,1048745,22130935,6910361272,16133826656,10310452496
80,false,RF,"5. VND NNI->ECR->SPR (Inc)",23,true,491.0000,6315.1506,57269,267639,3505285,6311256466,14642400376,10310477576
80,false,RF,"5. VND NNI->ECR->SPR (Inc)",24,true,518.0000,6393.9045,155325,1102566,15867424,6376706789,14857135904,10310504712
80,false,RF,"5. VND NNI->ECR->SPR (Inc)",25,true,496.0000,6928.1387,194368,807466,3438810,6923635503,16076659440,10310412048
80,false,RF,"5. VND NNI->ECR->SPR (Inc)",26,true,497.0000,7552.1099,102896,836079,3403502,7547693133,17509872424,10310439312
80,false,RF,"5. VND NNI->ECR->SPR (Inc)",27,true,544.0000,7260.6688,95241,559664,10463207,7249492460,16898016400,10310458392
80,false,RF,"5. VND NNI->ECR->SPR (Inc)",28,true,426.0000,6521.5926,98688,1576437,3314172,6516548238,15182898368,10310458392
80,false,RF,"5. VND NNI->ECR->SPR (Inc)",29,true,442.0000,7533.2051,184391,544776,10177523,7522235331,17527827816,10310416200
80,false,RF,"5. VND NNI->ECR->SPR (Inc)",30,true,516.0000,7074.5311,46899,272699,3604845,7070552740,16436924392,10310451480
80,false,RF,"5. VND NNI->ECR->SPR (Inc)",31,true,444.0000,6457.1492,92086,1030079,3168616,6452802466,14983938384,10310451480
80,false,RF,"5. VND NNI->ECR->SPR (Inc)",32,true,445.0000,6563.1241,47801,262369,3386279,6559373386,15219938936,10310439440
80,false,RF,"5. VND NNI->ECR->SPR (Inc)",33,true,480.0000,6867.8700,132472,2250349,3102851,6862325645,15943168000,10310439440
80,false,RF,"5. VND NNI->ECR->SPR (Inc)",34,true,532.0000,7475.0811,46027,253302,3108722,7471619728,17330816504,10310405720
80,false,RF,"5. VND NNI->ECR->SPR (Inc)",35,true,497.0000,7135.2860,133743,270434,3150622,7131668830,16547480760,10310396360
80,false,RF,"5. VND NNI->ECR->SPR (Inc)",36,true,499.0000,7101.3697,50066,267669,3227227,7097765398,16518460384,10310401992
80,false,RF,"5. VND NNI->ECR->SPR (Inc)",37,true,492.0000,6766.5317,94640,798158,3487802,6762090714,15754565680,10310491464
80,false,RF,"5. VND NNI->ECR->SPR (Inc)",38,true,453.0000,7036.0655,157300,1010683,15249770,7019579727,16374208800,10310491464
80,false,RF,"5. VND NNI->ECR->SPR (Inc)",39,true,463.0000,7069.2286,44174,243743,3073034,7065813154,16421181560,10310407800
80,false,RF,"5. VND NNI->ECR->SPR (Inc)",40,true,526.0000,7221.0885,92596,778379,3102289,7217049936,16770964720,10310360976
80,false,RF,"5. VND NNI->ECR->SPR (Inc)",41,true,452.0000,6802.9050,94389,519749,10064930,6792162029,15803592928,10310476608
80,false,RF,"5. VND NNI->ECR->SPR (Inc)",42,true,444.0000,6808.8838,98567,536981,16482614,6791702114,15851108528,10310476608
80,false,RF,"5. VND NNI->ECR->SPR (Inc)",43,true,433.0000,7370.4303,134065,283910,3257504,7366695822,17072131064,10310439312
80,false,RF,"5. VND NNI->ECR->SPR (Inc)",44,true,463.0000,6439.2911,142220,1064755,9971202,6428048613,14957796864,10310436040
80,false,RF,"5. VND NNI->ECR->SPR (Inc)",45,true,505.0000,6692.8775,132642,272979,3256262,6689155016,15528668768,10310433648
80,false,RF,"5. VND NNI->ECR->SPR (Inc)",46,true,465.0000,6415.1325,224267,1087819,9657495,6404097481,14916692616,10310402480
80,false,RF,"5. VND NNI->ECR->SPR (Inc)",47,true,427.0000,6517.0696,96824,850897,3899646,6512160784,15137309544,10310482560
80,false,RF,"5. VND NNI->ECR->SPR (Inc)",48,true,476.0000,7334.3202,184471,270785,3588123,7330219580,17046141848,10310478032
80,false,RF,"5. VND NNI->ECR->SPR (Inc)",49,true,466.0000,6845.2991,98517,545597,9836857,6834753827,15929872176,10310437912
80,false,RF,"5. VND NNI->ECR->SPR (Inc)",50,true,521.0000,6342.2509,45948,280744,3356413,6338510050,14672587312,10310451568
80,false,RF,"5. VND NNI->ECR->SPR (Inc)",51,true,464.0000,7247.0529,54032,266987,3424853,7243242474,16857957808,10310460944
80,false,RF,"5. VND NNI->ECR->SPR (Inc)",52,true,474.0000,7204.0963,103286,539376,10360001,7193022763,16732029392,10310460944
80,false,RF,"5. VND NNI->ECR->SPR (Inc)",53,true,470.0000,7343.6965,102575,534196,14198511,7328800523,17000358216,10310479056
80,false,RF,"5. VND NNI->ECR->SPR (Inc)",54,true,493.0000,6702.4650,51728,269322,3293012,6698792025,15514665792,10310437712
80,false,RF,"5. VND NNI->ECR->SPR (Inc)",55,true,480.0000,6896.7834,156267,1159585,10602192,6884791141,16046942728,10310423616
80,false,RF,"5. VND NNI->ECR->SPR (Inc)",56,true,504.0000,7731.4703,56758,270024,3429372,7727645834,17974082048,10310467968
80,false,RF,"5. VND NNI->ECR->SPR (Inc)",57,true,483.0000,6242.2337,56508,273019,3537988,6238294806,14455531568,10310510312
80,false,RF,"5. VND NNI->ECR->SPR (Inc)",58,true,455.0000,6767.0978,104548,846811,3360150,6762705706,15694327456,10310510312
80,false,RF,"5. VND NNI->ECR->SPR (Inc)",59,true,440.0000,6857.1012,46999,264252,3418591,6853314162,15926243816,10310468560
80,false,RF,"5. VND NNI->ECR->SPR (Inc)",60,true,522.0000,6898.6505,96342,571036,13877430,6884042588,16073416032,10310436512
80,false,RF,"5. VND NNI->ECR->SPR (Inc)",61,true,474.0000,7077.3455,95081,841010,3652305,7072696814,16419284088,10310470136
80,false,RF,"5. VND NNI->ECR->SPR (Inc)",62,true,457.0000,6400.4351,144856,1097658,13326863,6385798838,14880450776,10310470136
80,false,RF,"5. VND NNI->ECR->SPR (Inc)",63,true,491.0000,6901.6228,93167,796384,3212219,6897460353,16025580664,10310428256
80,false,RF,"5. VND NNI->ECR->SPR (Inc)",64,true,476.0000,6530.9694,48232,268781,3440793,6527150811,15160203912,10310442416
80,false,RF,"5. VND NNI->ECR->SPR (Inc)",65,true,449.0000,6693.1053,284480,1120460,12367888,6679263578,15592166984,10310442416
80,false,RF,"5. VND NNI->ECR->SPR (Inc)",66,true,456.0000,7630.3964,47801,294079,3733731,7626261145,17725508616,10310468904
80,false,RF,"5. VND NNI->ECR->SPR (Inc)",67,true,490.0000,6732.3657,224477,504319,9906299,6721667120,15636626960,10310461752
80,false,RF,"5. VND NNI->ECR->SPR (Inc)",68,true,501.0000,6883.6465,194029,512985,8909483,6873966486,16019403208,10310438992
80,false,RF,"5. VND NNI->ECR->SPR (Inc)",69,true,432.0000,7065.6211,142411,1069384,16406499,7047935687,16466801632,10310419280
80,false,RF,"5. VND NNI->ECR->SPR (Inc)",70,true,441.0000,6785.3289,103758,531260,10812711,6773818839,15777478944,10310493320
80,false,RF,"5. VND NNI->ECR->SPR (Inc)",71,true,463.0000,6074.8441,103016,535980,12680533,6061458904,14110916408,10310468952
80,false,RF,"5. VND NNI->ECR->SPR (Inc)",72,true,464.0000,6814.1371,55305,268370,3553407,6810202749,15859917568,10310505552
80,false,RF,"5. VND NNI->ECR->SPR (Inc)",73,true,477.0000,6848.2553,48853,276255,3540193,6844329426,15927108912,10310494224
80,false,RF,"5. VND NNI->ECR->SPR (Inc)",74,true,504.0000,7075.3267,129796,259664,3587994,7071288295,16474209752,10310516112
80,false,RF,"5. VND NNI->ECR->SPR (Inc)",75,true,462.0000,6444.7815,225821,543023,13336371,6430611616,15003142904,10310500544
80,false,RF,"5. VND NNI->ECR->SPR (Inc)",76,true,480.0000,6705.5406,47520,262670,3196248,6701974525,15540139696,10310428712
80,false,RF,"5. VND NNI->ECR->SPR (Inc)",77,true,509.0000,6800.1734,95802,550007,9734412,6789727463,15719094104,10310429424
80,false,RF,"5. VND NNI->ECR->SPR (Inc)",78,true,536.0000,7075.5122,189081,525539,10229223,7064500788,16358723408,10310458256
80,false,RF,"5. VND NNI->ECR->SPR (Inc)",79,true,474.0000,6430.6822,143293,1070467,9480929,6419916889,14827470872,10310458256
80,false,RF,"5. VND NNI->ECR->SPR (Inc)",80,true,531.0000,7114.4941,47861,274612,3413251,7110701375,16425875864,10310468792
80,false,RF,"5. VND NNI->ECR->SPR (Inc)",81,true,448.0000,6564.6427,47861,271496,3309224,6560951835,15199569048,10310468792
80,false,RF,"5. VND NNI->ECR->SPR (Inc)",82,true,473.0000,7340.1056,47771,269643,3511298,7336216639,17054720384,10310491184
80,false,RF,"5. VND NNI->ECR->SPR (Inc)",83,true,492.0000,6937.6552,97495,869163,3647797,6932976533,16115897632,10310491184
80,false,RF,"5. VND NNI->ECR->SPR (Inc)",84,true,473.0000,6619.7002,141659,1080246,14028478,6604383341,15415933256,10310449144
80,false,RF,"5. VND NNI->ECR->SPR (Inc)",85,true,479.0000,6636.2134,99519,533414,14878623,6620637501,15454018856,10310494376
80,false,RF,"5. VND NNI->ECR->SPR (Inc)",86,true,466.0000,6927.2442,95863,537723,10501009,6916044191,16113309152,10310489104
80,false,RF,"5. VND NNI->ECR->SPR (Inc)",87,true,422.0000,6480.7474,179141,793208,3720475,6475988106,15058230264,10310534888
80,false,RF,"5. VND NNI->ECR->SPR (Inc)",88,true,466.0000,6629.4417,96643,530068,9508732,6619240955,15382150848,10310534888
80,false,RF,"5. VND NNI->ECR->SPR (Inc)",89,true,461.0000,7203.5274,152299,1445909,11210498,7190649881,16685146184,10310482888
80,false,RF,"5. VND NNI->ECR->SPR (Inc)",90,true,472.0000,6508.3409,144886,1105692,13122854,6493900791,15113086608,10310482888
80,false,RF,"5. VND NNI->ECR->SPR (Inc)",91,true,457.0000,6389.7592,96103,797897,3074276,6385727252,14788663056,10310389928
80,false,RF,"5. VND NNI->ECR->SPR (Inc)",92,true,477.0000,6947.5368,134034,270885,3461613,6943610255,16134736632,10310463320
80,false,RF,"5. VND NNI->ECR->SPR (Inc)",93,true,479.0000,7083.1930,183679,810571,3656503,7078480793,16463770512,10310475296
80,false,RF,"5. VND NNI->ECR->SPR (Inc)",94,true,474.0000,6627.3637,157129,1109219,13796716,6612229381,15440930200,10310475296
80,false,RF,"5. VND NNI->ECR->SPR (Inc)",95,true,419.0000,7224.4047,144204,1058623,9994456,7213139538,16836143168,10310460848
80,false,RF,"5. VND NNI->ECR->SPR (Inc)",96,true,462.0000,6544.2874,94460,1360016,3461693,6539306076,15169730208,10310442000
80,false,RF,"5. VND NNI->ECR->SPR (Inc)",97,true,492.0000,6686.8294,47210,289230,3403061,6683031382,15509036464,10310440976
80,false,RF,"5. VND NNI->ECR->SPR (Inc)",98,true,467.0000,6370.5123,140117,989431,10014344,6359299034,14805820256,10310488192
80,false,RF,"5. VND NNI->ECR->SPR (Inc)",99,true,457.0000,6113.3388,95150,542712,9480268,6103157720,14201953136,10310488192
80,false,RF,"5. VND NNI->ECR->SPR (Inc)",100,true,466.0000,6877.5710,99479,808639,3469648,6873125655,16006977128,10310443800
80,false,RF,"6. VND NNI->SPR (Inc)",1,true,451.0000,6623.4513,99750,0,0,6623205825,15422158176,10325426704
80,false,RF,"6. VND NNI->SPR (Inc)",2,true,471.0000,7227.5604,47250,0,0,7227459069,16803672456,10291904376
80,false,RF,"6. VND NNI->SPR (Inc)",3,true,481.0000,6977.8564,46188,0,0,6977755868,16209216616,10291917128
80,false,RF,"6. VND NNI->SPR (Inc)",4,true,485.0000,6984.0366,45647,0,0,6983938696,16223639736,10291917128
80,false,RF,"6. VND NNI->SPR (Inc)",5,true,451.0000,7247.1613,45988,0,0,7247059894,16853139152,10291908136
80,false,RF,"6. VND NNI->SPR (Inc)",6,true,452.0000,6154.2933,47390,0,0,6154191709,14287231272,10291910424
80,false,RF,"6. VND NNI->SPR (Inc)",7,true,464.0000,6295.8620,45286,0,0,6295760946,14623192416,10291900584
80,false,RF,"6. VND NNI->SPR (Inc)",8,true,515.0000,6791.8320,45787,0,0,6791733156,15783405256,10291907328
80,false,RF,"6. VND NNI->SPR (Inc)",9,true,450.0000,6550.3612,133253,0,0,6550172320,15187391272,10291907328
80,false,RF,"6. VND NNI->SPR (Inc)",10,true,457.0000,6361.5578,45818,0,0,6361458640,14801570200,10291949136
80,false,RF,"6. VND NNI->SPR (Inc)",11,true,439.0000,6685.6832,44354,0,0,6685587663,15520476720,10291963320
80,false,RF,"6. VND NNI->SPR (Inc)",12,true,423.0000,6456.6727,132873,0,0,6456483285,14983166936,10291964024
80,false,RF,"6. VND NNI->SPR (Inc)",13,true,486.0000,7264.9474,47390,0,0,7264845215,16921537488,10291950296
80,false,RF,"6. VND NNI->SPR (Inc)",14,true,446.0000,6342.0441,46920,0,0,6341940013,14704784328,10291949712
80,false,RF,"6. VND NNI->SPR (Inc)",15,true,457.0000,7202.8415,132993,0,0,7202643315,16740800208,10291949712
80,false,RF,"6. VND NNI->SPR (Inc)",16,true,503.0000,7330.0547,47881,0,0,7329953439,17011376512,10291950984
80,false,RF,"6. VND NNI->SPR (Inc)",17,true,473.0000,7416.8882,47190,0,0,7416786225,17283180704,10291957360
80,false,RF,"6. VND NNI->SPR (Inc)",18,true,464.0000,6924.9713,46699,0,0,6924871851,16098972176,10291949904
80,false,RF,"6. VND NNI->SPR (Inc)",19,true,556.0000,7226.8219,49464,0,0,7226715626,16784905384,10291959112
80,false,RF,"6. VND NNI->SPR (Inc)",20,true,465.0000,6773.3915,46669,0,0,6773289533,15738617112,10291951880
80,false,RF,"6. VND NNI->SPR (Inc)",21,true,441.0000,6764.9410,48602,0,0,6764839594,15704035488,10291981352
80,false,RF,"6. VND NNI->SPR (Inc)",22,true,463.0000,6924.2056,54073,0,0,6924100173,16076004632,10291969472
80,false,RF,"6. VND NNI->SPR (Inc)",23,true,491.0000,6302.0847,46979,0,0,6301983780,14622494872,10291952504
80,false,RF,"6. VND NNI->SPR (Inc)",24,true,520.0000,6640.7697,47460,0,0,6640665918,15378435624,10291968352
80,false,RF,"6. VND NNI->SPR (Inc)",25,true,496.0000,7018.2651,134366,0,0,7018077637,16271471200,10291968352
80,false,RF,"6. VND NNI->SPR (Inc)",26,true,497.0000,7646.5444,53141,0,0,7646437974,17725435472,10291969848
80,false,RF,"6. VND NNI->SPR (Inc)",27,true,535.0000,7269.4047,49254,0,0,7269301329,16915756072,10291967696
80,false,RF,"6. VND NNI->SPR (Inc)",28,true,426.0000,6884.5319,46278,0,0,6884430155,16009143952,10291986976
80,false,RF,"6. VND NNI->SPR (Inc)",29,true,447.0000,7598.8510,140157,0,0,7598655798,17673594856,10291986976
80,false,RF,"6. VND NNI->SPR (Inc)",30,true,516.0000,7062.4785,47911,0,0,7062378983,16416999752,10291932032
80,false,RF,"6. VND NNI->SPR (Inc)",31,true,444.0000,6654.2089,46789,0,0,6654109713,15424629288,10291953608
80,false,RF,"6. VND NNI->SPR (Inc)",32,true,445.0000,6551.0063,52620,0,0,6550898251,15200752552,10291939448
80,false,RF,"6. VND NNI->SPR (Inc)",33,true,480.0000,6858.8364,131460,0,0,6858651484,15925540824,10291959432
80,false,RF,"6. VND NNI->SPR (Inc)",34,true,532.0000,7460.1905,47280,0,0,7460089513,17313605664,10291959432
80,false,RF,"6. VND NNI->SPR (Inc)",35,true,497.0000,7113.6060,131110,0,0,7113419805,16530025000,10291942920
80,false,RF,"6. VND NNI->SPR (Inc)",36,true,499.0000,7097.2747,50596,0,0,7097169032,16500601976,10291954560
80,false,RF,"6. VND NNI->SPR (Inc)",37,true,492.0000,6840.3799,45647,0,0,6840278482,15938343928,10291954560
80,false,RF,"6. VND NNI->SPR (Inc)",38,true,464.0000,7044.1940,45146,0,0,7044096255,16404479952,10291940856
80,false,RF,"6. VND NNI->SPR (Inc)",39,true,463.0000,7056.2712,44725,0,0,7056176297,16403857032,10291949088
80,false,RF,"6. VND NNI->SPR (Inc)",40,true,527.0000,7306.1771,46589,0,0,7306064209,16981904336,10291941512
80,false,RF,"6. VND NNI->SPR (Inc)",41,true,463.0000,6905.2507,47100,0,0,6905139196,16022714520,10291937384
80,false,RF,"6. VND NNI->SPR (Inc)",42,true,451.0000,7058.2753,46549,0,0,7058178187,16383208328,10291947768
80,false,RF,"6. VND NNI->SPR (Inc)",43,true,433.0000,7347.2749,135157,0,0,7347083844,17054446712,10291947768
80,false,RF,"6. VND NNI->SPR (Inc)",44,true,468.0000,6601.6616,48793,0,0,6601560343,15334036840,10291971616
80,false,RF,"6. VND NNI->SPR (Inc)",45,true,505.0000,6701.8547,134927,0,0,6701665068,15510422664,10291971616
80,false,RF,"6. VND NNI->SPR (Inc)",46,true,453.0000,6573.5760,134486,0,0,6573384101,15259507056,10291966280
80,false,RF,"6. VND NNI->SPR (Inc)",47,true,427.0000,6641.1643,53903,0,0,6641053822,15362111536,10291966280
80,false,RF,"6. VND NNI->SPR (Inc)",48,true,476.0000,7307.0281,174602,0,0,7306798525,17026107104,10291942816
80,false,RF,"6. VND NNI->SPR (Inc)",49,true,470.0000,6837.1047,47781,0,0,6837001952,15890930688,10291927160
80,false,RF,"6. VND NNI->SPR (Inc)",50,true,521.0000,6327.0289,47440,0,0,6326929248,14653703272,10291953256
80,false,RF,"6. VND NNI->SPR (Inc)",51,true,464.0000,7228.1266,45837,0,0,7228029384,16839029160,10291940104
80,false,RF,"6. VND NNI->SPR (Inc)",52,true,480.0000,7197.9096,46569,0,0,7197807681,16723943080,10291961424
80,false,RF,"6. VND NNI->SPR (Inc)",53,true,470.0000,7280.2141,46047,0,0,7280113590,16907283552,10291956184
80,false,RF,"6. VND NNI->SPR (Inc)",54,true,493.0000,6659.9188,48221,0,0,6659817828,15496840616,10291963568
80,false,RF,"6. VND NNI->SPR (Inc)",55,true,490.0000,7193.3262,49794,0,0,7193223565,16717023616,10291963568
80,false,RF,"6. VND NNI->SPR (Inc)",56,true,504.0000,7718.3642,46589,0,0,7718263121,17954806088,10291938096
80,false,RF,"6. VND NNI->SPR (Inc)",57,true,483.0000,6214.2685,48723,0,0,6214166832,14435538656,10291955400
80,false,RF,"6. VND NNI->SPR (Inc)",58,true,455.0000,6823.2696,47390,0,0,6823171521,15852671560,10291945432
80,false,RF,"6. VND NNI->SPR (Inc)",59,true,440.0000,6840.8702,46689,0,0,6840763936,15907267680,10291963280
80,false,RF,"6. VND NNI->SPR (Inc)",60,true,523.0000,6922.1625,46819,0,0,6922060464,16097610440,10291963280
80,false,RF,"6. VND NNI->SPR (Inc)",61,true,474.0000,7165.4502,46939,0,0,7165349658,16606492192,10291958928
80,false,RF,"6. VND NNI->SPR (Inc)",62,true,459.0000,6555.7634,47380,0,0,6555656378,15198586288,10291988448
80,false,RF,"6. VND NNI->SPR (Inc)",63,true,492.0000,6984.0456,45827,0,0,6983946631,16233062624,10291952296
80,false,RF,"6. VND NNI->SPR (Inc)",64,true,476.0000,6513.7297,47971,0,0,6513628646,15141415096,10291964568
80,false,RF,"6. VND NNI->SPR (Inc)",65,true,454.0000,6861.7752,174612,0,0,6861540927,15988747432,10291959072
80,false,RF,"6. VND NNI->SPR (Inc)",66,true,456.0000,7610.9969,51298,0,0,7610893180,17704664280,10291963928
80,false,RF,"6. VND NNI->SPR (Inc)",67,true,497.0000,7130.3957,177167,0,0,7130162965,16599990040,10291978272
80,false,RF,"6. VND NNI->SPR (Inc)",68,true,504.0000,6953.6269,133113,0,0,6953442873,16194140312,10291984552
80,false,RF,"6. VND NNI->SPR (Inc)",69,true,456.0000,7564.6704,47340,0,0,7564569939,17582523072,10291984552
80,false,RF,"6. VND NNI->SPR (Inc)",70,true,455.0000,7187.8621,46458,0,0,7187764350,16705172784,10291974928
80,false,RF,"6. VND NNI->SPR (Inc)",71,true,464.0000,6224.8785,46168,0,0,6224780024,14386118024,10291991296
80,false,RF,"6. VND NNI->SPR (Inc)",72,true,464.0000,6815.7210,48092,0,0,6815620241,15839978648,10291991296
80,false,RF,"6. VND NNI->SPR (Inc)",73,true,477.0000,6847.2881,49464,0,0,6847184857,15907442856,10291958504
80,false,RF,"6. VND NNI->SPR (Inc)",74,true,504.0000,7066.1723,132773,0,0,7065987304,16454134792,10291957848
80,false,RF,"6. VND NNI->SPR (Inc)",75,true,465.0000,6391.7397,172558,0,0,6391513325,14839775264,10291946344
80,false,RF,"6. VND NNI->SPR (Inc)",76,true,480.0000,6684.1206,53271,0,0,6684011556,15522706120,10291970744
80,false,RF,"6. VND NNI->SPR (Inc)",77,true,495.0000,6821.3060,47720,0,0,6821206795,15812677888,10291972440
80,false,RF,"6. VND NNI->SPR (Inc)",78,true,529.0000,7085.1001,132702,0,0,7084915039,16415453528,10291976320
80,false,RF,"6. VND NNI->SPR (Inc)",79,true,473.0000,6536.0856,47470,0,0,6535979539,15159019112,10291971312
80,false,RF,"6. VND NNI->SPR (Inc)",80,true,531.0000,7076.6411,48382,0,0,7076538670,16407134056,10291987496
80,false,RF,"6. VND NNI->SPR (Inc)",81,true,448.0000,6546.2267,48292,0,0,6546123521,15181304488,10291995584
80,false,RF,"6. VND NNI->SPR (Inc)",82,true,473.0000,7327.7048,47240,0,0,7327603349,17035327216,10291995584
80,false,RF,"6. VND NNI->SPR (Inc)",83,true,490.0000,7032.6152,46559,0,0,7032515422,16347696168,10291990752
80,false,RF,"6. VND NNI->SPR (Inc)",84,true,453.0000,7038.2815,47400,0,0,7038179643,16353608712,10291990752
80,false,RF,"6. VND NNI->SPR (Inc)",85,true,487.0000,6754.2750,47471,0,0,6754176416,15682784872,10291974432
80,false,RF,"6. VND NNI->SPR (Inc)",86,true,469.0000,6992.2062,47430,0,0,6992099825,16193260528,10291987296
80,false,RF,"6. VND NNI->SPR (Inc)",87,true,422.0000,6607.7211,133874,0,0,6607530065,15301246104,10291987296
80,false,RF,"6. VND NNI->SPR (Inc)",88,true,467.0000,6733.7870,49915,0,0,6733683496,15518955160,10291971384
80,false,RF,"6. VND NNI->SPR (Inc)",89,true,461.0000,7470.5035,49605,0,0,7470399256,17270527096,10291996176
80,false,RF,"6. VND NNI->SPR (Inc)",90,true,455.0000,6851.5672,47590,0,0,6851466699,15789417272,10291974600
80,false,RF,"6. VND NNI->SPR (Inc)",91,true,457.0000,6521.4949,47511,0,0,6521392540,14976323256,10291985760
80,false,RF,"6. VND NNI->SPR (Inc)",92,true,477.0000,6940.4098,139636,0,0,6940213285,16115467848,10291967496
80,false,RF,"6. VND NNI->SPR (Inc)",93,true,479.0000,7188.5397,141679,0,0,7188340270,16702564368,10291981944
80,false,RF,"6. VND NNI->SPR (Inc)",94,true,449.0000,7097.0936,48412,0,0,7096989951,16500328760,10291959368
80,false,RF,"6. VND NNI->SPR (Inc)",95,true,419.0000,7455.0002,46969,0,0,7454899393,17304335552,10291957592
80,false,RF,"6. VND NNI->SPR (Inc)",96,true,462.0000,6789.2991,59022,0,0,6789185977,15739829584,10291975624
80,false,RF,"6. VND NNI->SPR (Inc)",97,true,492.0000,6684.5630,47450,0,0,6684460084,15489877760,10291965696
80,false,RF,"6. VND NNI->SPR (Inc)",98,true,469.0000,6559.0941,46478,0,0,6558989350,15208117520,10292002576
80,false,RF,"6. VND NNI->SPR (Inc)",99,true,437.0000,6453.1604,46718,0,0,6453062021,14991632488,10291975424
80,false,RF,"6. VND NNI->SPR (Inc)",100,true,466.0000,6977.5344,48392,0,0,6977424275,16230885944,10291972624
80,false,MS,"1. NNI (Classic)",1,false,Infinity,657.0021,0,0,0,0,435261928,426801488
80,false,MS,"1. NNI (Classic)",2,false,Infinity,626.0995,0,0,0,0,425684544,863009104
80,false,MS,"1. NNI (Classic)",3,false,Infinity,947.1139,0,0,0,0,622112696,1500543312
80,false,MS,"1. NNI (Classic)",4,false,Infinity,538.1413,0,0,0,0,351374104,1836087632
80,false,MS,"1. NNI (Classic)",5,false,Infinity,988.4697,0,0,0,0,652085656,2507176272
80,false,MS,"1. NNI (Classic)",6,false,Infinity,600.3253,0,0,0,0,386008736,2876275024
80,false,MS,"1. NNI (Classic)",7,false,Infinity,705.1775,0,0,0,0,469854304,3346037072
80,false,MS,"1. NNI (Classic)",8,false,Infinity,640.7726,0,0,0,0,433476912,3782244688
80,false,MS,"1. NNI (Classic)",9,false,Infinity,736.5715,0,0,0,0,486490288,4285561168
80,false,MS,"1. NNI (Classic)",10,false,Infinity,950.3839,0,0,0,0,621862376,4889540944
80,false,MS,"1. NNI (Classic)",11,false,Infinity,665.5263,0,0,0,0,435578120,5325748560
80,false,MS,"1. NNI (Classic)",12,false,Infinity,553.0757,0,0,0,0,367541736,5694847312
80,false,MS,"1. NNI (Classic)",13,false,Infinity,828.1512,0,0,0,0,536648464,6231718224
80,false,MS,"1. NNI (Classic)",14,false,Infinity,601.6828,0,0,0,0,402342120,6634371408
80,false,MS,"1. NNI (Classic)",15,false,Infinity,843.7090,0,0,0,0,553301296,7204796752
80,false,MS,"1. NNI (Classic)",16,false,Infinity,556.2780,0,0,0,0,369481328,7573895504
80,false,MS,"1. NNI (Classic)",17,false,Infinity,955.7497,0,0,0,0,631800264,8177875280
80,false,MS,"1. NNI (Classic)",18,false,Infinity,616.0813,0,0,0,0,402906312,8580528464
80,false,MS,"1. NNI (Classic)",19,false,Infinity,820.7731,0,0,0,0,550576736,9150953808
80,false,MS,"1. NNI (Classic)",20,false,Infinity,715.0319,0,0,0,0,471708896,9620715856
80,false,MS,"1. NNI (Classic)",21,false,Infinity,682.6007,0,0,0,0,451238744,10056923472
80,false,MS,"1. NNI (Classic)",22,false,Infinity,787.7579,0,0,0,0,522261088,10364030656
80,false,MS,"1. NNI (Classic)",23,false,Infinity,632.3489,0,0,0,0,417473416,733908672
80,false,MS,"1. NNI (Classic)",24,false,Infinity,1073.0892,0,0,0,0,718699608,1472106176
80,false,MS,"1. NNI (Classic)",25,false,Infinity,722.9716,0,0,0,0,468604288,1941868224
80,false,MS,"1. NNI (Classic)",26,false,Infinity,786.2041,0,0,0,0,517490744,2445184704
80,false,MS,"1. NNI (Classic)",27,false,Infinity,835.7375,0,0,0,0,552010856,3015610048
80,false,MS,"1. NNI (Classic)",28,false,Infinity,611.3954,0,0,0,0,406110416,3418263232
80,false,MS,"1. NNI (Classic)",29,false,Infinity,1102.9962,0,0,0,0,735236752,4156460736
80,false,MS,"1. NNI (Classic)",30,false,Infinity,814.7136,0,0,0,0,536462024,4693331648
80,false,MS,"1. NNI (Classic)",31,false,Infinity,1693.7963,0,0,0,0,1117555576,5800627904
80,false,MS,"1. NNI (Classic)",32,false,Infinity,975.1181,0,0,0,0,632093752,6438162112
80,false,MS,"1. NNI (Classic)",33,false,Infinity,592.0927,0,0,0,0,387418336,6807260864
80,false,MS,"1. NNI (Classic)",34,false,Infinity,1060.3371,0,0,0,0,701179064,7511903936
80,false,MS,"1. NNI (Classic)",35,false,Infinity,1097.2893,0,0,0,0,720362192,8250101440
80,false,MS,"1. NNI (Classic)",36,false,Infinity,778.5863,0,0,0,0,519613952,8753417920
80,false,MS,"1. NNI (Classic)",37,false,Infinity,727.1947,0,0,0,0,456463616,9223179968
80,false,MS,"1. NNI (Classic)",38,false,Infinity,835.6127,0,0,0,0,552237680,9760050880
80,false,MS,"1. NNI (Classic)",39,false,Infinity,916.9476,0,0,0,0,603442664,10341488776
80,false,MS,"1. NNI (Classic)",40,false,Infinity,634.1230,0,0,0,0,418990248,610703496
80,false,MS,"1. NNI (Classic)",41,false,Infinity,1174.9585,0,0,0,0,788729928,1382455432
80,false,MS,"1. NNI (Classic)",42,false,Infinity,620.9060,0,0,0,0,403917824,1785108616
80,false,MS,"1. NNI (Classic)",43,false,Infinity,827.3830,0,0,0,0,555113032,2355533960
80,false,MS,"1. NNI (Classic)",44,false,Infinity,670.2804,0,0,0,0,453180432,2791741576
80,false,MS,"1. NNI (Classic)",45,false,Infinity,644.6176,0,0,0,0,433496408,3227949192
80,false,MS,"1. NNI (Classic)",46,false,Infinity,1093.1245,0,0,0,0,736145752,3966146696
80,false,MS,"1. NNI (Classic)",47,false,Infinity,655.0778,0,0,0,0,434411208,4402354312
80,false,MS,"1. NNI (Classic)",48,false,Infinity,621.1900,0,0,0,0,403613720,4805007496
80,false,MS,"1. NNI (Classic)",49,false,Infinity,973.2875,0,0,0,0,653418592,5476096136
80,false,MS,"1. NNI (Classic)",50,false,Infinity,442.7816,0,0,0,0,299895792,5778086024
80,false,MS,"1. NNI (Classic)",51,false,Infinity,627.8575,0,0,0,0,418567768,6180739208
80,false,MS,"1. NNI (Classic)",52,false,Infinity,696.5667,0,0,0,0,468648736,6650501256
80,false,MS,"1. NNI (Classic)",53,false,Infinity,848.2196,0,0,0,0,568238296,7220926600
80,false,MS,"1. NNI (Classic)",54,false,Infinity,652.2679,0,0,0,0,434409352,7657134216
80,false,MS,"1. NNI (Classic)",55,false,Infinity,927.6127,0,0,0,0,618857632,8261113992
80,false,MS,"1. NNI (Classic)",56,false,Infinity,742.0085,0,0,0,0,488123112,8764430472
80,false,MS,"1. NNI (Classic)",57,false,Infinity,982.3278,0,0,0,0,653857752,9401964680
80,false,MS,"1. NNI (Classic)",58,false,Infinity,623.1589,0,0,0,0,418320152,9838172296
80,false,MS,"1. NNI (Classic)",59,false,Infinity,769.8759,0,0,0,0,500329128,10307934344
80,false,MS,"1. NNI (Classic)",60,false,Infinity,772.7240,0,0,0,0,502611704,639779120
80,false,MS,"1. NNI (Classic)",61,false,Infinity,749.5214,0,0,0,0,503280144,1143095600
80,false,MS,"1. NNI (Classic)",62,false,Infinity,557.4939,0,0,0,0,367458432,1512194352
80,false,MS,"1. NNI (Classic)",63,false,Infinity,939.1442,0,0,0,0,621102984,2116174128
80,false,MS,"1. NNI (Classic)",64,false,Infinity,984.4707,0,0,0,0,656878944,2787262768
80,false,MS,"1. NNI (Classic)",65,false,Infinity,630.4584,0,0,0,0,424309496,3189915952
80,false,MS,"1. NNI (Classic)",66,false,Infinity,840.8847,0,0,0,0,566389088,3760341296
80,false,MS,"1. NNI (Classic)",67,false,Infinity,1249.7013,0,0,0,0,817423520,4599202096
80,false,MS,"1. NNI (Classic)",68,false,Infinity,974.3801,0,0,0,0,638466960,5236736304
80,false,MS,"1. NNI (Classic)",69,false,Infinity,1001.6917,0,0,0,0,659080160,5874270512
80,false,MS,"1. NNI (Classic)",70,false,Infinity,915.5337,0,0,0,0,605364456,6478250288
80,false,MS,"1. NNI (Classic)",71,false,Infinity,712.5604,0,0,0,0,468193864,6948012336
80,false,MS,"1. NNI (Classic)",72,false,Infinity,744.4961,0,0,0,0,484080576,7451328816
80,false,MS,"1. NNI (Classic)",73,false,Infinity,627.0787,0,0,0,0,418230840,7853982000
80,false,MS,"1. NNI (Classic)",74,false,Infinity,620.1835,0,0,0,0,403414248,8256635184
80,false,MS,"1. NNI (Classic)",75,false,Infinity,1026.0356,0,0,0,0,683470600,8961278256
80,false,MS,"1. NNI (Classic)",76,false,Infinity,831.3174,0,0,0,0,550176128,9498149168
80,false,MS,"1. NNI (Classic)",77,false,Infinity,828.2597,0,0,0,0,553198392,10068574512
80,false,MS,"1. NNI (Classic)",78,false,Infinity,697.6438,0,0,0,0,451054712,10303455536
80,false,MS,"1. NNI (Classic)",79,false,Infinity,832.4803,0,0,0,0,535767744,809423200
80,false,MS,"1. NNI (Classic)",80,false,Infinity,707.0871,0,0,0,0,470608656,1279185248
80,false,MS,"1. NNI (Classic)",81,false,Infinity,671.6982,0,0,0,0,453178448,1715392864
80,false,MS,"1. NNI (Classic)",82,false,Infinity,719.1509,0,0,0,0,472547872,2218709344
80,false,MS,"1. NNI (Classic)",83,false,Infinity,894.7887,0,0,0,0,598953088,2789134688
80,false,MS,"1. NNI (Classic)",84,false,Infinity,879.1777,0,0,0,0,587517840,3393114464
80,false,MS,"1. NNI (Classic)",85,false,Infinity,610.8668,0,0,0,0,401749000,3795767648
80,false,MS,"1. NNI (Classic)",86,false,Infinity,799.4942,0,0,0,0,533840856,4332638560
80,false,MS,"1. NNI (Classic)",87,false,Infinity,865.1742,0,0,0,0,571020504,4903063904
80,false,MS,"1. NNI (Classic)",88,false,Infinity,835.3666,0,0,0,0,553885512,5439934816
80,false,MS,"1. NNI (Classic)",89,false,Infinity,754.2171,0,0,0,0,505415312,5943251296
80,false,MS,"1. NNI (Classic)",90,false,Infinity,1216.2687,0,0,0,0,799441456,6748557664
80,false,MS,"1. NNI (Classic)",91,false,Infinity,718.0827,0,0,0,0,471182936,7218319712
80,false,MS,"1. NNI (Classic)",92,false,Infinity,712.9105,0,0,0,0,467908272,7688081760
80,false,MS,"1. NNI (Classic)",93,false,Infinity,750.3566,0,0,0,0,498937008,8191398240
80,false,MS,"1. NNI (Classic)",94,false,Infinity,598.8036,0,0,0,0,403624400,8594051424
80,false,MS,"1. NNI (Classic)",95,false,Infinity,705.3278,0,0,0,0,471624872,9063813472
80,false,MS,"1. NNI (Classic)",96,false,Infinity,608.4017,0,0,0,0,401760704,9466466656
80,false,MS,"1. NNI (Classic)",97,false,Infinity,761.3254,0,0,0,0,502693920,9969783136
80,false,MS,"1. NNI (Classic)",98,false,Infinity,713.9328,0,0,0,0,454191192,10312367792
80,false,MS,"1. NNI (Classic)",99,false,Infinity,1035.5604,0,0,0,0,671457160,883572400
80,false,MS,"1. NNI (Classic)",100,false,Infinity,829.4880,0,0,0,0,547977624,1420443312
80,false,MS,"2. NNI (Incremental)",1,false,Infinity,16.7824,0,0,0,0,38361288,58627320
80,false,MS,"2. NNI (Incremental)",2,false,Infinity,11.6952,0,0,0,0,36679872,92181752
80,false,MS,"2. NNI (Incremental)",3,false,Infinity,16.7365,0,0,0,0,52642944,125736184
80,false,MS,"2. NNI (Incremental)",4,false,Infinity,14.5748,0,0,0,0,46817760,192845048
80,false,MS,"2. NNI (Incremental)",5,false,Infinity,17.6578,0,0,0,0,59936616,226399480
80,false,MS,"2. NNI (Incremental)",6,false,Infinity,10.8661,0,0,0,0,33762584,293508344
80,false,MS,"2. NNI (Incremental)",7,false,Infinity,12.1848,0,0,0,0,40705168,327062776
80,false,MS,"2. NNI (Incremental)",8,false,Infinity,10.6423,0,0,0,0,30953192,360617208
80,false,MS,"2. NNI (Incremental)",9,false,Infinity,10.8469,0,0,0,0,32009440,394171640
80,false,MS,"2. NNI (Incremental)",10,false,Infinity,10.0439,0,0,0,0,32004960,427726072
80,false,MS,"2. NNI (Incremental)",11,false,Infinity,9.6964,0,0,0,0,28840120,427726072
80,false,MS,"2. NNI (Incremental)",12,false,Infinity,7.4974,0,0,0,0,22649352,461280504
80,false,MS,"2. NNI (Incremental)",13,false,Infinity,10.9322,0,0,0,0,36413152,494834936
80,false,MS,"2. NNI (Incremental)",14,false,Infinity,8.1209,0,0,0,0,25873904,528389368
80,false,MS,"2. NNI (Incremental)",15,false,Infinity,12.4381,0,0,0,0,37498584,561943800
80,false,MS,"2. NNI (Incremental)",16,false,Infinity,8.0431,0,0,0,0,25853104,595498232
80,false,MS,"2. NNI (Incremental)",17,false,Infinity,9.6720,0,0,0,0,30084176,629052664
80,false,MS,"2. NNI (Incremental)",18,false,Infinity,7.3983,0,0,0,0,23746560,629052664
80,false,MS,"2. NNI (Incremental)",19,false,Infinity,10.7943,0,0,0,0,33129944,662607096
80,false,MS,"2. NNI (Incremental)",20,false,Infinity,9.4781,0,0,0,0,31127240,696161528
80,false,MS,"2. NNI (Incremental)",21,false,Infinity,9.3205,0,0,0,0,27792384,729715960
80,false,MS,"2. NNI (Incremental)",22,false,Infinity,15.2378,0,0,0,0,46983888,796824824
80,false,MS,"2. NNI (Incremental)",23,false,Infinity,9.7842,0,0,0,0,28862904,796824824
80,false,MS,"2. NNI (Incremental)",24,false,Infinity,13.7633,0,0,0,0,43626152,863933688
80,false,MS,"2. NNI (Incremental)",25,false,Infinity,10.4065,0,0,0,0,32016512,897488120
80,false,MS,"2. NNI (Incremental)",26,false,Infinity,12.3608,0,0,0,0,39405192,931042552
80,false,MS,"2. NNI (Incremental)",27,false,Infinity,11.5502,0,0,0,0,35190760,964596984
80,false,MS,"2. NNI (Incremental)",28,false,Infinity,9.3215,0,0,0,0,28842072,998151416
80,false,MS,"2. NNI (Incremental)",29,false,Infinity,13.3297,0,0,0,0,41523128,1031705848
80,false,MS,"2. NNI (Incremental)",30,false,Infinity,11.8629,0,0,0,0,39416584,1065260280
80,false,MS,"2. NNI (Incremental)",31,false,Infinity,13.7862,0,0,0,0,42564336,1098814712
80,false,MS,"2. NNI (Incremental)",32,false,Infinity,11.6235,0,0,0,0,35171560,1165923576
80,false,MS,"2. NNI (Incremental)",33,false,Infinity,10.7582,0,0,0,0,33072696,1199478008
80,false,MS,"2. NNI (Incremental)",34,false,Infinity,14.4524,0,0,0,0,44708576,1233032440
80,false,MS,"2. NNI (Incremental)",35,false,Infinity,13.5966,0,0,0,0,41522872,1266586872
80,false,MS,"2. NNI (Incremental)",36,false,Infinity,9.6503,0,0,0,0,30955848,1300141304
80,false,MS,"2. NNI (Incremental)",37,false,Infinity,10.5050,0,0,0,0,34117872,1333695736
80,false,MS,"2. NNI (Incremental)",38,false,Infinity,9.6470,0,0,0,0,32008512,1367250168
80,false,MS,"2. NNI (Incremental)",39,false,Infinity,10.8371,0,0,0,0,35189544,1400804600
80,false,MS,"2. NNI (Incremental)",40,false,Infinity,9.5770,0,0,0,0,28855448,1434359032
80,false,MS,"2. NNI (Incremental)",41,false,Infinity,15.1726,0,0,0,0,51009328,1467913464
80,false,MS,"2. NNI (Incremental)",42,false,Infinity,8.7551,0,0,0,0,25662704,1501467896
80,false,MS,"2. NNI (Incremental)",43,false,Infinity,11.4426,0,0,0,0,35181160,1535022328
80,false,MS,"2. NNI (Incremental)",44,false,Infinity,9.0447,0,0,0,0,28828312,1568576760
80,false,MS,"2. NNI (Incremental)",45,false,Infinity,10.1752,0,0,0,0,32008000,1602131192
80,false,MS,"2. NNI (Incremental)",46,false,Infinity,11.3072,0,0,0,0,35182248,1635685624
80,false,MS,"2. NNI (Incremental)",47,false,Infinity,8.5346,0,0,0,0,25655216,1669240056
80,false,MS,"2. NNI (Incremental)",48,false,Infinity,7.6266,0,0,0,0,24617464,1702794488
80,false,MS,"2. NNI (Incremental)",49,false,Infinity,10.2972,0,0,0,0,34117232,1736348920
80,false,MS,"2. NNI (Incremental)",50,false,Infinity,6.0554,0,0,0,0,19305632,1736348920
80,false,MS,"2. NNI (Incremental)",51,false,Infinity,8.7554,0,0,0,0,27769376,1769903352
80,false,MS,"2. NNI (Incremental)",52,false,Infinity,10.1131,0,0,0,0,29887248,1803457784
80,false,MS,"2. NNI (Incremental)",53,false,Infinity,11.2819,0,0,0,0,36239840,1837012216
80,false,MS,"2. NNI (Incremental)",54,false,Infinity,8.2766,0,0,0,0,26745512,1870566648
80,false,MS,"2. NNI (Incremental)",55,false,Infinity,12.4856,0,0,0,0,40476928,1904121080
80,false,MS,"2. NNI (Incremental)",56,false,Infinity,10.3422,0,0,0,0,31993728,1937675512
80,false,MS,"2. NNI (Incremental)",57,false,Infinity,14.3112,0,0,0,0,42585008,1971229944
80,false,MS,"2. NNI (Incremental)",58,false,Infinity,7.9442,0,0,0,0,25664624,2004784376
80,false,MS,"2. NNI (Incremental)",59,false,Infinity,9.6696,0,0,0,0,30952328,2038338808
80,false,MS,"2. NNI (Incremental)",60,false,Infinity,11.1101,0,0,0,0,34137456,2071893240
80,false,MS,"2. NNI (Incremental)",61,false,Infinity,12.3675,0,0,0,0,37301016,2105447672
80,false,MS,"2. NNI (Incremental)",62,false,Infinity,7.8984,0,0,0,0,23550272,2139002104
80,false,MS,"2. NNI (Incremental)",63,false,Infinity,11.5749,0,0,0,0,36228832,2172556536
80,false,MS,"2. NNI (Incremental)",64,false,Infinity,13.0103,0,0,0,0,41511096,2206110968
80,false,MS,"2. NNI (Incremental)",65,false,Infinity,10.7495,0,0,0,0,33067128,2239665400
80,false,MS,"2. NNI (Incremental)",66,false,Infinity,8.4743,0,0,0,0,25657776,2273219832
80,false,MS,"2. NNI (Incremental)",67,false,Infinity,12.0558,0,0,0,0,36230880,2306774264
80,false,MS,"2. NNI (Incremental)",68,false,Infinity,12.0393,0,0,0,0,38358736,2340328696
80,false,MS,"2. NNI (Incremental)",69,false,Infinity,13.1208,0,0,0,0,38358288,2373883128
80,false,MS,"2. NNI (Incremental)",70,false,Infinity,11.7954,0,0,0,0,38346512,2407437560
80,false,MS,"2. NNI (Incremental)",71,false,Infinity,9.7154,0,0,0,0,29874768,2440991992
80,false,MS,"2. NNI (Incremental)",72,false,Infinity,11.5137,0,0,0,0,35171496,2474546424
80,false,MS,"2. NNI (Incremental)",73,false,Infinity,7.8217,0,0,0,0,25659824,2508100856
80,false,MS,"2. NNI (Incremental)",74,false,Infinity,8.1948,0,0,0,0,24604408,2541655288
80,false,MS,"2. NNI (Incremental)",75,false,Infinity,14.7564,0,0,0,0,45725976,2575209720
80,false,MS,"2. NNI (Incremental)",76,false,Infinity,10.0571,0,0,0,0,31979776,2608764152
80,false,MS,"2. NNI (Incremental)",77,false,Infinity,10.7437,0,0,0,0,35166440,2642318584
80,false,MS,"2. NNI (Incremental)",78,false,Infinity,9.6759,0,0,0,0,29894608,2675873016
80,false,MS,"2. NNI (Incremental)",79,false,Infinity,12.0870,0,0,0,0,37301848,2709427448
80,false,MS,"2. NNI (Incremental)",80,false,Infinity,10.9804,0,0,0,0,35167592,2742981880
80,false,MS,"2. NNI (Incremental)",81,false,Infinity,9.5236,0,0,0,0,29885136,2776536312
80,false,MS,"2. NNI (Incremental)",82,false,Infinity,9.8625,0,0,0,0,28836696,2810090744
80,false,MS,"2. NNI (Incremental)",83,false,Infinity,11.0005,0,0,0,0,37294680,2843645176
80,false,MS,"2. NNI (Incremental)",84,false,Infinity,13.5661,0,0,0,0,41523256,2877199608
80,false,MS,"2. NNI (Incremental)",85,false,Infinity,9.6068,0,0,0,0,29895504,2910754040
80,false,MS,"2. NNI (Incremental)",86,false,Infinity,11.2742,0,0,0,0,34125808,2944308472
80,false,MS,"2. NNI (Incremental)",87,false,Infinity,11.3759,0,0,0,0,35181608,2977862904
80,false,MS,"2. NNI (Incremental)",88,false,Infinity,10.8774,0,0,0,0,35182120,3011417336
80,false,MS,"2. NNI (Incremental)",89,false,Infinity,9.0167,0,0,0,0,28822232,3044971768
80,false,MS,"2. NNI (Incremental)",90,false,Infinity,13.7314,0,0,0,0,40475456,3078526200
80,false,MS,"2. NNI (Incremental)",91,false,Infinity,8.8048,0,0,0,0,28837272,3112080632
80,false,MS,"2. NNI (Incremental)",92,false,Infinity,10.5163,0,0,0,0,33056120,3145635064
80,false,MS,"2. NNI (Incremental)",93,false,Infinity,11.2758,0,0,0,0,35186600,3179189496
80,false,MS,"2. NNI (Incremental)",94,false,Infinity,8.6491,0,0,0,0,27775712,3212743928
80,false,MS,"2. NNI (Incremental)",95,false,Infinity,12.6123,0,0,0,0,38341840,3246298360
80,false,MS,"2. NNI (Incremental)",96,false,Infinity,8.7377,0,0,0,0,25666608,3279852792
80,false,MS,"2. NNI (Incremental)",97,false,Infinity,11.7721,0,0,0,0,38325392,3313407224
80,false,MS,"2. NNI (Incremental)",98,false,Infinity,8.9331,0,0,0,0,26720360,3346961656
80,false,MS,"2. NNI (Incremental)",99,false,Infinity,11.7342,0,0,0,0,38361168,3380516088
80,false,MS,"2. NNI (Incremental)",100,false,Infinity,11.1878,0,0,0,0,34109424,3414070520
80,false,MS,"3. VND NNI->ECR->SPR (Classic)",1,true,416.0000,305514.2913,740789547,5150733149,55265621217,244353288217,418051246168,44402995304
80,false,MS,"3. VND NNI->ECR->SPR (Classic)",2,true,474.0000,311717.8849,761754636,11275830469,91291300323,208384720478,399100183520,40224474720
80,false,MS,"3. VND NNI->ECR->SPR (Classic)",3,true,400.0000,282612.2329,1026039909,6026252889,45110462476,230445835253,388199446272,37736861568
80,false,MS,"3. VND NNI->ECR->SPR (Classic)",4,true,406.0000,325253.6866,647715994,6678540611,118223027194,199700369883,413995158288,42437162920
80,false,MS,"3. VND NNI->ECR->SPR (Classic)",5,true,384.0000,266119.2114,1105973753,10711068541,131373429858,122925242238,313452098400,43496851720
80,false,MS,"3. VND NNI->ECR->SPR (Classic)",6,true,447.0000,320255.0893,678466085,4804228181,79541926472,235226788445,422117364248,42694289672
80,false,MS,"3. VND NNI->ECR->SPR (Classic)",7,true,457.0000,304089.1803,785292717,8888594854,50883590198,243527701313,418864999232,40059459912
80,false,MS,"3. VND NNI->ECR->SPR (Classic)",8,true,393.0000,313378.1964,787689746,9198019148,122121414966,181267264960,378106311208,59231764744
80,false,MS,"3. VND NNI->ECR->SPR (Classic)",9,true,474.0000,284438.4615,811049830,11450022614,71435018120,200738411377,375815458456,70099998408
80,false,MS,"3. VND NNI->ECR->SPR (Classic)",10,true,408.0000,284565.6947,1071313012,7880189728,99159075428,176451516792,355838610008,60602091784
80,false,MS,"3. VND NNI->ECR->SPR (Classic)",11,false,Infinity,268305.5283,762452418,13922841593,56393482442,197223206921,350984244248,43385947400
80,false,MS,"3. VND NNI->ECR->SPR (Classic)",12,true,375.0000,307864.6573,844461714,9648689962,164717092949,132650842727,355130383496,61894391048
80,false,MS,"3. VND NNI->ECR->SPR (Classic)",13,true,431.0000,292921.2274,963034457,13992818447,71251701375,206709492546,386253229672,28345251080
80,false,MS,"3. VND NNI->ECR->SPR (Classic)",14,true,346.0000,294022.2477,867460394,8983279859,166162647507,118005838087,332016784712,39960710408
80,false,MS,"3. VND NNI->ECR->SPR (Classic)",15,true,385.0000,286964.6247,1060151681,6867529829,123303464425,155730322094,347157378784,31356903224
80,false,MS,"3. VND NNI->ECR->SPR (Classic)",16,true,418.0000,290569.6028,680759207,5631393575,54916979731,229336668919,396524929096,29203693320
80,false,MS,"3. VND NNI->ECR->SPR (Classic)",17,true,369.0000,324063.7113,1223615313,4012836665,149147725479,169676091031,390078280528,32072559880
80,false,MS,"3. VND NNI->ECR->SPR (Classic)",18,false,Infinity,286482.2550,742069302,11003129842,74384706814,200348868943,378683476616,35265009928
80,false,MS,"3. VND NNI->ECR->SPR (Classic)",19,true,439.0000,318619.8290,1000401364,8964591582,78483374095,230168090591,421778278608,34058851080
80,false,MS,"3. VND NNI->ECR->SPR (Classic)",20,true,400.0000,286125.9126,842934397,15776765007,108854642941,160648582037,346162020736,45327948552
80,false,MS,"3. VND NNI->ECR->SPR (Classic)",21,true,398.0000,322196.4382,878682839,5385107194,167044462073,148884728308,374854226216,53912419600
80,false,MS,"3. VND NNI->ECR->SPR (Classic)",22,true,422.0000,272306.0990,885520906,9375668972,71733836284,190307363390,360234604488,53911002376
80,false,MS,"3. VND NNI->ECR->SPR (Classic)",23,true,359.0000,276144.3308,833985552,14814596937,138522874929,121969564836,321132294656,35259280136
80,false,MS,"3. VND NNI->ECR->SPR (Classic)",24,true,464.0000,253895.1115,1147282950,12708020671,58156105654,181879464902,334504795488,39373747200
80,false,MS,"3. VND NNI->ECR->SPR (Classic)",25,true,470.0000,278731.7059,823977901,9688205841,56089037040,212126515756,379154864688,44703408608
80,false,MS,"3. VND NNI->ECR->SPR (Classic)",26,true,409.0000,306024.8859,1009083966,5210171207,118824381544,180977561133,380031846632,37953475848
80,false,MS,"3. VND NNI->ECR->SPR (Classic)",27,true,375.0000,268045.2759,961225665,16686455425,138312007934,112082183227,305562438496,45351788296
80,false,MS,"3. VND NNI->ECR->SPR (Classic)",28,true,441.0000,261065.5427,686037370,12892763195,58965577302,188517380601,342073891984,39260479056
80,false,MS,"3. VND NNI->ECR->SPR (Classic)",29,true,326.0000,248294.4998,1483875631,11536621747,164326514655,70944418152,264564071816,48231175432
80,false,MS,"3. VND NNI->ECR->SPR (Classic)",30,true,420.0000,339084.8863,1067909989,7218480901,115468843992,215325846836,423721460976,29361118984
80,false,MS,"3. VND NNI->ECR->SPR (Classic)",31,true,399.0000,267200.2583,1866946113,8714383042,132768930808,123846725340,309809102208,43270927624
80,false,MS,"3. VND NNI->ECR->SPR (Classic)",32,true,437.0000,288274.0273,1113627249,7918374807,66632195774,212605718171,387450034576,44392167600
80,false,MS,"3. VND NNI->ECR->SPR (Classic)",33,true,399.0000,248321.6567,661134540,13488856279,86535997192,147632113561,312899649984,37098820872
80,false,MS,"3. VND NNI->ECR->SPR (Classic)",34,true,377.0000,260572.4691,1211568221,13453689524,104357560709,141546326250,312629344936,49298412808
80,false,MS,"3. VND NNI->ECR->SPR (Classic)",35,true,438.0000,287640.0259,1287918946,12395866675,54112508209,219840089400,393572686688,65261976624
80,false,MS,"3. VND NNI->ECR->SPR (Classic)",36,true,411.0000,270535.0987,1033441623,7709849627,85085123297,176703013357,344540554368,36560705288
80,false,MS,"3. VND NNI->ECR->SPR (Classic)",37,true,436.0000,306689.4502,991026492,10732166652,67155562254,227806703994,404055852664,46055589128
80,false,MS,"3. VND NNI->ECR->SPR (Classic)",38,true,421.0000,301625.4495,920258505,4288745011,68512659230,227900021584,397581132352,36091943992
80,false,MS,"3. VND NNI->ECR->SPR (Classic)",39,true,402.0000,282208.5649,1126735895,10431961973,82725998549,187920293565,347124539736,49782798304
80,false,MS,"3. VND NNI->ECR->SPR (Classic)",40,true,420.0000,302333.4740,809069732,11247174115,99779630020,190493735199,376734497080,46054821512
80,false,MS,"3. VND NNI->ECR->SPR (Classic)",41,true,382.0000,265902.2344,1286352855,12670794958,99855949562,152086174590,324386918464,46805327976
80,false,MS,"3. VND NNI->ECR->SPR (Classic)",42,false,Infinity,286460.6989,789206016,12484601558,143478005846,129705792786,327999458544,31538181896
80,false,MS,"3. VND NNI->ECR->SPR (Classic)",43,true,408.0000,327178.3444,940134563,7348415326,72427376288,246459084078,435647793136,44506481352
80,false,MS,"3. VND NNI->ECR->SPR (Classic)",44,true,432.0000,335275.3937,789317640,7685505196,124121100436,202675899312,405814364776,47578866792
80,false,MS,"3. VND NNI->ECR->SPR (Classic)",45,true,359.0000,285768.2258,875908685,11422935575,134853029637,138613184054,329841980744,64555750408
80,false,MS,"3. VND NNI->ECR->SPR (Classic)",46,true,407.0000,287196.7952,1312217099,9038077717,89614439644,187228548317,359801767472,40937527976
80,false,MS,"3. VND NNI->ECR->SPR (Classic)",47,true,354.0000,234906.4422,869272918,12676277382,82691958204,138666123054,285504566008,37414330192
80,false,MS,"3. VND NNI->ECR->SPR (Classic)",48,true,385.0000,319124.8136,778250925,8534605547,148501211616,161307310289,373557852560,44105173256
80,false,MS,"3. VND NNI->ECR->SPR (Classic)",49,true,365.0000,260692.4474,1169346059,7581088643,96517754772,155421085468,323241928280,29065654536
80,false,MS,"3. VND NNI->ECR->SPR (Classic)",50,true,368.0000,314438.7791,687674339,9896223493,161616553048,142234970150,354779678504,27999204664
80,false,MS,"3. VND NNI->ECR->SPR (Classic)",51,true,397.0000,299585.9240,765341337,8945786118,99564324937,190306967785,369441843200,47222974728
80,false,MS,"3. VND NNI->ECR->SPR (Classic)",52,true,380.0000,293709.0491,880544305,10297922876,131312290161,151214921035,341635340224,66743591688
80,false,MS,"3. VND NNI->ECR->SPR (Classic)",53,true,429.0000,325966.6724,936223227,6215374037,121312320234,197499002934,397718027304,44776791000
80,false,MS,"3. VND NNI->ECR->SPR (Classic)",54,true,422.0000,313255.3389,889304397,8786517861,46862384468,256713543111,420075450104,52732560536
80,false,MS,"3. VND NNI->ECR->SPR (Classic)",55,true,394.0000,307434.0763,1122553551,6238481818,127703109732,172366425940,372475518536,40219309320
80,false,MS,"3. VND NNI->ECR->SPR (Classic)",56,true,395.0000,258785.2885,892475789,10135542153,72153297578,175600463235,328614523872,38138473736
80,false,MS,"3. VND NNI->ECR->SPR (Classic)",57,true,358.0000,341053.6697,1178897428,4344900873,186816178690,148710484653,376856777184,41525625608
80,false,MS,"3. VND NNI->ECR->SPR (Classic)",58,true,362.0000,297878.7254,983706551,15909220957,204236753026,76745629244,302133346720,40095435528
80,false,MS,"3. VND NNI->ECR->SPR (Classic)",59,true,355.0000,282107.0796,932139676,8320052095,106912365499,165939449631,347834267824,47214902152
80,false,MS,"3. VND NNI->ECR->SPR (Classic)",60,true,342.0000,346502.4213,968711343,8764508211,244695230857,92071031469,353036366344,58806837000
80,false,MS,"3. VND NNI->ECR->SPR (Classic)",61,true,411.0000,288951.8110,1047638822,14524370188,145326706796,128049430547,334216364184,54753050088
80,false,MS,"3. VND NNI->ECR->SPR (Classic)",62,true,394.0000,295483.6539,744992586,11456756350,107386829991,175891597807,360704332056,45949903176
80,false,MS,"3. VND NNI->ECR->SPR (Classic)",63,true,383.0000,293984.7062,1011988667,8182360588,186415015719,98372370088,312580726472,53788138968
80,false,MS,"3. VND NNI->ECR->SPR (Classic)",64,true,402.0000,291133.4239,1277030978,7216377459,107341355377,175295329353,363353009912,52351421784
80,false,MS,"3. VND NNI->ECR->SPR (Classic)",65,true,375.0000,255547.8751,712025974,11415552613,93774231519,149642843766,318010859360,57494839560
80,false,MS,"3. VND NNI->ECR->SPR (Classic)",66,true,415.0000,313992.9015,973468336,7712287072,85616767539,219686878752,401771120544,45784156768
80,false,MS,"3. VND NNI->ECR->SPR (Classic)",67,true,391.0000,289534.9931,1313716380,11102849650,150191569206,126923934833,323390232808,42540310280
80,false,MS,"3. VND NNI->ECR->SPR (Classic)",68,true,463.0000,312186.5617,1124301967,5980510977,67121575153,237956335767,413490398832,46958690120
80,false,MS,"3. VND NNI->ECR->SPR (Classic)",69,true,376.0000,293069.4314,1320174032,6803782467,154116644966,130825568142,328761515424,34342768336
80,false,MS,"3. VND NNI->ECR->SPR (Classic)",70,true,364.0000,308219.0560,1110527480,6466960358,149540271837,151098103445,350312149512,52340692168
80,false,MS,"3. VND NNI->ECR->SPR (Classic)",71,true,400.0000,289227.4049,930900609,9671187273,114378854117,164242958670,345696125184,44511805704
80,false,MS,"3. VND NNI->ECR->SPR (Classic)",72,true,418.0000,376173.8505,887629784,8664101028,219975474500,146643145316,408681832592,49304171784
80,false,MS,"3. VND NNI->ECR->SPR (Classic)",73,true,372.0000,282502.3251,918416980,11559075978,138109913817,131911481298,328636459216,43445397768
80,false,MS,"3. VND NNI->ECR->SPR (Classic)",74,true,423.0000,288610.4741,723439999,14803983309,113566176572,159513422658,349706283304,50270760712
80,false,MS,"3. VND NNI->ECR->SPR (Classic)",75,false,Infinity,255412.5908,1272542852,12845591757,108769002921,132522218858,300373203544,54047639816
80,false,MS,"3. VND NNI->ECR->SPR (Classic)",76,true,401.0000,274118.7149,1081537954,9426971737,84199337395,179407472091,351673513632,57274386696
80,false,MS,"3. VND NNI->ECR->SPR (Classic)",77,true,408.0000,300834.7997,1202694983,8453438348,88151372266,203023635511,388256360520,30322146568
80,false,MS,"3. VND NNI->ECR->SPR (Classic)",78,true,415.0000,301531.3934,944417578,10545162766,110914330331,179123863917,369168010184,50027877752
80,false,MS,"3. VND NNI->ECR->SPR (Classic)",79,true,450.0000,313107.7730,908104995,9664818108,56554869849,245975516466,415728872528,42720370952
80,false,MS,"3. VND NNI->ECR->SPR (Classic)",80,false,Infinity,269132.8521,974046223,20085904331,86878771560,161190654035,331787084216,51245809928
80,false,MS,"3. VND NNI->ECR->SPR (Classic)",81,true,402.0000,329987.0440,819223332,6617638596,46843818670,275702836393,445607586872,52891943696
80,false,MS,"3. VND NNI->ECR->SPR (Classic)",82,true,378.0000,327578.5513,894445385,10141350971,118376491158,198162861577,401202831400,58382288136
80,false,MS,"3. VND NNI->ECR->SPR (Classic)",83,true,382.0000,322854.0212,1031542719,6726382316,150858908095,164233699262,368971977872,39889535240
80,false,MS,"3. VND NNI->ECR->SPR (Classic)",84,true,381.0000,259150.0448,946323610,8369336197,68832128495,180999172378,334133504376,45716344168
80,false,MS,"3. VND NNI->ECR->SPR (Classic)",85,true,385.0000,299419.9143,688156204,11556011380,156697651259,130474991073,333001678080,48225740936
80,false,MS,"3. VND NNI->ECR->SPR (Classic)",86,true,416.0000,301292.3910,1164327780,11122884357,170166486788,118835152262,334370127376,25765722376
80,false,MS,"3. VND NNI->ECR->SPR (Classic)",87,true,432.0000,284229.9897,1167337052,9014120102,41588781893,232455589759,387882533800,33876771496
80,false,MS,"3. VND NNI->ECR->SPR (Classic)",88,true,447.0000,325060.3056,1060089725,4399757078,61899218011,257697170257,437993068736,51855201088
80,false,MS,"3. VND NNI->ECR->SPR (Classic)",89,true,348.0000,278082.3143,1141484598,9397016867,113180019642,154360836527,331669280784,47458415368
80,false,MS,"3. VND NNI->ECR->SPR (Classic)",90,true,359.0000,266148.1243,1379255823,10851192347,146023336742,107891279175,298252117296,34246812936
80,false,MS,"3. VND NNI->ECR->SPR (Classic)",91,true,366.0000,242115.5667,1015206272,13026224590,69428650074,158641909191,305346682576,33378755336
80,false,MS,"3. VND NNI->ECR->SPR (Classic)",92,true,352.0000,307991.6794,814904272,4751055796,160270346825,142152268225,341735606048,52065291664
80,false,MS,"3. VND NNI->ECR->SPR (Classic)",93,true,422.0000,302505.3829,1066580557,7990759078,80765887999,212678585107,388008412656,48444014856
80,false,MS,"3. VND NNI->ECR->SPR (Classic)",94,true,388.0000,284089.4639,844295584,8199968233,105777389654,169264379162,348491033432,37617488776
80,false,MS,"3. VND NNI->ECR->SPR (Classic)",95,true,373.0000,286949.1697,1088583520,6808013959,115478735109,163570668690,354634365712,43688887688
80,false,MS,"3. VND NNI->ECR->SPR (Classic)",96,true,369.0000,262985.4427,745360146,9533399724,77255966743,175447007463,337682807440,32134575560
80,false,MS,"3. VND NNI->ECR->SPR (Classic)",97,true,408.0000,296792.0879,860805169,7956366039,70928206463,217043238706,395845007160,39736639752
80,false,MS,"3. VND NNI->ECR->SPR (Classic)",98,true,358.0000,310433.6970,785435378,7867516124,178544107797,123233687950,344883346288,51401016584
80,false,MS,"3. VND NNI->ECR->SPR (Classic)",99,true,422.0000,269024.6057,1097855256,12092539930,74568577261,181261743519,343204708200,41850231048
80,false,MS,"3. VND NNI->ECR->SPR (Classic)",100,true,418.0000,293212.3123,938509900,5112302125,73131560319,214026555873,377060405288,44467259144
80,false,MS,"4. VND NNI->SPR (Classic)",1,false,Infinity,358733.6371,714731422,0,0,358015042204,518057324400,57639661992
80,false,MS,"4. VND NNI->SPR (Classic)",2,false,Infinity,396516.7397,693282992,0,0,395819181482,580366747304,58421245344
80,false,MS,"4. VND NNI->SPR (Classic)",3,true,482.0000,338811.6637,973847886,0,0,337833938041,501143577712,58572886208
80,false,MS,"4. VND NNI->SPR (Classic)",4,true,501.0000,358815.0916,645945878,0,0,358164843583,532947952512,68712545824
80,false,MS,"4. VND NNI->SPR (Classic)",5,true,473.0000,336719.1470,1017330547,0,0,335697869352,500738814336,69851914784
80,false,MS,"4. VND NNI->SPR (Classic)",6,true,498.0000,347547.6513,622485155,0,0,346921507838,518163405680,68604746704
80,false,MS,"4. VND NNI->SPR (Classic)",7,true,491.0000,347108.2425,735347535,0,0,346368813991,509222319760,54132870208
80,false,MS,"4. VND NNI->SPR (Classic)",8,false,Infinity,352771.3230,692036031,0,0,352074712598,525589552408,64577946376
80,false,MS,"4. VND NNI->SPR (Classic)",9,true,532.0000,352533.7661,763083995,0,0,351766219617,516767144344,48062378752
80,false,MS,"4. VND NNI->SPR (Classic)",10,true,463.0000,346765.6302,967567812,0,0,345794358417,516801240136,66959514016
80,false,MS,"4. VND NNI->SPR (Classic)",11,true,476.0000,357512.0151,905531527,0,0,356602546014,522715162104,52560866544
80,false,MS,"4. VND NNI->SPR (Classic)",12,false,Infinity,348716.9795,601048024,0,0,348111553653,516042199536,51407066040
80,false,MS,"4. VND NNI->SPR (Classic)",13,true,506.0000,355578.0146,849647307,0,0,354723836311,527576571112,55217160608
80,false,MS,"4. VND NNI->SPR (Classic)",14,true,492.0000,357214.7271,622243202,0,0,356588340467,523469693040,73579698240
80,false,MS,"4. VND NNI->SPR (Classic)",15,true,457.0000,320170.2108,864326527,0,0,319302491683,462548210520,59391788168
80,false,MS,"4. VND NNI->SPR (Classic)",16,true,482.0000,347214.3831,579706423,0,0,346630449916,507805646136,48910719168
80,false,MS,"4. VND NNI->SPR (Classic)",17,true,481.0000,358824.1869,977630629,0,0,357842410507,527262644944,60033103416
80,false,MS,"4. VND NNI->SPR (Classic)",18,true,525.0000,357325.0429,642192846,0,0,356678639117,524791536672,60872660128
80,false,MS,"4. VND NNI->SPR (Classic)",19,true,534.0000,380682.3994,843619479,0,0,379835222137,558257152528,50563803848
80,false,MS,"4. VND NNI->SPR (Classic)",20,true,504.0000,364631.9463,740892963,0,0,363887426712,541571573496,70664668424
80,false,MS,"4. VND NNI->SPR (Classic)",21,true,482.0000,352832.0053,704580571,0,0,352123675725,513026989840,71586864328
80,false,MS,"4. VND NNI->SPR (Classic)",22,false,Infinity,350834.3336,844535057,0,0,349985670620,510979068752,52564696624
80,false,MS,"4. VND NNI->SPR (Classic)",23,true,515.0000,371571.5902,659855970,0,0,370907576502,546725690120,59601183872
80,false,MS,"4. VND NNI->SPR (Classic)",24,true,504.0000,325638.0386,1097858895,0,0,324535872681,485879256072,70837139872
80,false,MS,"4. VND NNI->SPR (Classic)",25,true,517.0000,338408.5291,754972751,0,0,337649373633,504825777800,69775763040
80,false,MS,"4. VND NNI->SPR (Classic)",26,true,468.0000,319946.3845,805843018,0,0,319136716681,479968277976,70441118528
80,false,MS,"4. VND NNI->SPR (Classic)",27,false,Infinity,379785.2723,884815911,0,0,378896443046,569222128920,69050205600
80,false,MS,"4. VND NNI->SPR (Classic)",28,true,482.0000,336682.5812,631448890,0,0,336047451462,501237681992,72334673824
80,false,MS,"4. VND NNI->SPR (Classic)",29,true,510.0000,320074.1025,1326003607,0,0,318744150177,476724240408,69998456368
80,false,MS,"4. VND NNI->SPR (Classic)",30,true,503.0000,354001.5272,838754411,0,0,353158727134,507654460192,62283066272
80,false,MS,"4. VND NNI->SPR (Classic)",31,true,493.0000,317836.1330,1719032266,0,0,316113305837,462417335680,57056152992
80,false,MS,"4. VND NNI->SPR (Classic)",32,true,485.0000,324857.8276,1077412634,0,0,323776561923,475234425872,57329999432
80,false,MS,"4. VND NNI->SPR (Classic)",33,true,476.0000,345498.6202,621032170,0,0,344873671301,509179579792,43134898112
80,false,MS,"4. VND NNI->SPR (Classic)",34,true,509.0000,340274.6744,1136668519,0,0,339133764266,500912343336,41304631296
80,false,MS,"4. VND NNI->SPR (Classic)",35,true,491.0000,340445.9232,1116810926,0,0,339324781378,500517321984,41936419416
80,false,MS,"4. VND NNI->SPR (Classic)",36,false,Infinity,354368.4924,819105774,0,0,353545068380,519832202312,45487738696
80,false,MS,"4. VND NNI->SPR (Classic)",37,true,505.0000,338856.1283,723701695,0,0,338127763248,508937417472,68101237616
80,false,MS,"4. VND NNI->SPR (Classic)",38,true,464.0000,332265.0962,965338804,0,0,331296045702,494358584144,71251584192
80,false,MS,"4. VND NNI->SPR (Classic)",39,true,486.0000,353031.8472,929393666,0,0,352098572441,515500557224,50944194568
80,false,MS,"4. VND NNI->SPR (Classic)",40,true,499.0000,364167.4394,667813462,0,0,363495383000,539570755456,45732678048
80,false,MS,"4. VND NNI->SPR (Classic)",41,true,460.0000,340340.2191,1211456790,0,0,339124879469,500530506240,40975640408
80,false,MS,"4. VND NNI->SPR (Classic)",42,false,Infinity,390096.0384,706993820,0,0,389385090905,571976659536,43730993120
80,false,MS,"4. VND NNI->SPR (Classic)",43,true,481.0000,339492.1659,940200140,0,0,338547812585,509214082304,61534203960
80,false,MS,"4. VND NNI->SPR (Classic)",44,false,Infinity,378700.6069,721423871,0,0,377975491068,555171626136,43570608200
80,false,MS,"4. VND NNI->SPR (Classic)",45,true,520.0000,350574.3041,677675307,0,0,349892255822,517185170776,51710623392
80,false,MS,"4. VND NNI->SPR (Classic)",46,true,493.0000,329160.1650,1122119431,0,0,328033940100,487319196632,44641618944
80,false,MS,"4. VND NNI->SPR (Classic)",47,true,446.0000,324598.6057,682110895,0,0,323912925635,485687970168,64980209344
80,false,MS,"4. VND NNI->SPR (Classic)",48,false,Infinity,354258.9978,668531472,0,0,353586555005,525496573768,65373712288
80,false,MS,"4. VND NNI->SPR (Classic)",49,true,488.0000,367685.5259,988433111,0,0,366693294189,540499917792,60915718560
80,false,MS,"4. VND NNI->SPR (Classic)",50,true,499.0000,357694.6211,473698305,0,0,357216647862,524827183944,52963318176
80,false,MS,"4. VND NNI->SPR (Classic)",51,false,Infinity,338698.9808,682698387,0,0,338012545893,500390774264,48961608896
80,false,MS,"4. VND NNI->SPR (Classic)",52,true,488.0000,348373.0266,727462382,0,0,347641513794,516735608056,66401227568
80,false,MS,"4. VND NNI->SPR (Classic)",53,true,500.0000,342330.7618,873851530,0,0,341453192560,484704160152,60130169696
80,false,MS,"4. VND NNI->SPR (Classic)",54,true,492.0000,363075.2144,674099125,0,0,362397121530,532995361568,53777896536
80,false,MS,"4. VND NNI->SPR (Classic)",55,true,474.0000,328866.0774,943990498,0,0,327918128029,486458402072,59962265184
80,false,MS,"4. VND NNI->SPR (Classic)",56,true,473.0000,322431.8810,769343625,0,0,321658648542,470860755720,39505965960
80,false,MS,"4. VND NNI->SPR (Classic)",57,true,472.0000,332419.4749,1003741675,0,0,331412205079,493076652032,60280127904
80,false,MS,"4. VND NNI->SPR (Classic)",58,false,Infinity,366076.5648,678103708,0,0,365394184296,540834746288,59356048528
80,false,MS,"4. VND NNI->SPR (Classic)",59,false,Infinity,341262.1901,815194024,0,0,340443413896,510242868664,71924909056
80,false,MS,"4. VND NNI->SPR (Classic)",60,true,554.0000,355013.3886,803845443,0,0,354205668939,516776353952,58561622400
80,false,MS,"4. VND NNI->SPR (Classic)",61,true,486.0000,361669.2508,773479549,0,0,360891875749,524034065472,46791272080
80,false,MS,"4. VND NNI->SPR (Classic)",62,true,475.0000,347043.3435,585729037,0,0,346453487665,512207606272,52497092752
80,false,MS,"4. VND NNI->SPR (Classic)",63,true,521.0000,346470.3285,972479759,0,0,345493423070,517292017456,57817785408
80,false,MS,"4. VND NNI->SPR (Classic)",64,false,Infinity,367615.6272,1038441238,0,0,366572868727,541081018824,45206250832
80,false,MS,"4. VND NNI->SPR (Classic)",65,true,493.0000,353149.0427,660567215,0,0,352484747217,527765628568,67153098144
80,false,MS,"4. VND NNI->SPR (Classic)",66,true,461.0000,337607.7253,871986628,0,0,336731698143,503233797312,60544964544
80,false,MS,"4. VND NNI->SPR (Classic)",67,true,475.0000,337618.3091,1256599859,0,0,336358092739,493653739200,45573595552
80,false,MS,"4. VND NNI->SPR (Classic)",68,false,Infinity,353582.6640,1022571166,0,0,352556204236,530910137312,66142596000
80,false,MS,"4. VND NNI->SPR (Classic)",69,true,482.0000,343049.7450,1034441812,0,0,342011272298,509632683344,65396554464
80,false,MS,"4. VND NNI->SPR (Classic)",70,false,Infinity,345983.3229,959476240,0,0,345020337100,507252715056,39603203504
80,false,MS,"4. VND NNI->SPR (Classic)",71,true,495.0000,345229.2936,728967720,0,0,344495276106,510750277920,45752718160
80,false,MS,"4. VND NNI->SPR (Classic)",72,true,497.0000,351846.3534,879822401,0,0,350962578841,523039896848,69426883808
80,false,MS,"4. VND NNI->SPR (Classic)",73,false,Infinity,369468.0626,670468291,0,0,368793690467,549077325752,69862239320
80,false,MS,"4. VND NNI->SPR (Classic)",74,false,Infinity,352378.8391,678285105,0,0,351697123797,516107943336,40537783200
80,false,MS,"4. VND NNI->SPR (Classic)",75,true,470.0000,338578.5654,1049098602,0,0,337525708950,510432594800,57489302432
80,false,MS,"4. VND NNI->SPR (Classic)",76,false,Infinity,354414.1998,915507882,0,0,353494677111,522711727096,43450178632
80,false,MS,"4. VND NNI->SPR (Classic)",77,false,Infinity,327649.6308,884332522,0,0,326761158635,484196170240,63195581016
80,false,MS,"4. VND NNI->SPR (Classic)",78,false,Infinity,375255.4670,746262104,0,0,374505315138,558156492336,64493129120
80,false,MS,"4. VND NNI->SPR (Classic)",79,false,Infinity,345467.9360,892687549,0,0,344570502676,500644811568,48763159968
80,false,MS,"4. VND NNI->SPR (Classic)",80,true,524.0000,378619.3493,726591205,0,0,377888296129,563416122688,46800418208
80,false,MS,"4. VND NNI->SPR (Classic)",81,true,479.0000,341300.4046,696973983,0,0,340599406297,509303784112,44128775872
80,false,MS,"4. VND NNI->SPR (Classic)",82,true,480.0000,367245.7731,729075952,0,0,366512949052,542866017576,44109642656
80,false,MS,"4. VND NNI->SPR (Classic)",83,true,470.0000,341233.1837,910083482,0,0,340319471589,508846403592,64754005600
80,false,MS,"4. VND NNI->SPR (Classic)",84,true,448.0000,330068.0885,1029476763,0,0,329034827742,492765184960,49807390280
80,false,MS,"4. VND NNI->SPR (Classic)",85,true,476.0000,351234.5333,632514591,0,0,350598508701,516978580400,41163524000
80,false,MS,"4. VND NNI->SPR (Classic)",86,true,528.0000,332849.3189,829132800,0,0,332015733428,486513678496,44221374864
80,false,MS,"4. VND NNI->SPR (Classic)",87,true,467.0000,332776.9835,884294094,0,0,331889460846,496126172688,65243889744
80,false,MS,"4. VND NNI->SPR (Classic)",88,true,502.0000,353054.4802,853955670,0,0,352195997699,522169424584,41124965192
80,false,MS,"4. VND NNI->SPR (Classic)",89,true,475.0000,353735.2396,782529689,0,0,352948691562,524571030432,52971764864
80,false,MS,"4. VND NNI->SPR (Classic)",90,true,505.0000,338098.9948,1236564766,0,0,336858272121,500779567280,56122925464
80,false,MS,"4. VND NNI->SPR (Classic)",91,false,Infinity,332133.8510,757412997,0,0,331372612332,495474740648,67218955520
80,false,MS,"4. VND NNI->SPR (Classic)",92,false,Infinity,344924.8379,758253724,0,0,344163111690,508015301984,51174487664
80,false,MS,"4. VND NNI->SPR (Classic)",93,false,Infinity,351429.7680,799243307,0,0,350626694970,515141041544,39811490776
80,false,MS,"4. VND NNI->SPR (Classic)",94,true,499.0000,367641.3587,620046785,0,0,367017062906,545379055240,48490495080
80,false,MS,"4. VND NNI->SPR (Classic)",95,true,466.0000,324189.9823,731827531,0,0,323454483880,485824707992,71121253152
80,false,MS,"4. VND NNI->SPR (Classic)",96,true,500.0000,350060.9175,629621535,0,0,349427350625,525085438416,68719171776
80,false,MS,"4. VND NNI->SPR (Classic)",97,true,469.0000,358725.2186,796211613,0,0,357925093887,525521682280,45238196640
80,false,MS,"4. VND NNI->SPR (Classic)",98,true,477.0000,355739.2181,730848631,0,0,355004661365,526096969240,64662729232
80,false,MS,"4. VND NNI->SPR (Classic)",99,false,Infinity,321452.6385,1073933333,0,0,320374824514,478045677696,50595093264
80,false,MS,"4. VND NNI->SPR (Classic)",100,false,Infinity,375724.9140,874474166,0,0,374847026216,557873713488,57487396768
80,false,MS,"5. VND NNI->ECR->SPR (Inc)",1,true,449.0000,8312.1686,14764789,175425540,2175540704,5946153523,18570328864,10392154312
80,false,MS,"5. VND NNI->ECR->SPR (Inc)",2,true,441.0000,11513.6425,14649839,205513178,7210062217,4083203690,27169274024,10358599880
80,false,MS,"5. VND NNI->ECR->SPR (Inc)",3,true,413.0000,7465.0621,20031644,249437280,2099518311,5095853388,16725037936,10300082984
80,false,MS,"5. VND NNI->ECR->SPR (Inc)",4,true,389.0000,10074.1807,18889200,211690558,6136911623,3706467321,24375003936,10299496472
80,false,MS,"5. VND NNI->ECR->SPR (Inc)",5,true,422.0000,8511.3896,21683115,336039995,3925598950,4227869214,19866181096,10299883184
80,false,MS,"5. VND NNI->ECR->SPR (Inc)",6,true,412.0000,9314.0021,12876628,122586345,4886607139,4291734678,22149871488,10299921304
80,false,MS,"5. VND NNI->ECR->SPR (Inc)",7,true,458.0000,8997.0414,15068696,180523676,2281620238,6519637780,20011295016,10299345384
80,false,MS,"5. VND NNI->ECR->SPR (Inc)",8,true,419.0000,8700.7962,15636537,245636271,3751085544,4688232116,19681194072,10299439784
80,false,MS,"5. VND NNI->ECR->SPR (Inc)",9,true,433.0000,9887.2361,17865635,383608786,5764061124,3721477257,23566857920,10299995408
80,false,MS,"5. VND NNI->ECR->SPR (Inc)",10,true,408.0000,9405.7523,18600914,229187049,4452805419,4704954437,21842802288,10299510752
80,false,MS,"5. VND NNI->ECR->SPR (Inc)",11,true,347.0000,7408.9210,15849071,348902194,3838532152,3205414308,17639240856,10299402784
80,false,MS,"5. VND NNI->ECR->SPR (Inc)",12,true,427.0000,9604.2898,14331276,251924161,4965554657,4372263120,22479496120,10299826528
80,false,MS,"5. VND NNI->ECR->SPR (Inc)",13,true,416.0000,8808.2135,18054035,265771143,3881914484,4642283404,20175056480,10299548088
80,false,MS,"5. VND NNI->ECR->SPR (Inc)",14,true,399.0000,9908.7754,15113032,139704560,5554833481,4198919206,23909786640,10299750096
80,false,MS,"5. VND NNI->ECR->SPR (Inc)",15,false,Infinity,7891.0673,19085414,199564454,3771259027,3900953911,17878433848,10299393224
80,false,MS,"5. VND NNI->ECR->SPR (Inc)",16,true,385.0000,8403.4720,14117939,327296544,4023589578,4038264616,19640149464,10299467536
80,false,MS,"5. VND NNI->ECR->SPR (Inc)",17,true,402.0000,7567.1089,15802884,320382896,3057441120,4173299493,17275955400,10300802576
80,false,MS,"5. VND NNI->ECR->SPR (Inc)",18,true,412.0000,8353.3740,11951648,206742635,3187870108,4946618155,19254905072,10301467048
80,false,MS,"5. VND NNI->ECR->SPR (Inc)",19,true,435.0000,8671.8066,17893929,313587063,4463908699,3876219533,20190451576,10301490744
80,false,MS,"5. VND NNI->ECR->SPR (Inc)",20,true,410.0000,10232.0572,14672523,203419747,6374762428,3639024125,25187676792,10301518088
80,false,MS,"5. VND NNI->ECR->SPR (Inc)",21,true,450.0000,6791.4144,13626694,351666390,1578958097,4846978338,15332386704,10300931200
80,false,MS,"5. VND NNI->ECR->SPR (Inc)",22,true,414.0000,7489.2829,22748532,192344414,2923649878,4350360834,17356724296,10300783448
80,false,MS,"5. VND NNI->ECR->SPR (Inc)",23,true,344.0000,11265.5842,21946205,408418819,9225495075,1609477256,27385809456,10302108328
80,false,MS,"5. VND NNI->ECR->SPR (Inc)",24,true,436.0000,8081.3520,21786712,286650849,3540426159,4232298512,18559473232,10302465816
80,false,MS,"5. VND NNI->ECR->SPR (Inc)",25,true,396.0000,8578.7266,15701750,331346677,4283034838,3948452609,20098714368,10301426728
80,false,MS,"5. VND NNI->ECR->SPR (Inc)",26,true,413.0000,8238.5421,24399241,118937204,3926790924,4168223170,19375341312,10301501448
80,false,MS,"5. VND NNI->ECR->SPR (Inc)",27,true,338.0000,10087.5431,21465513,233428836,7841880127,1990568463,24481836120,10301655296
80,false,MS,"5. VND NNI->ECR->SPR (Inc)",28,true,440.0000,7876.1768,16165081,210546360,2614664135,5034611612,17773230144,10301098240
80,false,MS,"5. VND NNI->ECR->SPR (Inc)",29,true,376.0000,8817.0287,22113193,342016257,5233637414,3219053500,21247078088,10301559312
80,false,MS,"5. VND NNI->ECR->SPR (Inc)",30,true,431.0000,8336.0714,20531545,207814704,3065034190,5042486329,18553698328,10300660696
80,false,MS,"5. VND NNI->ECR->SPR (Inc)",31,true,435.0000,8528.2445,22762607,387175597,3870957005,4247124869,19986500856,10300688336
80,false,MS,"5. VND NNI->ECR->SPR (Inc)",32,true,412.0000,6538.9958,17152179,302677736,2004475650,4214512177,14960228568,10300655048
80,false,MS,"5. VND NNI->ECR->SPR (Inc)",33,true,400.0000,9160.5853,19454688,392232094,5748121434,3000555469,22268395592,10301072504
80,false,MS,"5. VND NNI->ECR->SPR (Inc)",34,true,434.0000,10023.4389,25408540,347364748,6308396940,3342070464,23263052336,10300882072
80,false,MS,"5. VND NNI->ECR->SPR (Inc)",35,true,436.0000,8736.8009,19017286,273273828,3325483289,5118844390,20349289024,10300611064
80,false,MS,"5. VND NNI->ECR->SPR (Inc)",36,true,368.0000,10597.6374,19959898,434811251,7912478324,2230149317,25130023960,10301026112
80,false,MS,"5. VND NNI->ECR->SPR (Inc)",37,true,423.0000,9013.3525,16089608,187278720,3488072768,5321736212,21377713160,10301273784
80,false,MS,"5. VND NNI->ECR->SPR (Inc)",38,true,392.0000,8565.9379,14820464,165692498,4193744844,4191503383,20399849680,10301124448
80,false,MS,"5. VND NNI->ECR->SPR (Inc)",39,true,381.0000,8202.6849,16622211,224082400,4278931235,3682859376,19171615512,10301078512
80,false,MS,"5. VND NNI->ECR->SPR (Inc)",40,true,384.0000,9539.1660,16752409,226024494,4579190172,4716992733,22504875152,10301455520
80,false,MS,"5. VND NNI->ECR->SPR (Inc)",41,true,425.0000,7961.6945,23684101,292696585,3580973569,4064157637,18641109680,10301000648
80,false,MS,"5. VND NNI->ECR->SPR (Inc)",42,true,392.0000,7417.2979,14510325,374274492,4013576255,3014740055,17675835272,10301426832
80,false,MS,"5. VND NNI->ECR->SPR (Inc)",43,true,410.0000,7898.7671,17405571,336083233,3089017871,4456073539,18213071384,10300727384
80,false,MS,"5. VND NNI->ECR->SPR (Inc)",44,true,415.0000,8286.2014,14425924,371365993,3939489945,3960727172,18904208688,10300624592
80,false,MS,"5. VND NNI->ECR->SPR (Inc)",45,true,428.0000,8610.8190,15608844,278457687,3377241689,4939327129,19946206760,10300886376
80,false,MS,"5. VND NNI->ECR->SPR (Inc)",46,true,420.0000,8119.1471,18472301,442954573,4216280442,3441230978,19267840232,10300867160
80,false,MS,"5. VND NNI->ECR->SPR (Inc)",47,true,400.0000,6896.5324,12989541,219724394,1682440581,4981186805,15411462840,10300641656
80,false,MS,"5. VND NNI->ECR->SPR (Inc)",48,true,347.0000,8960.2322,13523328,282657133,6182709929,2481139869,21474878976,10301856880
80,false,MS,"5. VND NNI->ECR->SPR (Inc)",49,true,395.0000,7573.7562,18085392,367976426,3124460300,4063020304,17978861888,10300710072
80,false,MS,"5. VND NNI->ECR->SPR (Inc)",50,true,440.0000,9752.5633,9916558,162340525,4595897376,4984230633,23046111296,10302075528
80,false,MS,"5. VND NNI->ECR->SPR (Inc)",51,true,420.0000,8463.0016,14459749,159681209,2725440208,5563225345,19343950968,10300680696
80,false,MS,"5. VND NNI->ECR->SPR (Inc)",52,true,427.0000,7982.8197,16359190,377332660,3532933300,4055997038,18627995984,10300699200
80,false,MS,"5. VND NNI->ECR->SPR (Inc)",53,true,452.0000,8640.7005,16690610,168231599,3510799238,4944794246,19832871088,10300702384
80,false,MS,"5. VND NNI->ECR->SPR (Inc)",54,true,374.0000,8184.7634,16789640,344539304,4521125971,3302082217,19630194128,10300818200
80,false,MS,"5. VND NNI->ECR->SPR (Inc)",55,true,389.0000,7940.0411,22037200,203360303,3004318406,4710109353,17755979256,10300989792
80,false,MS,"5. VND NNI->ECR->SPR (Inc)",56,true,402.0000,8504.1021,18660578,274861157,4247663272,3962717086,19625885256,10301387144
80,false,MS,"5. VND NNI->ECR->SPR (Inc)",57,true,383.0000,8440.5975,20731937,234417727,4487730161,3697534585,19792496456,10301459480
80,false,MS,"5. VND NNI->ECR->SPR (Inc)",58,true,419.0000,8773.6202,13648116,287967261,4280315817,4191485367,21108088568,10301583616
80,false,MS,"5. VND NNI->ECR->SPR (Inc)",59,true,406.0000,7103.7043,15198303,202696931,1855687067,5029938847,15738517512,10300730088
80,false,MS,"5. VND NNI->ECR->SPR (Inc)",60,true,458.0000,10729.5601,18762290,279477397,6030259160,4400857043,25321599848,10302016160
80,false,MS,"5. VND NNI->ECR->SPR (Inc)",61,true,392.0000,7958.4324,20331655,407942590,4539988360,2989955362,19009761200,10301594480
80,false,MS,"5. VND NNI->ECR->SPR (Inc)",62,true,387.0000,7566.9358,11615460,257104850,3104121654,4193903757,17568726864,10300689592
80,false,MS,"5. VND NNI->ECR->SPR (Inc)",63,true,436.0000,10657.8054,17413335,192759603,6252046647,4195398370,25221745624,10302047024
80,false,MS,"5. VND NNI->ECR->SPR (Inc)",64,true,442.0000,10041.3104,25262922,189793132,5675122782,4150913421,23817210024,10301538616
80,false,MS,"5. VND NNI->ECR->SPR (Inc)",65,true,378.0000,7639.6886,17925349,255350604,3168190503,4198043760,17415123784,10300944216
80,false,MS,"5. VND NNI->ECR->SPR (Inc)",66,true,364.0000,9972.5222,17385945,148108849,5787296155,4019538785,23937079824,10301457512
80,false,MS,"5. VND NNI->ECR->SPR (Inc)",67,true,372.0000,9847.8272,17858281,297684942,7550172711,1981917751,24416751952,10302204808
80,false,MS,"5. VND NNI->ECR->SPR (Inc)",68,false,Infinity,9016.1553,21746055,219722419,4661842243,4112612925,21100905312,10300915488
80,false,MS,"5. VND NNI->ECR->SPR (Inc)",69,true,353.0000,11225.5854,21331867,286173861,8710614660,2207244298,27679822576,10301622016
80,false,MS,"5. VND NNI->ECR->SPR (Inc)",70,true,422.0000,8182.4230,17972146,199259205,3013312730,4951665994,18505939984,10300803408
80,false,MS,"5. VND NNI->ECR->SPR (Inc)",71,true,398.0000,8176.8273,18821034,331590451,4498382489,3327809453,18835217456,10301072888
80,false,MS,"5. VND NNI->ECR->SPR (Inc)",72,true,405.0000,9051.7732,21049379,264940881,4592670007,4172920693,21324696656,10301296840
80,false,MS,"5. VND NNI->ECR->SPR (Inc)",73,true,363.0000,10015.9510,11975633,146064713,6468915729,3388816942,23779788584,10302703664
80,false,MS,"5. VND NNI->ECR->SPR (Inc)",74,true,383.0000,11762.3850,12228917,212569075,8956906268,2580500725,29873908984,10303425392
80,false,MS,"5. VND NNI->ECR->SPR (Inc)",75,true,374.0000,8194.5612,22735315,343911170,4539003047,3288712401,19453096240,10303735896
80,false,MS,"5. VND NNI->ECR->SPR (Inc)",76,true,358.0000,9679.5084,19191628,264710114,6246731440,3148685080,23445612960,10303957264
80,false,MS,"5. VND NNI->ECR->SPR (Inc)",77,true,419.0000,7894.7225,19012877,285776095,3151164113,4438582546,18364826968,10303772496
80,false,MS,"5. VND NNI->ECR->SPR (Inc)",78,true,414.0000,9165.0761,16273256,290838270,5304649048,3553114489,21693486632,10303955080
80,false,MS,"5. VND NNI->ECR->SPR (Inc)",79,true,386.0000,9233.7435,17690733,207614072,5253518943,3754720426,22207332144,10305214472
80,false,MS,"5. VND NNI->ECR->SPR (Inc)",80,true,400.0000,9973.1792,18807727,166214113,5717095754,4070869170,24128993848,10305374216
80,false,MS,"5. VND NNI->ECR->SPR (Inc)",81,true,350.0000,7971.9007,17736510,310320654,4902081238,2741562358,19272496728,10306456552
80,false,MS,"5. VND NNI->ECR->SPR (Inc)",82,true,418.0000,7936.4850,13983694,428376871,2879183124,4614755677,18475832344,10304571656
80,false,MS,"5. VND NNI->ECR->SPR (Inc)",83,true,433.0000,7881.2911,17242080,174472287,2288991367,5400384569,17555974688,10304571656
80,false,MS,"5. VND NNI->ECR->SPR (Inc)",84,true,351.0000,9098.3213,20648127,216181065,5590474766,3270831087,20494567360,10303829640
80,false,MS,"5. VND NNI->ECR->SPR (Inc)",85,true,381.0000,9206.7826,14834259,155976353,4920488714,4115289255,21791451936,10303759080
80,false,MS,"5. VND NNI->ECR->SPR (Inc)",86,true,446.0000,9158.6877,18456859,385464613,4785898472,3968654607,21166583984,10303703784
80,false,MS,"5. VND NNI->ECR->SPR (Inc)",87,true,424.0000,8758.6542,17693959,126721578,3468655211,5145396274,20146356928,10303703784
80,false,MS,"5. VND NNI->ECR->SPR (Inc)",88,true,421.0000,8000.5889,18774602,187779423,3051712316,4742121661,18677505072,10303614048
80,false,MS,"5. VND NNI->ECR->SPR (Inc)",89,true,402.0000,7562.2159,16508415,363343116,3646712516,3535455417,18090092560,10303860856
80,false,MS,"5. VND NNI->ECR->SPR (Inc)",90,false,Infinity,8728.5056,21726377,276038086,5649839430,2780685970,20787711136,10304258808
80,false,MS,"5. VND NNI->ECR->SPR (Inc)",91,true,388.0000,9310.2199,16446026,230396468,5507176287,3555999836,22074042408,10303583032
80,false,MS,"5. VND NNI->ECR->SPR (Inc)",92,true,377.0000,7779.9466,16674370,184528151,3738420809,3840131484,18609847864,10303993776
80,false,MS,"5. VND NNI->ECR->SPR (Inc)",93,true,394.0000,9795.7685,17200590,188110663,5942496210,3647771370,23660094568,10304159528
80,false,MS,"5. VND NNI->ECR->SPR (Inc)",94,true,413.0000,9228.4154,15472785,217617286,5239612105,3755528563,22007168672,10303878424
80,false,MS,"5. VND NNI->ECR->SPR (Inc)",95,true,380.0000,8513.6532,25723158,284125273,5040268861,3163318719,19786324128,10303878424
80,false,MS,"5. VND NNI->ECR->SPR (Inc)",96,true,389.0000,8686.3929,14263957,242983535,4499337905,3929609776,20881653320,10303689520
80,false,MS,"5. VND NNI->ECR->SPR (Inc)",97,true,439.0000,7922.1160,19137265,212452223,2023194380,5667130744,17626843968,10303658752
80,false,MS,"5. VND NNI->ECR->SPR (Inc)",98,true,383.0000,8946.7254,13420312,222690394,5054461643,3655962667,21568313896,10303990512
80,false,MS,"5. VND NNI->ECR->SPR (Inc)",99,true,453.0000,8177.2098,18201794,159144226,3412828765,4586854577,18711495216,10303925088
80,false,MS,"5. VND NNI->ECR->SPR (Inc)",100,true,406.0000,8271.8443,17393908,262825359,3747955511,4243482512,18689748568,10304068056
80,false,MS,"6. VND NNI->SPR (Inc)",1,false,Infinity,8700.5506,13489284,0,0,8686865347,18055395056,10333070928
80,false,MS,"6. VND NNI->SPR (Inc)",2,true,545.0000,9363.8914,12208998,0,0,9351537630,19260876216,10299580184
80,false,MS,"6. VND NNI->SPR (Inc)",3,true,475.0000,8631.3336,17428335,0,0,8613747717,17532320784,10299547312
80,false,MS,"6. VND NNI->SPR (Inc)",4,true,486.0000,8391.6653,15336195,0,0,8376165614,17513802344,10299523232
80,false,MS,"6. VND NNI->SPR (Inc)",5,true,459.0000,7898.7810,20012388,0,0,7878618361,16139737392,10299543216
80,false,MS,"6. VND NNI->SPR (Inc)",6,true,509.0000,8995.3036,11862990,0,0,8983278701,18920736072,10299543216
80,false,MS,"6. VND NNI->SPR (Inc)",7,true,492.0000,8968.7457,12540619,0,0,8956063334,18618928064,10299530664
80,false,MS,"6. VND NNI->SPR (Inc)",8,true,482.0000,8869.2304,13370236,0,0,8855713808,18350107640,10299530664
80,false,MS,"6. VND NNI->SPR (Inc)",9,true,516.0000,8348.9468,14212028,0,0,8334580222,17237344976,10299516952
80,false,MS,"6. VND NNI->SPR (Inc)",10,true,491.0000,8758.2874,14278674,0,0,8743861477,18316667472,10299584048
80,false,MS,"6. VND NNI->SPR (Inc)",11,true,482.0000,8735.7827,12894271,0,0,8722732105,18073618696,10299549384
80,false,MS,"6. VND NNI->SPR (Inc)",12,false,Infinity,8841.1851,10970883,0,0,8830053129,18314764128,10299574120
80,false,MS,"6. VND NNI->SPR (Inc)",13,true,504.0000,9482.9394,15727059,0,0,9467066003,19734148184,10299574120
80,false,MS,"6. VND NNI->SPR (Inc)",14,true,494.0000,9074.6439,11635136,0,0,9062860091,18846387968,10299547008
80,false,MS,"6. VND NNI->SPR (Inc)",15,true,464.0000,7411.4508,17467939,0,0,7393832648,15378933176,10299547008
80,false,MS,"6. VND NNI->SPR (Inc)",16,true,504.0000,8943.4544,11554012,0,0,8931749016,18601816912,10299524896
80,false,MS,"6. VND NNI->SPR (Inc)",17,true,465.0000,8831.0761,12874364,0,0,8818053850,18207819264,10299503312
80,false,MS,"6. VND NNI->SPR (Inc)",18,true,493.0000,9480.9141,10679448,0,0,9470082031,19708385000,10299520880
80,false,MS,"6. VND NNI->SPR (Inc)",19,true,521.0000,9209.2462,15743299,0,0,9193342121,19095822064,10299536112
80,false,MS,"6. VND NNI->SPR (Inc)",20,true,455.0000,8636.8109,13868664,0,0,8622795534,17848303768,10299553784
80,false,MS,"6. VND NNI->SPR (Inc)",21,true,505.0000,8956.2380,12741451,0,0,8943343965,18482480560,10299556344
80,false,MS,"6. VND NNI->SPR (Inc)",22,true,475.0000,8792.0498,20092129,0,0,8771815477,18328448632,10299535760
80,false,MS,"6. VND NNI->SPR (Inc)",23,true,506.0000,8919.1349,12881667,0,0,8906099829,18259029112,10299535760
80,false,MS,"6. VND NNI->SPR (Inc)",24,true,488.0000,8279.7275,19295054,0,0,8260285193,16908915568,10299526224
80,false,MS,"6. VND NNI->SPR (Inc)",25,false,Infinity,8449.4746,14984836,0,0,8434322061,17149895832,10299555624
80,false,MS,"6. VND NNI->SPR (Inc)",26,true,470.0000,7905.3297,17944976,0,0,7887234276,16400281904,10299529856
80,false,MS,"6. VND NNI->SPR (Inc)",27,false,Infinity,9504.8445,16167926,0,0,9488514084,19848280496,10299556904
80,false,MS,"6. VND NNI->SPR (Inc)",28,true,489.0000,8688.2494,13051801,0,0,8675047843,17984353192,10299535520
80,false,MS,"6. VND NNI->SPR (Inc)",29,true,520.0000,8094.9268,19357142,0,0,8075408290,16401445080,10299535520
80,false,MS,"6. VND NNI->SPR (Inc)",30,true,511.0000,9308.4024,17066836,0,0,9291173599,19377816064,10299556432
80,false,MS,"6. VND NNI->SPR (Inc)",31,true,508.0000,9172.9867,19300073,0,0,9153540969,18825583552,10299556432
80,false,MS,"6. VND NNI->SPR (Inc)",32,true,488.0000,8554.2300,15580479,0,0,8538495352,17754024632,10299546224
80,false,MS,"6. VND NNI->SPR (Inc)",33,true,489.0000,8537.9253,15097972,0,0,8522670760,17520469768,10299546224
80,false,MS,"6. VND NNI->SPR (Inc)",34,true,501.0000,8801.9839,20208261,0,0,8781622264,17762049656,10299532016
80,false,MS,"6. VND NNI->SPR (Inc)",35,true,495.0000,8439.2042,17809248,0,0,8421246009,17511394856,10299532016
80,false,MS,"6. VND NNI->SPR (Inc)",36,true,489.0000,9754.7337,13753015,0,0,9740819270,19955205536,10299529344
80,false,MS,"6. VND NNI->SPR (Inc)",37,true,498.0000,8825.4133,15151595,0,0,8810108027,18358891448,10299537384
80,false,MS,"6. VND NNI->SPR (Inc)",38,true,487.0000,8431.1305,13830382,0,0,8417153203,17444119176,10299537384
80,false,MS,"6. VND NNI->SPR (Inc)",39,false,Infinity,8894.6171,15988696,0,0,8878460213,18431721840,10299534576
80,false,MS,"6. VND NNI->SPR (Inc)",40,true,512.0000,9057.9353,13445771,0,0,9044325893,18376068736,10299548464
80,false,MS,"6. VND NNI->SPR (Inc)",41,true,470.0000,8354.8518,22758601,0,0,8331945854,16967076328,10299548464
80,false,MS,"6. VND NNI->SPR (Inc)",42,true,477.0000,8875.7516,12416943,0,0,8863172389,18200564952,10299541752
80,false,MS,"6. VND NNI->SPR (Inc)",43,true,481.0000,8663.7512,16419416,0,0,8647173810,17803129472,10299541752
80,false,MS,"6. VND NNI->SPR (Inc)",44,true,493.0000,9042.5664,13017576,0,0,9029395069,18741917832,10299534832
80,false,MS,"6. VND NNI->SPR (Inc)",45,true,512.0000,9083.0517,13990816,0,0,9068904094,18312903440,10299526568
80,false,MS,"6. VND NNI->SPR (Inc)",46,false,Infinity,8023.4082,16768619,0,0,8006461642,16658566792,10299523016
80,false,MS,"6. VND NNI->SPR (Inc)",47,false,Infinity,8668.7345,12357802,0,0,8656202831,17948702808,10299524504
80,false,MS,"6. VND NNI->SPR (Inc)",48,true,469.0000,8849.1694,11534726,0,0,8837469560,18053717928,10299581160
80,false,MS,"6. VND NNI->SPR (Inc)",49,true,479.0000,9089.5296,15412831,0,0,9073963424,18634104096,10299581160
80,false,MS,"6. VND NNI->SPR (Inc)",50,true,497.0000,8664.9835,8846414,0,0,8655977052,17799919384,10299566992
80,false,MS,"6. VND NNI->SPR (Inc)",51,false,Infinity,9202.9945,13127495,0,0,9189708741,19160647000,10299558560
80,false,MS,"6. VND NNI->SPR (Inc)",52,true,501.0000,8822.0911,14504924,0,0,8807430093,18044576640,10299535328
80,false,MS,"6. VND NNI->SPR (Inc)",53,true,505.0000,8149.6530,15874138,0,0,8133627387,16896976528,10299542504
80,false,MS,"6. VND NNI->SPR (Inc)",54,false,Infinity,9110.9505,12316343,0,0,9098466233,18901812896,10299589768
80,false,MS,"6. VND NNI->SPR (Inc)",55,true,454.0000,7855.3583,18125600,0,0,7837078975,16565671440,10299589768
80,false,MS,"6. VND NNI->SPR (Inc)",56,true,467.0000,8650.6841,14711649,0,0,8635815841,17784821688,10299552608
80,false,MS,"6. VND NNI->SPR (Inc)",57,true,445.0000,7819.2187,19755399,0,0,7799305862,16228641344,10299578880
80,false,MS,"6. VND NNI->SPR (Inc)",58,false,Infinity,9262.0076,11601052,0,0,9250249403,18882151928,10299578880
80,false,MS,"6. VND NNI->SPR (Inc)",59,true,420.0000,8380.3324,13835011,0,0,8366346104,17390661336,10299557752
80,false,MS,"6. VND NNI->SPR (Inc)",60,true,521.0000,8933.1427,15534342,0,0,8917444540,18449198048,10299526608
80,false,MS,"6. VND NNI->SPR (Inc)",61,true,487.0000,7975.2807,17288397,0,0,7957842503,16414330552,10299552328
80,false,MS,"6. VND NNI->SPR (Inc)",62,true,490.0000,8735.2290,10776524,0,0,8724301527,18097792704,10299552328
80,false,MS,"6. VND NNI->SPR (Inc)",63,true,529.0000,8334.2520,16190741,0,0,8317901336,16885165200,10299560776
80,false,MS,"6. VND NNI->SPR (Inc)",64,true,512.0000,9422.3895,19085144,0,0,9403145718,19155214936,10299527872
80,false,MS,"6. VND NNI->SPR (Inc)",65,true,480.0000,8054.1875,16096161,0,0,8037941461,16439949632,10299521608
80,false,MS,"6. VND NNI->SPR (Inc)",66,true,476.0000,8668.5186,12432624,0,0,8655937126,17818315024,10299542144
80,false,MS,"6. VND NNI->SPR (Inc)",67,false,Infinity,8500.7063,17413286,0,0,8483122811,17303266456,10299556496
80,false,MS,"6. VND NNI->SPR (Inc)",68,false,Infinity,8794.7453,16933023,0,0,8777635011,18050734256,10299557760
80,false,MS,"6. VND NNI->SPR (Inc)",69,true,471.0000,8383.1766,17419337,0,0,8365596158,17425892488,10299534520
80,false,MS,"6. VND NNI->SPR (Inc)",70,false,Infinity,8447.4408,17765585,0,0,8429516257,17275430448,10299550432
80,false,MS,"6. VND NNI->SPR (Inc)",71,true,491.0000,8590.0607,13537525,0,0,8576369040,17747580160,10299550432
80,false,MS,"6. VND NNI->SPR (Inc)",72,true,477.0000,8451.1270,16477144,0,0,8434495585,17321674640,10299514304
80,false,MS,"6. VND NNI->SPR (Inc)",73,true,498.0000,9771.7728,11086774,0,0,9760514636,20173996232,10299562800
80,false,MS,"6. VND NNI->SPR (Inc)",74,true,532.0000,8902.3587,11206130,0,0,8890998097,18388731216,10299562800
80,false,MS,"6. VND NNI->SPR (Inc)",75,true,477.0000,8015.8679,20381049,0,0,7995332940,16688044672,10299551384
80,false,MS,"6. VND NNI->SPR (Inc)",76,false,Infinity,9089.3850,15131797,0,0,9074095116,18875199112,10299575208
80,false,MS,"6. VND NNI->SPR (Inc)",77,true,497.0000,8375.8871,15328059,0,0,8360412310,17281260112,10299575208
80,false,MS,"6. VND NNI->SPR (Inc)",78,true,510.0000,9065.3485,13944057,0,0,9051249851,18562568568,10299551208
80,false,MS,"6. VND NNI->SPR (Inc)",79,true,477.0000,8654.8212,16759903,0,0,8637896517,17803052512,10299555344
80,false,MS,"6. VND NNI->SPR (Inc)",80,true,505.0000,8833.2344,15607902,0,0,8817475747,18103363960,10299555344
80,false,MS,"6. VND NNI->SPR (Inc)",81,false,Infinity,8519.3697,14198251,0,0,8504984135,17540377064,10299547416
80,false,MS,"6. VND NNI->SPR (Inc)",82,true,479.0000,8564.2796,12846080,0,0,8551283303,17717713192,10299569960
80,false,MS,"6. VND NNI->SPR (Inc)",83,true,475.0000,8790.7455,16407062,0,0,8774184899,18088746856,10299569960
80,false,MS,"6. VND NNI->SPR (Inc)",84,true,424.0000,7938.5694,19448025,0,0,7918967285,16345168304,10299524024
80,false,MS,"6. VND NNI->SPR (Inc)",85,true,504.0000,8964.9862,13803672,0,0,8951021484,18410327568,10299528760
80,false,MS,"6. VND NNI->SPR (Inc)",86,true,536.0000,9073.5007,15743529,0,0,9057607070,18562497856,10299565784
80,false,MS,"6. VND NNI->SPR (Inc)",87,false,Infinity,8345.6511,16942350,0,0,8328539805,17343223744,10299534856
80,false,MS,"6. VND NNI->SPR (Inc)",88,true,492.0000,8428.7990,15683096,0,0,8412947978,17299251288,10299570648
80,false,MS,"6. VND NNI->SPR (Inc)",89,true,463.0000,8488.2592,12502386,0,0,8475597661,17527164880,10299570648
80,false,MS,"6. VND NNI->SPR (Inc)",90,false,Infinity,8658.9209,19499964,0,0,8639257606,17754951352,10299560424
80,false,MS,"6. VND NNI->SPR (Inc)",91,true,474.0000,8674.5638,12838486,0,0,8661574757,17837875560,10299560424
80,false,MS,"6. VND NNI->SPR (Inc)",92,true,463.0000,8605.6655,16914416,0,0,8588590401,17690258480,10299718144
80,false,MS,"6. VND NNI->SPR (Inc)",93,true,486.0000,8936.1193,16104717,0,0,8919858451,18501469336,10299560816
80,false,MS,"6. VND NNI->SPR (Inc)",94,true,521.0000,9074.0250,12467530,0,0,9061408169,18908302856,10299560816
80,false,MS,"6. VND NNI->SPR (Inc)",95,false,Infinity,7602.2892,18412295,0,0,7583710800,15816725512,10299544568
80,false,MS,"6. VND NNI->SPR (Inc)",96,true,514.0000,8889.2048,12253232,0,0,8876801739,18567389728,10299544568
80,false,MS,"6. VND NNI->SPR (Inc)",97,true,462.0000,8908.5350,17410640,0,0,8890971907,18346028432,10299546840
80,false,MS,"6. VND NNI->SPR (Inc)",98,true,477.0000,9205.9451,12440950,0,0,9193346419,19173418816,10299619200
80,false,MS,"6. VND NNI->SPR (Inc)",99,true,508.0000,8558.2350,17123124,0,0,8540957617,17487801528,10299619200
80,false,MS,"6. VND NNI->SPR (Inc)",100,true,513.0000,9015.7093,15925847,0,0,8999623903,18473593000,10299540896
80,false,M3,"1. NNI (Classic)",1,true,631.0000,38706.0347,0,0,0,0,107538293784,12123181040
80,false,M3,"1. NNI (Classic)",2,false,Infinity,18892.2947,0,0,0,0,51677266616,12101766920
80,false,M3,"1. NNI (Classic)",3,false,Infinity,26218.9286,0,0,0,0,72751845992,13002322160
80,false,M3,"1. NNI (Classic)",4,true,706.0000,43538.0463,0,0,0,0,120335268720,14437776112
80,false,M3,"1. NNI (Classic)",5,true,649.0000,40313.1995,0,0,0,0,111225395112,16016174392
80,false,M3,"1. NNI (Classic)",6,false,Infinity,19527.1886,0,0,0,0,51991629856,15152027080
80,false,M3,"1. NNI (Classic)",7,false,Infinity,18559.9756,0,0,0,0,49916595528,15079099448
80,false,M3,"1. NNI (Classic)",8,false,Infinity,26738.0077,0,0,0,0,75872961400,15675454984
80,false,M3,"1. NNI (Classic)",9,false,Infinity,14105.5621,0,0,0,0,39274153480,15045282592
80,false,M3,"1. NNI (Classic)",10,false,Infinity,14574.7993,0,0,0,0,40845642264,15115474760
80,false,M3,"1. NNI (Classic)",11,true,625.0000,37808.4449,0,0,0,0,105830891032,18019491688
80,false,M3,"1. NNI (Classic)",12,false,Infinity,27262.3998,0,0,0,0,76833369152,18932876304
80,false,M3,"1. NNI (Classic)",13,false,Infinity,31306.0870,0,0,0,0,87888864816,19174455720
80,false,M3,"1. NNI (Classic)",14,false,Infinity,34408.2390,0,0,0,0,96324029896,19383578072
80,false,M3,"1. NNI (Classic)",15,false,Infinity,23601.7174,0,0,0,0,67984953320,28531642248
80,false,M3,"1. NNI (Classic)",16,true,575.0000,34485.8572,0,0,0,0,98179494888,12286704520
80,false,M3,"1. NNI (Classic)",17,false,Infinity,31368.0397,0,0,0,0,89603679544,13809980008
80,false,M3,"1. NNI (Classic)",18,false,Infinity,34533.7422,0,0,0,0,98989564208,15533296088
80,false,M3,"1. NNI (Classic)",19,true,615.0000,37048.1356,0,0,0,0,104865874600,15856607784
80,false,M3,"1. NNI (Classic)",20,false,Infinity,32875.2057,0,0,0,0,92956758760,15962708952
80,false,M3,"1. NNI (Classic)",21,false,Infinity,15520.3871,0,0,0,0,42478225344,15075757704
80,false,M3,"1. NNI (Classic)",22,false,Infinity,32028.6684,0,0,0,0,89945785088,15903113736
80,false,M3,"1. NNI (Classic)",23,false,Infinity,24579.9125,0,0,0,0,68991171080,15762913336
80,false,M3,"1. NNI (Classic)",24,true,677.0000,41195.8851,0,0,0,0,115170014768,18865326968
80,false,M3,"1. NNI (Classic)",25,true,678.0000,40484.2807,0,0,0,0,115134536600,19675755512
80,false,M3,"1. NNI (Classic)",26,false,Infinity,28354.3838,0,0,0,0,81029466064,27901094792
80,false,M3,"1. NNI (Classic)",27,false,Infinity,33140.0664,0,0,0,0,94068559128,12980889424
80,false,M3,"1. NNI (Classic)",28,false,Infinity,28192.9608,0,0,0,0,79994727560,13798057808
80,false,M3,"1. NNI (Classic)",29,true,630.0000,37601.3681,0,0,0,0,107063605808,15619716976
80,false,M3,"1. NNI (Classic)",30,false,Infinity,14105.6693,0,0,0,0,39434828792,14744344304
80,false,M3,"1. NNI (Classic)",31,false,Infinity,19651.9716,0,0,0,0,55411631032,15216987072
80,false,M3,"1. NNI (Classic)",32,false,Infinity,19410.0854,0,0,0,0,55077699528,15126393000
80,false,M3,"1. NNI (Classic)",33,false,Infinity,16218.6107,0,0,0,0,45411905512,15015504016
80,false,M3,"1. NNI (Classic)",34,false,Infinity,35823.1328,0,0,0,0,101252059168,16158288144
80,false,M3,"1. NNI (Classic)",35,false,Infinity,36732.5527,0,0,0,0,102394984464,17129885648
80,false,M3,"1. NNI (Classic)",36,false,Infinity,19641.7602,0,0,0,0,54363517768,18697244816
80,false,M3,"1. NNI (Classic)",37,false,Infinity,29922.5632,0,0,0,0,84309494624,19099885712
80,false,M3,"1. NNI (Classic)",38,false,Infinity,26020.8247,0,0,0,0,73854862112,18938956256
80,false,M3,"1. NNI (Classic)",39,false,Infinity,21826.8370,0,0,0,0,61115325504,18825668096
80,false,M3,"1. NNI (Classic)",40,false,Infinity,23191.7148,0,0,0,0,65597313112,22143534016
80,false,M3,"1. NNI (Classic)",41,true,580.0000,34876.7042,0,0,0,0,99985451168,12933891136
80,false,M3,"1. NNI (Classic)",42,true,672.0000,39887.6873,0,0,0,0,114540622072,14083739328
80,false,M3,"1. NNI (Classic)",43,false,Infinity,19214.0440,0,0,0,0,54416161208,14970174120
80,false,M3,"1. NNI (Classic)",44,false,Infinity,17931.7393,0,0,0,0,50136282600,15105380320
80,false,M3,"1. NNI (Classic)",45,false,Infinity,24066.9434,0,0,0,0,67271322944,15333280960
80,false,M3,"1. NNI (Classic)",46,true,621.0000,36688.3505,0,0,0,0,104643799592,16127960024
80,false,M3,"1. NNI (Classic)",47,false,Infinity,16656.8540,0,0,0,0,46463308312,15227087680
80,false,M3,"1. NNI (Classic)",48,false,Infinity,24904.0643,0,0,0,0,70551045664,15755080896
80,false,M3,"1. NNI (Classic)",49,true,644.0000,38533.0482,0,0,0,0,108512189576,18126209592
80,false,M3,"1. NNI (Classic)",50,false,Infinity,32957.2433,0,0,0,0,93976481448,19223802424
80,false,M3,"1. NNI (Classic)",51,false,Infinity,21169.5769,0,0,0,0,58569883632,18731344160
80,false,M3,"1. NNI (Classic)",52,false,Infinity,25695.4228,0,0,0,0,72621252376,19024764904
80,false,M3,"1. NNI (Classic)",53,false,Infinity,14914.8331,0,0,0,0,41082479600,18503539192
80,false,M3,"1. NNI (Classic)",54,false,Infinity,15767.4379,0,0,0,0,44552616752,28320604224
80,false,M3,"1. NNI (Classic)",55,false,Infinity,28309.5049,0,0,0,0,80728661448,11875963528
80,false,M3,"1. NNI (Classic)",56,false,Infinity,22380.8599,0,0,0,0,63120558784,12579046208
80,false,M3,"1. NNI (Classic)",57,false,Infinity,19990.2048,0,0,0,0,56447850856,13489732952
80,false,M3,"1. NNI (Classic)",58,true,653.0000,39458.7083,0,0,0,0,111730911440,15511543576
80,false,M3,"1. NNI (Classic)",59,false,Infinity,17924.3965,0,0,0,0,50477347408,14939990184
80,false,M3,"1. NNI (Classic)",60,false,Infinity,16891.7539,0,0,0,0,46589035800,15122550104
80,false,M3,"1. NNI (Classic)",61,false,Infinity,22685.1740,0,0,0,0,63238486000,15399785496
80,false,M3,"1. NNI (Classic)",62,false,Infinity,18826.7554,0,0,0,0,52525800128,15317053688
80,false,M3,"1. NNI (Classic)",63,false,Infinity,19244.1485,0,0,0,0,53583940120,15387555440
80,false,M3,"1. NNI (Classic)",64,false,Infinity,20414.6399,0,0,0,0,56842603208,15466461464
80,false,M3,"1. NNI (Classic)",65,false,Infinity,33798.4054,0,0,0,0,93952395088,17999244120
80,false,M3,"1. NNI (Classic)",66,false,Infinity,17273.1517,0,0,0,0,47887694216,18395880792
80,false,M3,"1. NNI (Classic)",67,true,605.0000,36906.6819,0,0,0,0,105221277424,19484622032
80,false,M3,"1. NNI (Classic)",68,true,681.0000,40466.4788,0,0,0,0,115539287160,19863113592
80,false,M3,"1. NNI (Classic)",69,false,Infinity,25008.1841,0,0,0,0,72518067176,28664563800
80,false,M3,"1. NNI (Classic)",70,true,565.0000,33474.8885,0,0,0,0,95874676448,12323434296
80,false,M3,"1. NNI (Classic)",71,false,Infinity,24399.2347,0,0,0,0,68258875160,13387154240
80,false,M3,"1. NNI (Classic)",72,false,Infinity,24456.7912,0,0,0,0,68039958800,14649195560
80,false,M3,"1. NNI (Classic)",73,true,683.0000,41424.6746,0,0,0,0,117523618120,16169067544
80,false,M3,"1. NNI (Classic)",74,false,Infinity,13859.4394,0,0,0,0,38251489488,14962915048
80,false,M3,"1. NNI (Classic)",75,false,Infinity,31484.5374,0,0,0,0,88879487744,15898772328
80,false,M3,"1. NNI (Classic)",76,false,Infinity,19241.4319,0,0,0,0,53721001816,15383858592
80,false,M3,"1. NNI (Classic)",77,false,Infinity,22920.1672,0,0,0,0,64315426744,15628864928
80,false,M3,"1. NNI (Classic)",78,true,746.0000,46105.2750,0,0,0,0,128917636232,18120559912
80,false,M3,"1. NNI (Classic)",79,false,Infinity,29659.6077,0,0,0,0,83633870064,19168768296
80,false,M3,"1. NNI (Classic)",80,false,Infinity,19751.1034,0,0,0,0,53913394600,18689205216
80,false,M3,"1. NNI (Classic)",81,false,Infinity,18022.2606,0,0,0,0,50489226824,18732027320
80,false,M3,"1. NNI (Classic)",82,false,Infinity,17465.5976,0,0,0,0,48686518368,18778851448
80,false,M3,"1. NNI (Classic)",83,false,Infinity,10528.4906,0,0,0,0,28886480568,18654939880
80,false,M3,"1. NNI (Classic)",84,false,Infinity,19471.4125,0,0,0,0,55384816568,11581185040
80,false,M3,"1. NNI (Classic)",85,false,Infinity,13683.2832,0,0,0,0,38589661984,11542433808
80,false,M3,"1. NNI (Classic)",86,false,Infinity,19875.8142,0,0,0,0,55898356128,11610389512
80,false,M3,"1. NNI (Classic)",87,false,Infinity,23557.1925,0,0,0,0,66529440904,12058715272
80,false,M3,"1. NNI (Classic)",88,false,Infinity,26871.2120,0,0,0,0,75251703376,13309061784
80,false,M3,"1. NNI (Classic)",89,false,Infinity,17906.0153,0,0,0,0,49477434448,14086856624
80,false,M3,"1. NNI (Classic)",90,true,642.0000,38128.0415,0,0,0,0,109444648984,15659051304
80,false,M3,"1. NNI (Classic)",91,false,Infinity,27294.4098,0,0,0,0,76009837888,15618237160
80,false,M3,"1. NNI (Classic)",92,false,Infinity,13264.6008,0,0,0,0,36677377440,14919658344
80,false,M3,"1. NNI (Classic)",93,false,Infinity,39970.4862,0,0,0,0,112228533856,16440609800
80,false,M3,"1. NNI (Classic)",94,false,Infinity,20606.9353,0,0,0,0,57506015880,15425082568
80,false,M3,"1. NNI (Classic)",95,false,Infinity,14953.9053,0,0,0,0,41686178688,15239503152
80,false,M3,"1. NNI (Classic)",96,false,Infinity,17082.9131,0,0,0,0,47699779464,15488947336
80,false,M3,"1. NNI (Classic)",97,true,676.0000,41610.1539,0,0,0,0,115577466632,18057589576
80,false,M3,"1. NNI (Classic)",98,false,Infinity,10295.2298,0,0,0,0,28507653760,18160501896
80,false,M3,"1. NNI (Classic)",99,false,Infinity,22194.1938,0,0,0,0,62740136664,18782371544
80,false,M3,"1. NNI (Classic)",100,false,Infinity,18528.5136,0,0,0,0,51475293400,18667929704
80,false,M3,"2. NNI (Incremental)",1,false,Infinity,14060.9841,0,0,0,0,9351690512,9367179296
80,false,M3,"2. NNI (Incremental)",2,false,Infinity,8008.8807,0,0,0,0,5293483928,10348239784
80,false,M3,"2. NNI (Incremental)",3,false,Infinity,14843.1015,0,0,0,0,9771828848,10314685352
80,false,M3,"2. NNI (Incremental)",4,true,640.0000,19689.6800,0,0,0,0,13186177232,10312314704
80,false,M3,"2. NNI (Incremental)",5,true,615.0000,19129.0298,0,0,0,0,12706184512,10307361568
80,false,M3,"2. NNI (Incremental)",6,false,Infinity,10707.8465,0,0,0,0,7173699784,10307361568
80,false,M3,"2. NNI (Incremental)",7,false,Infinity,6516.1197,0,0,0,0,4277265304,10306993400
80,false,M3,"2. NNI (Incremental)",8,false,Infinity,15420.0321,0,0,0,0,10090206688,10239884536
80,false,M3,"2. NNI (Incremental)",9,false,Infinity,6859.3608,0,0,0,0,4529856824,10306993400
80,false,M3,"2. NNI (Incremental)",10,false,Infinity,7384.2371,0,0,0,0,4906611552,9400986776
80,false,M3,"2. NNI (Incremental)",11,false,Infinity,12639.2092,0,0,0,0,8416668184,10307027792
80,false,M3,"2. NNI (Incremental)",12,false,Infinity,10677.6276,0,0,0,0,7088670880,10307027792
80,false,M3,"2. NNI (Incremental)",13,false,Infinity,7379.2201,0,0,0,0,4894716192,9266797592
80,false,M3,"2. NNI (Incremental)",14,false,Infinity,7035.2610,0,0,0,0,4642788704,10307007392
80,false,M3,"2. NNI (Incremental)",15,true,501.0000,15544.0957,0,0,0,0,10351497856,10307007392
80,false,M3,"2. NNI (Incremental)",16,false,Infinity,13362.7471,0,0,0,0,8901903584,10307003256
80,false,M3,"2. NNI (Incremental)",17,false,Infinity,15659.4575,0,0,0,0,10417779176,10307001824
80,false,M3,"2. NNI (Incremental)",18,false,Infinity,16238.8658,0,0,0,0,10798045992,10307001824
80,false,M3,"2. NNI (Incremental)",19,false,Infinity,13681.4047,0,0,0,0,9096773512,10307004648
80,false,M3,"2. NNI (Incremental)",20,true,631.0000,19629.1447,0,0,0,0,13036129152,10307027688
80,false,M3,"2. NNI (Incremental)",21,true,583.0000,18091.0768,0,0,0,0,12067370248,10307046528
80,false,M3,"2. NNI (Incremental)",22,false,Infinity,8899.9479,0,0,0,0,5929075152,10307046528
80,false,M3,"2. NNI (Incremental)",23,true,588.0000,18216.5070,0,0,0,0,12111879424,10307034072
80,false,M3,"2. NNI (Incremental)",24,false,Infinity,11302.2781,0,0,0,0,7419964448,10307030000
80,false,M3,"2. NNI (Incremental)",25,true,615.0000,19063.9955,0,0,0,0,12701726064,10307030000
80,false,M3,"2. NNI (Incremental)",26,true,517.0000,16163.7428,0,0,0,0,10680408640,10307014656
80,false,M3,"2. NNI (Incremental)",27,false,Infinity,14520.3167,0,0,0,0,9425539416,10306994816
80,false,M3,"2. NNI (Incremental)",28,true,641.0000,19865.8162,0,0,0,0,13141824296,10307028744
80,false,M3,"2. NNI (Incremental)",29,true,604.0000,18786.9481,0,0,0,0,12482118144,10307028744
80,false,M3,"2. NNI (Incremental)",30,false,Infinity,10040.6108,0,0,0,0,6616858544,10307037232
80,false,M3,"2. NNI (Incremental)",31,false,Infinity,9023.3611,0,0,0,0,5908550152,10307037232
80,false,M3,"2. NNI (Incremental)",32,false,Infinity,11468.6393,0,0,0,0,7622595792,7857522280
80,false,M3,"2. NNI (Incremental)",33,false,Infinity,6301.5059,0,0,0,0,4191754288,10307002224
80,false,M3,"2. NNI (Incremental)",34,false,Infinity,11298.5957,0,0,0,0,7407838272,9166151536
80,false,M3,"2. NNI (Incremental)",35,false,Infinity,16464.3836,0,0,0,0,10900324720,10307002224
80,false,M3,"2. NNI (Incremental)",36,false,Infinity,9872.1594,0,0,0,0,6560979616,10307014240
80,false,M3,"2. NNI (Incremental)",37,false,Infinity,11228.4495,0,0,0,0,7488884992,10307014240
80,false,M3,"2. NNI (Incremental)",38,false,Infinity,13489.8680,0,0,0,0,9023297536,10307043296
80,false,M3,"2. NNI (Incremental)",39,false,Infinity,10565.4136,0,0,0,0,6944707640,9031974880
80,false,M3,"2. NNI (Incremental)",40,false,Infinity,10995.2843,0,0,0,0,7173235472,10307043296
80,false,M3,"2. NNI (Incremental)",41,false,Infinity,15328.2120,0,0,0,0,10178333600,10307017056
80,false,M3,"2. NNI (Incremental)",42,true,780.0000,24079.4986,0,0,0,0,15979523808,10307017056
80,false,M3,"2. NNI (Incremental)",43,false,Infinity,10038.8319,0,0,0,0,6651520152,7958185576
80,false,M3,"2. NNI (Incremental)",44,false,Infinity,8039.6136,0,0,0,0,5246029216,10306995816
80,false,M3,"2. NNI (Incremental)",45,false,Infinity,11906.8071,0,0,0,0,7859026000,10306996992
80,false,M3,"2. NNI (Incremental)",46,true,637.0000,19807.0371,0,0,0,0,13095943040,10307039320
80,false,M3,"2. NNI (Incremental)",47,false,Infinity,10354.1547,0,0,0,0,6828662320,10172821592
80,false,M3,"2. NNI (Incremental)",48,false,Infinity,12744.6562,0,0,0,0,8362161696,10307043752
80,false,M3,"2. NNI (Incremental)",49,false,Infinity,13847.4301,0,0,0,0,9120028424,10307045592
80,false,M3,"2. NNI (Incremental)",50,false,Infinity,15892.4867,0,0,0,0,10572621456,10307045592
80,false,M3,"2. NNI (Incremental)",51,false,Infinity,9443.5134,0,0,0,0,6215066712,10307029336
80,false,M3,"2. NNI (Incremental)",52,false,Infinity,15937.8119,0,0,0,0,10569334600,10307015792
80,false,M3,"2. NNI (Incremental)",53,false,Infinity,7423.0985,0,0,0,0,4841613432,8528605384
80,false,M3,"2. NNI (Incremental)",54,false,Infinity,7926.1860,0,0,0,0,5227131136,10306997872
80,false,M3,"2. NNI (Incremental)",55,false,Infinity,14601.0618,0,0,0,0,9632230048,10306997872
80,false,M3,"2. NNI (Incremental)",56,false,Infinity,8502.2358,0,0,0,0,5539378608,8394384224
80,false,M3,"2. NNI (Incremental)",57,false,Infinity,12616.9341,0,0,0,0,8358532640,10307005984
80,false,M3,"2. NNI (Incremental)",58,true,633.0000,20011.3000,0,0,0,0,13067595632,10307005984
80,false,M3,"2. NNI (Incremental)",59,false,Infinity,8817.3954,0,0,0,0,5772263272,10307013296
80,false,M3,"2. NNI (Incremental)",60,false,Infinity,7688.5965,0,0,0,0,4967373424,9770142384
80,false,M3,"2. NNI (Incremental)",61,false,Infinity,7370.4714,0,0,0,0,4854268048,10307043080
80,false,M3,"2. NNI (Incremental)",62,false,Infinity,9495.3529,0,0,0,0,6210618864,10307043080
80,false,M3,"2. NNI (Incremental)",63,false,Infinity,14444.1461,0,0,0,0,9486357752,9770135528
80,false,M3,"2. NNI (Incremental)",64,false,Infinity,7914.3580,0,0,0,0,5217917616,10307057544
80,false,M3,"2. NNI (Incremental)",65,true,580.0000,17858.0902,0,0,0,0,11925989064,10307057544
80,false,M3,"2. NNI (Incremental)",66,false,Infinity,8939.1960,0,0,0,0,5884088440,10307015760
80,false,M3,"2. NNI (Incremental)",67,false,Infinity,9961.4364,0,0,0,0,6517394160,8528630864
80,false,M3,"2. NNI (Incremental)",68,false,Infinity,13245.6033,0,0,0,0,8640731664,10307046976
80,false,M3,"2. NNI (Incremental)",69,false,Infinity,14403.0785,0,0,0,0,9508534880,10307046976
80,false,M3,"2. NNI (Incremental)",70,true,555.0000,17145.0450,0,0,0,0,11429279480,10307016248
80,false,M3,"2. NNI (Incremental)",71,false,Infinity,9034.5292,0,0,0,0,5988536736,10307043632
80,false,M3,"2. NNI (Incremental)",72,false,Infinity,9745.3906,0,0,0,0,6436019472,9468182832
80,false,M3,"2. NNI (Incremental)",73,true,659.0000,20708.8805,0,0,0,0,13618597296,10307043632
80,false,M3,"2. NNI (Incremental)",74,false,Infinity,5743.0760,0,0,0,0,3795360736,6347570232
80,false,M3,"2. NNI (Incremental)",75,true,583.0000,18458.7255,0,0,0,0,11997512840,10307013088
80,false,M3,"2. NNI (Incremental)",76,false,Infinity,10902.2868,0,0,0,0,7268670344,10307013496
80,false,M3,"2. NNI (Incremental)",77,false,Infinity,12075.4650,0,0,0,0,7957391792,10307042312
80,false,M3,"2. NNI (Incremental)",78,true,741.0000,23035.4079,0,0,0,0,15124424440,10307042312
80,false,M3,"2. NNI (Incremental)",79,true,590.0000,18429.8393,0,0,0,0,12197923992,10307033936
80,false,M3,"2. NNI (Incremental)",80,false,Infinity,9551.0256,0,0,0,0,6283130504,10307027920
80,false,M3,"2. NNI (Incremental)",81,false,Infinity,9220.0725,0,0,0,0,6094447696,10307027920
80,false,M3,"2. NNI (Incremental)",82,false,Infinity,8531.0890,0,0,0,0,5619539792,7018652368
80,false,M3,"2. NNI (Incremental)",83,false,Infinity,6363.1171,0,0,0,0,4202859344,10307017440
80,false,M3,"2. NNI (Incremental)",84,false,Infinity,13423.7018,0,0,0,0,8891394736,9837255392
80,false,M3,"2. NNI (Incremental)",85,false,Infinity,7821.5533,0,0,0,0,5149160608,10307017440
80,false,M3,"2. NNI (Incremental)",86,false,Infinity,10198.1378,0,0,0,0,6731558824,10307012512
80,false,M3,"2. NNI (Incremental)",87,false,Infinity,11159.8354,0,0,0,0,7373205688,8562153264
80,false,M3,"2. NNI (Incremental)",88,false,Infinity,12693.7672,0,0,0,0,8341489504,10307016600
80,false,M3,"2. NNI (Incremental)",89,false,Infinity,8868.2504,0,0,0,0,5807925368,10307016600
80,false,M3,"2. NNI (Incremental)",90,true,630.0000,19646.3847,0,0,0,0,13034087640,10307014224
80,false,M3,"2. NNI (Incremental)",91,false,Infinity,8232.8820,0,0,0,0,5441074472,10307004024
80,false,M3,"2. NNI (Incremental)",92,false,Infinity,9836.7795,0,0,0,0,6454124992,6582462072
80,false,M3,"2. NNI (Incremental)",93,true,718.0000,22367.2225,0,0,0,0,14686857512,10307025128
80,false,M3,"2. NNI (Incremental)",94,false,Infinity,9762.4654,0,0,0,0,6481647600,7220017384
80,false,M3,"2. NNI (Incremental)",95,false,Infinity,7379.4604,0,0,0,0,4960311368,10307025128
80,false,M3,"2. NNI (Incremental)",96,false,Infinity,7873.4450,0,0,0,0,5250875112,7152853928
80,false,M3,"2. NNI (Incremental)",97,true,628.0000,19643.9630,0,0,0,0,12877644176,10307025296
80,false,M3,"2. NNI (Incremental)",98,false,Infinity,5590.0591,0,0,0,0,3632566040,10307044144
80,false,M3,"2. NNI (Incremental)",99,false,Infinity,16799.3006,0,0,0,0,10928543104,10307044144
80,false,M3,"2. NNI (Incremental)",100,true,591.0000,18291.1299,0,0,0,0,12229115304,10306996120
80,false,M3,"3. VND NNI->ECR->SPR (Classic)",1,true,631.0000,38271.6861,38266505144,0,0,0,107537950728,12120751528
80,false,M3,"3. VND NNI->ECR->SPR (Classic)",2,true,608.0000,252165.4197,27267104686,30269742165,194624016978,0,704872926840,25257830664
80,false,M3,"3. VND NNI->ECR->SPR (Classic)",3,true,612.0000,75150.3568,25783211751,49362422652,0,0,212338601528,24642764552
80,false,M3,"3. VND NNI->ECR->SPR (Classic)",4,true,706.0000,41882.3812,41877366711,0,0,0,120337050304,22756439880
80,false,M3,"3. VND NNI->ECR->SPR (Classic)",5,true,649.0000,38532.1530,38527541476,0,0,0,111227424528,33795751392
80,false,M3,"3. VND NNI->ECR->SPR (Classic)",6,true,602.0000,96714.2571,18678982524,78030769031,0,0,272824120592,19113815552
80,false,M3,"3. VND NNI->ECR->SPR (Classic)",7,true,589.0000,186685.0459,31257539274,8715343304,146707536761,0,525858171216,27234599672
80,false,M3,"3. VND NNI->ECR->SPR (Classic)",8,true,561.0000,55220.2264,26976213824,28239719620,0,0,156296692976,20982028776
80,false,M3,"3. VND NNI->ECR->SPR (Classic)",9,true,622.0000,112722.6626,13961306529,98757163548,0,0,317776235032,17490960440
80,false,M3,"3. VND NNI->ECR->SPR (Classic)",10,true,550.0000,303667.7261,22076982997,28504380824,253081908117,0,859095665648,30297066696
80,false,M3,"3. VND NNI->ECR->SPR (Classic)",11,true,625.0000,36825.5044,36820781986,0,0,0,105832781952,23002846320
80,false,M3,"3. VND NNI->ECR->SPR (Classic)",12,true,750.0000,301098.7180,27242738273,25525496751,23751694229,224573243676,876608341224,31959433840
80,false,M3,"3. VND NNI->ECR->SPR (Classic)",13,true,624.0000,280943.1115,31146342499,12836896693,236955329058,0,797308784800,34333681728
80,false,M3,"3. VND NNI->ECR->SPR (Classic)",14,true,646.0000,58200.3545,34232176215,23963865289,0,0,163910376632,24169728784
80,false,M3,"3. VND NNI->ECR->SPR (Classic)",15,true,542.0000,59326.6701,23971128811,35351182928,0,0,168557451048,24574099560
80,false,M3,"3. VND NNI->ECR->SPR (Classic)",16,true,575.0000,34266.5862,34262324479,0,0,0,98181426112,34809319600
80,false,M3,"3. VND NNI->ECR->SPR (Classic)",17,true,578.0000,45323.9224,31511479682,13807921995,0,0,128817481288,17082465792
80,false,M3,"3. VND NNI->ECR->SPR (Classic)",18,true,618.0000,161090.9455,35058803767,2700165798,123327266134,0,458484712456,25799481344
80,false,M3,"3. VND NNI->ECR->SPR (Classic)",19,true,615.0000,36658.9888,36654452617,0,0,0,104867868968,20773920752
80,false,M3,"3. VND NNI->ECR->SPR (Classic)",20,true,678.0000,191085.5195,35355334384,15903656620,139821508663,0,536299254280,31622841840
80,false,M3,"3. VND NNI->ECR->SPR (Classic)",21,true,582.0000,99789.2843,15602760023,84182435983,0,0,281933364016,22799708072
80,false,M3,"3. VND NNI->ECR->SPR (Classic)",22,true,695.0000,74267.3143,32068752614,42193518969,0,0,211041296184,22362286184
80,false,M3,"3. VND NNI->ECR->SPR (Classic)",23,true,615.0000,77112.1801,24468262837,52639609299,0,0,218381008872,29203425560
80,false,M3,"3. VND NNI->ECR->SPR (Classic)",24,true,677.0000,40477.8272,40472826062,0,0,0,115171876864,15084534408
80,false,M3,"3. VND NNI->ECR->SPR (Classic)",25,true,678.0000,40585.3810,40580100007,0,0,0,115136633280,16827918096
80,false,M3,"3. VND NNI->ECR->SPR (Classic)",26,true,557.0000,51328.1284,28725743332,22598000144,0,0,145500295312,17519240048
80,false,M3,"3. VND NNI->ECR->SPR (Classic)",27,true,702.0000,74386.1753,33341572824,41039757950,0,0,207832396384,20280955264
80,false,M3,"3. VND NNI->ECR->SPR (Classic)",28,true,634.0000,69771.3147,27695469253,42071364306,0,0,199882028952,22049151024
80,false,M3,"3. VND NNI->ECR->SPR (Classic)",29,true,630.0000,37409.4536,37404827336,0,0,0,107065444632,29278930624
80,false,M3,"3. VND NNI->ECR->SPR (Classic)",30,true,611.0000,113034.2326,15106603539,97923335362,0,0,314171245680,20058925648
80,false,M3,"3. VND NNI->ECR->SPR (Classic)",31,true,749.0000,129217.1249,19747405049,109464864680,0,0,364807115032,24978320384
80,false,M3,"3. VND NNI->ECR->SPR (Classic)",32,true,589.0000,81644.4292,19413413073,62226631222,0,0,232637963144,29105102608
80,false,M3,"3. VND NNI->ECR->SPR (Classic)",33,true,743.0000,430193.3727,16836452942,27031521735,98903297324,287416501611,1241983112320,29484927088
80,false,M3,"3. VND NNI->ECR->SPR (Classic)",34,true,879.0000,108700.6664,35968859010,72726049759,0,0,307775149704,24066598576
80,false,M3,"3. VND NNI->ECR->SPR (Classic)",35,true,704.0000,62000.5437,35752168432,26243351592,0,0,178498022040,31154531952
80,false,M3,"3. VND NNI->ECR->SPR (Classic)",36,true,656.0000,103697.2617,19681794342,84010851339,0,0,291865707824,20723252592
80,false,M3,"3. VND NNI->ECR->SPR (Classic)",37,true,584.0000,51969.9028,30163667575,21801379188,0,0,146700415320,20101621344
80,false,M3,"3. VND NNI->ECR->SPR (Classic)",38,true,572.0000,61809.8272,26024200699,35781096295,0,0,176581665352,20971705520
80,false,M3,"3. VND NNI->ECR->SPR (Classic)",39,true,658.0000,97289.5050,21968872583,75315825379,0,0,273684634688,23415262440
80,false,M3,"3. VND NNI->ECR->SPR (Classic)",40,true,611.0000,78585.9543,23312462060,55269112017,0,0,225122030320,33932969600
80,false,M3,"3. VND NNI->ECR->SPR (Classic)",41,true,580.0000,35417.1382,35412696023,0,0,0,99987375424,18337441968
80,false,M3,"3. VND NNI->ECR->SPR (Classic)",42,true,672.0000,40416.3804,40411345064,0,0,0,114542668176,19638631120
80,false,M3,"3. VND NNI->ECR->SPR (Classic)",43,true,502.0000,338461.8005,20586270554,23443576112,294428049052,0,962333328928,32682709104
80,false,M3,"3. VND NNI->ECR->SPR (Classic)",44,true,695.0000,120107.3165,18033998098,102068575094,0,0,338081439128,36521261104
80,false,M3,"3. VND NNI->ECR->SPR (Classic)",45,true,592.0000,366437.1911,23941632915,25957065199,316534206790,0,1047440546528,36497116280
80,false,M3,"3. VND NNI->ECR->SPR (Classic)",46,true,621.0000,36800.5392,36796129422,0,0,0,104645589920,23151662488
80,false,M3,"3. VND NNI->ECR->SPR (Classic)",47,true,573.0000,98618.6527,17448649394,81165795510,0,0,275990286152,34416952384
80,false,M3,"3. VND NNI->ECR->SPR (Classic)",48,true,665.0000,84132.4494,24967820053,59159834940,0,0,241448947120,22260035472
80,false,M3,"3. VND NNI->ECR->SPR (Classic)",49,true,644.0000,37757.9526,37753250326,0,0,0,108514093352,19871440704
80,false,M3,"3. VND NNI->ECR->SPR (Classic)",50,true,651.0000,58988.4793,33043821862,25940078866,0,0,168443931272,21265484792
80,false,M3,"3. VND NNI->ECR->SPR (Classic)",51,true,557.0000,241458.6548,23669351122,35464827283,182320299922,0,675131887304,30814944976
80,false,M3,"3. VND NNI->ECR->SPR (Classic)",52,true,577.0000,349923.7170,26899373524,15071484406,307948159416,0,988121752352,34624658064
80,false,M3,"3. VND NNI->ECR->SPR (Classic)",53,true,535.0000,95331.0369,14905680625,80421356821,0,0,266012140088,36606776368
80,false,M3,"3. VND NNI->ECR->SPR (Classic)",54,true,642.0000,106282.1043,15916037196,90361846746,0,0,301304108576,24520028584
80,false,M3,"3. VND NNI->ECR->SPR (Classic)",55,true,554.0000,48450.6541,28258156780,20188072169,0,0,138569813240,23259367272
80,false,M3,"3. VND NNI->ECR->SPR (Classic)",56,true,692.0000,103721.1856,22391527936,81324636775,0,0,297385972328,26769298744
80,false,M3,"3. VND NNI->ECR->SPR (Classic)",57,true,627.0000,97547.9550,19929383767,77614093778,0,0,273685080112,32247190000
80,false,M3,"3. VND NNI->ECR->SPR (Classic)",58,true,653.0000,39021.1597,39016188669,0,0,0,111732843112,16402579008
80,false,M3,"3. VND NNI->ECR->SPR (Classic)",59,true,532.0000,76293.5905,17905439810,58384118619,0,0,217180761824,19121070984
80,false,M3,"3. VND NNI->ECR->SPR (Classic)",60,true,699.0000,122021.5210,16678129435,105338330356,0,0,342455191328,22139670048
80,false,M3,"3. VND NNI->ECR->SPR (Classic)",61,true,780.0000,121089.3622,22803262906,98280926220,0,0,341900162912,31528475928
80,false,M3,"3. VND NNI->ECR->SPR (Classic)",62,true,563.0000,78326.8018,18701825324,59621074041,0,0,224941898808,21577493240
80,false,M3,"3. VND NNI->ECR->SPR (Classic)",63,true,665.0000,105336.3460,19218055213,86113734993,0,0,297907961040,23957490928
80,false,M3,"3. VND NNI->ECR->SPR (Classic)",64,true,645.0000,214632.5380,22680549794,64763683330,127183851899,0,612096460264,30889061488
80,false,M3,"3. VND NNI->ECR->SPR (Classic)",65,true,590.0000,41904.2494,32987286045,8912710841,0,0,119471600448,20199802024
80,false,M3,"3. VND NNI->ECR->SPR (Classic)",66,true,749.0000,163005.6628,17450423473,119430420269,26119367411,0,458264300304,33116013544
80,false,M3,"3. VND NNI->ECR->SPR (Classic)",67,true,605.0000,36192.3576,36187800123,0,0,0,105222962040,17329551960
80,false,M3,"3. VND NNI->ECR->SPR (Classic)",68,true,681.0000,40240.1205,40234970138,0,0,0,115541254736,18025690656
80,false,M3,"3. VND NNI->ECR->SPR (Classic)",69,true,566.0000,59344.2831,25358074814,33981800038,0,0,170882922784,19470295768
80,false,M3,"3. VND NNI->ECR->SPR (Classic)",70,true,565.0000,33417.7855,33413543781,0,0,0,95876316928,18036790208
80,false,M3,"3. VND NNI->ECR->SPR (Classic)",71,true,764.0000,120034.9254,24380693560,95649071436,0,0,335751527528,32919151256
80,false,M3,"3. VND NNI->ECR->SPR (Classic)",72,true,626.0000,203591.8431,24243040295,51748621076,127595910561,0,574022197688,31712074032
80,false,M3,"3. VND NNI->ECR->SPR (Classic)",73,true,683.0000,41370.0812,41365335894,0,0,0,117525608264,21495539728
80,false,M3,"3. VND NNI->ECR->SPR (Classic)",74,true,685.0000,123478.4571,13617529100,109856294157,0,0,350872931648,19394059832
80,false,M3,"3. VND NNI->ECR->SPR (Classic)",75,true,593.0000,52551.4632,31147722243,21399536612,0,0,149823486672,17801311600
80,false,M3,"3. VND NNI->ECR->SPR (Classic)",76,true,591.0000,249096.4118,22140536256,41691919647,185259433061,0,710662434832,36139472464
80,false,M3,"3. VND NNI->ECR->SPR (Classic)",77,true,666.0000,92262.5803,22596686380,69661163223,0,0,264643651760,26027144304
80,false,M3,"3. VND NNI->ECR->SPR (Classic)",78,true,746.0000,45682.0434,45677190302,0,0,0,128919754392,23440410688
80,false,M3,"3. VND NNI->ECR->SPR (Classic)",79,true,644.0000,131054.9528,33217450667,16192113123,81640740435,0,372532123888,33781743216
80,false,M3,"3. VND NNI->ECR->SPR (Classic)",80,true,690.0000,111782.3836,19680927660,92096785163,0,0,312747912512,22896766576
80,false,M3,"3. VND NNI->ECR->SPR (Classic)",81,true,563.0000,82931.5658,18124871767,64802444481,0,0,235042413680,22700341328
80,false,M3,"3. VND NNI->ECR->SPR (Classic)",82,true,605.0000,101982.2336,17724980401,84253015349,0,0,282542496592,29232674016
80,false,M3,"3. VND NNI->ECR->SPR (Classic)",83,true,638.0000,290317.4069,16787936587,91645599566,181879168134,0,813032510616,33009625072
80,false,M3,"3. VND NNI->ECR->SPR (Classic)",84,true,503.0000,65947.4723,19290413133,46653076090,0,0,189747702680,23604376544
80,false,M3,"3. VND NNI->ECR->SPR (Classic)",85,true,589.0000,104885.8375,13908550066,90973077131,0,0,296690486552,26436649040
80,false,M3,"3. VND NNI->ECR->SPR (Classic)",86,true,678.0000,169988.5190,25740079080,61904450538,82338876119,0,484141105520,34482881584
80,false,M3,"3. VND NNI->ECR->SPR (Classic)",87,true,543.0000,63888.8394,23628348970,40256283071,0,0,181863219000,21440676736
80,false,M3,"3. VND NNI->ECR->SPR (Classic)",88,true,644.0000,80525.7734,26977464127,53543433954,0,0,229087228736,22517471408
80,false,M3,"3. VND NNI->ECR->SPR (Classic)",89,true,552.0000,247765.7368,19995708999,46384568513,181381187261,0,700484626272,30765813224
80,false,M3,"3. VND NNI->ECR->SPR (Classic)",90,true,642.0000,38125.7136,38121000512,0,0,0,109446565400,20125688080
80,false,M3,"3. VND NNI->ECR->SPR (Classic)",91,true,560.0000,54867.9412,27199072064,27664657982,0,0,154414077560,21259115120
80,false,M3,"3. VND NNI->ECR->SPR (Classic)",92,true,624.0000,116702.2518,13591093110,103106673300,0,0,323170177888,31550016112
80,false,M3,"3. VND NNI->ECR->SPR (Classic)",93,true,721.0000,57182.8235,40137254945,17040136251,0,0,160826475144,20570395968
80,false,M3,"3. VND NNI->ECR->SPR (Classic)",94,true,576.0000,239247.1036,21054263191,50664212140,167524067863,0,674320833168,35286432200
80,false,M3,"3. VND NNI->ECR->SPR (Classic)",95,true,570.0000,98033.7324,15034713646,82994960384,0,0,277216758872,25832934416
80,false,M3,"3. VND NNI->ECR->SPR (Classic)",96,true,596.0000,96890.7663,16945250718,79941353819,0,0,275772722368,26648492592
80,false,M3,"3. VND NNI->ECR->SPR (Classic)",97,true,676.0000,40563.8033,40559031711,0,0,0,115579350440,35950089424
80,false,M3,"3. VND NNI->ECR->SPR (Classic)",98,true,447.0000,599404.0082,10484159300,29445534027,559470709009,0,1648577693472,45763552496
80,false,M3,"3. VND NNI->ECR->SPR (Classic)",99,true,630.0000,91453.0060,22183777940,69264639378,0,0,258243780312,46019623024
80,false,M3,"3. VND NNI->ECR->SPR (Classic)",100,true,560.0000,90983.8254,18474788655,72504852352,0,0,255834282040,46389605744
80,false,M3,"4. VND NNI->SPR (Classic)",1,true,631.0000,37194.7673,37190128713,0,0,0,107537936528,12146802608
80,false,M3,"4. VND NNI->SPR (Classic)",2,true,809.0000,459170.4815,18614109269,0,0,440550412850,1334350129360,28915785568
80,false,M3,"4. VND NNI->SPR (Classic)",3,true,677.0000,310893.9300,25668619468,0,0,285220329904,919973879376,41944479968
80,false,M3,"4. VND NNI->SPR (Classic)",4,true,706.0000,42157.7005,42152215334,0,0,0,120336862600,24684237648
80,false,M3,"4. VND NNI->SPR (Classic)",5,true,649.0000,38594.3937,38589573885,0,0,0,111227325696,24512574216
80,false,M3,"4. VND NNI->SPR (Classic)",6,true,676.0000,406235.6115,18666674902,0,0,387563977246,1183821249008,39906840824
80,false,M3,"4. VND NNI->SPR (Classic)",7,true,699.0000,430389.0308,17882527672,0,0,412500995204,1281290838768,39852006304
80,false,M3,"4. VND NNI->SPR (Classic)",8,true,604.0000,172589.5868,26745494681,0,0,145839329859,509164854816,34163175544
80,false,M3,"4. VND NNI->SPR (Classic)",9,true,859.0000,488823.5674,14647057842,0,0,474170169523,1420694299960,31374592664
80,false,M3,"4. VND NNI->SPR (Classic)",10,true,667.0000,468034.5450,14807353776,0,0,453222431047,1370672203536,48699039656
80,false,M3,"4. VND NNI->SPR (Classic)",11,true,625.0000,36929.8931,36925021637,0,0,0,105832889856,29599779608
80,false,M3,"4. VND NNI->SPR (Classic)",12,true,791.0000,339354.8859,27318773501,0,0,312030155763,992292129192,44449933000
80,false,M3,"4. VND NNI->SPR (Classic)",13,true,741.0000,271442.9775,31267288378,0,0,240170322654,800050161784,37661135832
80,false,M3,"4. VND NNI->SPR (Classic)",14,true,703.0000,183196.5804,34340051394,0,0,148851463654,535746635768,30418370000
80,false,M3,"4. VND NNI->SPR (Classic)",15,true,586.0000,201490.1849,23712457133,0,0,177773149799,591671178648,33891848280
80,false,M3,"4. VND NNI->SPR (Classic)",16,true,575.0000,34729.4565,34724881149,0,0,0,98181430640,19305387448
80,false,M3,"4. VND NNI->SPR (Classic)",17,true,596.0000,103865.8706,31521871448,0,0,72339189485,305428863656,23133705688
80,false,M3,"4. VND NNI->SPR (Classic)",18,true,689.0000,159599.6819,34689262524,0,0,124905386527,470610999536,29376646176
80,false,M3,"4. VND NNI->SPR (Classic)",19,true,615.0000,36827.8372,36823318471,0,0,0,104867784328,16497359128
80,false,M3,"4. VND NNI->SPR (Classic)",20,true,746.0000,261086.2524,32900563132,0,0,228180732716,755884635216,28960269784
80,false,M3,"4. VND NNI->SPR (Classic)",21,true,683.0000,425812.2450,15669042647,0,0,410138319018,1230105026488,29559381048
80,false,M3,"4. VND NNI->SPR (Classic)",22,true,746.0000,251092.0741,32762344657,0,0,218324070432,739395767376,30935227880
80,false,M3,"4. VND NNI->SPR (Classic)",23,true,651.0000,290981.6067,24347790937,0,0,266628917245,854460290488,31549210056
80,false,M3,"4. VND NNI->SPR (Classic)",24,true,677.0000,40488.5183,40483379847,0,0,0,115171875920,20002013016
80,false,M3,"4. VND NNI->SPR (Classic)",25,true,678.0000,40617.4802,40612561251,0,0,0,115136573040,20203213080
80,false,M3,"4. VND NNI->SPR (Classic)",26,true,594.0000,176482.9757,28657430717,0,0,147821146551,518140561168,29381618648
80,false,M3,"4. VND NNI->SPR (Classic)",27,true,751.0000,235983.4363,33094560019,0,0,202883481295,688613877432,27070180256
80,false,M3,"4. VND NNI->SPR (Classic)",28,true,655.0000,250972.2218,27781863939,0,0,223185458555,735547822256,29423516696
80,false,M3,"4. VND NNI->SPR (Classic)",29,true,630.0000,37995.8681,37991300217,0,0,0,107065375872,18414390416
80,false,M3,"4. VND NNI->SPR (Classic)",30,true,797.0000,607334.7626,14156897760,0,0,593172503441,1748880546480,36428866552
80,false,M3,"4. VND NNI->SPR (Classic)",31,true,847.0000,525191.1794,19781231984,0,0,505404525572,1530513308216,43979363736
80,false,M3,"4. VND NNI->SPR (Classic)",32,true,670.0000,310426.5839,19332125557,0,0,291089149519,917642157192,51737891384
80,false,M3,"4. VND NNI->SPR (Classic)",33,true,780.0000,462124.6100,16410359092,0,0,445708693531,1345540936864,47611883400
80,false,M3,"4. VND NNI->SPR (Classic)",34,true,927.0000,391951.9957,35958207201,0,0,355987639262,1148773540192,51084822352
80,false,M3,"4. VND NNI->SPR (Classic)",35,true,741.0000,171929.3366,36520075632,0,0,135403748845,503823063792,37027825680
80,false,M3,"4. VND NNI->SPR (Classic)",36,true,769.0000,423421.8744,19890918163,0,0,403525913811,1239104574072,48848910296
80,false,M3,"4. VND NNI->SPR (Classic)",37,true,595.0000,144628.4934,29964378603,0,0,114659010136,423834528712,32786196904
80,false,M3,"4. VND NNI->SPR (Classic)",38,true,588.0000,205035.5326,25962954210,0,0,179068070724,601557852216,36912779328
80,false,M3,"4. VND NNI->SPR (Classic)",39,true,759.0000,412289.5112,22788767496,0,0,389494401670,1205002352424,28791365776
80,false,M3,"4. VND NNI->SPR (Classic)",40,true,649.0000,316468.0910,23133976526,0,0,293329319412,931318403080,29386692064
80,false,M3,"4. VND NNI->SPR (Classic)",41,true,580.0000,35372.3357,35367859957,0,0,0,99987295592,19918334232
80,false,M3,"4. VND NNI->SPR (Classic)",42,true,672.0000,40413.6760,40409047099,0,0,0,114542570840,20305966904
80,false,M3,"4. VND NNI->SPR (Classic)",43,true,685.0000,331245.0760,19148529341,0,0,312091466679,977789005136,27535500248
80,false,M3,"4. VND NNI->SPR (Classic)",44,true,904.0000,550231.6953,18041840473,0,0,532183471301,1592335739872,33531505624
80,false,M3,"4. VND NNI->SPR (Classic)",45,true,747.0000,300001.2041,24041572465,0,0,275954202901,879958917232,43142767776
80,false,M3,"4. VND NNI->SPR (Classic)",46,true,621.0000,36789.4345,36784577246,0,0,0,104645752184,22108092888
80,false,M3,"4. VND NNI->SPR (Classic)",47,true,707.0000,463579.8434,16974435868,0,0,446600114482,1349713045400,35961259176
80,false,M3,"4. VND NNI->SPR (Classic)",48,true,738.0000,256734.7509,25134574273,0,0,231594850535,748267622112,31886261720
80,false,M3,"4. VND NNI->SPR (Classic)",49,true,644.0000,38692.4128,38687790121,0,0,0,108514091168,18297720536
80,false,M3,"4. VND NNI->SPR (Classic)",50,true,681.0000,159714.3112,33304623957,0,0,126404764575,466021088360,31600324448
80,false,M3,"4. VND NNI->SPR (Classic)",51,true,696.0000,399140.4995,21363167159,0,0,377772447942,1177600798368,30898369888
80,false,M3,"4. VND NNI->SPR (Classic)",52,true,753.0000,334426.4080,26023086056,0,0,308397902362,976711023240,29583151744
80,false,M3,"4. VND NNI->SPR (Classic)",53,true,697.0000,459588.9354,15037889322,0,0,444546218839,1332623615112,30966409112
80,false,M3,"4. VND NNI->SPR (Classic)",54,true,729.0000,464702.6145,15951683925,0,0,448745792923,1367120635808,45064199640
80,false,M3,"4. VND NNI->SPR (Classic)",55,true,567.0000,122917.3120,28420807065,0,0,94491790902,361259654312,32878616536
80,false,M3,"4. VND NNI->SPR (Classic)",56,true,802.0000,423851.5673,22591019938,0,0,401254829770,1245381995304,37706958832
80,false,M3,"4. VND NNI->SPR (Classic)",57,true,726.0000,423920.4190,20143082096,0,0,403772085867,1218811695232,29429690912
80,false,M3,"4. VND NNI->SPR (Classic)",58,true,653.0000,39635.2242,39630154890,0,0,0,111732842272,27222803800
80,false,M3,"4. VND NNI->SPR (Classic)",59,true,571.0000,364063.8023,17859315729,0,0,346199795179,1070851590520,44614739840
80,false,M3,"4. VND NNI->SPR (Classic)",60,true,807.0000,488046.7129,16796304976,0,0,471245019462,1419913411440,41781120472
80,false,M3,"4. VND NNI->SPR (Classic)",61,true,917.0000,501231.5106,22930529409,0,0,478294288608,1444337144472,40654633944
80,false,M3,"4. VND NNI->SPR (Classic)",62,true,636.0000,341051.0149,18862753861,0,0,322183615613,1008602623352,51698179384
80,false,M3,"4. VND NNI->SPR (Classic)",63,true,703.0000,422313.9959,19472121676,0,0,402837162739,1234972420600,49604159032
80,false,M3,"4. VND NNI->SPR (Classic)",64,true,763.0000,459944.7662,20352321678,0,0,439587132340,1334553947288,49357870336
80,false,M3,"4. VND NNI->SPR (Classic)",65,true,596.0000,94729.8731,32730989023,0,0,61994280568,278979382704,35311057480
80,false,M3,"4. VND NNI->SPR (Classic)",66,true,739.0000,482259.7978,17301069809,0,0,464953114528,1407432157736,54286965208
80,false,M3,"4. VND NNI->SPR (Classic)",67,true,605.0000,36585.5569,36581038915,0,0,0,105223064856,32376243000
80,false,M3,"4. VND NNI->SPR (Classic)",68,true,681.0000,40148.1479,40142892904,0,0,0,115541349264,32841592056
80,false,M3,"4. VND NNI->SPR (Classic)",69,true,580.0000,243445.3483,25355134428,0,0,218085692910,719663912280,50126995496
80,false,M3,"4. VND NNI->SPR (Classic)",70,true,565.0000,33670.5336,33666235429,0,0,0,95876318152,26367183272
80,false,M3,"4. VND NNI->SPR (Classic)",71,true,878.0000,444231.4087,24654978122,0,0,419570139693,1292980532176,40479223208
80,false,M3,"4. VND NNI->SPR (Classic)",72,true,762.0000,376936.3451,24462367604,0,0,352468616817,1099842259880,44796923352
80,false,M3,"4. VND NNI->SPR (Classic)",73,true,683.0000,41171.7722,41166603673,0,0,0,117525520640,27275691992
80,false,M3,"4. VND NNI->SPR (Classic)",74,true,903.0000,530787.7503,13892316859,0,0,516889324587,1550110433448,43828757432
80,false,M3,"4. VND NNI->SPR (Classic)",75,true,629.0000,159468.3523,31386962059,0,0,128076852304,465520449416,37010044312
80,false,M3,"4. VND NNI->SPR (Classic)",76,true,714.0000,450343.2733,19386469824,0,0,430951165011,1313869737008,29702831424
80,false,M3,"4. VND NNI->SPR (Classic)",77,true,789.0000,429766.3594,22768583922,0,0,406992219899,1261068574192,48400358440
80,false,M3,"4. VND NNI->SPR (Classic)",78,true,746.0000,45466.9951,45461863093,0,0,0,128919859032,29932370904
80,false,M3,"4. VND NNI->SPR (Classic)",79,true,711.0000,278534.5017,29739557860,0,0,248789370249,819713851080,46747396928
80,false,M3,"4. VND NNI->SPR (Classic)",80,true,842.0000,538283.0279,19890880169,0,0,518386333698,1562903665000,40476551632
80,false,M3,"4. VND NNI->SPR (Classic)",81,true,623.0000,390224.8377,18035434265,0,0,372184675768,1153851658024,37532990936
80,false,M3,"4. VND NNI->SPR (Classic)",82,true,752.0000,455437.2369,17555029999,0,0,437876843531,1323139387304,29870843544
80,false,M3,"4. VND NNI->SPR (Classic)",83,true,748.0000,584800.1157,10449953631,0,0,574344689245,1703415166056,47235034952
80,false,M3,"4. VND NNI->SPR (Classic)",84,true,532.0000,270223.6365,19449572170,0,0,250769641576,797867571952,39632602056
80,false,M3,"4. VND NNI->SPR (Classic)",85,true,662.0000,502384.9302,14046856732,0,0,488333547095,1447564919696,32319543368
80,false,M3,"4. VND NNI->SPR (Classic)",86,true,742.0000,395993.3297,20184104725,0,0,375803854318,1167341890736,48760681872
80,false,M3,"4. VND NNI->SPR (Classic)",87,true,589.0000,255456.6179,23850037292,0,0,231602065286,746555181440,40011203320
80,false,M3,"4. VND NNI->SPR (Classic)",88,true,744.0000,365939.8453,26844360855,0,0,339089739227,1070183652696,39357972952
80,false,M3,"4. VND NNI->SPR (Classic)",89,true,661.0000,419683.3647,18009857031,0,0,401668674508,1223780592992,29330759128
80,false,M3,"4. VND NNI->SPR (Classic)",90,true,642.0000,37864.1703,37859312992,0,0,0,109446639504,29328261728
80,false,M3,"4. VND NNI->SPR (Classic)",91,true,577.0000,176429.5622,28287943279,0,0,148136957333,510867915872,21736526424
80,false,M3,"4. VND NNI->SPR (Classic)",92,true,751.0000,536139.6176,13460897386,0,0,522673539781,1543444135624,32354761176
80,false,M3,"4. VND NNI->SPR (Classic)",93,true,739.0000,124880.2272,39971826971,0,0,84903121760,362676414904,34392323304
80,false,M3,"4. VND NNI->SPR (Classic)",94,true,709.0000,437196.9238,20733519638,0,0,416458205061,1260501047040,39346455744
80,false,M3,"4. VND NNI->SPR (Classic)",95,true,652.0000,441943.5227,14901870953,0,0,427036897708,1284950275352,44760564728
80,false,M3,"4. VND NNI->SPR (Classic)",96,true,706.0000,417808.7713,17125948840,0,0,400677912827,1218090140992,45617856984
80,false,M3,"4. VND NNI->SPR (Classic)",97,true,676.0000,40820.9942,40815777811,0,0,0,115579354640,28120551176
80,false,M3,"4. VND NNI->SPR (Classic)",98,true,815.0000,616502.0850,10368423065,0,0,606128327513,1773886383392,45806572616
80,false,M3,"4. VND NNI->SPR (Classic)",99,true,689.0000,331241.0723,22347041518,0,0,308888703111,969638519632,37863599672
80,false,M3,"4. VND NNI->SPR (Classic)",100,true,647.0000,442257.4950,18432501362,0,0,423820335337,1291555816240,30185657120
80,false,M3,"5. VND NNI->ECR->SPR (Inc)",1,true,533.0000,27357.4940,14632940229,12723931749,0,0,27663572504,10423394824
80,false,M3,"5. VND NNI->ECR->SPR (Inc)",2,true,612.0000,171540.3272,13303004937,24617608448,133619073270,0,232189531784,10345628576
80,false,M3,"5. VND NNI->ECR->SPR (Inc)",3,true,620.0000,40176.5177,15558479234,24617417144,0,0,44623423312,10337504024
80,false,M3,"5. VND NNI->ECR->SPR (Inc)",4,true,640.0000,20493.5229,20492940548,0,0,0,13852281888,10345299232
80,false,M3,"5. VND NNI->ECR->SPR (Inc)",5,true,615.0000,19921.8809,19921307910,0,0,0,13359484416,10352151376
80,false,M3,"5. VND NNI->ECR->SPR (Inc)",6,true,584.0000,51498.7063,11212595611,40285505260,0,0,63904895864,10352628560
80,false,M3,"5. VND NNI->ECR->SPR (Inc)",7,true,552.0000,64488.9112,6700070397,57788244395,0,0,86129424920,10358434632
80,false,M3,"5. VND NNI->ECR->SPR (Inc)",8,true,580.0000,31479.1886,15960754343,15517818857,0,0,32394820976,10352984856
80,false,M3,"5. VND NNI->ECR->SPR (Inc)",9,true,624.0000,72147.5679,7134739533,65012218000,0,0,93530947720,10351276840
80,false,M3,"5. VND NNI->ECR->SPR (Inc)",10,true,696.0000,78508.8159,7677307376,70830889038,0,0,102359680584,10352340072
80,false,M3,"5. VND NNI->ECR->SPR (Inc)",11,true,617.0000,46045.1270,13236104787,32808428143,0,0,54742929824,10359301520
80,false,M3,"5. VND NNI->ECR->SPR (Inc)",12,true,736.0000,73173.6858,11037204119,62135900918,0,0,96168608848,10351877176
80,false,M3,"5. VND NNI->ECR->SPR (Inc)",13,true,551.0000,180952.2333,9935637064,31250902856,139765073452,0,259831986000,10353172832
80,false,M3,"5. VND NNI->ECR->SPR (Inc)",14,true,600.0000,70585.0548,7399608220,63184862902,0,0,90550654120,10351917144
80,false,M3,"5. VND NNI->ECR->SPR (Inc)",15,true,501.0000,16175.9477,16175344511,0,0,0,10921595528,10360827944
80,false,M3,"5. VND NNI->ECR->SPR (Inc)",16,true,513.0000,27019.3777,14028128234,12990658237,0,0,28345774928,10360952360
80,false,M3,"5. VND NNI->ECR->SPR (Inc)",17,true,564.0000,26625.3433,16079791663,10544949229,0,0,26403851760,10349099512
80,false,M3,"5. VND NNI->ECR->SPR (Inc)",18,true,610.0000,90623.7180,16887461416,9403800148,64331827853,0,121691827720,10351981488
80,false,M3,"5. VND NNI->ECR->SPR (Inc)",19,true,652.0000,47641.9459,14200890296,33440402195,0,0,57167032792,10352728536
80,false,M3,"5. VND NNI->ECR->SPR (Inc)",20,true,631.0000,20256.7658,20256169286,0,0,0,13696344384,10359925088
80,false,M3,"5. VND NNI->ECR->SPR (Inc)",21,true,583.0000,18717.7075,18717127570,0,0,0,12679133704,10360029024
80,false,M3,"5. VND NNI->ECR->SPR (Inc)",22,true,649.0000,116714.1236,11527254284,44293154711,60893105713,0,157374307000,10358518792
80,false,M3,"5. VND NNI->ECR->SPR (Inc)",23,true,588.0000,18842.3805,18841787129,0,0,0,12762142560,10349515064
80,false,M3,"5. VND NNI->ECR->SPR (Inc)",24,true,624.0000,177705.6259,12072712291,36234243085,129398064530,0,246610867040,10350986136
80,false,M3,"5. VND NNI->ECR->SPR (Inc)",25,true,615.0000,19830.8882,19830322935,0,0,0,13358224224,10356325240
80,false,M3,"5. VND NNI->ECR->SPR (Inc)",26,true,517.0000,16522.7012,16522131074,0,0,0,11269832024,10356408696
80,false,M3,"5. VND NNI->ECR->SPR (Inc)",27,true,701.0000,54035.5189,14975280827,39059656804,0,0,64293782584,10354629240
80,false,M3,"5. VND NNI->ECR->SPR (Inc)",28,true,641.0000,20436.7003,20436135796,0,0,0,13882018336,10355439712
80,false,M3,"5. VND NNI->ECR->SPR (Inc)",29,true,604.0000,19641.8875,19641305125,0,0,0,13110057144,10360721624
80,false,M3,"5. VND NNI->ECR->SPR (Inc)",30,true,665.0000,64441.1342,10429961406,54010557135,0,0,82900669440,10361033432
80,false,M3,"5. VND NNI->ECR->SPR (Inc)",31,true,750.0000,85718.9636,9361867503,76356457064,0,0,108982732592,10355704432
80,false,M3,"5. VND NNI->ECR->SPR (Inc)",32,true,574.0000,44118.3472,12017336612,32100405492,0,0,54009196312,10357182744
80,false,M3,"5. VND NNI->ECR->SPR (Inc)",33,true,629.0000,78558.4112,6541430269,72016387613,0,0,102402176032,10355704376
80,false,M3,"5. VND NNI->ECR->SPR (Inc)",34,true,794.0000,83260.8012,11751237565,71508968370,0,0,104158096456,10355721784
80,false,M3,"5. VND NNI->ECR->SPR (Inc)",35,true,670.0000,39201.9282,17207588608,21993729626,0,0,42960629472,10361411208
80,false,M3,"5. VND NNI->ECR->SPR (Inc)",36,true,666.0000,66502.0666,10355521463,56145949211,0,0,84834010416,10354668376
80,false,M3,"5. VND NNI->ECR->SPR (Inc)",37,true,571.0000,46804.4291,11680995062,35122829470,0,0,58580268544,10356279424
80,false,M3,"5. VND NNI->ECR->SPR (Inc)",38,true,575.0000,36893.0304,14080086531,22812343567,0,0,41938709616,10356180840
80,false,M3,"5. VND NNI->ECR->SPR (Inc)",39,true,645.0000,60397.9467,11014924377,49382414628,0,0,77380532056,10354247816
80,false,M3,"5. VND NNI->ECR->SPR (Inc)",40,true,589.0000,50814.0031,11217247200,39596150308,0,0,63435528920,10353559192
80,false,M3,"5. VND NNI->ECR->SPR (Inc)",41,true,557.0000,27096.0611,16271621765,10823841139,0,0,25420799496,10358230184
80,false,M3,"5. VND NNI->ECR->SPR (Inc)",42,true,780.0000,25177.8295,25177255643,0,0,0,16849609992,10359463152
80,false,M3,"5. VND NNI->ECR->SPR (Inc)",43,true,516.0000,196651.0410,12163857704,10062874501,174423690846,0,286225782944,10360664816
80,false,M3,"5. VND NNI->ECR->SPR (Inc)",44,true,817.0000,88263.2128,8396945152,30206144435,43532573879,6126901950,112575283064,10353411080
80,false,M3,"5. VND NNI->ECR->SPR (Inc)",45,true,696.0000,62492.7320,12267032887,50225125992,0,0,78801995696,10355979536
80,false,M3,"5. VND NNI->ECR->SPR (Inc)",46,true,637.0000,20391.6216,20391049527,0,0,0,13873787296,10364123208
80,false,M3,"5. VND NNI->ECR->SPR (Inc)",47,true,563.0000,49406.7059,10464638626,38941455774,0,0,60928482720,10364233288
80,false,M3,"5. VND NNI->ECR->SPR (Inc)",48,true,677.0000,56002.8955,13202046429,42800236275,0,0,69586018032,10360601480
80,false,M3,"5. VND NNI->ECR->SPR (Inc)",49,true,612.0000,42269.5826,14209038755,28059907651,0,0,48788644912,10354989032
80,false,M3,"5. VND NNI->ECR->SPR (Inc)",50,true,606.0000,31899.7593,16545315167,15353833517,0,0,32937243096,10355100840
80,false,M3,"5. VND NNI->ECR->SPR (Inc)",51,true,635.0000,61667.9265,9896982406,51770327237,0,0,78920446264,10355440968
80,false,M3,"5. VND NNI->ECR->SPR (Inc)",52,true,626.0000,36388.9249,16480173303,19908149664,0,0,38682415960,10358844520
80,false,M3,"5. VND NNI->ECR->SPR (Inc)",53,true,573.0000,64465.9939,7582461278,56882928802,0,0,80174415872,10355821608
80,false,M3,"5. VND NNI->ECR->SPR (Inc)",54,true,610.0000,64714.0868,8173615515,56539873607,0,0,84979743488,10355911304
80,false,M3,"5. VND NNI->ECR->SPR (Inc)",55,true,543.0000,28258.1881,14949516196,13308064769,0,0,29058406312,10360454424
80,false,M3,"5. VND NNI->ECR->SPR (Inc)",56,true,712.0000,78075.0397,8729372486,69345066429,0,0,101402207656,10357757472
80,false,M3,"5. VND NNI->ECR->SPR (Inc)",57,true,613.0000,46731.1321,13078077902,33652436547,0,0,57254512352,10364629144
80,false,M3,"5. VND NNI->ECR->SPR (Inc)",58,true,633.0000,20287.7973,20287233826,0,0,0,13739085992,10363531624
80,false,M3,"5. VND NNI->ECR->SPR (Inc)",59,true,535.0000,49924.9412,8973790076,40950561568,0,0,63956920864,10363531624
80,false,M3,"5. VND NNI->ECR->SPR (Inc)",60,true,663.0000,78489.2996,7797808955,70690873329,0,0,99408189984,10356775424
80,false,M3,"5. VND NNI->ECR->SPR (Inc)",61,true,657.0000,76988.4743,7623533301,69364344267,0,0,99180772336,10357723072
80,false,M3,"5. VND NNI->ECR->SPR (Inc)",62,true,558.0000,50150.7420,9710120101,40440009245,0,0,62227682608,10360249144
80,false,M3,"5. VND NNI->ECR->SPR (Inc)",63,true,675.0000,49792.6293,14862578067,34929423657,0,0,59100404144,10356647592
80,false,M3,"5. VND NNI->ECR->SPR (Inc)",64,true,615.0000,234411.8762,8731150835,40427128487,185252937039,0,324557819032,10358250064
80,false,M3,"5. VND NNI->ECR->SPR (Inc)",65,true,580.0000,18609.1432,18608544169,0,0,0,12567513664,10358486576
80,false,M3,"5. VND NNI->ECR->SPR (Inc)",66,true,707.0000,75547.3672,9337175619,66209616868,0,0,99399933072,10359079984
80,false,M3,"5. VND NNI->ECR->SPR (Inc)",67,true,629.0000,65419.8688,10257739452,55161501640,0,0,78030549352,10359199608
80,false,M3,"5. VND NNI->ECR->SPR (Inc)",68,true,587.0000,38942.6686,13644901416,25297161593,0,0,45036458848,10360281936
80,false,M3,"5. VND NNI->ECR->SPR (Inc)",69,true,562.0000,31293.6410,14781990939,16511056298,0,0,33370925608,10354314080
80,false,M3,"5. VND NNI->ECR->SPR (Inc)",70,true,555.0000,17487.6849,17487085743,0,0,0,12047293592,10359152936
80,false,M3,"5. VND NNI->ECR->SPR (Inc)",71,true,708.0000,78078.2788,9394458678,68683229869,0,0,100726175640,10359152936
80,false,M3,"5. VND NNI->ECR->SPR (Inc)",72,true,718.0000,73904.2428,10247969110,63655626368,0,0,95686277864,10358642568
80,false,M3,"5. VND NNI->ECR->SPR (Inc)",73,true,659.0000,21155.6913,21155082247,0,0,0,14305931792,10362309048
80,false,M3,"5. VND NNI->ECR->SPR (Inc)",74,true,569.0000,310994.0924,6170036557,44638190154,260185248839,0,437938181616,10364136888
80,false,M3,"5. VND NNI->ECR->SPR (Inc)",75,true,583.0000,18880.3381,18879749256,0,0,0,12644021536,10357506312
80,false,M3,"5. VND NNI->ECR->SPR (Inc)",76,true,557.0000,239694.6367,11494720454,20586131541,207613171318,0,339001924464,10359296264
80,false,M3,"5. VND NNI->ECR->SPR (Inc)",77,true,674.0000,58109.4538,12398603063,45710262109,0,0,71167456112,10360428712
80,false,M3,"5. VND NNI->ECR->SPR (Inc)",78,true,741.0000,23627.3418,23626737732,0,0,0,15970228144,10371191040
80,false,M3,"5. VND NNI->ECR->SPR (Inc)",79,true,590.0000,18964.7759,18964174693,0,0,0,12842054448,10371261184
80,false,M3,"5. VND NNI->ECR->SPR (Inc)",80,true,663.0000,67920.2783,9930859750,57988807230,0,0,86219244368,10368006184
80,false,M3,"5. VND NNI->ECR->SPR (Inc)",81,true,553.0000,51353.0144,9499114172,41853310492,0,0,65800479584,10362733264
80,false,M3,"5. VND NNI->ECR->SPR (Inc)",82,true,624.0000,63695.9014,8997459844,54697859588,0,0,82609318656,10361939416
80,false,M3,"5. VND NNI->ECR->SPR (Inc)",83,true,597.0000,73546.4399,6546471426,66999347410,0,0,95898361928,10362516664
80,false,M3,"5. VND NNI->ECR->SPR (Inc)",84,true,537.0000,31630.5987,13834251476,17795759293,0,0,34741526640,10365142984
80,false,M3,"5. VND NNI->ECR->SPR (Inc)",85,true,581.0000,236963.5706,13286740626,15652719020,208023455032,0,318678409208,10359776984
80,false,M3,"5. VND NNI->ECR->SPR (Inc)",86,true,698.0000,69126.8650,10599939134,58526328622,0,0,89886834152,10364565416
80,false,M3,"5. VND NNI->ECR->SPR (Inc)",87,true,538.0000,41374.3791,11367729493,30006025636,0,0,49978462224,10366053552
80,false,M3,"5. VND NNI->ECR->SPR (Inc)",88,true,637.0000,50478.0942,13132756584,37344751410,0,0,61623448648,10363524984
80,false,M3,"5. VND NNI->ECR->SPR (Inc)",89,true,600.0000,200428.1359,10169752199,36180545068,154077214268,0,284980781304,10365118872
80,false,M3,"5. VND NNI->ECR->SPR (Inc)",90,true,630.0000,20436.2008,20435612902,0,0,0,13678559536,10364895184
80,false,M3,"5. VND NNI->ECR->SPR (Inc)",91,true,500.0000,195511.2028,9954426329,20266727842,165289413186,0,283025195368,10366255056
80,false,M3,"5. VND NNI->ECR->SPR (Inc)",92,true,612.0000,55701.6078,10114214418,45586824008,0,0,72005138344,10366803832
80,false,M3,"5. VND NNI->ECR->SPR (Inc)",93,true,718.0000,22887.6581,22887043654,0,0,0,15492077600,10371576728
80,false,M3,"5. VND NNI->ECR->SPR (Inc)",94,true,652.0000,65949.8205,10251374465,55697878105,0,0,84662340912,10372107160
80,false,M3,"5. VND NNI->ECR->SPR (Inc)",95,true,589.0000,63632.8784,7661204943,55971045256,0,0,83692748072,10368091344
80,false,M3,"5. VND NNI->ECR->SPR (Inc)",96,true,582.0000,69436.3561,10130912173,43169284069,16135547447,0,91587237048,10368091344
80,false,M3,"5. VND NNI->ECR->SPR (Inc)",97,true,628.0000,20315.1300,20314521664,0,0,0,13620706968,10369540464
80,false,M3,"5. VND NNI->ECR->SPR (Inc)",98,true,612.0000,78393.7600,5761941766,72631219431,0,0,101372472104,10369676520
80,false,M3,"5. VND NNI->ECR->SPR (Inc)",99,true,601.0000,28738.1615,17022486949,11715042821,0,0,28288217808,10374168448
80,false,M3,"5. VND NNI->ECR->SPR (Inc)",100,true,591.0000,18874.7590,18874172715,0,0,0,12841583592,10369398640
80,false,M3,"6. VND NNI->SPR (Inc)",1,true,603.0000,16568.5271,14454891221,0,0,2112380651,11593308256,10375787560
80,false,M3,"6. VND NNI->SPR (Inc)",2,true,816.0000,17934.0562,8402575652,0,0,9530889655,12868594992,10342233128
80,false,M3,"6. VND NNI->SPR (Inc)",3,true,655.0000,18317.0853,15421395360,0,0,2895098751,12768897696,10346411744
80,false,M3,"6. VND NNI->SPR (Inc)",4,true,640.0000,20495.1205,20494559027,0,0,0,13852281888,10346411744
80,false,M3,"6. VND NNI->SPR (Inc)",5,true,615.0000,19902.3317,19901765560,0,0,0,13359484416,10349640192
80,false,M3,"6. VND NNI->SPR (Inc)",6,true,612.0000,16726.0126,11373427737,0,0,5351980985,12016764440,10349640192
80,false,M3,"6. VND NNI->SPR (Inc)",7,true,656.0000,15184.9901,6814924796,0,0,8369472808,11272592248,10347843744
80,false,M3,"6. VND NNI->SPR (Inc)",8,true,628.0000,18177.1249,15946949232,0,0,2229583354,12548319496,10345199272
80,false,M3,"6. VND NNI->SPR (Inc)",9,true,865.0000,16717.3304,7166741821,0,0,9549989719,11618064232,10345199272
80,false,M3,"6. VND NNI->SPR (Inc)",10,true,710.0000,16430.5462,7617837161,0,0,8812115232,11921521744,10343534784
80,false,M3,"6. VND NNI->SPR (Inc)",11,true,677.0000,17836.2354,13248429610,0,0,4587226137,12610186008,10341440208
80,false,M3,"6. VND NNI->SPR (Inc)",12,true,799.0000,17738.1925,11063843409,0,0,6673771315,12656121536,10347117720
80,false,M3,"6. VND NNI->SPR (Inc)",13,true,709.0000,16131.5408,7626276680,0,0,8504696342,11771772952,10347117720
80,false,M3,"6. VND NNI->SPR (Inc)",14,true,737.0000,17295.4336,7345129093,0,0,9949727178,12581332736,10345598768
80,false,M3,"6. VND NNI->SPR (Inc)",15,true,501.0000,16169.0212,16168424686,0,0,0,10921595528,10344502096
80,false,M3,"6. VND NNI->SPR (Inc)",16,true,538.0000,15850.9116,13911322218,0,0,1938989090,11166447896,10342453312
80,false,M3,"6. VND NNI->SPR (Inc)",17,true,578.0000,17830.3572,16076377495,0,0,1753381247,12505116288,10348993888
80,false,M3,"6. VND NNI->SPR (Inc)",18,true,681.0000,20114.1561,16941802354,0,0,3171763884,14081724784,10348993888
80,false,M3,"6. VND NNI->SPR (Inc)",19,true,652.0000,18169.7922,14321404310,0,0,3847748772,12715631288,10347720552
80,false,M3,"6. VND NNI->SPR (Inc)",20,true,631.0000,20283.5615,20282978319,0,0,0,13696344384,10350457512
80,false,M3,"6. VND NNI->SPR (Inc)",21,true,583.0000,18953.5093,18952938650,0,0,0,12679133704,10350457512
80,false,M3,"6. VND NNI->SPR (Inc)",22,true,832.0000,17612.8330,9343729951,0,0,8268506554,12710864408,10348349208
80,false,M3,"6. VND NNI->SPR (Inc)",23,true,588.0000,18767.4007,18766809225,0,0,0,12762142560,10346584600
80,false,M3,"6. VND NNI->SPR (Inc)",24,true,796.0000,19075.5626,11894467115,0,0,7180502881,13642315976,10344601856
80,false,M3,"6. VND NNI->SPR (Inc)",25,true,615.0000,19949.3613,19948813335,0,0,0,13358209464,10347439504
80,false,M3,"6. VND NNI->SPR (Inc)",26,true,517.0000,16463.0611,16462480453,0,0,0,11269819616,10347439504
80,false,M3,"6. VND NNI->SPR (Inc)",27,true,794.0000,20016.3448,15033896576,0,0,4981859619,13946383536,10345334960
80,false,M3,"6. VND NNI->SPR (Inc)",28,true,641.0000,20473.4364,20472870701,0,0,0,13882002952,10349421320
80,false,M3,"6. VND NNI->SPR (Inc)",29,true,604.0000,19376.2981,19375738078,0,0,0,13110042648,10349421320
80,false,M3,"6. VND NNI->SPR (Inc)",30,true,793.0000,19444.8498,10311807751,0,0,9132454994,14338662984,10346972760
80,false,M3,"6. VND NNI->SPR (Inc)",31,true,836.0000,19593.5667,9366812869,0,0,10226128890,13557117824,10341544424
80,false,M3,"6. VND NNI->SPR (Inc)",32,true,692.0000,16817.1789,12157931753,0,0,4658659096,11685205768,10346662152
80,false,M3,"6. VND NNI->SPR (Inc)",33,true,751.0000,16686.4801,6645602664,0,0,10040308092,12099006720,10346664712
80,false,M3,"6. VND NNI->SPR (Inc)",34,true,873.0000,20892.3990,11814671873,0,0,9077148164,14798307976,10344174424
80,false,M3,"6. VND NNI->SPR (Inc)",35,true,710.0000,20437.5921,17201583567,0,0,3235411066,14161335912,10348637640
80,false,M3,"6. VND NNI->SPR (Inc)",36,true,761.0000,17577.0069,10433629659,0,0,7142773108,12492328856,10348637640
80,false,M3,"6. VND NNI->SPR (Inc)",37,true,651.0000,17065.9880,11580336201,0,0,5485065720,12602285400,10345972520
80,false,M3,"6. VND NNI->SPR (Inc)",38,true,593.0000,17005.5771,13939094034,0,0,3065889044,12137149960,10344171024
80,false,M3,"6. VND NNI->SPR (Inc)",39,true,786.0000,18913.3984,11124097540,0,0,7788702977,13516816040,10341528672
80,false,M3,"6. VND NNI->SPR (Inc)",40,true,641.0000,17039.3395,11140474575,0,0,5898259521,12436458920,10345992864
80,false,M3,"6. VND NNI->SPR (Inc)",41,true,565.0000,17778.6303,16135677820,0,0,1642381361,12121071856,10345992864
80,false,M3,"6. VND NNI->SPR (Inc)",42,true,780.0000,25009.1574,25008603499,0,0,0,16849591272,10350891728
80,false,M3,"6. VND NNI->SPR (Inc)",43,true,613.0000,16223.7219,10300521678,0,0,5922608997,11741094632,10350891728
80,false,M3,"6. VND NNI->SPR (Inc)",44,true,838.0000,18666.2359,8196904494,0,0,10468735882,13458393896,10346328072
80,false,M3,"6. VND NNI->SPR (Inc)",45,true,686.0000,17222.7124,12259026653,0,0,4963060186,12191342072,10345034120
80,false,M3,"6. VND NNI->SPR (Inc)",46,true,637.0000,20678.2359,20677672487,0,0,0,13873772008,10348519048
80,false,M3,"6. VND NNI->SPR (Inc)",47,true,636.0000,17146.8548,10486374998,0,0,6659858886,12578403128,10348519048
80,false,M3,"6. VND NNI->SPR (Inc)",48,true,731.0000,17773.2706,13435109281,0,0,4337583013,12282433504,10346295272
80,false,M3,"6. VND NNI->SPR (Inc)",49,true,644.0000,17357.6616,14246707623,0,0,3110369165,12277518808,10344462296
80,false,M3,"6. VND NNI->SPR (Inc)",50,true,622.0000,18453.6990,16481071590,0,0,1972018444,12888835216,10348755288
80,false,M3,"6. VND NNI->SPR (Inc)",51,true,693.0000,17327.9175,9866728313,0,0,7460582598,12614365800,10348755288
80,false,M3,"6. VND NNI->SPR (Inc)",52,true,662.0000,19055.5286,16407090063,0,0,2647854659,13320729064,10345035984
80,false,M3,"6. VND NNI->SPR (Inc)",53,true,663.0000,14729.9781,7565033821,0,0,7164364960,10998101488,10345035984
80,false,M3,"6. VND NNI->SPR (Inc)",54,true,702.0000,16221.9241,8161483741,0,0,8059860917,12148157928,10342880760
80,false,M3,"6. VND NNI->SPR (Inc)",55,true,559.0000,16459.9343,14847293139,0,0,1612050809,11585366792,10348447416
80,false,M3,"6. VND NNI->SPR (Inc)",56,true,741.0000,18681.8021,8704842113,0,0,9976364746,13709008272,10348447416
80,false,M3,"6. VND NNI->SPR (Inc)",57,true,657.0000,19075.6805,13121357537,0,0,5953738799,13660092408,10344922512
80,false,M3,"6. VND NNI->SPR (Inc)",58,true,633.0000,20424.5484,20423980122,0,0,0,13739070800,10350159768
80,false,M3,"6. VND NNI->SPR (Inc)",59,true,564.0000,15292.9554,8972043296,0,0,6320316438,11451200336,10350159768
80,false,M3,"6. VND NNI->SPR (Inc)",60,true,788.0000,16885.9419,7838927373,0,0,9046432496,12076701648,10341997064
80,false,M3,"6. VND NNI->SPR (Inc)",61,true,732.0000,17305.9697,7613752804,0,0,9691647645,12439038752,10345170016
80,false,M3,"6. VND NNI->SPR (Inc)",62,true,629.0000,15785.7602,9723308426,0,0,6061869964,11512957128,10345170016
80,false,M3,"6. VND NNI->SPR (Inc)",63,true,721.0000,19956.9697,14969622353,0,0,4986755778,13875764744,10343677624
80,false,M3,"6. VND NNI->SPR (Inc)",64,true,815.0000,18918.2056,8206609518,0,0,10711030514,13279077112,10341467216
80,false,M3,"6. VND NNI->SPR (Inc)",65,true,580.0000,18526.6516,18526048346,0,0,0,12567499744,10345300888
80,false,M3,"6. VND NNI->SPR (Inc)",66,true,764.0000,18247.9003,9147580787,0,0,9099739934,13308649808,10345300888
80,false,M3,"6. VND NNI->SPR (Inc)",67,true,741.0000,17893.1571,10279139048,0,0,7613359695,12859140032,10341688624
80,false,M3,"6. VND NNI->SPR (Inc)",68,true,617.0000,16827.9295,13779598034,0,0,3047737777,11700028864,10347165992
80,false,M3,"6. VND NNI->SPR (Inc)",69,true,592.0000,17595.2725,15052635625,0,0,2542059405,12207731576,10347165992
80,false,M3,"6. VND NNI->SPR (Inc)",70,true,555.0000,17679.8547,17679277395,0,0,0,12047280272,10346370216
80,false,M3,"6. VND NNI->SPR (Inc)",71,true,791.0000,18810.1136,9370119873,0,0,9439408325,13607457328,10344973304
80,false,M3,"6. VND NNI->SPR (Inc)",72,true,777.0000,18605.4450,10155746123,0,0,8449096032,13181990800,10341691432
80,false,M3,"6. VND NNI->SPR (Inc)",73,true,659.0000,21288.0984,21287511355,0,0,0,14305915976,10346247072
80,false,M3,"6. VND NNI->SPR (Inc)",74,true,935.0000,17670.9103,5975810159,0,0,11694496937,12611980208,10346247072
80,false,M3,"6. VND NNI->SPR (Inc)",75,true,583.0000,19069.2589,19068660779,0,0,0,12644007544,10349247408
80,false,M3,"6. VND NNI->SPR (Inc)",76,true,678.0000,18240.4707,11340599096,0,0,6899275434,13179252200,10349247408
80,false,M3,"6. VND NNI->SPR (Inc)",77,true,778.0000,19276.6340,12591734084,0,0,6684307836,13576156416,10345285784
80,false,M3,"6. VND NNI->SPR (Inc)",78,true,741.0000,23663.4659,23662871517,0,0,0,15970210360,10350638296
80,false,M3,"6. VND NNI->SPR (Inc)",79,true,590.0000,18959.3927,18958821790,0,0,0,12842040288,10350638296
80,false,M3,"6. VND NNI->SPR (Inc)",80,true,831.0000,19111.3878,9768785855,0,0,9341994977,13943049448,10346732912
80,false,M3,"6. VND NNI->SPR (Inc)",81,true,612.0000,16136.7089,9410531979,0,0,6725613469,11972459104,10341800304
80,false,M3,"6. VND NNI->SPR (Inc)",82,true,733.0000,17338.6557,8961103271,0,0,8376982418,12372633712,10341583896
80,false,M3,"6. VND NNI->SPR (Inc)",83,true,727.0000,17103.2239,6685977050,0,0,10416636896,12581217176,10341507040
80,false,M3,"6. VND NNI->SPR (Inc)",84,true,526.0000,15696.4527,13743597859,0,0,1952279159,11096506312,10344477856
80,false,M3,"6. VND NNI->SPR (Inc)",85,true,802.0000,16572.1366,8071357901,0,0,8500168870,12078880600,10344477856
80,false,M3,"6. VND NNI->SPR (Inc)",86,true,795.0000,18754.7129,10451861133,0,0,8302280934,13360662952,10343986832
80,false,M3,"6. VND NNI->SPR (Inc)",87,true,573.0000,15692.4579,11448770894,0,0,4243076173,11353357736,10341501008
80,false,M3,"6. VND NNI->SPR (Inc)",88,true,683.0000,18831.4485,13133724903,0,0,5697141014,13670737008,10347082688
80,false,M3,"6. VND NNI->SPR (Inc)",89,true,731.0000,16910.1729,9053801330,0,0,7855800080,12367255792,10347082688
80,false,M3,"6. VND NNI->SPR (Inc)",90,true,630.0000,20420.7735,20420202796,0,0,0,13678544416,10350903752
80,false,M3,"6. VND NNI->SPR (Inc)",91,true,634.0000,16387.9346,8550519345,0,0,7836815006,12227500728,10350903752
80,false,M3,"6. VND NNI->SPR (Inc)",92,true,679.0000,17398.2788,10225218000,0,0,7172478723,12585376272,10346832976
80,false,M3,"6. VND NNI->SPR (Inc)",93,true,718.0000,22833.5943,22832986659,0,0,0,15492060368,10352994168
80,false,M3,"6. VND NNI->SPR (Inc)",94,true,678.0000,17649.2751,10248109807,0,0,7400592493,12939155880,10352994168
80,false,M3,"6. VND NNI->SPR (Inc)",95,true,647.0000,15491.4754,7578779413,0,0,7912096103,11513811472,10342173960
80,false,M3,"6. VND NNI->SPR (Inc)",96,true,696.0000,16326.7131,8164034251,0,0,8162122064,11810241608,10341564344
80,false,M3,"6. VND NNI->SPR (Inc)",97,true,628.0000,20372.0790,20371477282,0,0,0,13620691896,10344533008
80,false,M3,"6. VND NNI->SPR (Inc)",98,true,805.0000,16223.5855,5812242571,0,0,10410742055,11478405688,10344533008
80,false,M3,"6. VND NNI->SPR (Inc)",99,true,611.0000,18937.8535,17311048220,0,0,1626200124,12942039264,10348931376
80,false,M3,"6. VND NNI->SPR (Inc)",100,true,591.0000,18995.0278,18994453373,0,0,0,12841569408,10348931376
