Size,IsRooted,Metric,Variant,PairIndex,Success,Distance,TotalTimeMs,NniTimeNs,Ecr2TimeNs,Ecr3TimeNs,SprTimeNs,AllocBytes,PeakRamBytes
120,true,RFCluster,"1. NNI (Classic)",1,false,Infinity,33.9406,0,0,0,0,26529744,42880792
120,true,RFCluster,"1. NNI (Classic)",2,false,Infinity,25.7300,0,0,0,0,26424224,76435224
120,true,RFCluster,"1. NNI (Classic)",3,false,Infinity,48.1826,0,0,0,0,44126048,109989656
120,true,RFCluster,"1. NNI (Classic)",4,false,Infinity,41.4591,0,0,0,0,43594864,177098520
120,true,RFCluster,"1. NNI (Classic)",5,false,Infinity,35.0825,0,0,0,0,43885416,210652952
120,true,RFCluster,"1. NNI (Classic)",6,false,Infinity,34.5338,0,0,0,0,43536320,277761816
120,true,RFCluster,"1. NNI (Classic)",7,false,Infinity,21.9459,0,0,0,0,26202968,277761816
120,true,RFCluster,"1. NNI (Classic)",8,false,Infinity,23.0619,0,0,0,0,26857416,311316248
120,true,RFCluster,"1. NNI (Classic)",9,false,Infinity,36.4026,0,0,0,0,43408128,344870680
120,true,RFCluster,"1. NNI (Classic)",10,false,Infinity,22.5182,0,0,0,0,26376848,378425112
120,true,RFCluster,"1. NNI (Classic)",11,false,Infinity,22.3396,0,0,0,0,26768864,411979544
120,true,RFCluster,"1. NNI (Classic)",12,false,Infinity,34.8960,0,0,0,0,43926456,445533976
120,true,RFCluster,"1. NNI (Classic)",13,false,Infinity,21.9580,0,0,0,0,26319008,479088408
120,true,RFCluster,"1. NNI (Classic)",14,false,Infinity,33.8084,0,0,0,0,43445568,512642840
120,true,RFCluster,"1. NNI (Classic)",15,false,Infinity,21.3181,0,0,0,0,26279384,546197272
120,true,RFCluster,"1. NNI (Classic)",16,false,Infinity,23.9710,0,0,0,0,26197296,579751704
120,true,RFCluster,"1. NNI (Classic)",17,false,Infinity,21.5375,0,0,0,0,26513160,613306136
120,true,RFCluster,"1. NNI (Classic)",18,false,Infinity,62.7916,0,0,0,0,77590000,680415000
120,true,RFCluster,"1. NNI (Classic)",19,false,Infinity,22.3268,0,0,0,0,26459640,713969432
120,true,RFCluster,"1. NNI (Classic)",20,false,Infinity,35.5055,0,0,0,0,42953696,747523864
120,true,RFCluster,"1. NNI (Classic)",21,false,Infinity,50.1101,0,0,0,0,61229720,814632728
120,true,RFCluster,"1. NNI (Classic)",22,false,Infinity,23.4434,0,0,0,0,26339992,854714696
120,true,RFCluster,"1. NNI (Classic)",23,false,Infinity,21.7632,0,0,0,0,26004232,49408328
120,true,RFCluster,"1. NNI (Classic)",24,false,Infinity,19.4291,0,0,0,0,26246816,49408328
120,true,RFCluster,"1. NNI (Classic)",25,false,Infinity,15.6186,0,0,0,0,26599816,82962760
120,true,RFCluster,"1. NNI (Classic)",26,false,Infinity,14.4341,0,0,0,0,26376272,116517192
120,true,RFCluster,"1. NNI (Classic)",27,false,Infinity,26.6699,0,0,0,0,42943336,150071624
120,true,RFCluster,"1. NNI (Classic)",28,false,Infinity,15.7557,0,0,0,0,26407040,183626056
120,true,RFCluster,"1. NNI (Classic)",29,false,Infinity,17.0225,0,0,0,0,26353696,217180488
120,true,RFCluster,"1. NNI (Classic)",30,false,Infinity,23.9455,0,0,0,0,43556616,250734920
120,true,RFCluster,"1. NNI (Classic)",31,false,Infinity,15.1070,0,0,0,0,26837360,284289352
120,true,RFCluster,"1. NNI (Classic)",32,false,Infinity,15.3028,0,0,0,0,27052848,317843784
120,true,RFCluster,"1. NNI (Classic)",33,false,Infinity,15.2140,0,0,0,0,26394944,351398216
120,true,RFCluster,"1. NNI (Classic)",34,false,Infinity,15.0355,0,0,0,0,26391992,351398216
120,true,RFCluster,"1. NNI (Classic)",35,false,Infinity,15.4076,0,0,0,0,26089456,384952648
120,true,RFCluster,"1. NNI (Classic)",36,false,Infinity,16.0533,0,0,0,0,26397424,418507080
120,true,RFCluster,"1. NNI (Classic)",37,false,Infinity,16.0683,0,0,0,0,26064448,452061512
120,true,RFCluster,"1. NNI (Classic)",38,false,Infinity,31.8715,0,0,0,0,61092296,519170376
120,true,RFCluster,"1. NNI (Classic)",39,false,Infinity,15.3235,0,0,0,0,27047000,519170376
120,true,RFCluster,"1. NNI (Classic)",40,false,Infinity,33.1870,0,0,0,0,60545032,586279240
120,true,RFCluster,"1. NNI (Classic)",41,false,Infinity,30.8182,0,0,0,0,60272048,653388104
120,true,RFCluster,"1. NNI (Classic)",42,false,Infinity,15.4029,0,0,0,0,26849320,686942536
120,true,RFCluster,"1. NNI (Classic)",43,false,Infinity,14.6563,0,0,0,0,26346976,720496968
120,true,RFCluster,"1. NNI (Classic)",44,false,Infinity,15.4383,0,0,0,0,26111336,720496968
120,true,RFCluster,"1. NNI (Classic)",45,false,Infinity,15.5029,0,0,0,0,26854776,754051400
120,true,RFCluster,"1. NNI (Classic)",46,false,Infinity,14.5488,0,0,0,0,26502752,787605832
120,true,RFCluster,"1. NNI (Classic)",47,false,Infinity,15.9763,0,0,0,0,26277856,821522216
120,true,RFCluster,"1. NNI (Classic)",48,false,Infinity,17.5713,0,0,0,0,26407320,16215848
120,true,RFCluster,"1. NNI (Classic)",49,false,Infinity,15.4901,0,0,0,0,26792296,49770280
120,true,RFCluster,"1. NNI (Classic)",50,false,Infinity,14.1773,0,0,0,0,26497152,83324712
120,true,RFCluster,"1. NNI (Classic)",51,false,Infinity,14.7299,0,0,0,0,26278648,116879144
120,true,RFCluster,"1. NNI (Classic)",52,false,Infinity,28.1823,0,0,0,0,42798640,183988008
120,true,RFCluster,"1. NNI (Classic)",53,false,Infinity,17.0611,0,0,0,0,26421832,183988008
120,true,RFCluster,"1. NNI (Classic)",54,false,Infinity,14.7527,0,0,0,0,25936680,217542440
120,true,RFCluster,"1. NNI (Classic)",55,false,Infinity,23.1835,0,0,0,0,43893320,251096872
120,true,RFCluster,"1. NNI (Classic)",56,false,Infinity,14.8301,0,0,0,0,26762848,284651304
120,true,RFCluster,"1. NNI (Classic)",57,false,Infinity,24.2267,0,0,0,0,42968016,351760168
120,true,RFCluster,"1. NNI (Classic)",58,false,Infinity,17.5149,0,0,0,0,26023528,351760168
120,true,RFCluster,"1. NNI (Classic)",59,false,Infinity,16.5593,0,0,0,0,26390264,385314600
120,true,RFCluster,"1. NNI (Classic)",60,false,Infinity,15.4716,0,0,0,0,25953576,418869032
120,true,RFCluster,"1. NNI (Classic)",61,false,Infinity,15.6298,0,0,0,0,26078712,452423464
120,true,RFCluster,"1. NNI (Classic)",62,false,Infinity,24.2835,0,0,0,0,43569592,485977896
120,true,RFCluster,"1. NNI (Classic)",63,false,Infinity,15.4670,0,0,0,0,26671472,519532328
120,true,RFCluster,"1. NNI (Classic)",64,false,Infinity,15.5741,0,0,0,0,26499984,553086760
120,true,RFCluster,"1. NNI (Classic)",65,false,Infinity,15.3107,0,0,0,0,26661168,553086760
120,true,RFCluster,"1. NNI (Classic)",66,false,Infinity,15.4430,0,0,0,0,26313528,586641192
120,true,RFCluster,"1. NNI (Classic)",67,false,Infinity,14.9941,0,0,0,0,26547736,620195624
120,true,RFCluster,"1. NNI (Classic)",68,false,Infinity,32.9548,0,0,0,0,60956128,687304488
120,true,RFCluster,"1. NNI (Classic)",69,false,Infinity,16.0046,0,0,0,0,26335272,720858920
120,true,RFCluster,"1. NNI (Classic)",70,false,Infinity,23.7234,0,0,0,0,43409208,754413352
120,true,RFCluster,"1. NNI (Classic)",71,false,Infinity,15.2448,0,0,0,0,26350608,787967784
120,true,RFCluster,"1. NNI (Classic)",72,false,Infinity,27.7621,0,0,0,0,43342128,821522216
120,true,RFCluster,"1. NNI (Classic)",73,false,Infinity,34.3737,0,0,0,0,43553664,855076648
120,true,RFCluster,"1. NNI (Classic)",74,false,Infinity,20.7133,0,0,0,0,26396352,888631080
120,true,RFCluster,"1. NNI (Classic)",75,false,Infinity,20.7006,0,0,0,0,26413408,922185512
120,true,RFCluster,"1. NNI (Classic)",76,false,Infinity,21.1731,0,0,0,0,26379296,955739944
120,true,RFCluster,"1. NNI (Classic)",77,false,Infinity,22.3288,0,0,0,0,26537856,955739944
120,true,RFCluster,"1. NNI (Classic)",78,false,Infinity,33.9474,0,0,0,0,43561784,1022848808
120,true,RFCluster,"1. NNI (Classic)",79,false,Infinity,21.3519,0,0,0,0,26387096,1022848808
120,true,RFCluster,"1. NNI (Classic)",80,false,Infinity,22.0090,0,0,0,0,26505168,1056403240
120,true,RFCluster,"1. NNI (Classic)",81,false,Infinity,20.8812,0,0,0,0,26295768,1089957672
120,true,RFCluster,"1. NNI (Classic)",82,false,Infinity,21.9838,0,0,0,0,26362280,1123512104
120,true,RFCluster,"1. NNI (Classic)",83,false,Infinity,32.5300,0,0,0,0,42824144,1157066536
120,true,RFCluster,"1. NNI (Classic)",84,false,Infinity,22.0667,0,0,0,0,26494824,1190620968
120,true,RFCluster,"1. NNI (Classic)",85,false,Infinity,21.1262,0,0,0,0,26426776,1224175400
120,true,RFCluster,"1. NNI (Classic)",86,false,Infinity,20.6563,0,0,0,0,26400192,1224175400
120,true,RFCluster,"1. NNI (Classic)",87,false,Infinity,34.9311,0,0,0,0,43871824,1291284264
120,true,RFCluster,"1. NNI (Classic)",88,false,Infinity,21.3573,0,0,0,0,26001200,1324838696
120,true,RFCluster,"1. NNI (Classic)",89,false,Infinity,21.6089,0,0,0,0,26401168,1324838696
120,true,RFCluster,"1. NNI (Classic)",90,false,Infinity,22.6111,0,0,0,0,26274968,1358393128
120,true,RFCluster,"1. NNI (Classic)",91,false,Infinity,35.5192,0,0,0,0,43750840,1391947560
120,true,RFCluster,"1. NNI (Classic)",92,false,Infinity,23.4394,0,0,0,0,26571008,1425501992
120,true,RFCluster,"1. NNI (Classic)",93,false,Infinity,21.8223,0,0,0,0,26497656,1459056424
120,true,RFCluster,"1. NNI (Classic)",94,false,Infinity,34.3403,0,0,0,0,43382744,1492610856
120,true,RFCluster,"1. NNI (Classic)",95,false,Infinity,21.3023,0,0,0,0,26300192,1526165288
120,true,RFCluster,"1. NNI (Classic)",96,false,Infinity,21.1449,0,0,0,0,26091032,1559719720
120,true,RFCluster,"1. NNI (Classic)",97,false,Infinity,22.2189,0,0,0,0,26347816,1593274152
120,true,RFCluster,"1. NNI (Classic)",98,false,Infinity,21.3307,0,0,0,0,25856424,1593274152
120,true,RFCluster,"1. NNI (Classic)",99,false,Infinity,21.7563,0,0,0,0,26062104,1626828584
120,true,RFCluster,"1. NNI (Classic)",100,false,Infinity,23.9497,0,0,0,0,26765232,1693937448
120,true,RFCluster,"2. NNI (Incremental)",1,false,Infinity,3.3872,0,0,0,0,150448,9837832
120,true,RFCluster,"2. NNI (Incremental)",2,false,Infinity,0.7317,0,0,0,0,120216,9837832
120,true,RFCluster,"2. NNI (Incremental)",3,false,Infinity,0.5904,0,0,0,0,148136,9837832
120,true,RFCluster,"2. NNI (Incremental)",4,false,Infinity,0.3481,0,0,0,0,148088,9837832
120,true,RFCluster,"2. NNI (Incremental)",5,false,Infinity,0.3305,0,0,0,0,149704,9837832
120,true,RFCluster,"2. NNI (Incremental)",6,false,Infinity,0.3140,0,0,0,0,148416,9837832
120,true,RFCluster,"2. NNI (Incremental)",7,false,Infinity,0.2175,0,0,0,0,119760,9837832
120,true,RFCluster,"2. NNI (Incremental)",8,false,Infinity,0.2307,0,0,0,0,120040,9837832
120,true,RFCluster,"2. NNI (Incremental)",9,false,Infinity,0.3162,0,0,0,0,148312,9837832
120,true,RFCluster,"2. NNI (Incremental)",10,false,Infinity,0.2007,0,0,0,0,120616,9837832
120,true,RFCluster,"2. NNI (Incremental)",11,false,Infinity,0.2160,0,0,0,0,118200,9837832
120,true,RFCluster,"2. NNI (Incremental)",12,false,Infinity,0.2899,0,0,0,0,147648,9837832
120,true,RFCluster,"2. NNI (Incremental)",13,false,Infinity,0.2294,0,0,0,0,119776,9837832
120,true,RFCluster,"2. NNI (Incremental)",14,false,Infinity,0.2645,0,0,0,0,148904,9837832
120,true,RFCluster,"2. NNI (Incremental)",15,false,Infinity,0.1617,0,0,0,0,118056,9837832
120,true,RFCluster,"2. NNI (Incremental)",16,false,Infinity,0.1569,0,0,0,0,117856,9837832
120,true,RFCluster,"2. NNI (Incremental)",17,false,Infinity,0.1563,0,0,0,0,121232,9837832
120,true,RFCluster,"2. NNI (Incremental)",18,false,Infinity,0.3445,0,0,0,0,204552,9837832
120,true,RFCluster,"2. NNI (Incremental)",19,false,Infinity,0.1573,0,0,0,0,119152,9837832
120,true,RFCluster,"2. NNI (Incremental)",20,false,Infinity,0.2016,0,0,0,0,148872,9837832
120,true,RFCluster,"2. NNI (Incremental)",21,false,Infinity,0.2695,0,0,0,0,176272,9837832
120,true,RFCluster,"2. NNI (Incremental)",22,false,Infinity,0.1457,0,0,0,0,119200,9837832
120,true,RFCluster,"2. NNI (Incremental)",23,false,Infinity,0.2035,0,0,0,0,120120,9837832
120,true,RFCluster,"2. NNI (Incremental)",24,false,Infinity,0.1945,0,0,0,0,120672,9837832
120,true,RFCluster,"2. NNI (Incremental)",25,false,Infinity,0.1851,0,0,0,0,120352,9837832
120,true,RFCluster,"2. NNI (Incremental)",26,false,Infinity,0.1794,0,0,0,0,120136,9837832
120,true,RFCluster,"2. NNI (Incremental)",27,false,Infinity,0.2371,0,0,0,0,147616,9837832
120,true,RFCluster,"2. NNI (Incremental)",28,false,Infinity,0.2338,0,0,0,0,121296,9837832
120,true,RFCluster,"2. NNI (Incremental)",29,false,Infinity,0.2080,0,0,0,0,120296,43392264
120,true,RFCluster,"2. NNI (Incremental)",30,false,Infinity,0.1974,0,0,0,0,148672,43392264
120,true,RFCluster,"2. NNI (Incremental)",31,false,Infinity,0.1386,0,0,0,0,119128,43392264
120,true,RFCluster,"2. NNI (Incremental)",32,false,Infinity,0.1353,0,0,0,0,119856,43392264
120,true,RFCluster,"2. NNI (Incremental)",33,false,Infinity,0.1456,0,0,0,0,117944,43392264
120,true,RFCluster,"2. NNI (Incremental)",34,false,Infinity,0.1365,0,0,0,0,119880,43392264
120,true,RFCluster,"2. NNI (Incremental)",35,false,Infinity,0.1483,0,0,0,0,119952,43392264
120,true,RFCluster,"2. NNI (Incremental)",36,false,Infinity,0.1345,0,0,0,0,117768,43392264
120,true,RFCluster,"2. NNI (Incremental)",37,false,Infinity,0.1416,0,0,0,0,119424,43392264
120,true,RFCluster,"2. NNI (Incremental)",38,false,Infinity,0.2377,0,0,0,0,177648,43392264
120,true,RFCluster,"2. NNI (Incremental)",39,false,Infinity,0.1343,0,0,0,0,119544,43392264
120,true,RFCluster,"2. NNI (Incremental)",40,false,Infinity,0.2356,0,0,0,0,178136,43392264
120,true,RFCluster,"2. NNI (Incremental)",41,false,Infinity,0.2545,0,0,0,0,175128,43392264
120,true,RFCluster,"2. NNI (Incremental)",42,false,Infinity,0.1578,0,0,0,0,118360,43392264
120,true,RFCluster,"2. NNI (Incremental)",43,false,Infinity,0.1360,0,0,0,0,119384,43392264
120,true,RFCluster,"2. NNI (Incremental)",44,false,Infinity,0.1336,0,0,0,0,118408,43392264
120,true,RFCluster,"2. NNI (Incremental)",45,false,Infinity,0.1285,0,0,0,0,119664,43392264
120,true,RFCluster,"2. NNI (Incremental)",46,false,Infinity,0.1318,0,0,0,0,118608,43392264
120,true,RFCluster,"2. NNI (Incremental)",47,false,Infinity,0.1295,0,0,0,0,117656,43392264
120,true,RFCluster,"2. NNI (Incremental)",48,false,Infinity,0.1326,0,0,0,0,119264,43392264
120,true,RFCluster,"2. NNI (Incremental)",49,false,Infinity,0.1311,0,0,0,0,120848,43392264
120,true,RFCluster,"2. NNI (Incremental)",50,false,Infinity,0.1309,0,0,0,0,117568,43392264
120,true,RFCluster,"2. NNI (Incremental)",51,false,Infinity,0.1310,0,0,0,0,120160,43392264
120,true,RFCluster,"2. NNI (Incremental)",52,false,Infinity,0.1753,0,0,0,0,147488,43392264
120,true,RFCluster,"2. NNI (Incremental)",53,false,Infinity,0.1283,0,0,0,0,119608,43392264
120,true,RFCluster,"2. NNI (Incremental)",54,false,Infinity,0.1267,0,0,0,0,119656,43392264
120,true,RFCluster,"2. NNI (Incremental)",55,false,Infinity,0.1934,0,0,0,0,148360,43392264
120,true,RFCluster,"2. NNI (Incremental)",56,false,Infinity,0.1278,0,0,0,0,120400,43392264
120,true,RFCluster,"2. NNI (Incremental)",57,false,Infinity,0.1788,0,0,0,0,149920,43392264
120,true,RFCluster,"2. NNI (Incremental)",58,false,Infinity,0.1314,0,0,0,0,119656,43392264
120,true,RFCluster,"2. NNI (Incremental)",59,false,Infinity,0.1280,0,0,0,0,118840,43392264
120,true,RFCluster,"2. NNI (Incremental)",60,false,Infinity,0.1310,0,0,0,0,119296,43392264
120,true,RFCluster,"2. NNI (Incremental)",61,false,Infinity,0.1284,0,0,0,0,117728,43392264
120,true,RFCluster,"2. NNI (Incremental)",62,false,Infinity,0.1696,0,0,0,0,147352,43392264
120,true,RFCluster,"2. NNI (Incremental)",63,false,Infinity,0.1224,0,0,0,0,120816,43392264
120,true,RFCluster,"2. NNI (Incremental)",64,false,Infinity,0.1207,0,0,0,0,121592,43392264
120,true,RFCluster,"2. NNI (Incremental)",65,false,Infinity,0.1181,0,0,0,0,121776,43392264
120,true,RFCluster,"2. NNI (Incremental)",66,false,Infinity,0.1187,0,0,0,0,121576,43392264
120,true,RFCluster,"2. NNI (Incremental)",67,false,Infinity,0.1220,0,0,0,0,120472,43392264
120,true,RFCluster,"2. NNI (Incremental)",68,false,Infinity,0.2089,0,0,0,0,177680,43392264
120,true,RFCluster,"2. NNI (Incremental)",69,false,Infinity,0.1136,0,0,0,0,119296,43392264
120,true,RFCluster,"2. NNI (Incremental)",70,false,Infinity,0.1602,0,0,0,0,147488,43392264
120,true,RFCluster,"2. NNI (Incremental)",71,false,Infinity,0.1156,0,0,0,0,120056,43392264
120,true,RFCluster,"2. NNI (Incremental)",72,false,Infinity,0.1647,0,0,0,0,148352,43392264
120,true,RFCluster,"2. NNI (Incremental)",73,false,Infinity,0.1791,0,0,0,0,150424,43392264
120,true,RFCluster,"2. NNI (Incremental)",74,false,Infinity,0.1120,0,0,0,0,119272,43392264
120,true,RFCluster,"2. NNI (Incremental)",75,false,Infinity,0.1153,0,0,0,0,120256,43392264
120,true,RFCluster,"2. NNI (Incremental)",76,false,Infinity,0.1122,0,0,0,0,119208,43392264
120,true,RFCluster,"2. NNI (Incremental)",77,false,Infinity,0.1105,0,0,0,0,119800,43392264
120,true,RFCluster,"2. NNI (Incremental)",78,false,Infinity,0.1641,0,0,0,0,149768,43392264
120,true,RFCluster,"2. NNI (Incremental)",79,false,Infinity,0.1127,0,0,0,0,119592,43392264
120,true,RFCluster,"2. NNI (Incremental)",80,false,Infinity,0.1119,0,0,0,0,120640,43392264
120,true,RFCluster,"2. NNI (Incremental)",81,false,Infinity,0.1083,0,0,0,0,119656,43392264
120,true,RFCluster,"2. NNI (Incremental)",82,false,Infinity,0.1161,0,0,0,0,120472,43392264
120,true,RFCluster,"2. NNI (Incremental)",83,false,Infinity,0.1568,0,0,0,0,147512,43392264
120,true,RFCluster,"2. NNI (Incremental)",84,false,Infinity,0.1273,0,0,0,0,119056,43392264
120,true,RFCluster,"2. NNI (Incremental)",85,false,Infinity,0.1162,0,0,0,0,117704,43392264
120,true,RFCluster,"2. NNI (Incremental)",86,false,Infinity,0.1098,0,0,0,0,120184,43392264
120,true,RFCluster,"2. NNI (Incremental)",87,false,Infinity,0.1589,0,0,0,0,149168,43392264
120,true,RFCluster,"2. NNI (Incremental)",88,false,Infinity,0.1125,0,0,0,0,118792,43392264
120,true,RFCluster,"2. NNI (Incremental)",89,false,Infinity,0.1107,0,0,0,0,118584,43392264
120,true,RFCluster,"2. NNI (Incremental)",90,false,Infinity,0.1102,0,0,0,0,121040,43392264
120,true,RFCluster,"2. NNI (Incremental)",91,false,Infinity,0.1723,0,0,0,0,147280,43392264
120,true,RFCluster,"2. NNI (Incremental)",92,false,Infinity,0.1109,0,0,0,0,118480,43392264
120,true,RFCluster,"2. NNI (Incremental)",93,false,Infinity,0.1155,0,0,0,0,118920,43392264
120,true,RFCluster,"2. NNI (Incremental)",94,false,Infinity,0.1525,0,0,0,0,148688,43392264
120,true,RFCluster,"2. NNI (Incremental)",95,false,Infinity,0.1099,0,0,0,0,119400,43392264
120,true,RFCluster,"2. NNI (Incremental)",96,false,Infinity,0.1120,0,0,0,0,119736,43392264
120,true,RFCluster,"2. NNI (Incremental)",97,false,Infinity,0.1144,0,0,0,0,118384,43392264
120,true,RFCluster,"2. NNI (Incremental)",98,false,Infinity,0.1086,0,0,0,0,117960,43392264
120,true,RFCluster,"2. NNI (Incremental)",99,false,Infinity,0.1121,0,0,0,0,119544,43392264
120,true,RFCluster,"2. NNI (Incremental)",100,false,Infinity,0.1260,0,0,0,0,119952,43392264
120,true,RFCluster,"5. VND NNI->ECR->SPR (Inc)",1,true,936.0000,1359.7494,503507,3558897,40025449,1312540554,1673080696,1687639712
120,true,RFCluster,"5. VND NNI->ECR->SPR (Inc)",2,true,861.0000,1790.1356,309900,2162672,45037970,1742385774,1712603024,3398915744
120,true,RFCluster,"5. VND NNI->ECR->SPR (Inc)",3,true,968.0000,1387.1345,381726,1025840,14282067,1371292472,1634529792,3569408776
120,true,RFCluster,"5. VND NNI->ECR->SPR (Inc)",4,true,913.0000,1357.2838,398127,2853145,37262434,1316605616,1745136064,3233864456
120,true,RFCluster,"5. VND NNI->ECR->SPR (Inc)",5,true,852.0000,1639.3564,420981,1400213,5852007,1631544860,1609411016,4844477192
120,true,RFCluster,"5. VND NNI->ECR->SPR (Inc)",6,true,903.0000,1745.4584,465736,945368,14183951,1729695483,1622848920,6455089928
120,true,RFCluster,"5. VND NNI->ECR->SPR (Inc)",7,true,964.0000,1776.3963,114808,911754,13355235,1761866175,1617581816,8099257096
120,true,RFCluster,"5. VND NNI->ECR->SPR (Inc)",8,true,885.0000,1691.4637,112023,863763,13041007,1677293561,1618674568,9441434376
120,true,RFCluster,"5. VND NNI->ECR->SPR (Inc)",9,true,889.0000,1276.3328,303879,1381296,6049793,1268473393,1597056920,1891046080
120,true,RFCluster,"5. VND NNI->ECR->SPR (Inc)",10,true,859.0000,1324.0678,144686,1370986,6030817,1316400716,1653410184,3535213248
120,true,RFCluster,"5. VND NNI->ECR->SPR (Inc)",11,true,937.0000,1357.7136,75123,478780,7708338,1349366441,1634169176,5179380416
120,true,RFCluster,"5. VND NNI->ECR->SPR (Inc)",12,true,842.0000,1257.9196,285112,926292,18692423,1237905298,1673070424,6823547584
120,true,RFCluster,"5. VND NNI->ECR->SPR (Inc)",13,true,909.0000,1296.6264,73270,462489,6075092,1289933158,1651736624,8501269184
120,true,RFCluster,"5. VND NNI->ECR->SPR (Inc)",14,true,940.0000,1511.9645,286575,965285,26522041,1484070128,1720309848,10212545216
120,true,RFCluster,"5. VND NNI->ECR->SPR (Inc)",15,true,930.0000,1257.2221,117904,910120,14192477,1241866019,1581076976,10279657040
120,true,RFCluster,"5. VND NNI->ECR->SPR (Inc)",16,true,865.0000,1293.6218,155196,942082,25154460,1267259325,1684161240,3199671888
120,true,RFCluster,"5. VND NNI->ECR->SPR (Inc)",17,true,883.0000,1310.8416,147840,1384352,6064702,1303145592,1637752696,4843839056
120,true,RFCluster,"5. VND NNI->ECR->SPR (Inc)",18,true,882.0000,1289.6882,356848,452841,6368559,1282419441,1638358040,6488006224
120,true,RFCluster,"5. VND NNI->ECR->SPR (Inc)",19,true,875.0000,1321.8511,147921,928346,18260191,1302402078,1666403656,8165727824
120,true,RFCluster,"5. VND NNI->ECR->SPR (Inc)",20,true,915.0000,1360.8849,293338,910291,17992172,1341589923,1707454712,9843449424
120,true,RFCluster,"5. VND NNI->ECR->SPR (Inc)",21,true,865.0000,1239.5721,275413,451679,6127872,1232605119,1565951488,10279659024
120,true,RFCluster,"5. VND NNI->ECR->SPR (Inc)",22,true,933.0000,1343.6929,146278,1380495,5999157,1336072251,1606428536,2763466256
120,true,RFCluster,"5. VND NNI->ECR->SPR (Inc)",23,true,1046.0000,1356.3301,139626,1366257,5991833,1348743205,1621657344,4374078992
120,true,RFCluster,"5. VND NNI->ECR->SPR (Inc)",24,true,955.0000,1381.7499,151018,923727,25805478,1354760768,1742243352,6118909456
120,true,RFCluster,"5. VND NNI->ECR->SPR (Inc)",25,true,932.0000,1299.4500,214849,1418798,39274090,1258417842,1744954416,7863739920
120,true,RFCluster,"5. VND NNI->ECR->SPR (Inc)",26,true,900.0000,1265.9053,141128,915592,24279758,1240474232,1697721544,9575015952
120,true,RFCluster,"5. VND NNI->ECR->SPR (Inc)",27,true,906.0000,1230.6091,284741,1367961,6246879,1222597499,1598802664,10279659024
120,true,RFCluster,"5. VND NNI->ECR->SPR (Inc)",28,true,918.0000,1247.0459,216111,2296938,17975410,1226452500,1628937040,2528469632
120,true,RFCluster,"5. VND NNI->ECR->SPR (Inc)",29,true,855.0000,1262.9053,67248,473370,6393507,1255879204,1639281808,4172636800
120,true,RFCluster,"5. VND NNI->ECR->SPR (Inc)",30,true,902.0000,1281.7460,306854,917846,30377082,1250029442,1696522184,5850358400
120,true,RFCluster,"5. VND NNI->ECR->SPR (Inc)",31,true,873.0000,1314.2995,150566,930830,18381632,1294742092,1694981816,7561634432
120,true,RFCluster,"5. VND NNI->ECR->SPR (Inc)",32,true,991.0000,1306.2839,142953,891025,24249371,1280909069,1699003344,9272910464
120,true,RFCluster,"5. VND NNI->ECR->SPR (Inc)",33,true,974.0000,1331.0419,145588,911062,17970792,1311901361,1694128728,10279601096
120,true,RFCluster,"5. VND NNI->ECR->SPR (Inc)",34,true,909.0000,1300.4810,73339,454153,5888236,1293959765,1649887856,2327200712
120,true,RFCluster,"5. VND NNI->ECR->SPR (Inc)",35,true,897.0000,1258.8390,68691,477498,6117933,1252087034,1623232352,3971367880
120,true,RFCluster,"5. VND NNI->ECR->SPR (Inc)",36,true,936.0000,1306.3660,70814,448934,5901863,1299858782,1602539088,5548426184
120,true,RFCluster,"5. VND NNI->ECR->SPR (Inc)",37,true,898.0000,1328.8927,69102,438363,5993326,1322309561,1631474200,7192593352
120,true,RFCluster,"5. VND NNI->ECR->SPR (Inc)",38,true,897.0000,1276.3533,293137,445376,5906401,1269615544,1592009048,8769651656
120,true,RFCluster,"5. VND NNI->ECR->SPR (Inc)",39,true,952.0000,1306.4403,71917,463952,6010469,1299802184,1650337264,10279601096
120,true,RFCluster,"5. VND NNI->ECR->SPR (Inc)",40,true,888.0000,1316.5263,384061,925450,25200038,1289917398,1718066808,1890956024
120,true,RFCluster,"5. VND NNI->ECR->SPR (Inc)",41,true,926.0000,1248.8600,420079,1856479,29990897,1216452846,1657344856,3535123192
120,true,RFCluster,"5. VND NNI->ECR->SPR (Inc)",42,true,904.0000,1228.9307,159634,1463863,6066425,1221089032,1554952488,5112181496
120,true,RFCluster,"5. VND NNI->ECR->SPR (Inc)",43,true,936.0000,1305.9310,135107,1332683,6165273,1298212542,1625426008,6722794232
120,true,RFCluster,"5. VND NNI->ECR->SPR (Inc)",44,true,830.0000,1310.2148,159424,934647,19426438,1289609133,1668804880,8400515832
120,true,RFCluster,"5. VND NNI->ECR->SPR (Inc)",45,true,911.0000,1357.3147,66726,469512,6368270,1350316176,1648599712,10044683000
120,true,RFCluster,"5. VND NNI->ECR->SPR (Inc)",46,true,894.0000,1330.2204,145346,888059,16905656,1312182726,1689892088,10279564024
120,true,RFCluster,"5. VND NNI->ECR->SPR (Inc)",47,true,908.0000,1278.8672,149836,1385575,5959872,1271285630,1638824464,3098846144
120,true,RFCluster,"5. VND NNI->ECR->SPR (Inc)",48,true,975.0000,1317.8519,146689,935909,18526729,1298142218,1683246096,4776567744
120,true,RFCluster,"5. VND NNI->ECR->SPR (Inc)",49,true,886.0000,1295.4944,72047,473871,6252920,1288603590,1665358232,6454289344
120,true,RFCluster,"5. VND NNI->ECR->SPR (Inc)",50,true,898.0000,1288.8235,162760,908176,17842447,1269815194,1680708936,8132010944
120,true,RFCluster,"5. VND NNI->ECR->SPR (Inc)",51,true,847.0000,1248.3457,211522,1664765,25136006,1221242143,1636461216,9776178112
120,true,RFCluster,"5. VND NNI->ECR->SPR (Inc)",52,true,903.0000,1251.8026,274753,776656,18343160,1232322903,1643052168,10279636176
120,true,RFCluster,"5. VND NNI->ECR->SPR (Inc)",53,true,947.0000,1309.8814,145497,1186757,5903105,1302558385,1593422448,2729888976
120,true,RFCluster,"5. VND NNI->ECR->SPR (Inc)",54,true,864.0000,1343.2658,139745,781747,17413912,1324841536,1692975072,4441165008
120,true,RFCluster,"5. VND NNI->ECR->SPR (Inc)",55,true,887.0000,1274.8355,272989,1171036,5974230,1267338004,1623116848,6085332176
120,true,RFCluster,"5. VND NNI->ECR->SPR (Inc)",56,true,913.0000,1323.4089,140336,1588841,5913083,1315688873,1638670904,7695944912
120,true,RFCluster,"5. VND NNI->ECR->SPR (Inc)",57,true,914.0000,1304.5753,207705,404299,6305740,1297573446,1651644776,9373666512
120,true,RFCluster,"5. VND NNI->ECR->SPR (Inc)",58,true,851.0000,1293.7460,141058,820551,24593104,1268095013,1684324936,10279636176
120,true,RFCluster,"5. VND NNI->ECR->SPR (Inc)",59,true,964.0000,1343.1758,70644,415660,6010840,1336598502,1602989568,2394271024
120,true,RFCluster,"5. VND NNI->ECR->SPR (Inc)",60,true,850.0000,1305.9718,135999,803427,18748750,1286196432,1684174856,4071992624
120,true,RFCluster,"5. VND NNI->ECR->SPR (Inc)",61,true,977.0000,1298.9985,66376,396965,6080572,1292354342,1621571472,5682605360
120,true,RFCluster,"5. VND NNI->ECR->SPR (Inc)",62,true,906.0000,1277.8515,217564,392857,5960093,1271200709,1562815176,7259663664
120,true,RFCluster,"5. VND NNI->ECR->SPR (Inc)",63,true,895.0000,1270.9086,219427,1651008,18219073,1250726938,1658405616,8903830832
120,true,RFCluster,"5. VND NNI->ECR->SPR (Inc)",64,true,915.0000,1331.5322,68891,393819,5932831,1325055152,1662402808,10279562544
120,true,RFCluster,"5. VND NNI->ECR->SPR (Inc)",65,true,979.0000,1310.8200,71807,404379,6074711,1304188224,1605818560,1924496248
120,true,RFCluster,"5. VND NNI->ECR->SPR (Inc)",66,true,901.0000,1339.3027,71566,390934,5860985,1332896993,1661116248,3568663416
120,true,RFCluster,"5. VND NNI->ECR->SPR (Inc)",67,true,873.0000,1286.9364,141700,1202546,6117392,1279390622,1612093880,5179276152
120,true,RFCluster,"5. VND NNI->ECR->SPR (Inc)",68,true,872.0000,1258.7639,274302,396424,6101883,1251917251,1565447616,6756334456
120,true,RFCluster,"5. VND NNI->ECR->SPR (Inc)",69,true,930.0000,1338.4549,141369,1202306,6080572,1330948288,1652606944,8400501624
120,true,RFCluster,"5. VND NNI->ECR->SPR (Inc)",70,true,843.0000,1253.5391,217533,393358,5983859,1246866547,1622208936,10011114360
120,true,RFCluster,"5. VND NNI->ECR->SPR (Inc)",71,true,896.0000,1275.0412,64223,390914,5894759,1268620863,1651611760,10279581648
120,true,RFCluster,"5. VND NNI->ECR->SPR (Inc)",72,true,872.0000,1373.4823,282157,1217505,6152619,1365734233,1636902216,3031824336
120,true,RFCluster,"5. VND NNI->ECR->SPR (Inc)",73,true,927.0000,1318.7636,209118,430799,6205239,1311834784,1622452928,4675991504
120,true,RFCluster,"5. VND NNI->ECR->SPR (Inc)",74,true,852.0000,1265.7513,67979,403117,6106541,1259094229,1593757096,6253049808
120,true,RFCluster,"5. VND NNI->ECR->SPR (Inc)",75,true,909.0000,1309.8525,66447,403998,6264552,1303041775,1651244432,7930771408
120,true,RFCluster,"5. VND NNI->ECR->SPR (Inc)",76,true,999.0000,1368.1515,69392,401022,6143071,1361445849,1663305712,9574938576
120,true,RFCluster,"5. VND NNI->ECR->SPR (Inc)",77,true,840.0000,1350.1497,145547,794110,17846515,1331262575,1675974352,10279598984
120,true,RFCluster,"5. VND NNI->ECR->SPR (Inc)",78,true,929.0000,1289.1097,281705,1229418,6411442,1281087919,1628928432,2629188488
120,true,RFCluster,"5. VND NNI->ECR->SPR (Inc)",79,true,938.0000,1377.6325,71135,396204,5989359,1371093303,1645814392,4273355656
120,true,RFCluster,"5. VND NNI->ECR->SPR (Inc)",80,true,855.0000,1285.3177,78509,406433,6222362,1278520838,1606131008,5883968392
120,true,RFCluster,"5. VND NNI->ECR->SPR (Inc)",81,true,886.0000,1350.9480,65615,394931,6287736,1344114745,1679272264,7561689992
120,true,RFCluster,"5. VND NNI->ECR->SPR (Inc)",82,true,966.0000,1314.9400,141299,1272239,6117142,1307319578,1609700592,9172302728
120,true,RFCluster,"5. VND NNI->ECR->SPR (Inc)",83,true,882.0000,1262.8230,209328,398768,6135356,1255989494,1609482912,10279598984
120,true,RFCluster,"5. VND NNI->ECR->SPR (Inc)",84,true,851.0000,1311.4106,147721,834467,18946306,1291388175,1669745328,2159406976
120,true,RFCluster,"5. VND NNI->ECR->SPR (Inc)",85,true,892.0000,1298.9733,70975,385223,5725888,1292716230,1590913520,3770019712
120,true,RFCluster,"5. VND NNI->ECR->SPR (Inc)",86,true,867.0000,1293.3902,68350,407495,6342901,1286494881,1666995344,5414186880
120,true,RFCluster,"5. VND NNI->ECR->SPR (Inc)",87,true,902.0000,1343.7506,287517,808988,24546385,1318021078,1725875832,7159017344
120,true,RFCluster,"5. VND NNI->ECR->SPR (Inc)",88,true,961.0000,1372.2556,68310,387577,5821900,1365896622,1629934376,8769630080
120,true,RFCluster,"5. VND NNI->ECR->SPR (Inc)",89,true,929.0000,1270.5949,227893,1667160,24713483,1243877143,1690498400,10279581680
120,true,RFCluster,"5. VND NNI->ECR->SPR (Inc)",90,true,920.0000,1323.2274,74030,400411,5774901,1316898472,1618228608,1823864816
120,true,RFCluster,"5. VND NNI->ECR->SPR (Inc)",91,true,827.0000,1305.4229,290343,825018,18723422,1285492204,1684599880,3501586416
120,true,RFCluster,"5. VND NNI->ECR->SPR (Inc)",92,true,900.0000,1343.0467,70645,407384,6065573,1336424662,1618772328,5112199152
120,true,RFCluster,"5. VND NNI->ECR->SPR (Inc)",93,true,851.0000,1305.4022,144245,808818,17998234,1286346197,1710326136,6823475184
120,true,RFCluster,"5. VND NNI->ECR->SPR (Inc)",94,true,930.0000,1256.5025,288648,790303,18263407,1237061363,1627342176,8467642352
120,true,RFCluster,"5. VND NNI->ECR->SPR (Inc)",95,true,897.0000,1315.3228,147661,1232794,6153190,1307692287,1639282656,10111809520
120,true,RFCluster,"5. VND NNI->ECR->SPR (Inc)",96,true,939.0000,1356.9696,66737,404819,6073409,1350337407,1649609512,10279949808
120,true,RFCluster,"5. VND NNI->ECR->SPR (Inc)",97,true,874.0000,1267.0839,229476,1675205,24640123,1240433164,1674560160,3166055640
120,true,RFCluster,"5. VND NNI->ECR->SPR (Inc)",98,true,875.0000,1288.6672,141348,1195943,5901762,1281336582,1609460952,4776668376
120,true,RFCluster,"5. VND NNI->ECR->SPR (Inc)",99,true,813.0000,1289.7912,141449,1581498,5997284,1281990626,1609097512,6387281112
120,true,RFCluster,"5. VND NNI->ECR->SPR (Inc)",100,true,896.0000,1370.6831,69412,409499,6237691,1363890397,1648492344,8031448280
120,true,RFCluster,"6. VND NNI->SPR (Inc)",1,true,940.0000,1294.7109,169552,0,0,1294368392,1575632664,1555146520
120,true,RFCluster,"6. VND NNI->SPR (Inc)",2,true,870.0000,1258.7588,69061,0,0,1258619987,1592701224,3165759256
120,true,RFCluster,"6. VND NNI->SPR (Inc)",3,true,968.0000,1343.4010,225589,0,0,1343100796,1602386656,4776371992
120,true,RFCluster,"6. VND NNI->SPR (Inc)",4,true,911.0000,1331.5254,209899,0,0,1331246665,1573879352,6353430296
120,true,RFCluster,"6. VND NNI->SPR (Inc)",5,true,852.0000,1273.3312,205811,0,0,1273051178,1590811712,7930488600
120,true,RFCluster,"6. VND NNI->SPR (Inc)",6,true,903.0000,1272.7109,212274,0,0,1272426941,1592021904,9507546904
120,true,RFCluster,"6. VND NNI->SPR (Inc)",7,true,964.0000,1313.1867,65144,0,0,1313047821,1587439664,10313275672
120,true,RFCluster,"6. VND NNI->SPR (Inc)",8,true,885.0000,1298.7496,73390,0,0,1298596011,1589469976,2394429720
120,true,RFCluster,"6. VND NNI->SPR (Inc)",9,true,889.0000,1279.4344,217373,0,0,1279143802,1576933344,3971488024
120,true,RFCluster,"6. VND NNI->SPR (Inc)",10,true,859.0000,1326.5080,65745,0,0,1326372517,1633383848,5615655192
120,true,RFCluster,"6. VND NNI->SPR (Inc)",11,true,937.0000,1344.3710,76586,0,0,1344219393,1603326440,7226267928
120,true,RFCluster,"6. VND NNI->SPR (Inc)",12,true,844.0000,1228.1290,211621,0,0,1227842102,1564775456,8769771800
120,true,RFCluster,"6. VND NNI->SPR (Inc)",13,true,909.0000,1287.2747,67699,0,0,1287131371,1620781968,10279721240
120,true,RFCluster,"6. VND NNI->SPR (Inc)",14,true,946.0000,1269.5456,220460,0,0,1269249919,1592389016,1723288424
120,true,RFCluster,"6. VND NNI->SPR (Inc)",15,true,930.0000,1235.4973,67609,0,0,1235362933,1549262032,3266792296
120,true,RFCluster,"6. VND NNI->SPR (Inc)",16,true,866.0000,1273.4700,68611,0,0,1273332382,1575563488,4843850600
120,true,RFCluster,"6. VND NNI->SPR (Inc)",17,true,883.0000,1312.2863,68430,0,0,1312148170,1617847264,6454463336
120,true,RFCluster,"6. VND NNI->SPR (Inc)",18,true,882.0000,1279.9931,336139,0,0,1279584871,1606352064,8065076072
120,true,RFCluster,"6. VND NNI->SPR (Inc)",19,true,876.0000,1309.8321,68801,0,0,1309688563,1589691344,9675688808
120,true,RFCluster,"6. VND NNI->SPR (Inc)",20,true,915.0000,1339.6106,209839,0,0,1339316781,1633355264,10279668584
120,true,RFCluster,"6. VND NNI->SPR (Inc)",21,true,865.0000,1238.6801,269433,0,0,1238299277,1534894880,2562116648
120,true,RFCluster,"6. VND NNI->SPR (Inc)",22,true,933.0000,1353.1257,73811,0,0,1352972627,1586807800,4139174952
120,true,RFCluster,"6. VND NNI->SPR (Inc)",23,true,1046.0000,1361.7220,65906,0,0,1361583380,1601752024,5749787688
120,true,RFCluster,"6. VND NNI->SPR (Inc)",24,true,970.0000,1383.0239,69432,0,0,1382882712,1628564744,7393954856
120,true,RFCluster,"6. VND NNI->SPR (Inc)",25,true,934.0000,1287.2133,69151,0,0,1287063081,1606276984,9004567592
120,true,RFCluster,"6. VND NNI->SPR (Inc)",26,true,890.0000,1255.4029,75363,0,0,1255252202,1591690888,10279637560
120,true,RFCluster,"6. VND NNI->SPR (Inc)",27,true,906.0000,1239.7298,215440,0,0,1239435337,1578289768,1891029560
120,true,RFCluster,"6. VND NNI->SPR (Inc)",28,true,918.0000,1264.3805,69331,0,0,1264227780,1576912584,3468087864
120,true,RFCluster,"6. VND NNI->SPR (Inc)",29,true,855.0000,1260.0410,69663,0,0,1259895673,1606464320,5078700600
120,true,RFCluster,"6. VND NNI->SPR (Inc)",30,true,904.0000,1268.7803,210189,0,0,1268487539,1577716008,6655758904
120,true,RFCluster,"6. VND NNI->SPR (Inc)",31,true,877.0000,1312.3450,75794,0,0,1312194308,1618672976,8266371640
120,true,RFCluster,"6. VND NNI->SPR (Inc)",32,true,999.0000,1291.5566,70825,0,0,1291411789,1591163264,9876984376
120,true,RFCluster,"6. VND NNI->SPR (Inc)",33,true,969.0000,1323.3061,68861,0,0,1323157975,1618138944,10279637560
120,true,RFCluster,"6. VND NNI->SPR (Inc)",34,true,909.0000,1296.2781,74021,0,0,1296131354,1619964072,2830550128
120,true,RFCluster,"6. VND NNI->SPR (Inc)",35,true,897.0000,1256.6704,69231,0,0,1256520785,1592229752,4441162864
120,true,RFCluster,"6. VND NNI->SPR (Inc)",36,true,936.0000,1300.7882,66877,0,0,1300649034,1572263168,5984666736
120,true,RFCluster,"6. VND NNI->SPR (Inc)",37,true,898.0000,1323.5599,69492,0,0,1323418802,1601322256,7595279472
120,true,RFCluster,"6. VND NNI->SPR (Inc)",38,true,897.0000,1273.7763,274773,0,0,1273419748,1562055072,9172337776
120,true,RFCluster,"6. VND NNI->SPR (Inc)",39,true,952.0000,1305.8640,70133,0,0,1305718153,1619584136,10279652008
120,true,RFCluster,"6. VND NNI->SPR (Inc)",40,true,891.0000,1305.0966,276766,0,0,1304728050,1605696080,2125925032
120,true,RFCluster,"6. VND NNI->SPR (Inc)",41,true,914.0000,1242.5351,283198,0,0,1242169967,1549176040,3669428904
120,true,RFCluster,"6. VND NNI->SPR (Inc)",42,true,904.0000,1227.2281,70715,0,0,1227089702,1534724120,5212932776
120,true,RFCluster,"6. VND NNI->SPR (Inc)",43,true,936.0000,1308.2088,65485,0,0,1308070927,1605399920,6823545512
120,true,RFCluster,"6. VND NNI->SPR (Inc)",44,true,832.0000,1294.1135,67990,0,0,1293976467,1587841984,8400603816
120,true,RFCluster,"6. VND NNI->SPR (Inc)",45,true,911.0000,1349.4839,65945,0,0,1349350720,1616750152,10011216552
120,true,RFCluster,"6. VND NNI->SPR (Inc)",46,true,877.0000,1314.1353,71476,0,0,1313985023,1619625416,10279652008
120,true,RFCluster,"6. VND NNI->SPR (Inc)",47,true,908.0000,1287.9864,65093,0,0,1287850338,1619832200,2998322632
120,true,RFCluster,"6. VND NNI->SPR (Inc)",48,true,962.0000,1308.2532,70614,0,0,1308099221,1604972760,4575380936
120,true,RFCluster,"6. VND NNI->SPR (Inc)",49,true,886.0000,1293.4536,89009,0,0,1293274142,1633802784,6219548104
120,true,RFCluster,"6. VND NNI->SPR (Inc)",50,true,893.0000,1284.4144,72799,0,0,1284274268,1604917544,7830160840
120,true,RFCluster,"6. VND NNI->SPR (Inc)",51,true,871.0000,1264.2748,73240,0,0,1264135494,1548807168,9373664712
120,true,RFCluster,"6. VND NNI->SPR (Inc)",52,true,887.0000,1230.4760,254584,0,0,1230141134,1549379640,10279638872
120,true,RFCluster,"6. VND NNI->SPR (Inc)",53,true,948.0000,1316.7338,68661,0,0,1316580838,1573643912,2226575192
120,true,RFCluster,"6. VND NNI->SPR (Inc)",54,true,866.0000,1335.0686,64332,0,0,1334937203,1617778488,3837187928
120,true,RFCluster,"6. VND NNI->SPR (Inc)",55,true,887.0000,1282.9496,206473,0,0,1282664086,1602990304,5447800664
120,true,RFCluster,"6. VND NNI->SPR (Inc)",56,true,913.0000,1338.7636,68511,0,0,1338623172,1631593424,7091967832
120,true,RFCluster,"6. VND NNI->SPR (Inc)",57,true,914.0000,1299.1699,206091,0,0,1298890100,1619381472,8702580568
120,true,RFCluster,"6. VND NNI->SPR (Inc)",58,true,850.0000,1307.3459,69502,0,0,1307205602,1604041104,10279638872
120,true,RFCluster,"6. VND NNI->SPR (Inc)",59,true,964.0000,1342.7455,77287,0,0,1342579355,1572707472,1622589928
120,true,RFCluster,"6. VND NNI->SPR (Inc)",60,true,855.0000,1302.3409,72858,0,0,1302193992,1603522432,3233202664
120,true,RFCluster,"6. VND NNI->SPR (Inc)",61,true,977.0000,1289.7247,64001,0,0,1289593131,1590507656,4810260968
120,true,RFCluster,"6. VND NNI->SPR (Inc)",62,true,906.0000,1274.3813,207956,0,0,1274099460,1532399840,6353764840
120,true,RFCluster,"6. VND NNI->SPR (Inc)",63,true,895.0000,1269.0712,67418,0,0,1268932936,1591923184,7930823144
120,true,RFCluster,"6. VND NNI->SPR (Inc)",64,true,915.0000,1323.1886,71536,0,0,1323049478,1632115752,9574990312
120,true,RFCluster,"6. VND NNI->SPR (Inc)",65,true,979.0000,1307.7832,64593,0,0,1307646450,1574676960,10279639312
120,true,RFCluster,"6. VND NNI->SPR (Inc)",66,true,901.0000,1335.1049,68050,0,0,1334962561,1630833176,2495011088
120,true,RFCluster,"6. VND NNI->SPR (Inc)",67,true,874.0000,1292.3486,64032,0,0,1292212823,1591413760,4105623824
120,true,RFCluster,"6. VND NNI->SPR (Inc)",68,true,872.0000,1253.0261,277439,0,0,1252674201,1533825296,5615573264
120,true,RFCluster,"6. VND NNI->SPR (Inc)",69,true,930.0000,1343.0283,67338,0,0,1342892570,1632043984,7259740432
120,true,RFCluster,"6. VND NNI->SPR (Inc)",70,true,843.0000,1250.6063,210581,0,0,1250327068,1591489800,8870353168
120,true,RFCluster,"6. VND NNI->SPR (Inc)",71,true,896.0000,1262.1637,65295,0,0,1262018208,1620867880,10279639312
120,true,RFCluster,"6. VND NNI->SPR (Inc)",72,true,872.0000,1361.9691,210410,0,0,1361675937,1615780856,1823915656
120,true,RFCluster,"6. VND NNI->SPR (Inc)",73,true,927.0000,1306.6725,210610,0,0,1306385232,1590966152,3400973960
120,true,RFCluster,"6. VND NNI->SPR (Inc)",74,true,852.0000,1254.2197,71887,0,0,1254079954,1562757952,4978032264
120,true,RFCluster,"6. VND NNI->SPR (Inc)",75,true,909.0000,1299.4912,65715,0,0,1299358079,1619769824,6588645000
120,true,RFCluster,"6. VND NNI->SPR (Inc)",76,true,999.0000,1356.1849,68110,0,0,1356046141,1631899688,8232812168
120,true,RFCluster,"6. VND NNI->SPR (Inc)",77,true,842.0000,1339.0753,65525,0,0,1338944382,1601444712,9843424904
120,true,RFCluster,"6. VND NNI->SPR (Inc)",78,true,929.0000,1288.9639,208476,0,0,1288683683,1606546880,10279634328
120,true,RFCluster,"6. VND NNI->SPR (Inc)",79,true,938.0000,1372.1425,66366,0,0,1372005178,1615446376,2796995992
120,true,RFCluster,"6. VND NNI->SPR (Inc)",80,true,855.0000,1277.6271,70464,0,0,1277476192,1574654960,4374054296
120,true,RFCluster,"6. VND NNI->SPR (Inc)",81,true,886.0000,1339.4738,64101,0,0,1339338462,1646791072,6018221464
120,true,RFCluster,"6. VND NNI->SPR (Inc)",82,true,966.0000,1314.7345,67519,0,0,1314593920,1588798416,7595279768
120,true,RFCluster,"6. VND NNI->SPR (Inc)",83,true,882.0000,1252.0356,211072,0,0,1251751977,1578315768,9172338072
120,true,RFCluster,"6. VND NNI->SPR (Inc)",84,true,853.0000,1301.0585,65595,0,0,1300920451,1589514576,10279655896
120,true,RFCluster,"6. VND NNI->SPR (Inc)",85,true,892.0000,1290.4442,65745,0,0,1290308612,1561183808,2058820056
120,true,RFCluster,"6. VND NNI->SPR (Inc)",86,true,867.0000,1288.3842,66457,0,0,1288237454,1634774704,3702987224
120,true,RFCluster,"6. VND NNI->SPR (Inc)",87,true,900.0000,1334.8285,209378,0,0,1334539808,1618437232,5313599960
120,true,RFCluster,"6. VND NNI->SPR (Inc)",88,true,961.0000,1370.2036,63461,0,0,1370070910,1599634624,6924212696
120,true,RFCluster,"6. VND NNI->SPR (Inc)",89,true,928.0000,1274.5286,73009,0,0,1274382249,1606279944,8534825432
120,true,RFCluster,"6. VND NNI->SPR (Inc)",90,true,920.0000,1312.1668,67147,0,0,1312026960,1588250712,10111883736
120,true,RFCluster,"6. VND NNI->SPR (Inc)",91,true,830.0000,1302.0615,213486,0,0,1301762662,1604897352,10279655896
120,true,RFCluster,"6. VND NNI->SPR (Inc)",92,true,900.0000,1346.2435,68400,0,0,1346096783,1587458432,3031892296
120,true,RFCluster,"6. VND NNI->SPR (Inc)",93,true,852.0000,1306.0959,73349,0,0,1305947159,1632874304,4676059464
120,true,RFCluster,"6. VND NNI->SPR (Inc)",94,true,929.0000,1257.1618,202756,0,0,1256876581,1549072528,6219563336
120,true,RFCluster,"6. VND NNI->SPR (Inc)",95,true,897.0000,1333.9120,72878,0,0,1333754415,1618233568,7830176072
120,true,RFCluster,"6. VND NNI->SPR (Inc)",96,true,939.0000,1359.6610,69422,0,0,1359500029,1618166544,9440788808
120,true,RFCluster,"6. VND NNI->SPR (Inc)",97,true,865.0000,1272.8940,68720,0,0,1272747650,1591734192,10279653544
120,true,RFCluster,"6. VND NNI->SPR (Inc)",98,true,875.0000,1290.5371,67919,0,0,1290397140,1590280056,2360807592
120,true,RFCluster,"6. VND NNI->SPR (Inc)",99,true,813.0000,1304.1211,66386,0,0,1303987322,1601593248,3971420328
120,true,RFCluster,"6. VND NNI->SPR (Inc)",100,true,896.0000,1361.2529,65745,0,0,1361120110,1616107616,5582033064
120,true,MC,"1. NNI (Classic)",1,false,Infinity,3328.6047,0,0,0,0,1722786144,1756655936
120,true,MC,"1. NNI (Classic)",2,false,Infinity,3104.8660,0,0,0,0,1679579608,3434377536
120,true,MC,"1. NNI (Classic)",3,false,Infinity,3887.0431,0,0,0,0,2126459232,5548306752
120,true,MC,"1. NNI (Classic)",4,false,Infinity,4259.3287,0,0,0,0,2229682040,7796453696
120,true,MC,"1. NNI (Classic)",5,false,Infinity,4279.0108,0,0,0,0,2184088696,9977491776
120,true,MC,"1. NNI (Classic)",6,false,Infinity,4339.8359,0,0,0,0,2106181216,10357531680
120,true,MC,"1. NNI (Classic)",7,false,Infinity,4146.6044,0,0,0,0,2129902880,3948635168
120,true,MC,"1. NNI (Classic)",8,false,Infinity,3709.5557,0,0,0,0,1813684400,5760574496
120,true,MC,"1. NNI (Classic)",9,false,Infinity,3841.5400,0,0,0,0,1950759560,7706731552
120,true,MC,"1. NNI (Classic)",10,false,Infinity,3416.5063,0,0,0,0,1677709736,9384453152
120,true,MC,"1. NNI (Classic)",11,false,Infinity,3921.6781,0,0,0,0,1997696208,10366261504
120,true,MC,"1. NNI (Classic)",12,false,Infinity,3450.5092,0,0,0,0,1768622704,3017840896
120,true,MC,"1. NNI (Classic)",13,false,Infinity,3219.5008,0,0,0,0,1646825400,4662008064
120,true,MC,"1. NNI (Classic)",14,false,Infinity,3195.8421,0,0,0,0,1638818624,6272620800
120,true,MC,"1. NNI (Classic)",15,false,Infinity,2569.9013,0,0,0,0,1314361648,7614798080
120,true,MC,"1. NNI (Classic)",16,false,Infinity,4165.9698,0,0,0,0,2080725072,9695172864
120,true,MC,"1. NNI (Classic)",17,false,Infinity,3004.1226,0,0,0,0,1544062616,10299152640
120,true,MC,"1. NNI (Classic)",18,false,Infinity,2661.3807,0,0,0,0,1359747144,2384800368
120,true,MC,"1. NNI (Classic)",19,false,Infinity,3811.6667,0,0,0,0,1987756232,4364511856
120,true,MC,"1. NNI (Classic)",20,false,Infinity,4107.6931,0,0,0,0,2136437688,6511995504
120,true,MC,"1. NNI (Classic)",21,false,Infinity,4511.2634,0,0,0,0,2367070168,8894360176
120,true,MC,"1. NNI (Classic)",22,false,Infinity,4342.7199,0,0,0,0,2135966624,10406400480
120,true,MC,"1. NNI (Classic)",23,false,Infinity,4110.1745,0,0,0,0,2047126960,2957316576
120,true,MC,"1. NNI (Classic)",24,false,Infinity,3585.4241,0,0,0,0,1818049152,4802810336
120,true,MC,"1. NNI (Classic)",25,false,Infinity,3075.1171,0,0,0,0,1586165344,6379868640
120,true,MC,"1. NNI (Classic)",26,false,Infinity,3998.1938,0,0,0,0,2049461112,8426688992
120,true,MC,"1. NNI (Classic)",27,false,Infinity,3982.8869,0,0,0,0,2056199480,10371683824
120,true,MC,"1. NNI (Classic)",28,false,Infinity,4308.3315,0,0,0,0,2262809424,2721273328
120,true,MC,"1. NNI (Classic)",29,false,Infinity,3041.4162,0,0,0,0,1543903688,4264777200
120,true,MC,"1. NNI (Classic)",30,false,Infinity,3361.7519,0,0,0,0,1719029200,5976053232
120,true,MC,"1. NNI (Classic)",31,false,Infinity,3888.1980,0,0,0,0,1950910400,7922210288
120,true,MC,"1. NNI (Classic)",32,false,Infinity,2755.7649,0,0,0,0,1407302184,9331496432
120,true,MC,"1. NNI (Classic)",33,false,Infinity,3108.5675,0,0,0,0,1591007312,10304574960
120,true,MC,"1. NNI (Classic)",34,false,Infinity,4328.3586,0,0,0,0,2186493784,2978212232
120,true,MC,"1. NNI (Classic)",35,false,Infinity,3259.2075,0,0,0,0,1679728480,4655933832
120,true,MC,"1. NNI (Classic)",36,false,Infinity,3512.9287,0,0,0,0,1805736736,6434318728
120,true,MC,"1. NNI (Classic)",37,false,Infinity,4722.8578,0,0,0,0,2412914248,8850237832
120,true,MC,"1. NNI (Classic)",38,false,Infinity,3926.7659,0,0,0,0,1961316272,10349213872
120,true,MC,"1. NNI (Classic)",39,false,Infinity,4535.2143,0,0,0,0,2323417584,3067902128
120,true,MC,"1. NNI (Classic)",40,false,Infinity,3953.6108,0,0,0,0,2052581264,5114722480
120,true,MC,"1. NNI (Classic)",41,false,Infinity,3420.6083,0,0,0,0,1761596720,6893107376
120,true,MC,"1. NNI (Classic)",42,false,Infinity,3103.8193,0,0,0,0,1583954224,8470165680
120,true,MC,"1. NNI (Classic)",43,false,Infinity,4482.0215,0,0,0,0,2309783552,10334595424
120,true,MC,"1. NNI (Classic)",44,false,Infinity,2548.6167,0,0,0,0,1315455720,2080205152
120,true,MC,"1. NNI (Classic)",45,false,Infinity,3622.8665,0,0,0,0,1815565336,3892144480
120,true,MC,"1. NNI (Classic)",46,false,Infinity,3538.9886,0,0,0,0,1862489080,5771192672
120,true,MC,"1. NNI (Classic)",47,false,Infinity,3449.7721,0,0,0,0,1719964704,7482468704
120,true,MC,"1. NNI (Classic)",48,false,Infinity,4073.8888,0,0,0,0,2135502096,9629952352
120,true,MC,"1. NNI (Classic)",49,false,Infinity,3743.9667,0,0,0,0,1907560008,10301040992
120,true,MC,"1. NNI (Classic)",50,false,Infinity,3662.4200,0,0,0,0,1861245128,3207242432
120,true,MC,"1. NNI (Classic)",51,false,Infinity,3720.2472,0,0,0,0,1897379992,5086290624
120,true,MC,"1. NNI (Classic)",52,false,Infinity,3040.8393,0,0,0,0,1547493312,6663348928
120,true,MC,"1. NNI (Classic)",53,false,Infinity,4985.3700,0,0,0,0,2545626320,9179931328
120,true,MC,"1. NNI (Classic)",54,false,Infinity,4113.3415,0,0,0,0,2137211848,10336518720
120,true,MC,"1. NNI (Classic)",55,false,Infinity,3134.3448,0,0,0,0,1590057464,2820325952
120,true,MC,"1. NNI (Classic)",56,false,Infinity,3542.9948,0,0,0,0,1827722104,4632265280
120,true,MC,"1. NNI (Classic)",57,false,Infinity,2837.1075,0,0,0,0,1492919048,6142214720
120,true,MC,"1. NNI (Classic)",58,false,Infinity,4242.6606,0,0,0,0,2179167904,8289698368
120,true,MC,"1. NNI (Classic)",59,false,Infinity,2959.1478,0,0,0,0,1449723024,9766093376
120,true,MC,"1. NNI (Classic)",60,false,Infinity,3506.1044,0,0,0,0,1817118208,10302964288
120,true,MC,"1. NNI (Classic)",61,false,Infinity,3730.7970,0,0,0,0,1903658288,3284642936
120,true,MC,"1. NNI (Classic)",62,false,Infinity,4486.5387,0,0,0,0,2221731992,5499235448
120,true,MC,"1. NNI (Classic)",63,false,Infinity,3571.2763,0,0,0,0,1867944944,7344729208
120,true,MC,"1. NNI (Classic)",64,false,Infinity,3656.2838,0,0,0,0,1818984456,9190222968
120,true,MC,"1. NNI (Classic)",65,false,Infinity,3437.7946,0,0,0,0,1732904136,10365732728
120,true,MC,"1. NNI (Classic)",66,false,Infinity,3059.9822,0,0,0,0,1586942584,2379777912
120,true,MC,"1. NNI (Classic)",67,false,Infinity,3585.6223,0,0,0,0,1816023296,4191717240
120,true,MC,"1. NNI (Classic)",68,false,Infinity,3475.1109,0,0,0,0,1768431232,5936547704
120,true,MC,"1. NNI (Classic)",69,false,Infinity,3971.6329,0,0,0,0,1995829000,7949813624
120,true,MC,"1. NNI (Classic)",70,false,Infinity,3404.1368,0,0,0,0,1724953496,9661089656
120,true,MC,"1. NNI (Classic)",71,false,Infinity,3461.4686,0,0,0,0,1780308864,10298623864
120,true,MC,"1. NNI (Classic)",72,false,Infinity,3115.2944,0,0,0,0,1549830576,2823086328
120,true,MC,"1. NNI (Classic)",73,false,Infinity,3232.8820,0,0,0,0,1625148712,4433699064
120,true,MC,"1. NNI (Classic)",74,false,Infinity,3625.9162,0,0,0,0,1813230784,6245638392
120,true,MC,"1. NNI (Classic)",75,false,Infinity,3599.9528,0,0,0,0,1770485816,8024023288
120,true,MC,"1. NNI (Classic)",76,false,Infinity,3398.7527,0,0,0,0,1770797184,9802408184
120,true,MC,"1. NNI (Classic)",77,false,Infinity,4337.4468,0,0,0,0,2189303624,10305724664
120,true,MC,"1. NNI (Classic)",78,false,Infinity,4458.8736,0,0,0,0,2222595688,3982645568
120,true,MC,"1. NNI (Classic)",79,false,Infinity,3337.9250,0,0,0,0,1722304760,5693921600
120,true,MC,"1. NNI (Classic)",80,false,Infinity,3334.8823,0,0,0,0,1680974696,7405197632
120,true,MC,"1. NNI (Classic)",81,false,Infinity,3041.3850,0,0,0,0,1548275424,8948701504
120,true,MC,"1. NNI (Classic)",82,false,Infinity,3354.3351,0,0,0,0,1680670024,10395462144
120,true,MC,"1. NNI (Classic)",83,false,Infinity,3642.6526,0,0,0,0,1867792576,2375952896
120,true,MC,"1. NNI (Classic)",84,false,Infinity,4286.0936,0,0,0,0,2175048608,4556990976
120,true,MC,"1. NNI (Classic)",85,false,Infinity,4770.2719,0,0,0,0,2393565696,6972910080
120,true,MC,"1. NNI (Classic)",86,false,Infinity,3043.4591,0,0,0,0,1594588368,8549968384
120,true,MC,"1. NNI (Classic)",87,false,Infinity,4299.7359,0,0,0,0,2239822456,10354498816
120,true,MC,"1. NNI (Classic)",88,false,Infinity,5750.1265,0,0,0,0,2917072704,3677166848
120,true,MC,"1. NNI (Classic)",89,false,Infinity,2991.4093,0,0,0,0,1503056904,5187116288
120,true,MC,"1. NNI (Classic)",90,false,Infinity,3504.0270,0,0,0,0,1812743024,6999055616
120,true,MC,"1. NNI (Classic)",91,false,Infinity,2828.3982,0,0,0,0,1449998800,8441896192
120,true,MC,"1. NNI (Classic)",92,false,Infinity,4371.8824,0,0,0,0,2173393160,10306511904
120,true,MC,"1. NNI (Classic)",93,false,Infinity,3895.5966,0,0,0,0,2009225240,2622546976
120,true,MC,"1. NNI (Classic)",94,false,Infinity,4471.0408,0,0,0,0,2232493824,4837139488
120,true,MC,"1. NNI (Classic)",95,false,Infinity,3610.4875,0,0,0,0,1772760456,6615524384
120,true,MC,"1. NNI (Classic)",96,false,Infinity,3956.7241,0,0,0,0,1951851832,8561681440
120,true,MC,"1. NNI (Classic)",97,false,Infinity,4250.5480,0,0,0,0,2133482400,10306511904
120,true,MC,"1. NNI (Classic)",98,false,Infinity,4027.0085,0,0,0,0,2043188248,2706393232
120,true,MC,"1. NNI (Classic)",99,false,Infinity,4041.3823,0,0,0,0,1998477136,4686104720
120,true,MC,"1. NNI (Classic)",100,false,Infinity,3956.7012,0,0,0,0,1988659560,6665816208
120,true,MC,"2. NNI (Incremental)",1,false,Infinity,88.5969,0,0,0,0,168425432,181446680
120,true,MC,"2. NNI (Incremental)",2,false,Infinity,48.9077,0,0,0,0,100065400,282109976
120,true,MC,"2. NNI (Incremental)",3,false,Infinity,38.6190,0,0,0,0,116450736,382773272
120,true,MC,"2. NNI (Incremental)",4,false,Infinity,36.4057,0,0,0,0,108238880,516991000
120,true,MC,"2. NNI (Incremental)",5,false,Infinity,42.0351,0,0,0,0,123980432,617654296
120,true,MC,"2. NNI (Incremental)",6,false,Infinity,40.8448,0,0,0,0,121582320,751872024
120,true,MC,"2. NNI (Incremental)",7,false,Infinity,35.1633,0,0,0,0,111902432,852535320
120,true,MC,"2. NNI (Incremental)",8,false,Infinity,32.5545,0,0,0,0,101299032,953198616
120,true,MC,"2. NNI (Incremental)",9,false,Infinity,34.0966,0,0,0,0,102236392,1053861912
120,true,MC,"2. NNI (Incremental)",10,false,Infinity,30.5186,0,0,0,0,94750848,1154525208
120,true,MC,"2. NNI (Incremental)",11,false,Infinity,32.6111,0,0,0,0,103690728,1255188504
120,true,MC,"2. NNI (Incremental)",12,false,Infinity,31.0047,0,0,0,0,93974984,1355851800
120,true,MC,"2. NNI (Incremental)",13,false,Infinity,35.3698,0,0,0,0,111968776,1456515096
120,true,MC,"2. NNI (Incremental)",14,false,Infinity,30.4074,0,0,0,0,96622824,1557178392
120,true,MC,"2. NNI (Incremental)",15,false,Infinity,23.7486,0,0,0,0,73386520,1657841688
120,true,MC,"2. NNI (Incremental)",16,false,Infinity,38.6065,0,0,0,0,115972344,1758504984
120,true,MC,"2. NNI (Incremental)",17,false,Infinity,27.0953,0,0,0,0,83841480,1859168280
120,true,MC,"2. NNI (Incremental)",18,false,Infinity,24.7463,0,0,0,0,75700520,1926277144
120,true,MC,"2. NNI (Incremental)",19,false,Infinity,35.6007,0,0,0,0,103023224,2026940440
120,true,MC,"2. NNI (Incremental)",20,false,Infinity,38.6946,0,0,0,0,116554744,2127603736
120,true,MC,"2. NNI (Incremental)",21,false,Infinity,44.3292,0,0,0,0,136019920,2261821464
120,true,MC,"2. NNI (Incremental)",22,false,Infinity,39.6456,0,0,0,0,118370296,2396039192
120,true,MC,"2. NNI (Incremental)",23,false,Infinity,42.0725,0,0,0,0,121877616,2530256920
120,true,MC,"2. NNI (Incremental)",24,false,Infinity,32.6213,0,0,0,0,98097104,2597365784
120,true,MC,"2. NNI (Incremental)",25,false,Infinity,23.4984,0,0,0,0,71024048,2698029080
120,true,MC,"2. NNI (Incremental)",26,false,Infinity,40.9465,0,0,0,0,124820552,2798692376
120,true,MC,"2. NNI (Incremental)",27,false,Infinity,35.9942,0,0,0,0,111261376,2932910104
120,true,MC,"2. NNI (Incremental)",28,false,Infinity,40.7278,0,0,0,0,129557896,3067127832
120,true,MC,"2. NNI (Incremental)",29,false,Infinity,27.8676,0,0,0,0,85104944,3134236696
120,true,MC,"2. NNI (Incremental)",30,false,Infinity,33.7779,0,0,0,0,103991352,3234899992
120,true,MC,"2. NNI (Incremental)",31,false,Infinity,31.5091,0,0,0,0,98372024,3335563288
120,true,MC,"2. NNI (Incremental)",32,false,Infinity,24.5775,0,0,0,0,76980400,3402672152
120,true,MC,"2. NNI (Incremental)",33,false,Infinity,28.1092,0,0,0,0,88619464,3503335448
120,true,MC,"2. NNI (Incremental)",34,false,Infinity,34.4808,0,0,0,0,104614672,3603998744
120,true,MC,"2. NNI (Incremental)",35,false,Infinity,28.8277,0,0,0,0,88033152,3704662040
120,true,MC,"2. NNI (Incremental)",36,false,Infinity,33.0029,0,0,0,0,103307856,3805325336
120,true,MC,"2. NNI (Incremental)",37,false,Infinity,30.9962,0,0,0,0,95884784,3905988632
120,true,MC,"2. NNI (Incremental)",38,false,Infinity,38.1047,0,0,0,0,115521328,4006651928
120,true,MC,"2. NNI (Incremental)",39,false,Infinity,38.4442,0,0,0,0,126056104,4140869656
120,true,MC,"2. NNI (Incremental)",40,false,Infinity,28.9575,0,0,0,0,93869864,4241532952
120,true,MC,"2. NNI (Incremental)",41,false,Infinity,36.0114,0,0,0,0,113110456,4342196248
120,true,MC,"2. NNI (Incremental)",42,false,Infinity,33.1140,0,0,0,0,112804416,4442859544
120,true,MC,"2. NNI (Incremental)",43,false,Infinity,34.7437,0,0,0,0,115622696,4577077272
120,true,MC,"2. NNI (Incremental)",44,false,Infinity,21.0701,0,0,0,0,68917240,4644186136
120,true,MC,"2. NNI (Incremental)",45,false,Infinity,35.0078,0,0,0,0,113458976,4744849432
120,true,MC,"2. NNI (Incremental)",46,false,Infinity,35.7547,0,0,0,0,112180424,4879067160
120,true,MC,"2. NNI (Incremental)",47,false,Infinity,35.4030,0,0,0,0,101799048,4979730456
120,true,MC,"2. NNI (Incremental)",48,false,Infinity,37.4189,0,0,0,0,121139200,5080393752
120,true,MC,"2. NNI (Incremental)",49,false,Infinity,31.9279,0,0,0,0,103467984,5181057048
120,true,MC,"2. NNI (Incremental)",50,false,Infinity,30.8337,0,0,0,0,106286104,5315274776
120,true,MC,"2. NNI (Incremental)",51,false,Infinity,34.2872,0,0,0,0,110763608,5415938072
120,true,MC,"2. NNI (Incremental)",52,false,Infinity,27.2280,0,0,0,0,89113496,5516601368
120,true,MC,"2. NNI (Incremental)",53,false,Infinity,41.5373,0,0,0,0,131159544,5617264664
120,true,MC,"2. NNI (Incremental)",54,false,Infinity,38.9233,0,0,0,0,119371680,5751482392
120,true,MC,"2. NNI (Incremental)",55,false,Infinity,29.0041,0,0,0,0,88958528,5852145688
120,true,MC,"2. NNI (Incremental)",56,false,Infinity,33.8245,0,0,0,0,103865840,5952808984
120,true,MC,"2. NNI (Incremental)",57,false,Infinity,28.6794,0,0,0,0,91544280,6053472280
120,true,MC,"2. NNI (Incremental)",58,false,Infinity,53.3487,0,0,0,0,160546560,6187690008
120,true,MC,"2. NNI (Incremental)",59,false,Infinity,27.1757,0,0,0,0,81917520,6288353304
120,true,MC,"2. NNI (Incremental)",60,false,Infinity,29.3881,0,0,0,0,91803536,6355462168
120,true,MC,"2. NNI (Incremental)",61,false,Infinity,38.0156,0,0,0,0,113920280,6489679896
120,true,MC,"2. NNI (Incremental)",62,false,Infinity,39.7796,0,0,0,0,124221752,6623897624
120,true,MC,"2. NNI (Incremental)",63,false,Infinity,34.4533,0,0,0,0,107078672,6724560920
120,true,MC,"2. NNI (Incremental)",64,false,Infinity,29.8328,0,0,0,0,98603600,6825224216
120,true,MC,"2. NNI (Incremental)",65,false,Infinity,31.0715,0,0,0,0,96323696,6925887512
120,true,MC,"2. NNI (Incremental)",66,false,Infinity,31.6015,0,0,0,0,96213088,6992996376
120,true,MC,"2. NNI (Incremental)",67,false,Infinity,32.7828,0,0,0,0,101176048,7093659672
120,true,MC,"2. NNI (Incremental)",68,false,Infinity,31.6886,0,0,0,0,98787648,7194322968
120,true,MC,"2. NNI (Incremental)",69,false,Infinity,35.0337,0,0,0,0,106451104,7328540696
120,true,MC,"2. NNI (Incremental)",70,false,Infinity,29.0347,0,0,0,0,91376936,7395649560
120,true,MC,"2. NNI (Incremental)",71,false,Infinity,32.1378,0,0,0,0,99114768,7496312856
120,true,MC,"2. NNI (Incremental)",72,false,Infinity,28.4345,0,0,0,0,88235960,7596976152
120,true,MC,"2. NNI (Incremental)",73,false,Infinity,28.0284,0,0,0,0,84095928,7664085016
120,true,MC,"2. NNI (Incremental)",74,false,Infinity,35.1024,0,0,0,0,109684920,7798302744
120,true,MC,"2. NNI (Incremental)",75,false,Infinity,34.5991,0,0,0,0,103414320,7898966040
120,true,MC,"2. NNI (Incremental)",76,false,Infinity,28.8446,0,0,0,0,93624624,7999629336
120,true,MC,"2. NNI (Incremental)",77,false,Infinity,39.8258,0,0,0,0,122442456,8100292632
120,true,MC,"2. NNI (Incremental)",78,false,Infinity,48.1492,0,0,0,0,146461112,8268064792
120,true,MC,"2. NNI (Incremental)",79,false,Infinity,36.9274,0,0,0,0,110888928,8368728088
120,true,MC,"2. NNI (Incremental)",80,false,Infinity,30.6667,0,0,0,0,96385592,8469391384
120,true,MC,"2. NNI (Incremental)",81,false,Infinity,25.8523,0,0,0,0,80591952,8536500248
120,true,MC,"2. NNI (Incremental)",82,false,Infinity,34.0115,0,0,0,0,103518176,8637163544
120,true,MC,"2. NNI (Incremental)",83,false,Infinity,28.4196,0,0,0,0,91228856,8737826840
120,true,MC,"2. NNI (Incremental)",84,false,Infinity,43.8217,0,0,0,0,124434712,8872044568
120,true,MC,"2. NNI (Incremental)",85,false,Infinity,43.8354,0,0,0,0,134084360,9006262296
120,true,MC,"2. NNI (Incremental)",86,false,Infinity,29.8435,0,0,0,0,96237152,9106925592
120,true,MC,"2. NNI (Incremental)",87,false,Infinity,40.5464,0,0,0,0,128635112,9207588888
120,true,MC,"2. NNI (Incremental)",88,false,Infinity,42.9721,0,0,0,0,133094632,9341806616
120,true,MC,"2. NNI (Incremental)",89,false,Infinity,31.1455,0,0,0,0,97568112,9442469912
120,true,MC,"2. NNI (Incremental)",90,false,Infinity,34.1140,0,0,0,0,110344648,9576687640
120,true,MC,"2. NNI (Incremental)",91,false,Infinity,27.3241,0,0,0,0,83761856,9643796504
120,true,MC,"2. NNI (Incremental)",92,false,Infinity,39.0798,0,0,0,0,120642616,9778014232
120,true,MC,"2. NNI (Incremental)",93,false,Infinity,37.0984,0,0,0,0,116738136,9878677528
120,true,MC,"2. NNI (Incremental)",94,false,Infinity,37.4649,0,0,0,0,119833272,10012895256
120,true,MC,"2. NNI (Incremental)",95,false,Infinity,27.7957,0,0,0,0,88055400,10080004120
120,true,MC,"2. NNI (Incremental)",96,false,Infinity,32.5253,0,0,0,0,99998904,10180667416
120,true,MC,"2. NNI (Incremental)",97,false,Infinity,45.1378,0,0,0,0,132463112,10326816888
120,true,MC,"2. NNI (Incremental)",98,false,Infinity,38.2566,0,0,0,0,120349128,159823992
120,true,MC,"2. NNI (Incremental)",99,false,Infinity,38.4870,0,0,0,0,115760960,260487288
120,true,MC,"2. NNI (Incremental)",100,false,Infinity,34.6207,0,0,0,0,105594384,361150584
120,true,MC,"5. VND NNI->ECR->SPR (Inc)",1,true,827.0000,32797.8876,60323525,980720452,17469663072,14286680447,92232712384,10326465960
120,true,MC,"5. VND NNI->ECR->SPR (Inc)",2,true,749.0000,37659.4526,43960540,441775683,21443184446,15730054431,103541257112,10285637264
120,true,MC,"5. VND NNI->ECR->SPR (Inc)",3,true,773.0000,29815.0859,56672863,801594015,12614099687,16342259214,85020755352,10284448976
120,true,MC,"5. VND NNI->ECR->SPR (Inc)",4,true,748.0000,30369.2148,54285402,522256957,12580911329,17211231529,86561515768,10284274416
120,true,MC,"5. VND NNI->ECR->SPR (Inc)",5,true,718.0000,34448.6245,59738652,627511930,19648355119,14112557864,92886889744,10285353456
120,true,MC,"5. VND NNI->ECR->SPR (Inc)",6,true,705.0000,41640.9213,58726389,577296514,31980869436,9023519776,113160038112,10288758992
120,true,MC,"5. VND NNI->ECR->SPR (Inc)",7,true,791.0000,32787.4316,54825370,564101484,15119490217,17048525053,93921622224,10294771552
120,true,MC,"5. VND NNI->ECR->SPR (Inc)",8,true,716.0000,36011.7268,50530225,631829801,22309243660,13019630224,99604030456,10293064704
120,true,MC,"5. VND NNI->ECR->SPR (Inc)",9,true,773.0000,35483.2061,51067900,456009612,19851044117,15124621717,101008346000,10292229344
120,true,MC,"5. VND NNI->ECR->SPR (Inc)",10,true,743.0000,39496.7164,43467231,648111405,26393578203,12411093972,106658646816,10293408536
120,true,MC,"5. VND NNI->ECR->SPR (Inc)",11,true,755.0000,40661.2352,48571553,800641556,29447477923,10364048779,106668117504,10294205152
120,true,MC,"5. VND NNI->ECR->SPR (Inc)",12,true,741.0000,38869.5290,47247767,403598140,25414811986,13003370736,107242765184,10293430544
120,true,MC,"5. VND NNI->ECR->SPR (Inc)",13,true,795.0000,36820.0751,52908679,1134492271,22616880213,13015324652,101412078160,10296115712
120,true,MC,"5. VND NNI->ECR->SPR (Inc)",14,true,691.0000,36876.1201,45397308,499037288,23068862920,13262343604,100353164792,10298542144
120,true,MC,"5. VND NNI->ECR->SPR (Inc)",15,true,703.0000,39554.7208,35792219,512441753,27117146328,11888866786,106507531616,10296664088
120,true,MC,"5. VND NNI->ECR->SPR (Inc)",16,true,749.0000,35719.3635,57122359,590370730,22783700291,12287645011,97581935616,10296029056
120,true,MC,"5. VND NNI->ECR->SPR (Inc)",17,true,733.0000,40689.2328,40830717,843774320,28726825090,11077319356,108794550656,10297744064
120,true,MC,"5. VND NNI->ECR->SPR (Inc)",18,true,630.0000,44912.9679,39272595,791258437,36414576095,7667385325,114026872256,10299215768
120,true,MC,"5. VND NNI->ECR->SPR (Inc)",19,true,744.0000,35980.6752,48760734,370804622,20747474589,14813168043,103046962952,10296106064
120,true,MC,"5. VND NNI->ECR->SPR (Inc)",20,true,818.0000,26433.8994,55908823,760748851,10375513897,15241234290,78366540184,10293152912
120,true,MC,"5. VND NNI->ECR->SPR (Inc)",21,true,710.0000,38971.1834,66794239,845909919,30215276496,7842614190,101916861576,10299026272
120,true,MC,"5. VND NNI->ECR->SPR (Inc)",22,true,768.0000,33841.9425,58236559,468145505,18506187332,14808919356,93689668456,10297149784
120,true,MC,"5. VND NNI->ECR->SPR (Inc)",23,true,741.0000,43763.1120,59729438,455276569,33225371163,10022303625,110573013064,10299641296
120,true,MC,"5. VND NNI->ECR->SPR (Inc)",24,true,691.0000,48592.4146,47082553,687241039,37913300602,9944350630,124058433992,10300581024
120,true,MC,"5. VND NNI->ECR->SPR (Inc)",25,false,Infinity,38571.4224,38781853,771723188,26154044443,11606401235,101144012600,10297583152
120,true,MC,"5. VND NNI->ECR->SPR (Inc)",26,true,763.0000,31036.4264,58655325,340032828,14104176552,16533119574,90540949392,10295012928
120,true,MC,"5. VND NNI->ECR->SPR (Inc)",27,true,786.0000,34164.0397,50927863,480011075,19218507874,14414166925,95130012280,10296217808
120,true,MC,"5. VND NNI->ECR->SPR (Inc)",28,true,800.0000,34736.8444,62365920,535069000,19793918692,14345061782,95520053144,10296879968
120,true,MC,"5. VND NNI->ECR->SPR (Inc)",29,true,764.0000,33131.6141,41713995,562651469,15844768586,16682038331,93231919024,10295471040
120,true,MC,"5. VND NNI->ECR->SPR (Inc)",30,true,763.0000,37028.4988,50391975,533028432,23035683648,13408927177,103822822600,10297334144
120,true,MC,"5. VND NNI->ECR->SPR (Inc)",31,true,690.0000,33138.4961,48093033,987137681,17198249538,14904593431,93675606616,10296119456
120,true,MC,"5. VND NNI->ECR->SPR (Inc)",32,true,790.0000,37537.3724,37221906,449767676,22309456771,14740483726,106251423832,10297005952
120,true,MC,"5. VND NNI->ECR->SPR (Inc)",33,true,814.0000,34538.3062,40396591,487818829,18949258640,15060411852,99005291584,10296782384
120,true,MC,"5. VND NNI->ECR->SPR (Inc)",34,true,684.0000,35977.9073,50404219,523870290,23143861918,12259354335,98611517160,10297121608
120,true,MC,"5. VND NNI->ECR->SPR (Inc)",35,true,757.0000,36439.9636,43735550,637765598,18767597836,16990458216,101240844376,10296490656
120,true,MC,"5. VND NNI->ECR->SPR (Inc)",36,true,733.0000,38537.6751,49433023,393008154,24133860388,13960941909,102044794056,10296670720
120,true,MC,"5. VND NNI->ECR->SPR (Inc)",37,true,735.0000,38637.4075,48109629,720054586,25029034642,12839779850,105115033304,10297874848
120,true,MC,"5. VND NNI->ECR->SPR (Inc)",38,true,748.0000,30339.0761,56208878,680688687,13109176847,16492565925,88332142040,10294670272
120,true,MC,"5. VND NNI->ECR->SPR (Inc)",39,true,816.0000,41009.8453,59600279,584735890,25576483927,14788599721,111995655536,10297865984
120,true,MC,"5. VND NNI->ECR->SPR (Inc)",40,true,770.0000,31527.8189,44185705,829926775,17192829440,13460456485,89298641200,10295996928
120,true,MC,"5. VND NNI->ECR->SPR (Inc)",41,true,733.0000,34328.1338,53784629,413435687,21090758277,12769692509,96433131984,10297503936
120,true,MC,"5. VND NNI->ECR->SPR (Inc)",42,true,757.0000,35594.8768,51222397,449297984,20315700835,14778228869,97727971704,10295998104
120,true,MC,"5. VND NNI->ECR->SPR (Inc)",43,true,772.0000,33903.5969,55119057,447104233,16898009437,16502938550,97810969440,10295341544
120,true,MC,"5. VND NNI->ECR->SPR (Inc)",44,true,741.0000,34866.3954,33196427,659806357,20545621803,13627353715,92735143080,10295967504
120,true,MC,"5. VND NNI->ECR->SPR (Inc)",45,true,794.0000,35367.4940,51871821,508299195,20353395575,14453507395,99011196840,10296727856
120,true,MC,"5. VND NNI->ECR->SPR (Inc)",46,true,735.0000,32760.3446,54478609,768842844,19126753451,12809859682,90465220016,10296048000
120,true,MC,"5. VND NNI->ECR->SPR (Inc)",47,true,712.0000,29158.1824,51867173,506012304,13973971408,14625906375,83474507080,10295382856
120,true,MC,"5. VND NNI->ECR->SPR (Inc)",48,true,720.0000,38835.3369,57093591,482724259,24286831028,14008255886,102328149392,10297429680
120,true,MC,"5. VND NNI->ECR->SPR (Inc)",49,true,848.0000,31048.3568,48105469,852266907,12043413456,18104156096,91612985536,10294395424
120,true,MC,"5. VND NNI->ECR->SPR (Inc)",50,true,747.0000,34759.8791,49839567,857185391,20652683164,13199736489,94022974384,10296464256
120,true,MC,"5. VND NNI->ECR->SPR (Inc)",51,true,749.0000,29079.6756,52616388,634694764,13562145321,14829780941,83563821400,10295281632
120,true,MC,"5. VND NNI->ECR->SPR (Inc)",52,true,754.0000,35295.9966,43916172,785416682,21531078609,12935141645,97915615552,10297047456
120,true,MC,"5. VND NNI->ECR->SPR (Inc)",53,true,799.0000,30553.5733,62658504,414836682,10034013002,20041635169,92851995120,10294662864
120,true,MC,"5. VND NNI->ECR->SPR (Inc)",54,true,699.0000,30927.7259,58343528,1186228803,18081016071,11601710494,85674250264,10296383600
120,true,MC,"5. VND NNI->ECR->SPR (Inc)",55,true,687.0000,36919.6993,43629018,546857057,23476439602,12852353651,100737562072,10297050648
120,true,MC,"5. VND NNI->ECR->SPR (Inc)",56,true,752.0000,34832.2473,48712843,460737669,21816272467,12506071776,97790649552,10297317920
120,true,MC,"5. VND NNI->ECR->SPR (Inc)",57,true,823.0000,32806.9788,41340204,771382333,15251189450,16742658973,92924038960,10295657616
120,true,MC,"5. VND NNI->ECR->SPR (Inc)",58,true,741.0000,33177.0220,76592482,616691647,19268889042,13214441513,91380328488,10295985560
120,true,MC,"5. VND NNI->ECR->SPR (Inc)",59,true,764.0000,38397.1546,39910806,760658141,24736979278,12859147480,103816077056,10297617400
120,true,MC,"5. VND NNI->ECR->SPR (Inc)",60,true,719.0000,38292.3316,44685957,600869620,23956674937,13689707069,106179078392,10297596704
120,true,MC,"5. VND NNI->ECR->SPR (Inc)",61,true,779.0000,31922.6070,58100455,536277530,16552736899,14775090450,90803928104,10295483152
120,true,MC,"5. VND NNI->ECR->SPR (Inc)",62,true,766.0000,31640.5024,58623951,628463885,16520447897,14432567664,87963390696,10295600048
120,true,MC,"5. VND NNI->ECR->SPR (Inc)",63,true,771.0000,32351.7846,49743124,396790785,16392902691,15511987927,92246379648,10296103456
120,true,MC,"5. VND NNI->ECR->SPR (Inc)",64,true,826.0000,27574.1399,47240585,1055050640,10963654449,15507794071,81340081600,10294859136
120,true,MC,"5. VND NNI->ECR->SPR (Inc)",65,true,813.0000,33799.8957,46374648,485835947,17798907011,15468402883,94142936120,10296252608
120,true,MC,"5. VND NNI->ECR->SPR (Inc)",66,true,726.0000,34850.9692,46611940,481748233,21427023935,12895194810,97053806464,10296904800
120,true,MC,"5. VND NNI->ECR->SPR (Inc)",67,true,761.0000,36619.4244,49904441,535524907,22562319991,13471297650,101295052824,10297448824
120,true,MC,"5. VND NNI->ECR->SPR (Inc)",68,true,767.0000,29335.1144,48542099,780815279,13050044650,15455326858,85261584776,10294709848
120,true,MC,"5. VND NNI->ECR->SPR (Inc)",69,true,719.0000,35468.0326,54668861,732451749,21050337117,13630168696,95521673184,10296417264
120,true,MC,"5. VND NNI->ECR->SPR (Inc)",70,true,750.0000,29180.3008,44216846,1435956120,15942571700,11757178683,81471406544,10295759328
120,true,MC,"5. VND NNI->ECR->SPR (Inc)",71,true,777.0000,33651.0437,46868045,567363351,18350855649,14685580759,93180405640,10296159648
120,true,MC,"5. VND NNI->ECR->SPR (Inc)",72,true,804.0000,32231.9621,43040889,636503400,15706991912,15845053177,92280463704,10296096120
120,true,MC,"5. VND NNI->ECR->SPR (Inc)",73,true,722.0000,29270.1816,42572397,640129696,12464833629,16122266696,85565845888,10294870008
120,true,MC,"5. VND NNI->ECR->SPR (Inc)",74,true,708.0000,38340.3427,52410305,588135151,25415951114,12283449832,103038257792,10297680816
120,true,MC,"5. VND NNI->ECR->SPR (Inc)",75,true,723.0000,37583.2864,50533356,511402633,23710109308,13310864132,103364221592,10297553408
120,true,MC,"5. VND NNI->ECR->SPR (Inc)",76,true,717.0000,34296.0606,43170133,904561380,19562878891,13785076923,94916088312,10296430272
120,true,MC,"5. VND NNI->ECR->SPR (Inc)",77,false,Infinity,41770.2510,58627237,389653731,29353565104,11968002705,114312055504,10299529536
120,true,MC,"5. VND NNI->ECR->SPR (Inc)",78,false,Infinity,30107.2641,71524775,708849928,15309074448,14017365294,84885531792,10295375184
120,true,MC,"5. VND NNI->ECR->SPR (Inc)",79,true,786.0000,38343.5774,51646072,756816352,24541867531,12992860986,105116253136,10297787072
120,true,MC,"5. VND NNI->ECR->SPR (Inc)",80,true,789.0000,29406.1558,47256855,401690240,10871646661,18085181993,87419350552,10294822968
120,true,MC,"5. VND NNI->ECR->SPR (Inc)",81,true,700.0000,36060.5409,39614071,800195443,22806711530,12413639305,98693606376,10297067072
120,true,MC,"5. VND NNI->ECR->SPR (Inc)",82,true,740.0000,36838.5309,50267009,508339338,23569337830,12710163096,101759424464,10297485424
120,true,MC,"5. VND NNI->ECR->SPR (Inc)",83,true,767.0000,36206.5938,44302337,458939827,19054399693,16648562722,103514340936,10296536640
120,true,MC,"5. VND NNI->ECR->SPR (Inc)",84,true,671.0000,42300.1259,61029837,237890713,32905454678,9095377447,108330056272,10299641344
120,true,MC,"5. VND NNI->ECR->SPR (Inc)",85,true,743.0000,39173.2147,64378402,836746431,25536315073,12735378867,105254274616,10297866976
120,true,MC,"5. VND NNI->ECR->SPR (Inc)",86,true,739.0000,35272.3040,43177868,454434221,21449701615,13324620322,99925386688,10296778648
120,true,MC,"5. VND NNI->ECR->SPR (Inc)",87,false,Infinity,37491.7349,63169787,666305534,21525982544,15235876903,103825722504,10296971656
120,true,MC,"5. VND NNI->ECR->SPR (Inc)",88,true,725.0000,33108.7642,63286228,624821274,18054895189,14365364743,91272216544,10295950976
120,true,MC,"5. VND NNI->ECR->SPR (Inc)",89,true,714.0000,39767.3328,47757938,288966810,25338719749,14091476867,109927978912,10298128880
120,true,MC,"5. VND NNI->ECR->SPR (Inc)",90,true,773.0000,34886.8958,51185716,648662161,19378969791,14807701087,97418562656,10296266608
120,true,MC,"5. VND NNI->ECR->SPR (Inc)",91,true,691.0000,32533.7566,41695649,509728389,18988878118,12993076706,91981735856,10296823008
120,true,MC,"5. VND NNI->ECR->SPR (Inc)",92,true,758.0000,30393.1747,56206514,1126519584,15668487763,13541578218,84904421880,10295784544
120,true,MC,"5. VND NNI->ECR->SPR (Inc)",93,true,752.0000,39596.2120,54732121,634760574,27326805950,11579539257,106650567336,10298445936
120,true,MC,"5. VND NNI->ECR->SPR (Inc)",94,false,Infinity,31237.6677,56573752,1011227891,17716794233,12452674645,86345467736,10296249072
120,true,MC,"5. VND NNI->ECR->SPR (Inc)",95,true,757.0000,30045.2613,41565913,915782798,12714206475,16373233654,86403213040,10294762160
120,true,MC,"5. VND NNI->ECR->SPR (Inc)",96,true,817.0000,35042.2412,50960258,936916558,19290466900,14763391455,94361037776,10296494016
120,true,MC,"5. VND NNI->ECR->SPR (Inc)",97,true,693.0000,35345.2176,65228371,875644003,23854427982,10549483951,91601276664,10297486448
120,true,MC,"5. VND NNI->ECR->SPR (Inc)",98,true,760.0000,43145.0571,58569880,584127381,30126518363,12375452510,114593864096,10299362144
120,true,MC,"5. VND NNI->ECR->SPR (Inc)",99,true,716.0000,37111.3645,55198268,650261976,21828250118,14577240794,100650658560,10297170000
120,true,MC,"5. VND NNI->ECR->SPR (Inc)",100,true,763.0000,37979.0042,50947224,621991074,22637219107,14668451113,100387033504,10296336640
120,true,MC,"6. VND NNI->SPR (Inc)",1,true,972.0000,27031.5041,58275940,0,0,26972790832,86683911712,10315691160
120,true,MC,"6. VND NNI->SPR (Inc)",2,false,Infinity,29296.0548,43233254,0,0,29252458895,93491200408,10282236536
120,true,MC,"6. VND NNI->SPR (Inc)",3,true,876.0000,26040.0877,54387366,0,0,25985359111,83758513936,10282181824
120,true,MC,"6. VND NNI->SPR (Inc)",4,false,Infinity,26095.9652,52447958,0,0,26043162812,84882246472,10282165704
120,true,MC,"6. VND NNI->SPR (Inc)",5,true,919.0000,27659.8222,55360967,0,0,27604111398,90117079728,10282176576
120,true,MC,"6. VND NNI->SPR (Inc)",6,false,Infinity,26364.5005,57252895,0,0,26306876853,84822307080,10282207744
120,true,MC,"6. VND NNI->SPR (Inc)",7,false,Infinity,28102.3278,52794406,0,0,28049168297,89975742872,10282229536
120,true,MC,"6. VND NNI->SPR (Inc)",8,true,920.0000,28898.5529,47847379,0,0,28850360918,92301227480,10282212808
120,true,MC,"6. VND NNI->SPR (Inc)",9,true,892.0000,27534.6004,48319175,0,0,27485950841,88332174672,10282224432
120,true,MC,"6. VND NNI->SPR (Inc)",10,true,939.0000,28191.1003,41351525,0,0,28149410522,90191546192,10282207072
120,true,MC,"6. VND NNI->SPR (Inc)",11,false,Infinity,27617.1763,48042349,0,0,27568794888,87668238240,10282204280
120,true,MC,"6. VND NNI->SPR (Inc)",12,false,Infinity,27811.9032,45109101,0,0,27766457761,87980727536,10282219048
120,true,MC,"6. VND NNI->SPR (Inc)",13,false,Infinity,28686.4195,51155189,0,0,28634909066,91597594856,10282220944
120,true,MC,"6. VND NNI->SPR (Inc)",14,true,931.0000,26942.5556,43477297,0,0,26898732280,86604768704,10282231832
120,true,MC,"6. VND NNI->SPR (Inc)",15,false,Infinity,27283.3952,35699738,0,0,27247329707,87290371416,10282206272
120,true,MC,"6. VND NNI->SPR (Inc)",16,true,893.0000,26426.5999,54823585,0,0,26371417533,84617694256,10282217648
120,true,MC,"6. VND NNI->SPR (Inc)",17,false,Infinity,26869.7232,38212045,0,0,26831164178,86843074536,10282216272
120,true,MC,"6. VND NNI->SPR (Inc)",18,false,Infinity,28109.1302,37791806,0,0,28070977880,89245118008,10282232208
120,true,MC,"6. VND NNI->SPR (Inc)",19,false,Infinity,27366.4248,47995070,0,0,27318071683,87665261856,10282212056
120,true,MC,"6. VND NNI->SPR (Inc)",20,true,935.0000,27358.9724,54150985,0,0,27304490576,88396222896,10282217824
120,true,MC,"6. VND NNI->SPR (Inc)",21,false,Infinity,26456.0404,66133171,0,0,26389546469,83836835944,10283612256
120,true,MC,"6. VND NNI->SPR (Inc)",22,false,Infinity,28301.1062,56764287,0,0,28243977535,90592402664,10284940192
120,true,MC,"6. VND NNI->SPR (Inc)",23,false,Infinity,28159.5957,58276261,0,0,28100951439,87829482152,10283565640
120,true,MC,"6. VND NNI->SPR (Inc)",24,false,Infinity,29171.1486,47426988,0,0,29123361518,92045231408,10283541024
120,true,MC,"6. VND NNI->SPR (Inc)",25,false,Infinity,30300.2690,35428613,0,0,30264483863,94654507000,10283536000
120,true,MC,"6. VND NNI->SPR (Inc)",26,true,905.0000,27270.4453,55812937,0,0,27214283486,88024457632,10283528504
120,true,MC,"6. VND NNI->SPR (Inc)",27,false,Infinity,26851.5309,47671203,0,0,26803511863,85605361016,10283544384
120,true,MC,"6. VND NNI->SPR (Inc)",28,true,893.0000,25362.3208,61974883,0,0,25299998170,81107619912,10283544384
120,true,MC,"6. VND NNI->SPR (Inc)",29,false,Infinity,28391.6578,40344119,0,0,28350969765,91368738352,10283541912
120,true,MC,"6. VND NNI->SPR (Inc)",30,true,871.0000,25372.2615,47328011,0,0,25324578403,82640161872,10283537640
120,true,MC,"6. VND NNI->SPR (Inc)",31,false,Infinity,30089.3237,46078194,0,0,30042857331,96076176880,10283531936
120,true,MC,"6. VND NNI->SPR (Inc)",32,true,956.0000,27753.9006,34194987,0,0,27719324641,89822998824,10283531936
120,true,MC,"6. VND NNI->SPR (Inc)",33,true,941.0000,28270.5454,39664066,0,0,28230540470,91581723856,10283539008
120,true,MC,"6. VND NNI->SPR (Inc)",34,true,874.0000,28471.8106,47822172,0,0,28423650108,91161210992,10283541168
120,true,MC,"6. VND NNI->SPR (Inc)",35,true,920.0000,28293.6037,41525647,0,0,28251750763,90234943680,10283554520
120,true,MC,"6. VND NNI->SPR (Inc)",36,true,895.0000,28297.2433,46948610,0,0,28249945392,89519570976,10283554520
120,true,MC,"6. VND NNI->SPR (Inc)",37,false,Infinity,29182.6516,47305278,0,0,29134993133,92892814128,10283551248
120,true,MC,"6. VND NNI->SPR (Inc)",38,false,Infinity,27617.0259,54372547,0,0,27562283039,88865917616,10283552712
120,true,MC,"6. VND NNI->SPR (Inc)",39,true,924.0000,27159.4765,57799425,0,0,27101338685,87332008304,10283564592
120,true,MC,"6. VND NNI->SPR (Inc)",40,true,888.0000,28937.2064,42025708,0,0,28894843423,92006785336,10283541888
120,true,MC,"6. VND NNI->SPR (Inc)",41,false,Infinity,27497.8352,54745596,0,0,27442741272,86855726360,10283549208
120,true,MC,"6. VND NNI->SPR (Inc)",42,true,936.0000,30566.1912,50068883,0,0,30515764027,95686429048,10283546464
120,true,MC,"6. VND NNI->SPR (Inc)",43,true,967.0000,27057.3720,51041512,0,0,27006003319,84743881456,10283542072
120,true,MC,"6. VND NNI->SPR (Inc)",44,true,901.0000,28231.6132,31641491,0,0,28199634309,88730833144,10283556120
120,true,MC,"6. VND NNI->SPR (Inc)",45,true,918.0000,26653.7265,50096777,0,0,26603291382,84624309928,10283552232
120,true,MC,"6. VND NNI->SPR (Inc)",46,true,904.0000,27183.2831,52285089,0,0,27130664452,87436531256,10283548336
120,true,MC,"6. VND NNI->SPR (Inc)",47,false,Infinity,27366.4858,50314692,0,0,27315810138,88203183656,10283534376
120,true,MC,"6. VND NNI->SPR (Inc)",48,true,896.0000,25879.8574,54898498,0,0,25824626105,83102143896,10283540432
120,true,MC,"6. VND NNI->SPR (Inc)",49,false,Infinity,27232.5108,48146198,0,0,27184022990,87421801280,10283550584
120,true,MC,"6. VND NNI->SPR (Inc)",50,true,960.0000,30003.7256,45501337,0,0,29957876049,95151790224,10283549400
120,true,MC,"6. VND NNI->SPR (Inc)",51,true,858.0000,27303.1349,50974365,0,0,27251810630,86917750496,10283546952
120,true,MC,"6. VND NNI->SPR (Inc)",52,true,900.0000,26351.8499,41010448,0,0,26310479227,83873532552,10283548968
120,true,MC,"6. VND NNI->SPR (Inc)",53,true,876.0000,26971.2008,60384219,0,0,26910467236,85052995248,10283553736
120,true,MC,"6. VND NNI->SPR (Inc)",54,true,947.0000,29083.3288,55269033,0,0,29027710401,92754948576,10283553368
120,true,MC,"6. VND NNI->SPR (Inc)",55,true,888.0000,28412.3079,41062126,0,0,28370919112,90656315328,10283553368
120,true,MC,"6. VND NNI->SPR (Inc)",56,true,884.0000,26610.5623,46167415,0,0,26564068336,84812218608,10283550824
120,true,MC,"6. VND NNI->SPR (Inc)",57,false,Infinity,27746.7607,41469299,0,0,27704945132,89343786112,10283560944
120,true,MC,"6. VND NNI->SPR (Inc)",58,false,Infinity,27239.6653,75416787,0,0,27163879947,87398360288,10283552472
120,true,MC,"6. VND NNI->SPR (Inc)",59,true,928.0000,27842.5336,38426774,0,0,27803771006,88828095080,10283552320
120,true,MC,"6. VND NNI->SPR (Inc)",60,true,929.0000,28507.6734,42498547,0,0,28464847131,90449234784,10283564680
120,true,MC,"6. VND NNI->SPR (Inc)",61,true,925.0000,28274.9376,51957275,0,0,28222643295,90439691296,10283561192
120,true,MC,"6. VND NNI->SPR (Inc)",62,false,Infinity,26482.7547,56753536,0,0,26425639069,85505878792,10283547288
120,true,MC,"6. VND NNI->SPR (Inc)",63,false,Infinity,27329.9751,46659922,0,0,27282979664,88255756936,10283550472
120,true,MC,"6. VND NNI->SPR (Inc)",64,false,Infinity,28972.2468,45113390,0,0,28926761011,92920180312,10283549320
120,true,MC,"6. VND NNI->SPR (Inc)",65,true,933.0000,27722.9468,43644957,0,0,27678963896,89502708448,10283570696
120,true,MC,"6. VND NNI->SPR (Inc)",66,true,861.0000,26746.5040,45084094,0,0,26701075395,86348324784,10283565128
120,true,MC,"6. VND NNI->SPR (Inc)",67,true,956.0000,27025.3902,47359521,0,0,26977681191,86707260440,10283557720
120,true,MC,"6. VND NNI->SPR (Inc)",68,true,892.0000,27016.7838,46034211,0,0,26970409715,85981569864,10283550536
120,true,MC,"6. VND NNI->SPR (Inc)",69,true,911.0000,27407.7552,48994801,0,0,27358423100,88147781544,10283558456
120,true,MC,"6. VND NNI->SPR (Inc)",70,false,Infinity,28290.6575,42187747,0,0,28248123939,90467273840,10283566016
120,true,MC,"6. VND NNI->SPR (Inc)",71,false,Infinity,28900.3074,44521246,0,0,28855446820,91543690320,10283572392
120,true,MC,"6. VND NNI->SPR (Inc)",72,true,938.0000,28180.7405,39178858,0,0,28141221886,89513390112,10283552560
120,true,MC,"6. VND NNI->SPR (Inc)",73,true,862.0000,26216.0411,40019807,0,0,26175688666,84493978992,10283560776
120,true,MC,"6. VND NNI->SPR (Inc)",74,true,872.0000,26103.1672,50148760,0,0,26052685587,84161682792,10283560776
120,true,MC,"6. VND NNI->SPR (Inc)",75,false,Infinity,25378.0659,47814509,0,0,25329898691,82209690368,10283552736
120,true,MC,"6. VND NNI->SPR (Inc)",76,true,928.0000,27643.2333,39876705,0,0,27603028171,89169970656,10283562728
120,true,MC,"6. VND NNI->SPR (Inc)",77,true,922.0000,26965.7783,56396510,0,0,26909050793,87245945760,10283561176
120,true,MC,"6. VND NNI->SPR (Inc)",78,true,907.0000,27053.0911,67888645,0,0,26984842859,86990792656,10283565920
120,true,MC,"6. VND NNI->SPR (Inc)",79,false,Infinity,26811.8140,51756376,0,0,26759714548,85500738368,10283560720
120,true,MC,"6. VND NNI->SPR (Inc)",80,true,888.0000,25462.2626,43532316,0,0,25418388913,82533480632,10283570736
120,true,MC,"6. VND NNI->SPR (Inc)",81,true,915.0000,27890.8729,36731764,0,0,27853778980,89861475504,10283569200
120,true,MC,"6. VND NNI->SPR (Inc)",82,true,963.0000,27854.7032,47990875,0,0,27806374289,89358286960,10283577048
120,true,MC,"6. VND NNI->SPR (Inc)",83,true,882.0000,28006.6596,41244124,0,0,27965079864,90472627008,10283558864
120,true,MC,"6. VND NNI->SPR (Inc)",84,true,866.0000,26391.2998,58007564,0,0,26332968227,83740722664,10283579984
120,true,MC,"6. VND NNI->SPR (Inc)",85,true,932.0000,26646.4206,58660236,0,0,26587424910,85824354104,10283571320
120,true,MC,"6. VND NNI->SPR (Inc)",86,true,903.0000,28578.6074,41735188,0,0,28536549057,92173691488,10283564736
120,true,MC,"6. VND NNI->SPR (Inc)",87,false,Infinity,27071.7608,59914900,0,0,27011509170,85389950816,10283584176
120,true,MC,"6. VND NNI->SPR (Inc)",88,true,877.0000,26771.1330,63139674,0,0,26707634357,85605669408,10283578616
120,true,MC,"6. VND NNI->SPR (Inc)",89,true,890.0000,26961.9741,42529419,0,0,26919099292,86487404848,10283568080
120,true,MC,"6. VND NNI->SPR (Inc)",90,true,902.0000,27115.1056,48528608,0,0,27066232579,87366245304,10283565960
120,true,MC,"6. VND NNI->SPR (Inc)",91,false,Infinity,25816.4585,41599742,0,0,25774509256,84443973512,10283567536
120,true,MC,"6. VND NNI->SPR (Inc)",92,true,906.0000,29612.5291,55461302,0,0,29556707722,93898409448,10283575856
120,true,MC,"6. VND NNI->SPR (Inc)",93,true,921.0000,27582.2576,52626822,0,0,27529289352,86224247024,10283576904
120,true,MC,"6. VND NNI->SPR (Inc)",94,true,895.0000,27091.5771,54418058,0,0,27036822499,85717108296,10283577704
120,true,MC,"6. VND NNI->SPR (Inc)",95,true,884.0000,26593.2099,39259581,0,0,26553593864,85616196344,10283571560
120,true,MC,"6. VND NNI->SPR (Inc)",96,false,Infinity,28525.9055,48156079,0,0,28477388380,91539289784,10283572952
120,true,MC,"6. VND NNI->SPR (Inc)",97,true,921.0000,27156.3800,62509336,0,0,27093532646,86433113872,10283584760
120,true,MC,"6. VND NNI->SPR (Inc)",98,true,970.0000,27002.0573,54354335,0,0,26947360278,86408460992,10283576800
120,true,MC,"6. VND NNI->SPR (Inc)",99,true,914.0000,27180.9864,52279400,0,0,27128371629,88256802928,10283582200
120,true,MC,"6. VND NNI->SPR (Inc)",100,true,897.0000,29059.6859,49620234,0,0,29009738451,92530865944,10283580024
120,true,MP,"1. NNI (Classic)",1,false,Infinity,763.3454,0,0,0,0,1621115328,1624932288
120,true,MP,"1. NNI (Classic)",2,false,Infinity,911.9320,0,0,0,0,2320605440,3940188096
120,true,MP,"1. NNI (Classic)",3,false,Infinity,896.0437,0,0,0,0,2374394928,6322552768
120,true,MP,"1. NNI (Classic)",4,false,Infinity,643.4881,0,0,0,0,1661920248,7966719936
120,true,MP,"1. NNI (Classic)",5,false,Infinity,426.4595,0,0,0,0,898524504,8872689600
120,true,MP,"1. NNI (Classic)",6,false,Infinity,681.4379,0,0,0,0,1708110448,10486457176
120,true,MP,"1. NNI (Classic)",7,false,Infinity,840.6320,0,0,0,0,2140583544,2601165656
120,true,MP,"1. NNI (Classic)",8,false,Infinity,435.0336,0,0,0,0,1097697400,3674907480
120,true,MP,"1. NNI (Classic)",9,false,Infinity,876.6615,0,0,0,0,2250989240,5956608856
120,true,MP,"1. NNI (Classic)",10,false,Infinity,600.4946,0,0,0,0,1511647368,7466558296
120,true,MP,"1. NNI (Classic)",11,false,Infinity,754.3680,0,0,0,0,1925649960,9379160920
120,true,MP,"1. NNI (Classic)",12,false,Infinity,622.2321,0,0,0,0,1564032912,10285130584
120,true,MP,"1. NNI (Classic)",13,false,Infinity,594.1311,0,0,0,0,1519818112,2311666648
120,true,MP,"1. NNI (Classic)",14,false,Infinity,599.8260,0,0,0,0,1515618496,3821616088
120,true,MP,"1. NNI (Classic)",15,false,Infinity,656.7126,0,0,0,0,1665359776,5499337688
120,true,MP,"1. NNI (Classic)",16,false,Infinity,973.9149,0,0,0,0,2482817936,7982365656
120,true,MP,"1. NNI (Classic)",17,false,Infinity,614.4883,0,0,0,0,1562319728,9525869528
120,true,MP,"1. NNI (Classic)",18,false,Infinity,767.1260,0,0,0,0,1968884896,10297621464
120,true,MP,"1. NNI (Classic)",19,false,Infinity,813.0507,0,0,0,0,2098722512,3436871616
120,true,MP,"1. NNI (Classic)",20,false,Infinity,637.4345,0,0,0,0,1672599440,5081038784
120,true,MP,"1. NNI (Classic)",21,false,Infinity,1063.7305,0,0,0,0,2758539960,7866056640
120,true,MP,"1. NNI (Classic)",22,false,Infinity,719.8797,0,0,0,0,1868847656,9711550400
120,true,MP,"1. NNI (Classic)",23,false,Infinity,991.5408,0,0,0,0,2531001568,10315530176
120,true,MP,"1. NNI (Classic)",24,false,Infinity,941.2161,0,0,0,0,2406985440,4454861824
120,true,MP,"1. NNI (Classic)",25,false,Infinity,347.2430,0,0,0,0,903987320,5327277056
120,true,MP,"1. NNI (Classic)",26,false,Infinity,628.1997,0,0,0,0,1613294824,6971444224
120,true,MP,"1. NNI (Classic)",27,false,Infinity,817.5509,0,0,0,0,2080994640,9051819008
120,true,MP,"1. NNI (Classic)",28,false,Infinity,659.5520,0,0,0,0,1659612016,10369835712
120,true,MP,"1. NNI (Classic)",29,false,Infinity,736.5537,0,0,0,0,1875676816,2450989760
120,true,MP,"1. NNI (Classic)",30,false,Infinity,643.3004,0,0,0,0,1673174720,4128711360
120,true,MP,"1. NNI (Classic)",31,false,Infinity,823.4924,0,0,0,0,2150329408,6276195008
120,true,MP,"1. NNI (Classic)",32,false,Infinity,652.7660,0,0,0,0,1669532808,7953916608
120,true,MP,"1. NNI (Classic)",33,false,Infinity,721.1607,0,0,0,0,1835114968,9765855936
120,true,MP,"1. NNI (Classic)",34,false,Infinity,811.4573,0,0,0,0,2067084656,10302726848
120,true,MP,"1. NNI (Classic)",35,false,Infinity,583.3939,0,0,0,0,1468289584,3108010192
120,true,MP,"1. NNI (Classic)",36,false,Infinity,904.7552,0,0,0,0,2333307024,5423266000
120,true,MP,"1. NNI (Classic)",37,false,Infinity,902.6090,0,0,0,0,2320265288,7738521808
120,true,MP,"1. NNI (Classic)",38,false,Infinity,860.1652,0,0,0,0,2223414904,9986668752
120,true,MP,"1. NNI (Classic)",39,false,Infinity,604.1214,0,0,0,0,1536300880,10288658640
120,true,MP,"1. NNI (Classic)",40,false,Infinity,856.3340,0,0,0,0,2186481944,3481800136
120,true,MP,"1. NNI (Classic)",41,false,Infinity,704.9692,0,0,0,0,1810452816,5293739464
120,true,MP,"1. NNI (Classic)",42,false,Infinity,668.3084,0,0,0,0,1710734872,7005015496
120,true,MP,"1. NNI (Classic)",43,false,Infinity,763.0426,0,0,0,0,1931765408,8917618120
120,true,MP,"1. NNI (Classic)",44,false,Infinity,784.9736,0,0,0,0,1958529728,10413581328
120,true,MP,"1. NNI (Classic)",45,false,Infinity,753.4418,0,0,0,0,1917157088,2696061968
120,true,MP,"1. NNI (Classic)",46,false,Infinity,527.0327,0,0,0,0,1357656256,4038239248
120,true,MP,"1. NNI (Classic)",47,false,Infinity,525.2474,0,0,0,0,1374317904,5413970960
120,true,MP,"1. NNI (Classic)",48,false,Infinity,552.3068,0,0,0,0,1414368304,6823257104
120,true,MP,"1. NNI (Classic)",49,false,Infinity,534.4776,0,0,0,0,1354768568,8198988816
120,true,MP,"1. NNI (Classic)",50,false,Infinity,581.9828,0,0,0,0,1482718720,9675383824
120,true,MP,"1. NNI (Classic)",51,false,Infinity,706.3416,0,0,0,0,1808809808,10312918032
120,true,MP,"1. NNI (Classic)",52,false,Infinity,651.4418,0,0,0,0,1660955408,2918338368
120,true,MP,"1. NNI (Classic)",53,false,Infinity,831.1442,0,0,0,0,2174924952,5099376448
120,true,MP,"1. NNI (Classic)",54,false,Infinity,862.8262,0,0,0,0,2248349552,7347523392
120,true,MP,"1. NNI (Classic)",55,false,Infinity,866.4939,0,0,0,0,2236254760,9595670336
120,true,MP,"1. NNI (Classic)",56,false,Infinity,992.8846,0,0,0,0,2548945296,10309007504
120,true,MP,"1. NNI (Classic)",57,false,Infinity,472.8946,0,0,0,0,1203238608,3161913488
120,true,MP,"1. NNI (Classic)",58,false,Infinity,1065.2677,0,0,0,0,2808219504,5946931344
120,true,MP,"1. NNI (Classic)",59,false,Infinity,812.1687,0,0,0,0,2112874328,8060860560
120,true,MP,"1. NNI (Classic)",60,false,Infinity,767.5675,0,0,0,0,1961375768,10040572048
120,true,MP,"1. NNI (Classic)",61,false,Infinity,722.1602,0,0,0,0,1858241792,10309007504
120,true,MP,"1. NNI (Classic)",62,false,Infinity,549.2854,0,0,0,0,1408014088,3040816080
120,true,MP,"1. NNI (Classic)",63,false,Infinity,648.3025,0,0,0,0,1656795240,4684983248
120,true,MP,"1. NNI (Classic)",64,false,Infinity,462.5831,0,0,0,0,1211241792,5926497232
120,true,MP,"1. NNI (Classic)",65,false,Infinity,800.1078,0,0,0,0,2062484384,7973317584
120,true,MP,"1. NNI (Classic)",66,false,Infinity,888.7321,0,0,0,0,2284563504,10255018960
120,true,MP,"1. NNI (Classic)",67,false,Infinity,892.9859,0,0,0,0,2289884400,10288573392
120,true,MP,"1. NNI (Classic)",68,false,Infinity,527.5295,0,0,0,0,1345612288,3613552136
120,true,MP,"1. NNI (Classic)",69,false,Infinity,638.4683,0,0,0,0,1657624712,5291273736
120,true,MP,"1. NNI (Classic)",70,false,Infinity,829.4167,0,0,0,0,2117448560,7405202952
120,true,MP,"1. NNI (Classic)",71,false,Infinity,532.7209,0,0,0,0,1347407776,8747380232
120,true,MP,"1. NNI (Classic)",72,false,Infinity,882.5802,0,0,0,0,2253344424,10459313152
120,true,MP,"1. NNI (Classic)",73,false,Infinity,942.0656,0,0,0,0,2432157776,3345773568
120,true,MP,"1. NNI (Classic)",74,false,Infinity,574.5486,0,0,0,0,1468760960,4822168576
120,true,MP,"1. NNI (Classic)",75,false,Infinity,569.8672,0,0,0,0,1473428416,6265009152
120,true,MP,"1. NNI (Classic)",76,false,Infinity,520.9865,0,0,0,0,1310661608,7607186432
120,true,MP,"1. NNI (Classic)",77,false,Infinity,578.2142,0,0,0,0,1470773088,9050027008
120,true,MP,"1. NNI (Classic)",78,false,Infinity,782.5570,0,0,0,0,1980672840,10291540992
120,true,MP,"1. NNI (Classic)",79,false,Infinity,888.5818,0,0,0,0,2287833360,3224213752
120,true,MP,"1. NNI (Classic)",80,false,Infinity,646.4837,0,0,0,0,1677016824,4901935352
120,true,MP,"1. NNI (Classic)",81,false,Infinity,658.1713,0,0,0,0,1673909832,6546102520
120,true,MP,"1. NNI (Classic)",82,false,Infinity,831.4546,0,0,0,0,2116567360,8693586168
120,true,MP,"1. NNI (Classic)",83,false,Infinity,616.6156,0,0,0,0,1579601928,10270644472
120,true,MP,"1. NNI (Classic)",84,false,Infinity,1088.5387,0,0,0,0,2839783864,10304198904
120,true,MP,"1. NNI (Classic)",85,false,Infinity,851.0832,0,0,0,0,2164028512,5008265656
120,true,MP,"1. NNI (Classic)",86,false,Infinity,741.9751,0,0,0,0,1888572952,6887313848
120,true,MP,"1. NNI (Classic)",87,false,Infinity,922.5860,0,0,0,0,2374913232,9269678520
120,true,MP,"1. NNI (Classic)",88,false,Infinity,786.4452,0,0,0,0,2009863792,10407862912
120,true,MP,"1. NNI (Classic)",89,false,Infinity,434.6597,0,0,0,0,1107857056,2220581504
120,true,MP,"1. NNI (Classic)",90,false,Infinity,805.7763,0,0,0,0,2064685728,4267401856
120,true,MP,"1. NNI (Classic)",91,false,Infinity,635.1796,0,0,0,0,1664362016,5945123456
120,true,MP,"1. NNI (Classic)",92,false,Infinity,1129.1881,0,0,0,0,2956523856,8897913472
120,true,MP,"1. NNI (Classic)",93,false,Infinity,646.6770,0,0,0,0,1618271528,10353531576
120,true,MP,"1. NNI (Classic)",94,false,Infinity,746.4691,0,0,0,0,1912357824,2300467896
120,true,MP,"1. NNI (Classic)",95,false,Infinity,575.2632,0,0,0,0,1455747192,3776862904
120,true,MP,"1. NNI (Classic)",96,false,Infinity,612.1168,0,0,0,0,1607685104,5387475640
120,true,MP,"1. NNI (Classic)",97,false,Infinity,781.3475,0,0,0,0,2039190960,7400741560
120,true,MP,"1. NNI (Classic)",98,false,Infinity,786.3191,0,0,0,0,2029153064,9447561912
120,true,MP,"1. NNI (Classic)",99,false,Infinity,755.6925,0,0,0,0,1922791768,10286422712
120,true,MP,"1. NNI (Classic)",100,false,Infinity,1191.3626,0,0,0,0,3052626184,4255022672
120,true,MP,"2. NNI (Incremental)",1,false,Infinity,607.1087,0,0,0,0,1406092160,1392308816
120,true,MP,"2. NNI (Incremental)",2,false,Infinity,778.1668,0,0,0,0,2012196864,3405574736
120,true,MP,"2. NNI (Incremental)",3,false,Infinity,849.8323,0,0,0,0,2148095928,5553058384
120,true,MP,"2. NNI (Incremental)",4,false,Infinity,550.9560,0,0,0,0,1401129352,6962344528
120,true,MP,"2. NNI (Incremental)",5,false,Infinity,364.3793,0,0,0,0,916624952,7901868624
120,true,MP,"2. NNI (Incremental)",6,false,Infinity,629.7628,0,0,0,0,1615400432,9512481360
120,true,MP,"2. NNI (Incremental)",7,false,Infinity,731.5956,0,0,0,0,1879114544,10339639200
120,true,MP,"2. NNI (Incremental)",8,false,Infinity,358.8197,0,0,0,0,919197704,2018140064
120,true,MP,"2. NNI (Incremental)",9,false,Infinity,840.2353,0,0,0,0,2188052104,4199178144
120,true,MP,"2. NNI (Incremental)",10,false,Infinity,622.4881,0,0,0,0,1615894336,5809790880
120,true,MP,"2. NNI (Incremental)",11,false,Infinity,1011.7485,0,0,0,0,2578645944,8393482144
120,true,MP,"2. NNI (Incremental)",12,false,Infinity,508.2982,0,0,0,0,1308730744,9702104992
120,true,MP,"2. NNI (Incremental)",13,false,Infinity,543.0335,0,0,0,0,1401086880,10306084768
120,true,MP,"2. NNI (Incremental)",14,false,Infinity,490.1258,0,0,0,0,1226560544,2068926840
120,true,MP,"2. NNI (Incremental)",15,false,Infinity,447.1856,0,0,0,0,1141051464,3209777528
120,true,MP,"2. NNI (Incremental)",16,false,Infinity,857.6965,0,0,0,0,2193020864,5390815608
120,true,MP,"2. NNI (Incremental)",17,false,Infinity,628.7593,0,0,0,0,1619124072,7001428344
120,true,MP,"2. NNI (Incremental)",18,false,Infinity,738.5755,0,0,0,0,1885158424,8914030968
120,true,MP,"2. NNI (Incremental)",19,false,Infinity,775.4471,0,0,0,0,1966765096,10289762680
120,true,MP,"2. NNI (Incremental)",20,false,Infinity,651.0286,0,0,0,0,1662435304,2265430544
120,true,MP,"2. NNI (Incremental)",21,false,Infinity,836.1339,0,0,0,0,2099125528,4345805328
120,true,MP,"2. NNI (Incremental)",22,false,Infinity,709.6200,0,0,0,0,1830862176,6191299088
120,true,MP,"2. NNI (Incremental)",23,false,Infinity,705.2044,0,0,0,0,1795165808,7969683984
120,true,MP,"2. NNI (Incremental)",24,false,Infinity,831.6961,0,0,0,0,2066947048,10050058768
120,true,MP,"2. NNI (Incremental)",25,false,Infinity,278.8307,0,0,0,0,707028304,10284952480
120,true,MP,"2. NNI (Incremental)",26,false,Infinity,531.7277,0,0,0,0,1360498608,1862790048
120,true,MP,"2. NNI (Incremental)",27,false,Infinity,609.9557,0,0,0,0,1572856096,3439848352
120,true,MP,"2. NNI (Incremental)",28,false,Infinity,575.4501,0,0,0,0,1444353168,4882688928
120,true,MP,"2. NNI (Incremental)",29,false,Infinity,754.5021,0,0,0,0,1930453928,6795291552
120,true,MP,"2. NNI (Incremental)",30,false,Infinity,584.5738,0,0,0,0,1484741528,8271686560
120,true,MP,"2. NNI (Incremental)",31,false,Infinity,699.0304,0,0,0,0,1794975496,10083625888
120,true,MP,"2. NNI (Incremental)",32,false,Infinity,572.9790,0,0,0,0,1444859160,10284952480
120,true,MP,"2. NNI (Incremental)",33,false,Infinity,548.2648,0,0,0,0,1398012104,2667868848
120,true,MP,"2. NNI (Incremental)",34,false,Infinity,545.0878,0,0,0,0,1395492296,4043600560
120,true,MP,"2. NNI (Incremental)",35,false,Infinity,691.4872,0,0,0,0,1827181760,5889094320
120,true,MP,"2. NNI (Incremental)",36,false,Infinity,834.9363,0,0,0,0,2137327096,8003023536
120,true,MP,"2. NNI (Incremental)",37,false,Infinity,848.7503,0,0,0,0,2189465400,10217616048
120,true,MP,"2. NNI (Incremental)",38,false,Infinity,747.7301,0,0,0,0,1919674616,10284724912
120,true,MP,"2. NNI (Incremental)",39,false,Infinity,870.9308,0,0,0,0,2180876416,4043535752
120,true,MP,"2. NNI (Incremental)",40,false,Infinity,816.0262,0,0,0,0,2101348848,6157464968
120,true,MP,"2. NNI (Incremental)",41,false,Infinity,571.9330,0,0,0,0,1450325248,7600305544
120,true,MP,"2. NNI (Incremental)",42,false,Infinity,554.2341,0,0,0,0,1442123352,9043146120
120,true,MP,"2. NNI (Incremental)",43,false,Infinity,489.3450,0,0,0,0,1271482520,10284660104
120,true,MP,"2. NNI (Incremental)",44,false,Infinity,636.9592,0,0,0,0,1669150520,1694715848
120,true,MP,"2. NNI (Incremental)",45,false,Infinity,671.3579,0,0,0,0,1714089416,3405991880
120,true,MP,"2. NNI (Incremental)",46,false,Infinity,436.3904,0,0,0,0,1134636864,4546842568
120,true,MP,"2. NNI (Incremental)",47,false,Infinity,463.0754,0,0,0,0,1178468032,5721247688
120,true,MP,"2. NNI (Incremental)",48,false,Infinity,670.7002,0,0,0,0,1709209816,7432523720
120,true,MP,"2. NNI (Incremental)",49,false,Infinity,497.2635,0,0,0,0,1273003816,8707592136
120,true,MP,"2. NNI (Incremental)",50,false,Infinity,520.4477,0,0,0,0,1351374608,10083323848
120,true,MP,"2. NNI (Incremental)",51,false,Infinity,667.3708,0,0,0,0,1665900616,10284722016
120,true,MP,"2. NNI (Incremental)",52,false,Infinity,550.6423,0,0,0,0,1408354464,2869192544
120,true,MP,"2. NNI (Incremental)",53,false,Infinity,772.6177,0,0,0,0,2012840592,4882458464
120,true,MP,"2. NNI (Incremental)",54,false,Infinity,692.5385,0,0,0,0,1788127456,6694397792
120,true,MP,"2. NNI (Incremental)",55,false,Infinity,708.0665,0,0,0,0,1708877104,8372119392
120,true,MP,"2. NNI (Incremental)",56,false,Infinity,855.5172,0,0,0,0,2191437336,10284722016
120,true,MP,"2. NNI (Incremental)",57,false,Infinity,394.1111,0,0,0,0,1007452560,1325633896
120,true,MP,"2. NNI (Incremental)",58,false,Infinity,854.4001,0,0,0,0,2143707112,3473117544
120,true,MP,"2. NNI (Incremental)",59,false,Infinity,650.9269,0,0,0,0,1703240224,5184393576
120,true,MP,"2. NNI (Incremental)",60,false,Infinity,672.7976,0,0,0,0,1752891864,6929224040
120,true,MP,"2. NNI (Incremental)",61,false,Infinity,568.9727,0,0,0,0,1449840416,8372064616
120,true,MP,"2. NNI (Incremental)",62,false,Infinity,429.8937,0,0,0,0,1093122368,9479360872
120,true,MP,"2. NNI (Incremental)",63,false,Infinity,616.2061,0,0,0,0,1574534560,10284702960
120,true,MP,"2. NNI (Incremental)",64,false,Infinity,435.1237,0,0,0,0,1135862664,1896094960
120,true,MP,"2. NNI (Incremental)",65,false,Infinity,590.4537,0,0,0,0,1490178704,3406044400
120,true,MP,"2. NNI (Incremental)",66,false,Infinity,783.0351,0,0,0,0,2011885880,5419310320
120,true,MP,"2. NNI (Incremental)",67,false,Infinity,742.0216,0,0,0,0,1842146168,7264804080
120,true,MP,"2. NNI (Incremental)",68,false,Infinity,465.4882,0,0,0,0,1182469768,8439209200
120,true,MP,"2. NNI (Incremental)",69,false,Infinity,528.5289,0,0,0,0,1357473256,9781386480
120,true,MP,"2. NNI (Incremental)",70,false,Infinity,810.1490,0,0,0,0,2105985104,10284702960
120,true,MP,"2. NNI (Incremental)",71,false,Infinity,426.0689,0,0,0,0,1094183216,2734940976
120,true,MP,"2. NNI (Incremental)",72,false,Infinity,779.0193,0,0,0,0,2018835904,4748206896
120,true,MP,"2. NNI (Incremental)",73,false,Infinity,820.9813,0,0,0,0,2067507160,6828581680
120,true,MP,"2. NNI (Incremental)",74,false,Infinity,472.7748,0,0,0,0,1224883808,8036541232
120,true,MP,"2. NNI (Incremental)",75,false,Infinity,503.1816,0,0,0,0,1272134712,9311609648
120,true,MP,"2. NNI (Incremental)",76,false,Infinity,429.5519,0,0,0,0,1097068240,10284693384
120,true,MP,"2. NNI (Incremental)",77,false,Infinity,502.6670,0,0,0,0,1310828320,1459877768
120,true,MP,"2. NNI (Incremental)",78,false,Infinity,582.9457,0,0,0,0,1495608784,2936272776
120,true,MP,"2. NNI (Incremental)",79,false,Infinity,588.2089,0,0,0,0,1532567184,4479776648
120,true,MP,"2. NNI (Incremental)",80,false,Infinity,522.2575,0,0,0,0,1360597592,5855508360
120,true,MP,"2. NNI (Incremental)",81,false,Infinity,543.9291,0,0,0,0,1405680208,7264794504
120,true,MP,"2. NNI (Incremental)",82,false,Infinity,768.4353,0,0,0,0,1972011952,9210951560
120,true,MP,"2. NNI (Incremental)",83,false,Infinity,573.8636,0,0,0,0,1450908136,10284693384
120,true,MP,"2. NNI (Incremental)",84,false,Infinity,887.0969,0,0,0,0,2277978464,2667807024
120,true,MP,"2. NNI (Incremental)",85,false,Infinity,708.6815,0,0,0,0,1838115192,4513300784
120,true,MP,"2. NNI (Incremental)",86,false,Infinity,641.1019,0,0,0,0,1672969792,6191022384
120,true,MP,"2. NNI (Incremental)",87,false,Infinity,809.3045,0,0,0,0,2017112168,8204288304
120,true,MP,"2. NNI (Incremental)",88,false,Infinity,559.9694,0,0,0,0,1441782520,9647128880
120,true,MP,"2. NNI (Incremental)",89,false,Infinity,394.5306,0,0,0,0,1010802520,10284748712
120,true,MP,"2. NNI (Incremental)",90,false,Infinity,769.3733,0,0,0,0,1931029664,2332348328
120,true,MP,"2. NNI (Incremental)",91,false,Infinity,511.1317,0,0,0,0,1317460816,3640971176
120,true,MP,"2. NNI (Incremental)",92,false,Infinity,1064.7980,0,0,0,0,2674724664,6325325736
120,true,MP,"2. NNI (Incremental)",93,false,Infinity,551.6127,0,0,0,0,1396827552,7734611880
120,true,MP,"2. NNI (Incremental)",94,false,Infinity,627.9221,0,0,0,0,1620255864,9345224616
120,true,MP,"2. NNI (Incremental)",95,false,Infinity,473.3517,0,0,0,0,1227368344,10284748712
120,true,MP,"2. NNI (Incremental)",96,false,Infinity,489.2884,0,0,0,0,1225562288,1527022024
120,true,MP,"2. NNI (Incremental)",97,false,Infinity,677.1315,0,0,0,0,1707473104,3238298056
120,true,MP,"2. NNI (Incremental)",98,false,Infinity,645.8317,0,0,0,0,1658150824,4882465224
120,true,MP,"2. NNI (Incremental)",99,false,Infinity,530.2920,0,0,0,0,1361860768,6258196936
120,true,MP,"2. NNI (Incremental)",100,false,Infinity,1069.8055,0,0,0,0,2711472496,8976105928
120,true,MP,"5. VND NNI->ECR->SPR (Inc)",1,true,992.0000,127673.5004,670116926,14877383823,105808652586,6315442904,478358288024,10322560024
120,true,MP,"5. VND NNI->ECR->SPR (Inc)",2,true,966.0000,177875.0290,927732716,15942325643,154641469446,6362613218,643484230536,10294197832
120,true,MP,"5. VND NNI->ECR->SPR (Inc)",3,true,1034.0000,172654.4212,987127407,12020576901,152879619135,6766249480,602124421240,10296171824
120,true,MP,"5. VND NNI->ECR->SPR (Inc)",4,true,860.0000,140556.5443,678631094,13498597711,120367565940,6010764561,543545563504,10298534760
120,true,MP,"5. VND NNI->ECR->SPR (Inc)",5,true,1138.0000,84394.2020,499084377,12133683217,63488888711,8271682219,304884364712,10299037456
120,true,MP,"5. VND NNI->ECR->SPR (Inc)",6,true,1131.0000,105079.9667,809971919,9224464173,86896743453,8147924537,361398034496,10299657656
120,true,MP,"5. VND NNI->ECR->SPR (Inc)",7,true,1121.0000,132720.2794,870440041,9715083941,114527139054,7606711924,477504981816,10301596048
120,true,MP,"5. VND NNI->ECR->SPR (Inc)",8,true,1339.0000,141842.2465,450210764,11202535737,121382060535,8806576227,500741873880,10303857272
120,true,MP,"5. VND NNI->ECR->SPR (Inc)",9,true,1218.0000,112581.7672,1006554026,8033345995,95265100944,8275881765,397953886416,10304652864
120,true,MP,"5. VND NNI->ECR->SPR (Inc)",10,true,1258.0000,70573.0107,784899683,6951256085,53875008488,8961010137,255228536040,10305583104
120,true,MP,"5. VND NNI->ECR->SPR (Inc)",11,true,1214.0000,79577.1944,1191609911,11101108314,59634458409,7649073588,299376675904,10309728024
120,true,MP,"5. VND NNI->ECR->SPR (Inc)",12,true,1073.0000,212087.1535,631614318,11636649484,192963715140,6854339402,709614611320,10312106960
120,true,MP,"5. VND NNI->ECR->SPR (Inc)",13,true,1202.0000,148403.3735,653491981,9518751465,130620126642,7610126073,513491020704,10313648424
120,true,MP,"5. VND NNI->ECR->SPR (Inc)",14,true,872.0000,192228.6475,603442404,22695901572,163964784714,4963659576,730422389768,10321810056
120,true,MP,"5. VND NNI->ECR->SPR (Inc)",15,true,1124.0000,155037.3353,548225350,12582246511,134766048815,7139909189,575625026112,10322124088
120,true,MP,"5. VND NNI->ECR->SPR (Inc)",16,true,1078.0000,109635.2608,1029891057,14564192441,85433236508,8607097669,377947621024,10323872456
120,true,MP,"5. VND NNI->ECR->SPR (Inc)",17,true,1039.0000,121551.3854,747020974,8290750041,104314121523,8198656943,438347215040,10324468472
120,true,MP,"5. VND NNI->ECR->SPR (Inc)",18,true,1199.0000,87965.7005,881688886,10488684894,68790887617,7803552871,307678105456,10326098144
120,true,MP,"5. VND NNI->ECR->SPR (Inc)",19,true,1010.0000,107696.8903,915559658,10172476542,89632672341,6975293464,387370577600,10327495512
120,true,MP,"5. VND NNI->ECR->SPR (Inc)",20,true,1114.0000,86930.9941,803288378,11967191640,66173416387,7986127840,310111100512,10328745656
120,true,MP,"5. VND NNI->ECR->SPR (Inc)",21,true,1115.0000,90119.1961,962618662,9813366060,71351498357,7990848788,316596426104,10329911624
120,true,MP,"5. VND NNI->ECR->SPR (Inc)",22,true,1023.0000,83443.4755,851596609,8239967164,66758133762,7592836205,312890622184,10330653000
120,true,MP,"5. VND NNI->ECR->SPR (Inc)",23,true,1018.0000,126578.9278,834518010,13851712534,105606397807,6285411482,485277760232,10333701336
120,true,MP,"5. VND NNI->ECR->SPR (Inc)",24,true,1140.0000,123247.7416,971209842,12830654125,102139660779,7305305579,414998262968,10334726936
120,true,MP,"5. VND NNI->ECR->SPR (Inc)",25,true,1011.0000,140425.3246,376277749,10862822966,122282573643,6902761157,531147727024,10336609416
120,true,MP,"5. VND NNI->ECR->SPR (Inc)",26,true,1039.0000,76333.1286,649184295,10875295446,56748542253,8059209906,289380443120,10337745496
120,true,MP,"5. VND NNI->ECR->SPR (Inc)",27,true,1063.0000,110313.2171,731740575,11814481526,90649692938,7116417879,421914564112,10339429032
120,true,MP,"5. VND NNI->ECR->SPR (Inc)",28,true,1075.0000,115329.3124,683754867,5396234940,101645576564,7602893376,436426657312,10340148232
120,true,MP,"5. VND NNI->ECR->SPR (Inc)",29,true,1109.0000,129728.0038,882502219,14903629036,105950421457,7990545693,478690017112,10343496120
120,true,MP,"5. VND NNI->ECR->SPR (Inc)",30,true,964.0000,177974.3531,683770176,7491027711,163150348526,6648341343,672674549288,10345445160
120,true,MP,"5. VND NNI->ECR->SPR (Inc)",31,true,961.0000,176725.6533,862874020,5700831203,163226065414,6935048706,658208120680,10348179776
120,true,MP,"5. VND NNI->ECR->SPR (Inc)",32,true,1095.0000,112500.6144,687113455,8977784368,95534367878,7300466248,413995194944,10350164376
120,true,MP,"5. VND NNI->ECR->SPR (Inc)",33,true,1201.0000,109897.4272,673625513,12987699510,88444597034,7790629948,384685312976,10352542632
120,true,MP,"5. VND NNI->ECR->SPR (Inc)",34,true,963.0000,151289.2884,662935498,12430367002,131308177276,6886906221,575689424400,10354888992
120,true,MP,"5. VND NNI->ECR->SPR (Inc)",35,true,934.0000,124958.7876,854568755,10687489505,106147669498,7268199512,453552472464,10356629392
120,true,MP,"5. VND NNI->ECR->SPR (Inc)",36,true,1022.0000,141025.3070,969489317,15318267301,117207103775,7529602972,441965911928,10358713984
120,true,MP,"5. VND NNI->ECR->SPR (Inc)",37,true,1109.0000,139199.4428,1012253822,9054585283,121307541768,7824214000,506164791000,10359956480
120,true,MP,"5. VND NNI->ECR->SPR (Inc)",38,true,787.0000,214473.3224,886696859,13364202634,195159827259,5061707619,814085311208,10364358968
120,true,MP,"5. VND NNI->ECR->SPR (Inc)",39,true,1119.0000,201394.4465,1069834666,8961021825,184370257398,6992462870,704507838320,10367729048
120,true,MP,"5. VND NNI->ECR->SPR (Inc)",40,true,1189.0000,134239.7686,1026654477,9487759652,115650767603,8073669346,452128033424,10368984872
120,true,MP,"5. VND NNI->ECR->SPR (Inc)",41,true,967.0000,89121.7014,677212544,13295328087,68226756013,6921492375,335176864240,10370985496
120,true,MP,"5. VND NNI->ECR->SPR (Inc)",42,true,1164.0000,103508.6977,716843735,15678320422,79327130578,7785500776,369246866208,10372835400
120,true,MP,"5. VND NNI->ECR->SPR (Inc)",43,true,1105.0000,132497.5315,596490407,19175919536,105989114572,6735068824,500895392712,10375144760
120,true,MP,"5. VND NNI->ECR->SPR (Inc)",44,true,963.0000,110407.7487,769820113,7314782144,95090621776,7231685871,419952597088,10375426056
120,true,MP,"5. VND NNI->ECR->SPR (Inc)",45,true,1137.0000,90263.3611,813895195,7495474355,73388133350,8564895840,312753277616,10376471752
120,true,MP,"5. VND NNI->ECR->SPR (Inc)",46,true,977.0000,125603.9160,542824765,13984530711,103921009450,7154655555,470346336240,10379857528
120,true,MP,"5. VND NNI->ECR->SPR (Inc)",47,true,1179.0000,50534.8978,600110190,8919551874,30275806151,10738554975,184585386800,10379022536
120,true,MP,"5. VND NNI->ECR->SPR (Inc)",48,true,980.0000,158097.0285,826100749,8135293933,142090018918,7044671446,557987596080,10381364648
120,true,MP,"5. VND NNI->ECR->SPR (Inc)",49,true,1050.0000,158460.7229,599799920,8526566335,142227426669,7106059327,561997275384,10383783096
120,true,MP,"5. VND NNI->ECR->SPR (Inc)",50,true,1321.0000,69061.2529,659351754,17036203123,42182464533,9182361565,247547211784,10385253616
120,true,MP,"5. VND NNI->ECR->SPR (Inc)",51,true,1078.0000,65153.5073,790283042,9806957623,46248373430,8306993911,235851251584,10384688904
120,true,MP,"5. VND NNI->ECR->SPR (Inc)",52,true,939.0000,110664.5393,666752589,15855575920,87773641768,6367663414,409151814960,10387014440
120,true,MP,"5. VND NNI->ECR->SPR (Inc)",53,true,1356.0000,75167.6533,934082323,7032608064,58085078629,9114885472,260135271808,10386149032
120,true,MP,"5. VND NNI->ECR->SPR (Inc)",54,true,1118.0000,71359.7714,833528215,6486898289,55009184248,9029282947,249866070584,10386832672
120,true,MP,"5. VND NNI->ECR->SPR (Inc)",55,true,1037.0000,232089.5256,818721746,6956144280,217797328309,6516501057,842929908712,10391406960
120,true,MP,"5. VND NNI->ECR->SPR (Inc)",56,true,1036.0000,92846.4094,1013949192,12217692745,72617440664,6996479196,345529961584,10393424392
120,true,MP,"5. VND NNI->ECR->SPR (Inc)",57,true,1027.0000,71981.7022,498230483,10187137360,52768373639,8527128223,271496343600,10394050200
120,true,MP,"5. VND NNI->ECR->SPR (Inc)",58,true,1081.0000,77382.1424,1038564234,18425701866,50916239156,7000675046,272813124000,10395840456
120,true,MP,"5. VND NNI->ECR->SPR (Inc)",59,true,1135.0000,157595.1046,835992101,11069689717,138137630018,7550920276,556847752216,10397110472
120,true,MP,"5. VND NNI->ECR->SPR (Inc)",60,true,1042.0000,129766.1865,807321555,11356533783,110415456749,7186029463,465662828608,10399594016
120,true,MP,"5. VND NNI->ECR->SPR (Inc)",61,true,1048.0000,195539.8312,709171439,11356210369,176539547044,6933963336,724583221872,10402542504
120,true,MP,"5. VND NNI->ECR->SPR (Inc)",62,true,1149.0000,75131.4075,536677467,11812955065,55035984686,7744928222,274934895840,10403606224
120,true,MP,"5. VND NNI->ECR->SPR (Inc)",63,true,983.0000,105097.0756,742159694,8730852257,88210693120,7412507399,385502780128,10404022456
120,true,MP,"5. VND NNI->ECR->SPR (Inc)",64,true,956.0000,202316.4423,591731275,6648517951,188164475948,6910875298,751724295784,10407374080
120,true,MP,"5. VND NNI->ECR->SPR (Inc)",65,true,1269.0000,134538.5522,701731461,16502157069,109172107375,8161726578,462454243640,10410718776
120,true,MP,"5. VND NNI->ECR->SPR (Inc)",66,true,1043.0000,106225.9438,913170456,9425860750,88471797958,7414266595,380249681840,10410694056
120,true,MP,"5. VND NNI->ECR->SPR (Inc)",67,true,1018.0000,167857.1444,879565408,23373317607,137503650382,6099659671,618650813056,10415508408
120,true,MP,"5. VND NNI->ECR->SPR (Inc)",68,true,888.0000,176768.9436,576809714,11699410261,158701452114,5790390580,687519215920,10416813616
120,true,MP,"5. VND NNI->ECR->SPR (Inc)",69,true,989.0000,160465.6731,624278728,19524211853,134113346190,6202935045,587024058704,10419711624
120,true,MP,"5. VND NNI->ECR->SPR (Inc)",70,true,1028.0000,117616.8558,971543175,13787037988,96323700507,6533760870,419230164984,10420464536
120,true,MP,"5. VND NNI->ECR->SPR (Inc)",71,true,882.0000,212910.9431,517694282,12664772466,194241493666,5486108965,817325740208,10424179928
120,true,MP,"5. VND NNI->ECR->SPR (Inc)",72,true,972.0000,103356.9239,957139013,9763156314,85868170268,6767587729,382949298992,10424971024
120,true,MP,"5. VND NNI->ECR->SPR (Inc)",73,true,778.0000,140894.8726,957907726,11288405628,122945550983,5702132036,557618286512,10428179288
120,true,MP,"5. VND NNI->ECR->SPR (Inc)",74,true,965.0000,253179.5870,564041253,7830039360,238603151851,6181499023,909702094704,10431572904
120,true,MP,"5. VND NNI->ECR->SPR (Inc)",75,true,1386.0000,105204.7089,617997233,16301320380,79865356570,8419167067,340861172952,10433649680
120,true,MP,"5. VND NNI->ECR->SPR (Inc)",76,true,1049.0000,78289.3640,530702881,12829193392,57208909231,7719692325,288720519320,10434317920
120,true,MP,"5. VND NNI->ECR->SPR (Inc)",77,true,1432.0000,120061.7599,659034135,10498796031,99364661601,9538403879,376113807096,10435517096
120,true,MP,"5. VND NNI->ECR->SPR (Inc)",78,true,1147.0000,139878.4517,725869189,10961602230,120282663263,7907454319,470483346648,10437785816
120,true,MP,"5. VND NNI->ECR->SPR (Inc)",79,true,971.0000,254877.5896,728346659,14665364871,233863987346,5619047784,929425784232,10442521752
120,true,MP,"5. VND NNI->ECR->SPR (Inc)",80,true,1078.0000,112169.8446,640824996,13561612395,90253440856,7713112761,404672972160,10443823784
120,true,MP,"5. VND NNI->ECR->SPR (Inc)",81,true,899.0000,262116.7000,666403399,12500623578,243288057333,5660752136,965859291992,10447844008
120,true,MP,"5. VND NNI->ECR->SPR (Inc)",82,true,1170.0000,121891.3835,908134921,10470427652,103043461323,7468453836,434598018880,10449723392
120,true,MP,"5. VND NNI->ECR->SPR (Inc)",83,true,1094.0000,100565.7068,682126288,23938461224,68854601250,7089661045,373783346288,10453195128
120,true,MP,"5. VND NNI->ECR->SPR (Inc)",84,true,944.0000,147972.1348,1128847203,15497902599,124615890770,6728493582,539192639216,10453538104
120,true,MP,"5. VND NNI->ECR->SPR (Inc)",85,true,1119.0000,109080.4193,890683172,8798561859,91544767198,7845532869,399485254512,10454090384
120,true,MP,"5. VND NNI->ECR->SPR (Inc)",86,true,1130.0000,148605.9211,762910331,6994161328,132790482699,8057500290,524887969192,10456447808
120,true,MP,"5. VND NNI->ECR->SPR (Inc)",87,true,1301.0000,147528.9748,936553259,11020751114,127283566510,8287160949,477843877856,10458887944
120,true,MP,"5. VND NNI->ECR->SPR (Inc)",88,true,932.0000,114448.3524,702182389,11391537647,95294831058,7058921702,433374678600,10460692584
120,true,MP,"5. VND NNI->ECR->SPR (Inc)",89,true,928.0000,195880.7060,497823503,7230144565,181449631696,6702210429,763202789376,10463888736
120,true,MP,"5. VND NNI->ECR->SPR (Inc)",90,true,980.0000,127118.9310,873936205,14045817749,105473459765,6724840276,463533285832,10466345352
120,true,MP,"5. VND NNI->ECR->SPR (Inc)",91,true,1150.0000,95066.3652,618414468,14450969316,72070125005,7925946944,344457124912,10467640024
120,true,MP,"5. VND NNI->ECR->SPR (Inc)",92,true,882.0000,147506.5777,1277406372,5996141155,133275406391,6956749708,531936415808,10468477360
120,true,MP,"5. VND NNI->ECR->SPR (Inc)",93,true,935.0000,168392.8837,679906800,18945675733,143672839972,5093567309,639710967568,10473446384
120,true,MP,"5. VND NNI->ECR->SPR (Inc)",94,true,1006.0000,172374.0380,778469149,11340588714,153743766052,6510351341,603246611416,10474411864
120,true,MP,"5. VND NNI->ECR->SPR (Inc)",95,true,1258.0000,128164.8599,579296336,18358617597,101118172169,8107928046,445007484952,10477015320
120,true,MP,"5. VND NNI->ECR->SPR (Inc)",96,true,1130.0000,152692.9905,641479680,17870977600,127045900267,7133776509,530658748224,10478983144
120,true,MP,"5. VND NNI->ECR->SPR (Inc)",97,true,1072.0000,200033.7409,798647344,14248024059,178431309348,6554897539,683177351536,10481907144
120,true,MP,"5. VND NNI->ECR->SPR (Inc)",98,true,1053.0000,109004.8791,772427119,8067624499,92670579065,7493348032,403085255632,10482178176
120,true,MP,"5. VND NNI->ECR->SPR (Inc)",99,true,944.0000,259895.7965,647781244,14270122264,238985539613,5991543563,920839309728,10487571856
120,true,MP,"5. VND NNI->ECR->SPR (Inc)",100,true,1047.0000,44983.3545,1285604420,16519229311,19297740397,7879882783,156878061352,10487788600
120,true,MP,"6. VND NNI->SPR (Inc)",1,true,1128.0000,9970.2036,633780199,0,0,9334636993,41299246888,10319918344
120,true,MP,"6. VND NNI->SPR (Inc)",2,true,1027.0000,10064.5584,892900028,0,0,9170816658,41841373624,10286340176
120,true,MP,"6. VND NNI->SPR (Inc)",3,true,1133.0000,10703.3191,952881618,0,0,9749656603,43973524984,10286323864
120,true,MP,"6. VND NNI->SPR (Inc)",4,true,1067.0000,10100.1269,632417738,0,0,9466785967,42562318488,10286365224
120,true,MP,"6. VND NNI->SPR (Inc)",5,true,1109.0000,10477.7128,454198148,0,0,10022726784,44601758688,10286330216
120,true,MP,"6. VND NNI->SPR (Inc)",6,true,1083.0000,10337.3210,760678756,0,0,9575855147,43250418704,10286998496
120,true,MP,"6. VND NNI->SPR (Inc)",7,true,1082.0000,10281.2054,826601045,0,0,9453781355,43113519584,10286321328
120,true,MP,"6. VND NNI->SPR (Inc)",8,true,1280.0000,11346.2487,407813597,0,0,10937640496,47452658520,10286323024
120,true,MP,"6. VND NNI->SPR (Inc)",9,true,1116.0000,10434.3073,958355226,0,0,9475123672,43403485536,10286853704
120,true,MP,"6. VND NNI->SPR (Inc)",10,true,1289.0000,10939.2542,747244348,0,0,10191232698,45198941072,10286331320
120,true,MP,"6. VND NNI->SPR (Inc)",11,true,1317.0000,10697.1828,1150877555,0,0,9545413997,43314900864,10287700528
120,true,MP,"6. VND NNI->SPR (Inc)",12,true,1215.0000,11279.1959,589079498,0,0,10689337956,46559472824,10287775664
120,true,MP,"6. VND NNI->SPR (Inc)",13,true,1228.0000,10700.8994,609095623,0,0,10090989652,44522248200,10287785408
120,true,MP,"6. VND NNI->SPR (Inc)",14,true,1062.0000,10264.0854,565046464,0,0,9698240604,43711521768,10289040624
120,true,MP,"6. VND NNI->SPR (Inc)",15,true,1047.0000,9690.6438,501185367,0,0,9188612341,41997577000,10287677760
120,true,MP,"6. VND NNI->SPR (Inc)",16,true,1042.0000,11070.7720,985498086,0,0,10084486915,44819093136,10287756504
120,true,MP,"6. VND NNI->SPR (Inc)",17,true,1105.0000,11078.3109,700631642,0,0,10376906379,45575496728,10287632584
120,true,MP,"6. VND NNI->SPR (Inc)",18,true,1137.0000,10166.4508,843113653,0,0,9322496602,41327814504,10287678232
120,true,MP,"6. VND NNI->SPR (Inc)",19,true,1092.0000,10374.5215,876610205,0,0,9497052033,43181274672,10287620024
120,true,MP,"6. VND NNI->SPR (Inc)",20,true,1316.0000,10851.2385,767227205,0,0,10083098257,44856572152,10287634784
120,true,MP,"6. VND NNI->SPR (Inc)",21,true,1118.0000,10000.5844,915124198,0,0,9084647972,40607187104,10287631720
120,true,MP,"6. VND NNI->SPR (Inc)",22,true,1172.0000,9740.3244,812865980,0,0,8926600325,39553409448,10287641184
120,true,MP,"6. VND NNI->SPR (Inc)",23,true,1077.0000,9761.6032,799848724,0,0,8960901117,40854097472,10287652008
120,true,MP,"6. VND NNI->SPR (Inc)",24,true,1305.0000,10333.4679,924137740,0,0,9408498085,41366764808,10287643472
120,true,MP,"6. VND NNI->SPR (Inc)",25,true,1054.0000,10044.7709,335023251,0,0,9708944780,43145653264,10287651648
120,true,MP,"6. VND NNI->SPR (Inc)",26,true,1119.0000,10336.8059,604754392,0,0,9731258586,43866098968,10287635776
120,true,MP,"6. VND NNI->SPR (Inc)",27,true,1076.0000,10280.3845,701602824,0,0,9577958126,43663935664,10287631360
120,true,MP,"6. VND NNI->SPR (Inc)",28,true,1103.0000,10022.3383,641440571,0,0,9380114657,42218205088,10288084880
120,true,MP,"6. VND NNI->SPR (Inc)",29,true,1229.0000,10986.7060,841636734,0,0,10144234033,44495488088,10287649184
120,true,MP,"6. VND NNI->SPR (Inc)",30,true,1058.0000,10004.8839,638654602,0,0,9365389103,41825985856,10287650440
120,true,MP,"6. VND NNI->SPR (Inc)",31,true,1141.0000,10301.8908,815390240,0,0,9485702299,42571048744,10287630184
120,true,MP,"6. VND NNI->SPR (Inc)",32,true,1115.0000,10164.4802,647710884,0,0,9515957977,42679348360,10287637344
120,true,MP,"6. VND NNI->SPR (Inc)",33,true,1129.0000,10881.8792,636307238,0,0,10244753325,45916761784,10287640800
120,true,MP,"6. VND NNI->SPR (Inc)",34,true,1043.0000,10340.0095,626361613,0,0,9712796475,43867222448,10287627584
120,true,MP,"6. VND NNI->SPR (Inc)",35,true,1146.0000,10682.4702,814813653,0,0,9866840108,44232060456,10287639864
120,true,MP,"6. VND NNI->SPR (Inc)",36,true,995.0000,10410.0615,937422975,0,0,9471853892,42124029168,10288831896
120,true,MP,"6. VND NNI->SPR (Inc)",37,true,1113.0000,10519.5642,971027443,0,0,9547788631,43269602456,10288239288
120,true,MP,"6. VND NNI->SPR (Inc)",38,true,1002.0000,10217.8594,842548638,0,0,9374485271,42717175896,10287622936
120,true,MP,"6. VND NNI->SPR (Inc)",39,true,1185.0000,10770.8644,1021042108,0,0,9749008351,43228137600,10287622936
120,true,MP,"6. VND NNI->SPR (Inc)",40,true,1156.0000,10351.5282,981722613,0,0,9368969852,42451312384,10287650832
120,true,MP,"6. VND NNI->SPR (Inc)",41,true,999.0000,10210.9452,640879313,0,0,9569217684,43604658792,10287637440
120,true,MP,"6. VND NNI->SPR (Inc)",42,true,1190.0000,10278.1124,679315690,0,0,9597952490,43013015688,10288391856
120,true,MP,"6. VND NNI->SPR (Inc)",43,true,1176.0000,10518.2603,553872427,0,0,9963509047,44565633416,10287638176
120,true,MP,"6. VND NNI->SPR (Inc)",44,true,1100.0000,10083.5717,724672817,0,0,9358144676,42412237240,10287644552
120,true,MP,"6. VND NNI->SPR (Inc)",45,true,1046.0000,10057.1519,775650795,0,0,9280616796,42048491848,10287644552
120,true,MP,"6. VND NNI->SPR (Inc)",46,true,1141.0000,10401.0852,512047478,0,0,9888178298,44432086000,10287636488
120,true,MP,"6. VND NNI->SPR (Inc)",47,true,1039.0000,10177.1701,558170742,0,0,9618194025,42756596704,10287931576
120,true,MP,"6. VND NNI->SPR (Inc)",48,true,1088.0000,10493.4563,783954777,0,0,9708634470,43675146120,10287640920
120,true,MP,"6. VND NNI->SPR (Inc)",49,true,1106.0000,9674.8559,552314755,0,0,9121732739,41171161248,10287640920
120,true,MP,"6. VND NNI->SPR (Inc)",50,true,1250.0000,11424.8419,608470671,0,0,10815566088,47554582600,10287637536
120,true,MP,"6. VND NNI->SPR (Inc)",51,true,1076.0000,10723.1750,756919855,0,0,9965415343,44925821048,10287646232
120,true,MP,"6. VND NNI->SPR (Inc)",52,true,976.0000,9748.7530,623294470,0,0,9124657581,41349636200,10287631736
120,true,MP,"6. VND NNI->SPR (Inc)",53,true,1187.0000,10958.3441,888049759,0,0,10069343529,45266890672,10287627304
120,true,MP,"6. VND NNI->SPR (Inc)",54,true,1139.0000,10740.8138,787609578,0,0,9952397287,44636681512,10287622704
120,true,MP,"6. VND NNI->SPR (Inc)",55,true,1228.0000,11247.6122,773911447,0,0,10472956962,47078726200,10287635704
120,true,MP,"6. VND NNI->SPR (Inc)",56,true,1155.0000,10320.3750,967784585,0,0,9351787556,42536124432,10287655784
120,true,MP,"6. VND NNI->SPR (Inc)",57,true,1040.0000,10657.6973,456230286,0,0,10200679938,45550194664,10287647272
120,true,MP,"6. VND NNI->SPR (Inc)",58,true,1101.0000,10875.9604,992118542,0,0,9882921240,43920474720,10287651944
120,true,MP,"6. VND NNI->SPR (Inc)",59,true,1073.0000,10350.6662,793922553,0,0,9555917380,42800618288,10287651944
120,true,MP,"6. VND NNI->SPR (Inc)",60,true,1108.0000,10250.2613,762302570,0,0,9487206519,42945338024,10287629088
120,true,MP,"6. VND NNI->SPR (Inc)",61,true,1175.0000,10489.6661,668185363,0,0,9820622304,43861922320,10287896560
120,true,MP,"6. VND NNI->SPR (Inc)",62,true,1242.0000,10829.6036,491383319,0,0,10337432658,45103326240,10287632080
120,true,MP,"6. VND NNI->SPR (Inc)",63,true,1054.0000,10199.7515,703478281,0,0,9495479222,43722195216,10287619472
120,true,MP,"6. VND NNI->SPR (Inc)",64,true,1211.0000,10766.2725,546395729,0,0,10219096963,45203532168,10287621664
120,true,MP,"6. VND NNI->SPR (Inc)",65,true,1164.0000,10049.2779,663347803,0,0,9385160413,41768770272,10287626304
120,true,MP,"6. VND NNI->SPR (Inc)",66,true,1018.0000,10287.8513,877454031,0,0,9409611093,43168121264,10287655552
120,true,MP,"6. VND NNI->SPR (Inc)",67,true,1158.0000,10871.9417,845666407,0,0,10025404268,45114881688,10287651144
120,true,MP,"6. VND NNI->SPR (Inc)",68,true,969.0000,9672.7532,534296439,0,0,9137640592,41650375064,10287903224
120,true,MP,"6. VND NNI->SPR (Inc)",69,true,1074.0000,9825.6998,586303243,0,0,9238557811,41253781984,10287631176
120,true,MP,"6. VND NNI->SPR (Inc)",70,true,964.0000,9770.2982,930209186,0,0,8839340339,40772597040,10287626520
120,true,MP,"6. VND NNI->SPR (Inc)",71,true,1124.0000,10592.6425,479530298,0,0,10112311753,44786522024,10287633600
120,true,MP,"6. VND NNI->SPR (Inc)",72,true,1165.0000,10541.0800,912079379,0,0,9628194683,43192929096,10287631872
120,true,MP,"6. VND NNI->SPR (Inc)",73,true,898.0000,9619.0286,918148760,0,0,8700060994,40801642624,10287631928
120,true,MP,"6. VND NNI->SPR (Inc)",74,true,1152.0000,10978.7521,522673485,0,0,10455312115,46135921112,10287644000
120,true,MP,"6. VND NNI->SPR (Inc)",75,true,1230.0000,10592.0681,582838064,0,0,10008440557,44023676920,10287638512
120,true,MP,"6. VND NNI->SPR (Inc)",76,true,1234.0000,11457.5839,485487596,0,0,10971291170,47993841600,10287631240
120,true,MP,"6. VND NNI->SPR (Inc)",77,true,1125.0000,10452.8041,618993342,0,0,9833020773,43227649600,10287631640
120,true,MP,"6. VND NNI->SPR (Inc)",78,true,1269.0000,10533.7729,693149488,0,0,9839830592,42924271168,10287611232
120,true,MP,"6. VND NNI->SPR (Inc)",79,true,1136.0000,10412.3094,679338472,0,0,9732201168,43489244528,10287619792
120,true,MP,"6. VND NNI->SPR (Inc)",80,true,1116.0000,10620.2455,599203226,0,0,10020255836,44545316312,10287605600
120,true,MP,"6. VND NNI->SPR (Inc)",81,true,1126.0000,10689.9815,621326057,0,0,10067883803,45091683872,10287808512
120,true,MP,"6. VND NNI->SPR (Inc)",82,true,1112.0000,10341.1783,858735231,0,0,9481615336,42711846320,10287640856
120,true,MP,"6. VND NNI->SPR (Inc)",83,true,1041.0000,10336.7074,640346230,0,0,9695583961,43400190136,10287643536
120,true,MP,"6. VND NNI->SPR (Inc)",84,true,1136.0000,10983.8269,1084673510,0,0,9898297862,44640612672,10287662512
120,true,MP,"6. VND NNI->SPR (Inc)",85,true,1191.0000,9731.9157,852688932,0,0,8878397867,40019609072,10287638328
120,true,MP,"6. VND NNI->SPR (Inc)",86,true,1077.0000,9935.5184,726949447,0,0,9207777826,42546843288,10287702936
120,true,MP,"6. VND NNI->SPR (Inc)",87,true,1424.0000,11450.2271,890003967,0,0,10559369817,46313092440,10287614960
120,true,MP,"6. VND NNI->SPR (Inc)",88,true,1046.0000,10450.3843,664538446,0,0,9785024295,43856294136,10287607408
120,true,MP,"6. VND NNI->SPR (Inc)",89,true,1171.0000,10626.6343,455357407,0,0,10170452784,45084670576,10288129312
120,true,MP,"6. VND NNI->SPR (Inc)",90,true,1101.0000,10527.5562,823468874,0,0,9703281701,44346389840,10287631352
120,true,MP,"6. VND NNI->SPR (Inc)",91,true,1076.0000,9872.5911,574534742,0,0,9297223008,42090981088,10287631248
120,true,MP,"6. VND NNI->SPR (Inc)",92,true,1135.0000,10238.5014,1236711087,0,0,9001001248,40761212376,10287653168
120,true,MP,"6. VND NNI->SPR (Inc)",93,true,1082.0000,10361.8617,634641391,0,0,9726396990,43906502336,10287629488
120,true,MP,"6. VND NNI->SPR (Inc)",94,true,1025.0000,10329.0827,735471594,0,0,9592810592,43181357464,10287798888
120,true,MP,"6. VND NNI->SPR (Inc)",95,true,992.0000,9538.7170,535734664,0,0,9002198464,41216970360,10287629944
120,true,MP,"6. VND NNI->SPR (Inc)",96,true,1288.0000,10580.3629,601382300,0,0,9978184407,43544146920,10287623336
120,true,MP,"6. VND NNI->SPR (Inc)",97,true,1111.0000,10884.1536,749278522,0,0,10134092576,44462686080,10287633656
120,true,MP,"6. VND NNI->SPR (Inc)",98,true,1245.0000,10981.8197,733493312,0,0,10247485171,44789878104,10287647768
120,true,MP,"6. VND NNI->SPR (Inc)",99,true,1127.0000,10745.3070,609324875,0,0,10135252862,44867566976,10287638232
120,true,MP,"6. VND NNI->SPR (Inc)",100,true,1160.0000,11051.6409,1234682079,0,0,9816153785,44033617760,10287666768
