Size,IsRooted,Metric,Variant,PairIndex,Success,Distance,TotalTimeMs,NniTimeNs,Ecr2TimeNs,Ecr3TimeNs,SprTimeNs,AllocBytes,PeakRamBytes
80,true,RFCluster,"1. NNI (Classic)",1,false,Infinity,19.0496,0,0,0,0,11892576,40328984
80,true,RFCluster,"1. NNI (Classic)",2,false,Infinity,10.8346,0,0,0,0,11442184,40328984
80,true,RFCluster,"1. NNI (Classic)",3,false,Infinity,10.4535,0,0,0,0,11737200,73883416
80,true,RFCluster,"1. NNI (Classic)",4,false,Infinity,9.7387,0,0,0,0,11813152,73883416
80,true,RFCluster,"1. NNI (Classic)",5,false,Infinity,25.4649,0,0,0,0,19443472,107437848
80,true,RFCluster,"1. NNI (Classic)",6,false,Infinity,17.3638,0,0,0,0,18955328,107437848
80,true,RFCluster,"1. NNI (Classic)",7,false,Infinity,10.5284,0,0,0,0,11478976,107437848
80,true,RFCluster,"1. NNI (Classic)",8,false,Infinity,9.5543,0,0,0,0,11466688,140992280
80,true,RFCluster,"1. NNI (Classic)",9,false,Infinity,10.4035,0,0,0,0,11439520,140992280
80,true,RFCluster,"1. NNI (Classic)",10,false,Infinity,21.3976,0,0,0,0,26401328,174546712
80,true,RFCluster,"1. NNI (Classic)",11,false,Infinity,15.0539,0,0,0,0,18913048,208101144
80,true,RFCluster,"1. NNI (Classic)",12,false,Infinity,10.8808,0,0,0,0,11495408,208101144
80,true,RFCluster,"1. NNI (Classic)",13,false,Infinity,9.6803,0,0,0,0,11515232,208101144
80,true,RFCluster,"1. NNI (Classic)",14,false,Infinity,14.6118,0,0,0,0,19046664,241655576
80,true,RFCluster,"1. NNI (Classic)",15,false,Infinity,14.5164,0,0,0,0,19031624,275210008
80,true,RFCluster,"1. NNI (Classic)",16,false,Infinity,20.5741,0,0,0,0,26601696,275210008
80,true,RFCluster,"1. NNI (Classic)",17,false,Infinity,15.0334,0,0,0,0,18875808,308764440
80,true,RFCluster,"1. NNI (Classic)",18,false,Infinity,8.9668,0,0,0,0,11511296,308764440
80,true,RFCluster,"1. NNI (Classic)",19,false,Infinity,9.5075,0,0,0,0,11457872,342318872
80,true,RFCluster,"1. NNI (Classic)",20,false,Infinity,8.8628,0,0,0,0,11471688,342318872
80,true,RFCluster,"1. NNI (Classic)",21,false,Infinity,9.0607,0,0,0,0,11809144,342318872
80,true,RFCluster,"1. NNI (Classic)",22,false,Infinity,8.9361,0,0,0,0,11798448,375873304
80,true,RFCluster,"1. NNI (Classic)",23,false,Infinity,14.4502,0,0,0,0,18980152,375873304
80,true,RFCluster,"1. NNI (Classic)",24,false,Infinity,9.3248,0,0,0,0,11420664,409427736
80,true,RFCluster,"1. NNI (Classic)",25,false,Infinity,9.4563,0,0,0,0,11633632,409427736
80,true,RFCluster,"1. NNI (Classic)",26,false,Infinity,20.0090,0,0,0,0,26542312,442982168
80,true,RFCluster,"1. NNI (Classic)",27,false,Infinity,9.3304,0,0,0,0,11506416,442982168
80,true,RFCluster,"1. NNI (Classic)",28,false,Infinity,9.4737,0,0,0,0,11457008,442982168
80,true,RFCluster,"1. NNI (Classic)",29,false,Infinity,9.5873,0,0,0,0,11501448,476536600
80,true,RFCluster,"1. NNI (Classic)",30,false,Infinity,9.0427,0,0,0,0,11378600,476536600
80,true,RFCluster,"1. NNI (Classic)",31,false,Infinity,15.3826,0,0,0,0,19600568,510091032
80,true,RFCluster,"1. NNI (Classic)",32,false,Infinity,9.0495,0,0,0,0,11517784,510091032
80,true,RFCluster,"1. NNI (Classic)",33,false,Infinity,8.8292,0,0,0,0,11804648,510091032
80,true,RFCluster,"1. NNI (Classic)",34,false,Infinity,9.2245,0,0,0,0,11495424,543645464
80,true,RFCluster,"1. NNI (Classic)",35,false,Infinity,8.7546,0,0,0,0,11500688,543645464
80,true,RFCluster,"1. NNI (Classic)",36,false,Infinity,8.6502,0,0,0,0,11520536,543645464
80,true,RFCluster,"1. NNI (Classic)",37,false,Infinity,9.3295,0,0,0,0,11625272,577199896
80,true,RFCluster,"1. NNI (Classic)",38,false,Infinity,8.9702,0,0,0,0,11672056,577199896
80,true,RFCluster,"1. NNI (Classic)",39,false,Infinity,9.4593,0,0,0,0,11478512,577199896
80,true,RFCluster,"1. NNI (Classic)",40,false,Infinity,9.2280,0,0,0,0,11700344,610754328
80,true,RFCluster,"1. NNI (Classic)",41,false,Infinity,9.2528,0,0,0,0,11461096,610754328
80,true,RFCluster,"1. NNI (Classic)",42,false,Infinity,9.2282,0,0,0,0,11467240,644308760
80,true,RFCluster,"1. NNI (Classic)",43,false,Infinity,14.4110,0,0,0,0,19017208,644308760
80,true,RFCluster,"1. NNI (Classic)",44,false,Infinity,9.4072,0,0,0,0,11385544,677863192
80,true,RFCluster,"1. NNI (Classic)",45,false,Infinity,8.9418,0,0,0,0,11489768,677863192
80,true,RFCluster,"1. NNI (Classic)",46,false,Infinity,9.4791,0,0,0,0,11461016,677863192
80,true,RFCluster,"1. NNI (Classic)",47,false,Infinity,15.0487,0,0,0,0,19576032,711417624
80,true,RFCluster,"1. NNI (Classic)",48,false,Infinity,14.9640,0,0,0,0,19315224,711417624
80,true,RFCluster,"1. NNI (Classic)",49,false,Infinity,9.0381,0,0,0,0,11497024,744972056
80,true,RFCluster,"1. NNI (Classic)",50,false,Infinity,9.2536,0,0,0,0,11536688,744972056
80,true,RFCluster,"1. NNI (Classic)",51,false,Infinity,20.3410,0,0,0,0,26357336,778526488
80,true,RFCluster,"1. NNI (Classic)",52,false,Infinity,20.0820,0,0,0,0,26827672,812080920
80,true,RFCluster,"1. NNI (Classic)",53,false,Infinity,8.9415,0,0,0,0,11430744,812080920
80,true,RFCluster,"1. NNI (Classic)",54,false,Infinity,9.1118,0,0,0,0,11485432,812080920
80,true,RFCluster,"1. NNI (Classic)",55,false,Infinity,18.7827,0,0,0,0,26475032,847260728
80,true,RFCluster,"1. NNI (Classic)",56,false,Infinity,8.8677,0,0,0,0,11674832,41954360
80,true,RFCluster,"1. NNI (Classic)",57,false,Infinity,9.3876,0,0,0,0,11683744,41954360
80,true,RFCluster,"1. NNI (Classic)",58,false,Infinity,7.4576,0,0,0,0,11517864,41954360
80,true,RFCluster,"1. NNI (Classic)",59,false,Infinity,6.9119,0,0,0,0,11695096,75508792
80,true,RFCluster,"1. NNI (Classic)",60,false,Infinity,10.5083,0,0,0,0,18916896,75508792
80,true,RFCluster,"1. NNI (Classic)",61,false,Infinity,5.9875,0,0,0,0,11471736,109063224
80,true,RFCluster,"1. NNI (Classic)",62,false,Infinity,6.3714,0,0,0,0,11427200,109063224
80,true,RFCluster,"1. NNI (Classic)",63,false,Infinity,6.2466,0,0,0,0,11779536,109063224
80,true,RFCluster,"1. NNI (Classic)",64,false,Infinity,10.4497,0,0,0,0,18965088,142617656
80,true,RFCluster,"1. NNI (Classic)",65,false,Infinity,9.9589,0,0,0,0,19015416,142617656
80,true,RFCluster,"1. NNI (Classic)",66,false,Infinity,8.0954,0,0,0,0,11512152,176172088
80,true,RFCluster,"1. NNI (Classic)",67,false,Infinity,9.8778,0,0,0,0,19151320,176172088
80,true,RFCluster,"1. NNI (Classic)",68,false,Infinity,5.9147,0,0,0,0,11470272,209726520
80,true,RFCluster,"1. NNI (Classic)",69,false,Infinity,9.4784,0,0,0,0,18807960,209726520
80,true,RFCluster,"1. NNI (Classic)",70,false,Infinity,9.5053,0,0,0,0,18953872,243280952
80,true,RFCluster,"1. NNI (Classic)",71,false,Infinity,6.1180,0,0,0,0,11542136,243280952
80,true,RFCluster,"1. NNI (Classic)",72,false,Infinity,9.1626,0,0,0,0,18952352,276835384
80,true,RFCluster,"1. NNI (Classic)",73,false,Infinity,9.5194,0,0,0,0,18994392,276835384
80,true,RFCluster,"1. NNI (Classic)",74,false,Infinity,6.1523,0,0,0,0,11481136,310389816
80,true,RFCluster,"1. NNI (Classic)",75,false,Infinity,9.9740,0,0,0,0,19384160,310389816
80,true,RFCluster,"1. NNI (Classic)",76,false,Infinity,10.1230,0,0,0,0,19134904,343944248
80,true,RFCluster,"1. NNI (Classic)",77,false,Infinity,6.3808,0,0,0,0,11622016,343944248
80,true,RFCluster,"1. NNI (Classic)",78,false,Infinity,6.1767,0,0,0,0,11835192,343944248
80,true,RFCluster,"1. NNI (Classic)",79,false,Infinity,9.8028,0,0,0,0,19192208,377498680
80,true,RFCluster,"1. NNI (Classic)",80,false,Infinity,9.6795,0,0,0,0,18841536,411053112
80,true,RFCluster,"1. NNI (Classic)",81,false,Infinity,6.5136,0,0,0,0,11396312,411053112
80,true,RFCluster,"1. NNI (Classic)",82,false,Infinity,6.3957,0,0,0,0,11505296,411053112
80,true,RFCluster,"1. NNI (Classic)",83,false,Infinity,6.6235,0,0,0,0,11747656,444607544
80,true,RFCluster,"1. NNI (Classic)",84,false,Infinity,6.3696,0,0,0,0,11567744,444607544
80,true,RFCluster,"1. NNI (Classic)",85,false,Infinity,6.2881,0,0,0,0,11486040,444607544
80,true,RFCluster,"1. NNI (Classic)",86,false,Infinity,6.1449,0,0,0,0,11707440,478161976
80,true,RFCluster,"1. NNI (Classic)",87,false,Infinity,6.0605,0,0,0,0,11541616,478161976
80,true,RFCluster,"1. NNI (Classic)",88,false,Infinity,5.8332,0,0,0,0,11504960,478161976
80,true,RFCluster,"1. NNI (Classic)",89,false,Infinity,6.2133,0,0,0,0,11768560,511716408
80,true,RFCluster,"1. NNI (Classic)",90,false,Infinity,9.5434,0,0,0,0,19002656,511716408
80,true,RFCluster,"1. NNI (Classic)",91,false,Infinity,6.0147,0,0,0,0,11467560,545270840
80,true,RFCluster,"1. NNI (Classic)",92,false,Infinity,6.2984,0,0,0,0,11496648,545270840
80,true,RFCluster,"1. NNI (Classic)",93,false,Infinity,6.4240,0,0,0,0,11587984,545270840
80,true,RFCluster,"1. NNI (Classic)",94,false,Infinity,6.5230,0,0,0,0,11654104,578825272
80,true,RFCluster,"1. NNI (Classic)",95,false,Infinity,6.5367,0,0,0,0,11490080,578825272
80,true,RFCluster,"1. NNI (Classic)",96,false,Infinity,6.4124,0,0,0,0,11488768,578825272
80,true,RFCluster,"1. NNI (Classic)",97,false,Infinity,6.1057,0,0,0,0,11552568,612379704
80,true,RFCluster,"1. NNI (Classic)",98,false,Infinity,6.5484,0,0,0,0,11796864,612379704
80,true,RFCluster,"1. NNI (Classic)",99,false,Infinity,15.3104,0,0,0,0,26344128,645934136
80,true,RFCluster,"1. NNI (Classic)",100,false,Infinity,6.4294,0,0,0,0,11405128,645934136
80,true,RFCluster,"2. NNI (Incremental)",1,false,Infinity,2.6975,0,0,0,0,89936,7323392
80,true,RFCluster,"2. NNI (Incremental)",2,false,Infinity,1.0216,0,0,0,0,74960,7323392
80,true,RFCluster,"2. NNI (Incremental)",3,false,Infinity,0.7753,0,0,0,0,75128,7323392
80,true,RFCluster,"2. NNI (Incremental)",4,false,Infinity,0.2147,0,0,0,0,74784,7323392
80,true,RFCluster,"2. NNI (Incremental)",5,false,Infinity,0.3721,0,0,0,0,93624,7323392
80,true,RFCluster,"2. NNI (Incremental)",6,false,Infinity,0.2482,0,0,0,0,94488,7323392
80,true,RFCluster,"2. NNI (Incremental)",7,false,Infinity,0.1770,0,0,0,0,75776,7323392
80,true,RFCluster,"2. NNI (Incremental)",8,false,Infinity,0.1699,0,0,0,0,74424,7323392
80,true,RFCluster,"2. NNI (Incremental)",9,false,Infinity,0.1874,0,0,0,0,75416,7323392
80,true,RFCluster,"2. NNI (Incremental)",10,false,Infinity,0.3076,0,0,0,0,112016,7323392
80,true,RFCluster,"2. NNI (Incremental)",11,false,Infinity,0.2415,0,0,0,0,92808,7323392
80,true,RFCluster,"2. NNI (Incremental)",12,false,Infinity,0.1563,0,0,0,0,73840,7323392
80,true,RFCluster,"2. NNI (Incremental)",13,false,Infinity,0.1809,0,0,0,0,74688,7323392
80,true,RFCluster,"2. NNI (Incremental)",14,false,Infinity,0.2034,0,0,0,0,94104,7323392
80,true,RFCluster,"2. NNI (Incremental)",15,false,Infinity,0.2309,0,0,0,0,93392,7323392
80,true,RFCluster,"2. NNI (Incremental)",16,false,Infinity,0.2737,0,0,0,0,113008,7323392
80,true,RFCluster,"2. NNI (Incremental)",17,false,Infinity,0.2414,0,0,0,0,93680,7323392
80,true,RFCluster,"2. NNI (Incremental)",18,false,Infinity,0.1589,0,0,0,0,74752,7323392
80,true,RFCluster,"2. NNI (Incremental)",19,false,Infinity,0.1447,0,0,0,0,74984,7323392
80,true,RFCluster,"2. NNI (Incremental)",20,false,Infinity,0.1427,0,0,0,0,74504,7323392
80,true,RFCluster,"2. NNI (Incremental)",21,false,Infinity,0.1410,0,0,0,0,75256,7323392
80,true,RFCluster,"2. NNI (Incremental)",22,false,Infinity,0.1454,0,0,0,0,73960,7323392
80,true,RFCluster,"2. NNI (Incremental)",23,false,Infinity,0.2272,0,0,0,0,93576,7323392
80,true,RFCluster,"2. NNI (Incremental)",24,false,Infinity,0.1714,0,0,0,0,73168,7323392
80,true,RFCluster,"2. NNI (Incremental)",25,false,Infinity,0.1588,0,0,0,0,74968,7323392
80,true,RFCluster,"2. NNI (Incremental)",26,false,Infinity,0.1960,0,0,0,0,113624,7323392
80,true,RFCluster,"2. NNI (Incremental)",27,false,Infinity,0.1076,0,0,0,0,74248,7323392
80,true,RFCluster,"2. NNI (Incremental)",28,false,Infinity,0.1489,0,0,0,0,75432,7323392
80,true,RFCluster,"2. NNI (Incremental)",29,false,Infinity,0.1498,0,0,0,0,74936,7323392
80,true,RFCluster,"2. NNI (Incremental)",30,false,Infinity,0.1215,0,0,0,0,75432,7323392
80,true,RFCluster,"2. NNI (Incremental)",31,false,Infinity,0.1486,0,0,0,0,95272,7323392
80,true,RFCluster,"2. NNI (Incremental)",32,false,Infinity,0.1074,0,0,0,0,74784,7323392
80,true,RFCluster,"2. NNI (Incremental)",33,false,Infinity,0.0997,0,0,0,0,74336,7323392
80,true,RFCluster,"2. NNI (Incremental)",34,false,Infinity,0.1105,0,0,0,0,74984,7323392
80,true,RFCluster,"2. NNI (Incremental)",35,false,Infinity,0.1915,0,0,0,0,74248,7323392
80,true,RFCluster,"2. NNI (Incremental)",36,false,Infinity,0.1196,0,0,0,0,75872,7323392
80,true,RFCluster,"2. NNI (Incremental)",37,false,Infinity,0.1603,0,0,0,0,74528,7323392
80,true,RFCluster,"2. NNI (Incremental)",38,false,Infinity,0.1337,0,0,0,0,74048,7323392
80,true,RFCluster,"2. NNI (Incremental)",39,false,Infinity,0.1252,0,0,0,0,74952,7323392
80,true,RFCluster,"2. NNI (Incremental)",40,false,Infinity,0.1382,0,0,0,0,73776,7323392
80,true,RFCluster,"2. NNI (Incremental)",41,false,Infinity,0.1452,0,0,0,0,75208,7323392
80,true,RFCluster,"2. NNI (Incremental)",42,false,Infinity,0.1581,0,0,0,0,75008,7323392
80,true,RFCluster,"2. NNI (Incremental)",43,false,Infinity,0.1512,0,0,0,0,93344,7323392
80,true,RFCluster,"2. NNI (Incremental)",44,false,Infinity,0.1208,0,0,0,0,74184,7323392
80,true,RFCluster,"2. NNI (Incremental)",45,false,Infinity,0.1071,0,0,0,0,74200,7323392
80,true,RFCluster,"2. NNI (Incremental)",46,false,Infinity,0.1155,0,0,0,0,76720,7323392
80,true,RFCluster,"2. NNI (Incremental)",47,false,Infinity,0.1354,0,0,0,0,95992,7323392
80,true,RFCluster,"2. NNI (Incremental)",48,false,Infinity,0.1374,0,0,0,0,94024,7323392
80,true,RFCluster,"2. NNI (Incremental)",49,false,Infinity,0.0913,0,0,0,0,73904,7323392
80,true,RFCluster,"2. NNI (Incremental)",50,false,Infinity,0.1110,0,0,0,0,75688,7323392
80,true,RFCluster,"2. NNI (Incremental)",51,false,Infinity,0.1717,0,0,0,0,111960,7323392
80,true,RFCluster,"2. NNI (Incremental)",52,false,Infinity,0.1621,0,0,0,0,112072,7323392
80,true,RFCluster,"2. NNI (Incremental)",53,false,Infinity,0.1050,0,0,0,0,74032,7323392
80,true,RFCluster,"2. NNI (Incremental)",54,false,Infinity,0.0997,0,0,0,0,74728,7323392
80,true,RFCluster,"2. NNI (Incremental)",55,false,Infinity,0.1826,0,0,0,0,112272,7323392
80,true,RFCluster,"2. NNI (Incremental)",56,false,Infinity,0.0897,0,0,0,0,74520,7323392
80,true,RFCluster,"2. NNI (Incremental)",57,false,Infinity,0.1022,0,0,0,0,74328,7323392
80,true,RFCluster,"2. NNI (Incremental)",58,false,Infinity,0.0960,0,0,0,0,74536,7323392
80,true,RFCluster,"2. NNI (Incremental)",59,false,Infinity,0.1242,0,0,0,0,74976,7323392
80,true,RFCluster,"2. NNI (Incremental)",60,false,Infinity,0.1268,0,0,0,0,93200,7323392
80,true,RFCluster,"2. NNI (Incremental)",61,false,Infinity,0.0890,0,0,0,0,74792,7323392
80,true,RFCluster,"2. NNI (Incremental)",62,false,Infinity,0.0972,0,0,0,0,75648,7323392
80,true,RFCluster,"2. NNI (Incremental)",63,false,Infinity,0.1114,0,0,0,0,73488,7323392
80,true,RFCluster,"2. NNI (Incremental)",64,false,Infinity,0.1463,0,0,0,0,94144,7323392
80,true,RFCluster,"2. NNI (Incremental)",65,false,Infinity,0.1189,0,0,0,0,93960,7323392
80,true,RFCluster,"2. NNI (Incremental)",66,false,Infinity,0.0898,0,0,0,0,75760,7323392
80,true,RFCluster,"2. NNI (Incremental)",67,false,Infinity,0.1306,0,0,0,0,92752,7323392
80,true,RFCluster,"2. NNI (Incremental)",68,false,Infinity,0.0913,0,0,0,0,74072,7323392
80,true,RFCluster,"2. NNI (Incremental)",69,false,Infinity,0.1326,0,0,0,0,93728,7323392
80,true,RFCluster,"2. NNI (Incremental)",70,false,Infinity,0.1298,0,0,0,0,93128,7323392
80,true,RFCluster,"2. NNI (Incremental)",71,false,Infinity,0.0906,0,0,0,0,73776,7323392
80,true,RFCluster,"2. NNI (Incremental)",72,false,Infinity,0.1403,0,0,0,0,93072,7323392
80,true,RFCluster,"2. NNI (Incremental)",73,false,Infinity,0.1301,0,0,0,0,93608,7323392
80,true,RFCluster,"2. NNI (Incremental)",74,false,Infinity,0.0987,0,0,0,0,73328,7323392
80,true,RFCluster,"2. NNI (Incremental)",75,false,Infinity,0.1308,0,0,0,0,94248,7323392
80,true,RFCluster,"2. NNI (Incremental)",76,false,Infinity,0.1273,0,0,0,0,94600,7323392
80,true,RFCluster,"2. NNI (Incremental)",77,false,Infinity,0.0982,0,0,0,0,75616,7323392
80,true,RFCluster,"2. NNI (Incremental)",78,false,Infinity,0.0868,0,0,0,0,74240,7323392
80,true,RFCluster,"2. NNI (Incremental)",79,false,Infinity,0.1557,0,0,0,0,93792,7323392
80,true,RFCluster,"2. NNI (Incremental)",80,false,Infinity,0.1254,0,0,0,0,93528,7323392
80,true,RFCluster,"2. NNI (Incremental)",81,false,Infinity,0.1119,0,0,0,0,73992,7323392
80,true,RFCluster,"2. NNI (Incremental)",82,false,Infinity,0.0913,0,0,0,0,75232,7323392
80,true,RFCluster,"2. NNI (Incremental)",83,false,Infinity,0.0954,0,0,0,0,73728,7323392
80,true,RFCluster,"2. NNI (Incremental)",84,false,Infinity,0.0875,0,0,0,0,74256,7323392
80,true,RFCluster,"2. NNI (Incremental)",85,false,Infinity,0.0972,0,0,0,0,74616,7323392
80,true,RFCluster,"2. NNI (Incremental)",86,false,Infinity,0.0908,0,0,0,0,75240,7323392
80,true,RFCluster,"2. NNI (Incremental)",87,false,Infinity,0.0866,0,0,0,0,74984,7323392
80,true,RFCluster,"2. NNI (Incremental)",88,false,Infinity,0.0896,0,0,0,0,75072,7323392
80,true,RFCluster,"2. NNI (Incremental)",89,false,Infinity,0.0908,0,0,0,0,74976,7323392
80,true,RFCluster,"2. NNI (Incremental)",90,false,Infinity,0.1385,0,0,0,0,94312,7323392
80,true,RFCluster,"2. NNI (Incremental)",91,false,Infinity,0.1010,0,0,0,0,76112,7323392
80,true,RFCluster,"2. NNI (Incremental)",92,false,Infinity,0.0985,0,0,0,0,76208,7323392
80,true,RFCluster,"2. NNI (Incremental)",93,false,Infinity,0.1289,0,0,0,0,74416,7323392
80,true,RFCluster,"2. NNI (Incremental)",94,false,Infinity,0.0872,0,0,0,0,75072,7323392
80,true,RFCluster,"2. NNI (Incremental)",95,false,Infinity,0.1532,0,0,0,0,75368,7323392
80,true,RFCluster,"2. NNI (Incremental)",96,false,Infinity,0.1228,0,0,0,0,75992,7323392
80,true,RFCluster,"2. NNI (Incremental)",97,false,Infinity,0.0931,0,0,0,0,75224,7323392
80,true,RFCluster,"2. NNI (Incremental)",98,false,Infinity,0.1000,0,0,0,0,74512,7323392
80,true,RFCluster,"2. NNI (Incremental)",99,false,Infinity,0.1721,0,0,0,0,113688,7323392
80,true,RFCluster,"2. NNI (Incremental)",100,false,Infinity,0.0847,0,0,0,0,74344,7323392
80,true,RFCluster,"3. VND NNI->ECR->SPR (Classic)",1,true,509.0000,169445.3889,6763543,453339826,15607938738,153375339904,340625598224,49790170472
80,true,RFCluster,"3. VND NNI->ECR->SPR (Classic)",2,true,525.0000,175867.9847,6349264,437858675,14111288269,161312257782,348128693400,52435364528
80,true,RFCluster,"3. VND NNI->ECR->SPR (Classic)",3,true,465.0000,207809.3923,13423246,938206135,42234394694,164623053542,389439531864,70597167568
80,true,RFCluster,"3. VND NNI->ECR->SPR (Classic)",4,true,488.0000,190041.6074,12515039,902789053,38643857285,150481975981,371521411328,53164969472
80,true,RFCluster,"3. VND NNI->ECR->SPR (Classic)",5,true,502.0000,170568.0736,21722679,1280853868,14744512100,154520734941,334210625424,55166783840
80,true,RFCluster,"3. VND NNI->ECR->SPR (Classic)",6,true,470.0000,168922.5834,23355115,1598624520,14800010784,152500330765,340695090688,62327886016
80,true,RFCluster,"3. VND NNI->ECR->SPR (Classic)",7,true,510.0000,162388.9842,13537645,1728999373,15944034139,144702191385,331786461200,70520390880
80,true,RFCluster,"3. VND NNI->ECR->SPR (Classic)",8,true,448.0000,184188.0877,18437562,1674167931,41469487238,141025680552,374877633904,82628929544
80,true,RFCluster,"3. VND NNI->ECR->SPR (Classic)",9,true,527.0000,162633.7294,14733298,1400032758,13968397056,147250344784,330397118024,83179037208
80,true,RFCluster,"3. VND NNI->ECR->SPR (Classic)",10,true,519.0000,168112.6323,20080418,460795163,14793593680,152837943044,334075454528,80535132896
80,true,RFCluster,"3. VND NNI->ECR->SPR (Classic)",11,true,524.0000,199935.6151,30494862,1925969692,48419086875,149559719444,383436886480,72203000592
80,true,RFCluster,"3. VND NNI->ECR->SPR (Classic)",12,true,506.0000,168863.6067,6392136,459211150,15286962823,153110880945,346448386800,62424379760
80,true,RFCluster,"3. VND NNI->ECR->SPR (Classic)",13,true,620.0000,224063.6088,12770145,921673181,69916858374,153212020501,424372542552,66965256912
80,true,RFCluster,"3. VND NNI->ECR->SPR (Classic)",14,true,516.0000,164594.1982,16423732,489679821,16497418433,147590491724,342155524624,75779386344
80,true,RFCluster,"3. VND NNI->ECR->SPR (Classic)",15,true,541.0000,162371.2966,16403323,479596656,15944947226,145930149269,341365062968,82374088672
80,true,RFCluster,"3. VND NNI->ECR->SPR (Classic)",16,true,515.0000,153328.9732,20148295,458939573,13481410798,139368286047,323562815352,83505947864
80,true,RFCluster,"3. VND NNI->ECR->SPR (Classic)",17,true,453.0000,157590.1518,17608696,476902582,14985895103,142109552969,327010506440,83713783808
80,true,RFCluster,"3. VND NNI->ECR->SPR (Classic)",18,true,571.0000,165775.4943,6576286,434959759,12815456070,152518346330,332948501936,80542103824
80,true,RFCluster,"3. VND NNI->ECR->SPR (Classic)",19,true,462.0000,199147.0733,13881379,1048814645,48178053620,149906066972,376230221120,58293037664
80,true,RFCluster,"3. VND NNI->ECR->SPR (Classic)",20,true,529.0000,164508.1322,6660216,456683361,13937789676,150106826810,338018565328,66848204080
80,true,RFCluster,"3. VND NNI->ECR->SPR (Classic)",21,true,521.0000,174314.8871,6901885,426872729,13103448891,160777484766,337871502832,52961408600
80,true,RFCluster,"3. VND NNI->ECR->SPR (Classic)",22,true,534.0000,172162.3544,6240868,443401984,14019011067,157693507737,338442124152,52596440528
80,true,RFCluster,"3. VND NNI->ECR->SPR (Classic)",23,true,449.0000,199361.7631,38368305,2231925453,43464304617,153626733316,373815962064,59673386104
80,true,RFCluster,"3. VND NNI->ECR->SPR (Classic)",24,true,498.0000,197164.8896,13005752,871815445,38920913634,157358895614,386478151304,51165985792
80,true,RFCluster,"3. VND NNI->ECR->SPR (Classic)",25,true,484.0000,171267.8735,13911516,1573395741,17937035349,151742976157,330054687616,52638247408
80,true,RFCluster,"3. VND NNI->ECR->SPR (Classic)",26,true,524.0000,184420.9499,26773556,876977462,38141378030,145375527692,366661741880,70605582744
80,true,RFCluster,"3. VND NNI->ECR->SPR (Classic)",27,true,573.0000,167686.0872,6724759,434659508,14377119952,152867413994,348014498016,77458326664
80,true,RFCluster,"3. VND NNI->ECR->SPR (Classic)",28,true,524.0000,200381.1992,13792710,1061958894,56684215181,142620956412,393446930384,91647858136
80,true,RFCluster,"3. VND NNI->ECR->SPR (Classic)",29,true,488.0000,210530.5517,14024601,1105196490,58229995114,151181068815,399472984352,101217098560
80,true,RFCluster,"3. VND NNI->ECR->SPR (Classic)",30,true,495.0000,160803.3204,6576837,429938368,13796710124,146569944629,325820978720,58029755304
80,true,RFCluster,"3. VND NNI->ECR->SPR (Classic)",31,true,524.0000,174535.2322,19026323,502950275,18207114178,155805924645,334388747088,52477492384
80,true,RFCluster,"3. VND NNI->ECR->SPR (Classic)",32,true,494.0000,215727.1178,12577067,965813225,60616505287,154131941239,406033561680,60801898040
80,true,RFCluster,"3. VND NNI->ECR->SPR (Classic)",33,true,408.0000,202621.6148,18848785,2234130085,46003640573,154364672902,386536336600,63767211008
80,true,RFCluster,"3. VND NNI->ECR->SPR (Classic)",34,true,468.0000,179367.1362,6556198,486613096,15763907110,163109904887,351893838984,54137882520
80,true,RFCluster,"3. VND NNI->ECR->SPR (Classic)",35,true,531.0000,164097.9507,6366336,429780528,15525935958,148135712974,334521461744,70772165112
80,true,RFCluster,"3. VND NNI->ECR->SPR (Classic)",36,true,472.0000,172064.0676,12636631,1322567599,14048670547,156679970075,344863655808,59344829632
80,true,RFCluster,"3. VND NNI->ECR->SPR (Classic)",37,true,433.0000,166826.1707,13362121,1845644981,14972339759,149994603631,337092180960,69132508672
80,true,RFCluster,"3. VND NNI->ECR->SPR (Classic)",38,true,475.0000,157638.3115,6473872,459192250,15120777194,142051665813,322962286432,65389464512
80,true,RFCluster,"3. VND NNI->ECR->SPR (Classic)",39,true,504.0000,197308.5989,20494776,1892666210,43447659820,151947449625,378287023312,57331640672
80,true,RFCluster,"3. VND NNI->ECR->SPR (Classic)",40,true,445.0000,185841.5460,20294614,1702856868,42583860368,141534227617,372570313712,82898345984
80,true,RFCluster,"3. VND NNI->ECR->SPR (Classic)",41,true,476.0000,157663.3622,6927614,482796367,14955697651,142217790865,327719263832,79601513152
80,true,RFCluster,"3. VND NNI->ECR->SPR (Classic)",42,true,481.0000,170500.1014,6780635,479068919,15399587009,154614510439,338226132600,83252554608
80,true,RFCluster,"3. VND NNI->ECR->SPR (Classic)",43,true,524.0000,164477.6369,22598856,690889199,14973001889,148790954724,338296762704,68074108928
80,true,RFCluster,"3. VND NNI->ECR->SPR (Classic)",44,true,540.0000,190485.5589,25061679,2480616818,43397519486,144582007729,376607386488,78603228304
80,true,RFCluster,"3. VND NNI->ECR->SPR (Classic)",45,true,556.0000,197698.7529,13123106,1040500978,42344588429,154300311445,385392982424,63643120112
80,true,RFCluster,"3. VND NNI->ECR->SPR (Classic)",46,true,524.0000,205799.3114,13787730,920083710,43822984484,161042242279,386240467384,59250338816
80,true,RFCluster,"3. VND NNI->ECR->SPR (Classic)",47,true,506.0000,165898.8720,16786733,467096594,14319731161,151095098486,330480650128,53176072304
80,true,RFCluster,"3. VND NNI->ECR->SPR (Classic)",48,true,475.0000,195322.3882,28897654,1959064344,49787459480,143546707322,391032935680,83276256264
80,true,RFCluster,"3. VND NNI->ECR->SPR (Classic)",49,true,547.0000,162108.9658,13020551,1320016363,15178903601,145596844044,336393660192,84621213424
80,true,RFCluster,"3. VND NNI->ECR->SPR (Classic)",50,true,537.0000,216448.5399,20574646,1949115685,62084280860,152394278986,407139969688,81136866216
80,true,RFCluster,"3. VND NNI->ECR->SPR (Classic)",51,true,474.0000,164790.9385,20286539,491991907,16898302755,147380203977,333431943584,68478870176
80,true,RFCluster,"3. VND NNI->ECR->SPR (Classic)",52,true,457.0000,159508.7620,19740340,479283720,16357410376,142652173027,326682533728,66957081600
80,true,RFCluster,"3. VND NNI->ECR->SPR (Classic)",53,true,503.0000,190601.6244,12632382,897886741,41480516586,148210382819,377491456448,58649458176
80,true,RFCluster,"3. VND NNI->ECR->SPR (Classic)",54,true,514.0000,154790.1038,6514309,447634296,14760912807,139574919384,314385268072,67029969536
80,true,RFCluster,"3. VND NNI->ECR->SPR (Classic)",55,true,452.0000,160055.0135,20602469,460243505,14468234642,145105758998,322633677448,62737013312
80,true,RFCluster,"3. VND NNI->ECR->SPR (Classic)",56,true,520.0000,158995.5482,6424898,473423729,15503948639,143011606759,328743233064,66268228608
80,true,RFCluster,"3. VND NNI->ECR->SPR (Classic)",57,true,509.0000,170804.4158,13706937,1573903642,16795466345,152421146546,347063035160,68819678896
80,true,RFCluster,"3. VND NNI->ECR->SPR (Classic)",58,true,468.0000,167957.6410,6970125,511735167,18150312067,149288474098,342017691584,76377165312
80,true,RFCluster,"3. VND NNI->ECR->SPR (Classic)",59,true,488.0000,198878.7810,20098711,2361500697,57277518834,139219376832,393825779176,100387664320
80,true,RFCluster,"3. VND NNI->ECR->SPR (Classic)",60,true,509.0000,164430.3752,16868569,487886107,16539916599,147385541156,329247226376,81905273344
80,true,RFCluster,"3. VND NNI->ECR->SPR (Classic)",61,true,520.0000,164124.7718,12765185,1264695782,13842576886,149004547846,336556731320,66176636288
80,true,RFCluster,"3. VND NNI->ECR->SPR (Classic)",62,true,513.0000,164218.7773,6724007,527467339,17445170630,146239256819,337013542632,60199580160
80,true,RFCluster,"3. VND NNI->ECR->SPR (Classic)",63,true,512.0000,175848.4023,6594771,468007784,17458991623,157914667542,345659187176,52919692240
80,true,RFCluster,"3. VND NNI->ECR->SPR (Classic)",64,true,476.0000,169039.0067,17049884,457388850,14657664155,153906747383,338605502824,70926408408
80,true,RFCluster,"3. VND NNI->ECR->SPR (Classic)",65,true,516.0000,166822.8198,23063920,599241194,15542983797,150657369445,335536411576,66196489216
80,true,RFCluster,"3. VND NNI->ECR->SPR (Classic)",66,true,520.0000,171090.6517,6855227,478161925,14812941548,155792542058,346839335056,66050234664
80,true,RFCluster,"3. VND NNI->ECR->SPR (Classic)",67,true,476.0000,190764.6384,21754912,824518175,48508721763,141409382748,374874121544,61295850512
80,true,RFCluster,"3. VND NNI->ECR->SPR (Classic)",68,true,488.0000,166092.3571,12486586,1357755289,15753238270,148968678515,339337980416,68196511744
80,true,RFCluster,"3. VND NNI->ECR->SPR (Classic)",69,true,573.0000,162926.0826,22787557,1346972182,14050298801,147505811427,335765602544,75680288544
80,true,RFCluster,"3. VND NNI->ECR->SPR (Classic)",70,true,488.0000,187501.4464,22894770,929499109,44804183410,141744613444,375809570456,78020941312
80,true,RFCluster,"3. VND NNI->ECR->SPR (Classic)",71,true,481.0000,206556.5114,13153444,1013537908,67064949936,138464620907,398673195800,97111936512
80,true,RFCluster,"3. VND NNI->ECR->SPR (Classic)",72,true,495.0000,155488.2137,23253921,2276856338,12888707999,140299132071,327976314800,84098147952
80,true,RFCluster,"3. VND NNI->ECR->SPR (Classic)",73,true,449.0000,172232.5241,23148791,1404273445,16070033288,154734863927,346436379760,79611518592
80,true,RFCluster,"3. VND NNI->ECR->SPR (Classic)",74,true,570.0000,163946.1729,12867379,1436743034,16952437799,145543932004,336741470840,69756510000
80,true,RFCluster,"3. VND NNI->ECR->SPR (Classic)",75,true,478.0000,188007.4471,30029108,1840287499,43618487360,142518350697,375055415928,80822801392
80,true,RFCluster,"3. VND NNI->ECR->SPR (Classic)",76,true,480.0000,192930.2354,29749015,1858661910,54568697233,136472812111,381030221824,106062086448
80,true,RFCluster,"3. VND NNI->ECR->SPR (Classic)",77,true,537.0000,165385.2941,7191006,478881864,13922153158,150976911728,342976784752,85150997184
80,true,RFCluster,"3. VND NNI->ECR->SPR (Classic)",78,true,554.0000,181157.3396,13077389,848921020,35838104755,144457018150,373627002312,88027881472
80,true,RFCluster,"3. VND NNI->ECR->SPR (Classic)",79,true,494.0000,152505.5884,16180159,454660411,13963439934,138071154971,321567338032,87422759648
80,true,RFCluster,"3. VND NNI->ECR->SPR (Classic)",80,true,528.0000,161490.0158,15920315,450115288,14364468042,146659353335,327152143712,85056032800
80,true,RFCluster,"3. VND NNI->ECR->SPR (Classic)",81,true,460.0000,168534.5147,13511795,1695714554,16270692744,150554393214,339833895384,68264762160
80,true,RFCluster,"3. VND NNI->ECR->SPR (Classic)",82,true,456.0000,195153.5647,13310413,906818153,41988937347,152244269033,392915563632,73847812000
80,true,RFCluster,"3. VND NNI->ECR->SPR (Classic)",83,true,436.0000,181918.7290,20528719,2126634349,36021461184,143749840642,361317455200,68336231040
80,true,RFCluster,"3. VND NNI->ECR->SPR (Classic)",84,true,569.0000,203676.4320,20024481,2436179244,62000838338,139219085155,381031863536,58769625088
80,true,RFCluster,"3. VND NNI->ECR->SPR (Classic)",85,true,558.0000,202572.5688,13532885,927547646,56651851472,144979395537,386408645928,47533647856
80,true,RFCluster,"3. VND NNI->ECR->SPR (Classic)",86,true,516.0000,175205.7982,6666157,449742219,14950789958,159798453271,346562171712,54371627472
80,true,RFCluster,"3. VND NNI->ECR->SPR (Classic)",87,true,567.0000,172079.7295,6213586,466823953,14992695613,156613855583,343290838792,54716160728
80,true,RFCluster,"3. VND NNI->ECR->SPR (Classic)",88,true,531.0000,165372.5178,12610392,1276475536,13423752607,150659492298,349106439960,70758214960
80,true,RFCluster,"3. VND NNI->ECR->SPR (Classic)",89,true,491.0000,155733.2696,6771106,479136268,15374942132,139872268873,324789039792,73390208288
80,true,RFCluster,"3. VND NNI->ECR->SPR (Classic)",90,true,474.0000,181378.0998,21644111,860429027,39128064936,141367717162,370472361008,83038881280
80,true,RFCluster,"3. VND NNI->ECR->SPR (Classic)",91,true,552.0000,164213.1448,12344868,1294092808,13731155297,149175361491,346499895232,78786329272
80,true,RFCluster,"3. VND NNI->ECR->SPR (Classic)",92,true,509.0000,188071.8529,13214029,999275151,48616248267,138442880662,375606613904,91524974592
80,true,RFCluster,"3. VND NNI->ECR->SPR (Classic)",93,true,512.0000,211110.3980,22478789,2140391013,51297629703,157649614582,397498928104,82532386816
80,true,RFCluster,"3. VND NNI->ECR->SPR (Classic)",94,true,461.0000,167567.0387,13590765,1671253635,13330482503,152551516432,323458204224,53551992448
80,true,RFCluster,"3. VND NNI->ECR->SPR (Classic)",95,true,538.0000,175670.0509,7444077,520997248,13714257122,161427173484,339744538024,56777630208
80,true,RFCluster,"3. VND NNI->ECR->SPR (Classic)",96,true,492.0000,207126.3554,12927734,986060825,49317873425,156809263697,395160568560,57910222304
80,true,RFCluster,"3. VND NNI->ECR->SPR (Classic)",97,true,504.0000,164866.9183,6238324,410475977,14418202614,150031852347,342408029480,70041383472
80,true,RFCluster,"3. VND NNI->ECR->SPR (Classic)",98,true,454.0000,170760.6944,6687036,475041422,14489569133,155789245417,330272941328,53216100464
80,true,RFCluster,"3. VND NNI->ECR->SPR (Classic)",99,true,460.0000,161882.7701,20174375,493555601,15987487404,145381387348,327346511952,66308911104
80,true,RFCluster,"3. VND NNI->ECR->SPR (Classic)",100,true,467.0000,174093.6253,6847983,496459492,15721192544,157868972421,347831577744,64317682280
80,true,RFCluster,"4. VND NNI->SPR (Classic)",1,true,509.0000,159255.9756,7007377,0,0,159248839242,314612770904,52577241816
80,true,RFCluster,"4. VND NNI->SPR (Classic)",2,true,525.0000,154220.4585,8603572,0,0,154211748965,322829905160,74083286704
80,true,RFCluster,"4. VND NNI->SPR (Classic)",3,true,470.0000,153309.2231,6853774,0,0,153302270520,323871929400,78752854408
80,true,RFCluster,"4. VND NNI->SPR (Classic)",4,true,490.0000,142101.2724,6369644,0,0,142094809896,305871187448,78353191528
80,true,RFCluster,"4. VND NNI->SPR (Classic)",5,true,503.0000,145864.7653,16095050,0,0,145848539685,314222487480,79811793488
80,true,RFCluster,"4. VND NNI->SPR (Classic)",6,true,470.0000,158717.6462,17186916,0,0,158700343293,318830992320,80091713328
80,true,RFCluster,"4. VND NNI->SPR (Classic)",7,true,503.0000,147846.3843,6848695,0,0,147839438033,310531929544,73489963016
80,true,RFCluster,"4. VND NNI->SPR (Classic)",8,true,445.0000,146560.6451,6322725,0,0,146554224141,309466092288,78686906592
80,true,RFCluster,"4. VND NNI->SPR (Classic)",9,true,526.0000,152384.0088,7406496,0,0,152376497375,315125695576,82866958264
80,true,RFCluster,"4. VND NNI->SPR (Classic)",10,true,519.0000,144543.2020,21935678,0,0,144521118022,310109332048,82806363480
80,true,RFCluster,"4. VND NNI->SPR (Classic)",11,true,533.0000,149483.8014,18922887,0,0,149464733322,319063295008,82326253512
80,true,RFCluster,"4. VND NNI->SPR (Classic)",12,true,506.0000,148935.7576,6689413,0,0,148928969547,318471529944,80791525672
80,true,RFCluster,"4. VND NNI->SPR (Classic)",13,true,627.0000,149130.6936,6424963,0,0,149124172209,323510037200,79778832040
80,true,RFCluster,"4. VND NNI->SPR (Classic)",14,true,516.0000,144758.2874,16360004,0,0,144741801713,314099573872,79538532288
80,true,RFCluster,"4. VND NNI->SPR (Classic)",15,true,541.0000,144857.0190,16301723,0,0,144840579673,314080026416,79012754880
80,true,RFCluster,"4. VND NNI->SPR (Classic)",16,true,515.0000,138660.8053,20422659,0,0,138640251880,301316292944,80699802752
80,true,RFCluster,"4. VND NNI->SPR (Classic)",17,true,453.0000,152404.5612,17459985,0,0,152386983211,301822557696,80599179344
80,true,RFCluster,"4. VND NNI->SPR (Classic)",18,true,571.0000,147938.4249,6378390,0,0,147931949454,310092218280,72065786952
80,true,RFCluster,"4. VND NNI->SPR (Classic)",19,true,465.0000,145694.1863,6964164,0,0,145687122639,310002006896,77968263152
80,true,RFCluster,"4. VND NNI->SPR (Classic)",20,true,529.0000,145254.6937,6580705,0,0,145248019677,314349233936,79679234672
80,true,RFCluster,"4. VND NNI->SPR (Classic)",21,true,521.0000,145025.9870,6229727,0,0,145019658329,314278329960,78962376088
80,true,RFCluster,"4. VND NNI->SPR (Classic)",22,true,534.0000,144901.2191,6187446,0,0,144894931966,314375150848,79972375960
80,true,RFCluster,"4. VND NNI->SPR (Classic)",23,true,452.0000,142473.9318,17600450,0,0,142456180197,309687360224,80336387784
80,true,RFCluster,"4. VND NNI->SPR (Classic)",24,true,492.0000,158735.5143,6414367,0,0,158729009706,318625458808,80588076936
80,true,RFCluster,"4. VND NNI->SPR (Classic)",25,true,496.0000,144160.0762,9219372,0,0,144150761495,302458883144,72443564016
80,true,RFCluster,"4. VND NNI->SPR (Classic)",26,true,525.0000,142940.5946,20087169,0,0,142920381582,306060242544,78259721112
80,true,RFCluster,"4. VND NNI->SPR (Classic)",27,true,573.0000,151160.1712,7271628,0,0,151152780820,322538079008,78473832536
80,true,RFCluster,"4. VND NNI->SPR (Classic)",28,true,527.0000,145444.2269,7082168,0,0,145437032648,310552777784,79201867368
80,true,RFCluster,"4. VND NNI->SPR (Classic)",29,true,490.0000,148731.5734,6901184,0,0,148724565687,318678533752,79342863992
80,true,RFCluster,"4. VND NNI->SPR (Classic)",30,true,495.0000,139834.3640,6593338,0,0,139827684375,301543184368,80273133952
80,true,RFCluster,"4. VND NNI->SPR (Classic)",31,true,524.0000,154982.6134,17436079,0,0,154965065092,306180927728,80642482888
80,true,RFCluster,"4. VND NNI->SPR (Classic)",32,true,488.0000,152387.6496,6398578,0,0,152381158817,323078823184,73090060976
80,true,RFCluster,"4. VND NNI->SPR (Classic)",33,true,406.0000,143301.9620,6467148,0,0,143295399580,309474104360,77812655704
80,true,RFCluster,"4. VND NNI->SPR (Classic)",34,true,468.0000,151702.8395,6870506,0,0,151695875329,326958714408,84312143136
80,true,RFCluster,"4. VND NNI->SPR (Classic)",35,true,531.0000,145142.0322,6381185,0,0,145135558792,309467760184,101513546616
80,true,RFCluster,"4. VND NNI->SPR (Classic)",36,true,473.0000,152023.8574,6328164,0,0,152017440708,322676771240,68156404128
80,true,RFCluster,"4. VND NNI->SPR (Classic)",37,true,433.0000,153971.7231,6818607,0,0,153964814579,318793128944,67380918072
80,true,RFCluster,"4. VND NNI->SPR (Classic)",38,true,475.0000,141159.0413,6466137,0,0,141152481141,297262884008,69025045800
80,true,RFCluster,"4. VND NNI->SPR (Classic)",39,true,503.0000,148868.6395,6940368,0,0,148861604413,309549800304,66758043096
80,true,RFCluster,"4. VND NNI->SPR (Classic)",40,true,448.0000,146356.9028,6776226,0,0,146350027820,305956924760,79507597016
80,true,RFCluster,"4. VND NNI->SPR (Classic)",41,true,476.0000,143826.5512,7018477,0,0,143819434602,305897686136,78277465680
80,true,RFCluster,"4. VND NNI->SPR (Classic)",42,true,481.0000,146467.5305,7157802,0,0,146460282030,314627632792,76587523080
80,true,RFCluster,"4. VND NNI->SPR (Classic)",43,true,524.0000,145691.9327,16407112,0,0,145675396789,313943924136,78100944040
80,true,RFCluster,"4. VND NNI->SPR (Classic)",44,true,533.0000,146879.8210,6922876,0,0,146872780945,315013766864,77782366008
80,true,RFCluster,"4. VND NNI->SPR (Classic)",45,true,559.0000,147789.6156,6651479,0,0,147782875408,318612815280,78835581912
80,true,RFCluster,"4. VND NNI->SPR (Classic)",46,true,530.0000,150509.9429,7015182,0,0,150502841423,319254246096,78060251096
80,true,RFCluster,"4. VND NNI->SPR (Classic)",47,true,506.0000,140796.4570,16694810,0,0,140779662428,305190926744,81991575160
80,true,RFCluster,"4. VND NNI->SPR (Classic)",48,true,479.0000,144824.7291,18237733,0,0,144806366581,314788060560,82315912712
80,true,RFCluster,"4. VND NNI->SPR (Classic)",49,true,548.0000,145263.4551,6373401,0,0,145256993036,314435759368,77782326240
80,true,RFCluster,"4. VND NNI->SPR (Classic)",50,true,548.0000,149412.0075,6905843,0,0,149405005988,323285685928,79203827216
80,true,RFCluster,"4. VND NNI->SPR (Classic)",51,true,474.0000,141123.1020,19773955,0,0,141103218501,305891982144,79061087576
80,true,RFCluster,"4. VND NNI->SPR (Classic)",52,true,457.0000,137788.2536,20597221,0,0,137767544676,297571780400,80114065888
80,true,RFCluster,"4. VND NNI->SPR (Classic)",53,true,508.0000,146283.3044,6537183,0,0,146276665970,309922303672,87845850024
80,true,RFCluster,"4. VND NNI->SPR (Classic)",54,true,514.0000,143509.7610,6726973,0,0,143502952153,288820462192,63996979192
80,true,RFCluster,"4. VND NNI->SPR (Classic)",55,true,452.0000,143233.9681,20563326,0,0,143213295389,297325184696,61679937656
80,true,RFCluster,"4. VND NNI->SPR (Classic)",56,true,520.0000,143394.5758,6410160,0,0,143388080228,301354316176,64718664584
80,true,RFCluster,"4. VND NNI->SPR (Classic)",57,true,508.0000,155292.2318,6959404,0,0,155285188923,322432463400,66015495720
80,true,RFCluster,"4. VND NNI->SPR (Classic)",58,true,468.0000,151927.1525,9083755,0,0,151917974313,314236426936,68041250424
80,true,RFCluster,"4. VND NNI->SPR (Classic)",59,true,499.0000,151897.3551,6828125,0,0,151890443766,319129801712,69992118640
80,true,RFCluster,"4. VND NNI->SPR (Classic)",60,true,509.0000,141318.8408,16744614,0,0,141301994490,301737033744,75698881752
80,true,RFCluster,"4. VND NNI->SPR (Classic)",61,true,521.0000,146072.6214,6304750,0,0,146066229400,313907919232,78152895944
80,true,RFCluster,"4. VND NNI->SPR (Classic)",62,true,513.0000,143779.0227,6821713,0,0,143772115602,310307042512,79051695816
80,true,RFCluster,"4. VND NNI->SPR (Classic)",63,true,512.0000,147152.3471,6619769,0,0,147145628498,318173065216,77709082464
80,true,RFCluster,"4. VND NNI->SPR (Classic)",64,true,476.0000,146696.0344,17243391,0,0,146678678345,314361211416,78971141376
80,true,RFCluster,"4. VND NNI->SPR (Classic)",65,true,516.0000,143964.9094,16632820,0,0,143948170850,310057620832,78345371136
80,true,RFCluster,"4. VND NNI->SPR (Classic)",66,true,520.0000,149986.2343,6896916,0,0,149979252336,323352963160,79565398384
80,true,RFCluster,"4. VND NNI->SPR (Classic)",67,true,482.0000,136363.8468,15937268,0,0,136347804295,296711489984,79206977952
80,true,RFCluster,"4. VND NNI->SPR (Classic)",68,true,489.0000,143652.4306,6249625,0,0,143646087969,313394653616,78854786624
80,true,RFCluster,"4. VND NNI->SPR (Classic)",69,true,573.0000,144718.0593,17420959,0,0,144700508702,314164470144,79513052672
80,true,RFCluster,"4. VND NNI->SPR (Classic)",70,true,490.0000,140223.7050,15814634,0,0,140207801251,305871597624,78071818104
80,true,RFCluster,"4. VND NNI->SPR (Classic)",71,true,481.0000,140233.6332,6409168,0,0,140227134556,305555659488,78618250432
80,true,RFCluster,"4. VND NNI->SPR (Classic)",72,true,493.0000,142058.5730,16797223,0,0,142041653682,310056811384,77507234304
80,true,RFCluster,"4. VND NNI->SPR (Classic)",73,true,450.0000,148352.2018,16138811,0,0,148335967962,322728097368,83503270768
80,true,RFCluster,"4. VND NNI->SPR (Classic)",74,true,569.0000,144770.0246,6572939,0,0,144763365771,314634429272,90135529616
80,true,RFCluster,"4. VND NNI->SPR (Classic)",75,true,482.0000,147865.3754,17176454,0,0,147848089761,310180257688,67800206904
80,true,RFCluster,"4. VND NNI->SPR (Classic)",76,true,486.0000,144794.0478,17268729,0,0,144776673313,305866104440,67527914880
80,true,RFCluster,"4. VND NNI->SPR (Classic)",77,true,537.0000,153338.9510,6602254,0,0,153332259845,319823629064,69621499248
80,true,RFCluster,"4. VND NNI->SPR (Classic)",78,true,559.0000,147123.9310,6577006,0,0,147117266241,314234872464,75691258184
80,true,RFCluster,"4. VND NNI->SPR (Classic)",79,true,494.0000,138094.7747,16143967,0,0,138078534504,297622309160,78347808512
80,true,RFCluster,"4. VND NNI->SPR (Classic)",80,true,528.0000,140019.0120,15965817,0,0,140002946002,301294547760,77152104528
80,true,RFCluster,"4. VND NNI->SPR (Classic)",81,true,455.0000,148517.5956,6929776,0,0,148510577355,318426466032,78763214336
80,true,RFCluster,"4. VND NNI->SPR (Classic)",82,true,452.0000,149992.3382,6781254,0,0,149985474131,318685644736,78816901032
80,true,RFCluster,"4. VND NNI->SPR (Classic)",83,true,429.0000,144685.2930,6787636,0,0,144678411354,305876077712,82703651456
80,true,RFCluster,"4. VND NNI->SPR (Classic)",84,true,553.0000,138761.1176,7333395,0,0,138753691510,301778989944,83167983008
80,true,RFCluster,"4. VND NNI->SPR (Classic)",85,true,566.0000,146805.1683,6731870,0,0,146798348290,306153097456,80370016768
80,true,RFCluster,"4. VND NNI->SPR (Classic)",86,true,516.0000,158835.0820,6352930,0,0,158828626289,322365406544,55073261056
80,true,RFCluster,"4. VND NNI->SPR (Classic)",87,true,567.0000,155157.4481,6424487,0,0,155150926311,318728754904,51529072128
80,true,RFCluster,"4. VND NNI->SPR (Classic)",88,true,535.0000,161853.5772,8490966,0,0,161844992223,327299475792,55852932960
80,true,RFCluster,"4. VND NNI->SPR (Classic)",89,true,491.0000,141156.7487,6670024,0,0,141149986855,297722509024,75515043216
80,true,RFCluster,"4. VND NNI->SPR (Classic)",90,true,466.0000,143429.7340,16345463,0,0,143413286709,309620074064,79915272704
80,true,RFCluster,"4. VND NNI->SPR (Classic)",91,true,552.0000,160086.6799,6348012,0,0,160080243647,327048142920,80174604160
80,true,RFCluster,"4. VND NNI->SPR (Classic)",92,true,508.0000,141043.6180,6681376,0,0,141036848570,305756733096,74256605928
80,true,RFCluster,"4. VND NNI->SPR (Classic)",93,true,499.0000,142650.5069,6754635,0,0,142643660389,301429872496,80878325664
80,true,RFCluster,"4. VND NNI->SPR (Classic)",94,true,465.0000,151212.4222,6798789,0,0,151205535978,305992009672,82853026304
80,true,RFCluster,"4. VND NNI->SPR (Classic)",95,true,538.0000,150767.4785,6792046,0,0,150760595803,319224215912,71340415488
80,true,RFCluster,"4. VND NNI->SPR (Classic)",96,true,490.0000,148581.5975,6479563,0,0,148575028461,318294370736,80171851648
80,true,RFCluster,"4. VND NNI->SPR (Classic)",97,true,504.0000,148120.0047,6251248,0,0,148113666439,318517162720,80745852096
80,true,RFCluster,"4. VND NNI->SPR (Classic)",98,true,454.0000,141559.2200,6651529,0,0,141552472601,305329548184,82901114608
80,true,RFCluster,"4. VND NNI->SPR (Classic)",99,true,460.0000,138480.6632,21534573,0,0,138459004259,301783947520,82621939200
80,true,RFCluster,"4. VND NNI->SPR (Classic)",100,true,467.0000,157861.2320,6884883,0,0,157854254227,323113759064,82261096112
80,true,RFCluster,"5. VND NNI->ECR->SPR (Inc)",1,true,528.0000,386.3529,171316,1629859,7990656,375919843,462312352,494007408
80,true,RFCluster,"5. VND NNI->ECR->SPR (Inc)",2,true,553.0000,360.3753,56638,638895,4126407,355437943,470671880,963769456
80,true,RFCluster,"5. VND NNI->ECR->SPR (Inc)",3,true,490.0000,373.0560,116230,797726,16107882,355888179,503524648,1467085936
80,true,RFCluster,"5. VND NNI->ECR->SPR (Inc)",4,true,461.0000,348.8855,113125,1198910,11859623,335574118,475207264,1936847984
80,true,RFCluster,"5. VND NNI->ECR->SPR (Inc)",5,true,502.0000,347.2203,234417,1199250,3602150,342082685,447098064,2406610032
80,true,RFCluster,"5. VND NNI->ECR->SPR (Inc)",6,true,470.0000,347.1887,222853,1018206,3913702,341934443,450638976,2842817648
80,true,RFCluster,"5. VND NNI->ECR->SPR (Inc)",7,true,560.0000,361.0228,111512,951489,4052506,355812315,462667424,3312579696
80,true,RFCluster,"5. VND NNI->ECR->SPR (Inc)",8,true,463.0000,343.2263,198718,1229628,15819203,325867288,500009672,3815896176
80,true,RFCluster,"5. VND NNI->ECR->SPR (Inc)",9,true,546.0000,379.1477,108727,907736,3811117,374206675,479013928,4285658224
80,true,RFCluster,"5. VND NNI->ECR->SPR (Inc)",10,true,519.0000,349.3891,202656,314818,3965200,344815602,454669592,4755420272
80,true,RFCluster,"5. VND NNI->ECR->SPR (Inc)",11,true,822.0000,618.1945,292215,1286467,95094059,521400011,900835512,5661389936
80,true,RFCluster,"5. VND NNI->ECR->SPR (Inc)",12,true,546.0000,359.9295,51478,460716,4201641,355123585,467055640,6131151984
80,true,RFCluster,"5. VND NNI->ECR->SPR (Inc)",13,true,546.0000,368.6474,113526,770094,18662340,348997255,522668120,6634468464
80,true,RFCluster,"5. VND NNI->ECR->SPR (Inc)",14,true,505.0000,344.0477,161136,375514,4346666,339069515,456774880,7104230512
80,true,RFCluster,"5. VND NNI->ECR->SPR (Inc)",15,true,530.0000,354.6397,158021,325419,4238661,349822514,468363248,7573992560
80,true,RFCluster,"5. VND NNI->ECR->SPR (Inc)",16,true,536.0000,358.4980,204739,308566,3738038,354145826,459406624,8010200176
80,true,RFCluster,"5. VND NNI->ECR->SPR (Inc)",17,true,474.0000,328.8954,158431,314117,4004666,324317631,437607624,8446407792
80,true,RFCluster,"5. VND NNI->ECR->SPR (Inc)",18,true,505.0000,351.5775,51709,313676,3903744,347223211,453191224,8916169840
80,true,RFCluster,"5. VND NNI->ECR->SPR (Inc)",19,true,508.0000,344.4459,109268,635790,11650645,331955727,475262208,9385931888
80,true,RFCluster,"5. VND NNI->ECR->SPR (Inc)",20,true,554.0000,365.7009,54584,302244,3902191,361368761,465422552,9855693936
80,true,RFCluster,"5. VND NNI->ECR->SPR (Inc)",21,true,505.0000,371.3868,50586,298558,3724834,367240888,470850928,10425317904
80,true,RFCluster,"5. VND NNI->ECR->SPR (Inc)",22,true,523.0000,345.8180,51959,312695,3933059,341451565,453361992,593869328
80,true,RFCluster,"5. VND NNI->ECR->SPR (Inc)",23,true,487.0000,339.6736,243884,1182379,11457167,326709339,484274608,1063631376
80,true,RFCluster,"5. VND NNI->ECR->SPR (Inc)",24,true,493.0000,357.7548,100552,574592,14781440,342238802,502436072,1566947856
80,true,RFCluster,"5. VND NNI->ECR->SPR (Inc)",25,true,487.0000,345.0201,104499,905271,4067114,339873795,438684752,2003155472
80,true,RFCluster,"5. VND NNI->ECR->SPR (Inc)",26,true,504.0000,342.1603,250596,583530,22391602,318841387,519006512,2506471952
80,true,RFCluster,"5. VND NNI->ECR->SPR (Inc)",27,true,512.0000,337.2582,46619,293759,3869579,332988130,454225024,2976234000
80,true,RFCluster,"5. VND NNI->ECR->SPR (Inc)",28,true,489.0000,352.9184,102895,619438,13063112,339047753,494653504,3479550480
80,true,RFCluster,"5. VND NNI->ECR->SPR (Inc)",29,true,490.0000,338.6948,102204,619568,12765557,325115699,483194848,3949312528
80,true,RFCluster,"5. VND NNI->ECR->SPR (Inc)",30,true,502.0000,345.9462,46839,298638,3820927,341714785,460115176,4419074576
80,true,RFCluster,"5. VND NNI->ECR->SPR (Inc)",31,true,489.0000,344.0158,162679,297064,4133100,339343245,455732624,4855282192
80,true,RFCluster,"5. VND NNI->ECR->SPR (Inc)",32,true,501.0000,361.1928,105531,630579,23849805,336521119,552961128,5425707536
80,true,RFCluster,"5. VND NNI->ECR->SPR (Inc)",33,true,428.0000,319.9393,158420,1496326,11974502,306229955,472540544,5895469584
80,true,RFCluster,"5. VND NNI->ECR->SPR (Inc)",34,true,503.0000,360.9182,47390,300351,3839632,356664345,472153328,6365231632
80,true,RFCluster,"5. VND NNI->ECR->SPR (Inc)",35,true,513.0000,343.4781,47791,281285,3864118,339222506,460401152,6834993680
80,true,RFCluster,"5. VND NNI->ECR->SPR (Inc)",36,true,496.0000,342.8956,94349,884673,3779708,338041481,461514872,7304755728
80,true,RFCluster,"5. VND NNI->ECR->SPR (Inc)",37,true,471.0000,344.1453,110961,1205622,3884738,338860748,451868096,7740963344
80,true,RFCluster,"5. VND NNI->ECR->SPR (Inc)",38,true,496.0000,333.5308,47801,293057,3945043,329176672,442978848,8177170960
80,true,RFCluster,"5. VND NNI->ECR->SPR (Inc)",39,true,540.0000,353.1685,155966,1211324,11623453,340084766,496800600,8680487440
80,true,RFCluster,"5. VND NNI->ECR->SPR (Inc)",40,true,482.0000,351.7318,148332,1178832,11440997,338874684,490235872,9183803920
80,true,RFCluster,"5. VND NNI->ECR->SPR (Inc)",41,true,488.0000,336.8162,47841,294951,3655241,332738165,435465712,9620011536
80,true,RFCluster,"5. VND NNI->ECR->SPR (Inc)",42,true,482.0000,344.7124,48953,301383,3788565,340507019,452884784,10056219152
80,true,RFCluster,"5. VND NNI->ECR->SPR (Inc)",43,true,507.0000,336.3761,173039,299019,3784978,332031101,441323368,10324654608
80,true,RFCluster,"5. VND NNI->ECR->SPR (Inc)",44,true,488.0000,358.0901,157629,1196576,14653987,341979358,500117696,722416776
80,true,RFCluster,"5. VND NNI->ECR->SPR (Inc)",45,true,565.0000,354.7320,108307,591485,11533653,342413695,494530688,860912272
80,true,RFCluster,"5. VND NNI->ECR->SPR (Inc)",46,true,584.0000,370.4977,105961,585443,11007262,358722739,489663904,907583416
80,true,RFCluster,"5. VND NNI->ECR->SPR (Inc)",47,true,517.0000,342.6687,152671,290974,3783455,338380014,467516320,1343791032
80,true,RFCluster,"5. VND NNI->ECR->SPR (Inc)",48,true,472.0000,343.3214,254975,1210763,12190392,329587734,489552056,1847107512
80,true,RFCluster,"5. VND NNI->ECR->SPR (Inc)",49,true,549.0000,348.7720,98917,896485,3823190,343864924,455235752,2316869560
80,true,RFCluster,"5. VND NNI->ECR->SPR (Inc)",50,true,482.0000,353.7426,154945,1104650,19464355,332938035,521714584,2820186040
80,true,RFCluster,"5. VND NNI->ECR->SPR (Inc)",51,true,499.0000,335.0028,204449,266256,4110928,330352177,444070440,3256393656
80,true,RFCluster,"5. VND NNI->ECR->SPR (Inc)",52,true,418.0000,312.8285,192185,272258,4102281,308194961,420258256,3692601272
80,true,RFCluster,"5. VND NNI->ECR->SPR (Inc)",53,true,513.0000,354.3340,97574,529006,15433359,338197216,502161184,4195917752
80,true,RFCluster,"5. VND NNI->ECR->SPR (Inc)",54,true,535.0000,340.4711,49444,262179,3959720,336125787,455741984,4665679800
80,true,RFCluster,"5. VND NNI->ECR->SPR (Inc)",55,true,438.0000,317.2575,189170,270263,3810616,312912864,417491624,5068332984
80,true,RFCluster,"5. VND NNI->ECR->SPR (Inc)",56,true,486.0000,328.6386,50907,280473,4187043,324033501,444713568,5504540600
80,true,RFCluster,"5. VND NNI->ECR->SPR (Inc)",57,true,506.0000,355.7291,99649,789262,3732999,351023538,473820840,5974302648
80,true,RFCluster,"5. VND NNI->ECR->SPR (Inc)",58,true,486.0000,360.8433,48282,270405,4151696,356308989,465954432,6444064696
80,true,RFCluster,"5. VND NNI->ECR->SPR (Inc)",59,true,486.0000,362.0749,156708,1273372,14741965,345817357,501011504,6947381176
80,true,RFCluster,"5. VND NNI->ECR->SPR (Inc)",60,true,547.0000,364.7457,149875,264012,4141275,360120227,460077696,7417143224
80,true,RFCluster,"5. VND NNI->ECR->SPR (Inc)",61,true,522.0000,357.2466,100351,790443,4013051,352258787,467828688,7886905272
80,true,RFCluster,"5. VND NNI->ECR->SPR (Inc)",62,true,485.0000,349.9417,49014,271206,4034353,345499482,448355976,8323112888
80,true,RFCluster,"5. VND NNI->ECR->SPR (Inc)",63,true,502.0000,345.6781,49895,263421,4013953,341282784,460627088,8792874936
80,true,RFCluster,"5. VND NNI->ECR->SPR (Inc)",64,true,462.0000,338.8171,156538,259864,3891540,334442746,448527144,9229082552
80,true,RFCluster,"5. VND NNI->ECR->SPR (Inc)",65,true,516.0000,349.8566,151278,266667,3954791,345412237,461485664,9698844600
80,true,RFCluster,"5. VND NNI->ECR->SPR (Inc)",66,true,507.0000,364.2719,52280,251619,3791831,360103845,464135792,10168606648
80,true,RFCluster,"5. VND NNI->ECR->SPR (Inc)",67,true,478.0000,350.6817,209217,514368,21728261,328144368,536779472,10302824376
80,true,RFCluster,"5. VND NNI->ECR->SPR (Inc)",68,true,476.0000,334.6066,104830,871447,4163247,329378536,458469384,902440128
80,true,RFCluster,"5. VND NNI->ECR->SPR (Inc)",69,true,566.0000,347.9400,204057,815741,3884006,342963741,449735056,1338647744
80,true,RFCluster,"5. VND NNI->ECR->SPR (Inc)",70,true,500.0000,326.8960,203847,515821,11785753,314314068,467670368,1808409792
80,true,RFCluster,"5. VND NNI->ECR->SPR (Inc)",71,true,469.0000,344.1942,102094,525420,16064800,327417416,493808184,2311726272
80,true,RFCluster,"5. VND NNI->ECR->SPR (Inc)",72,true,421.0000,313.2574,203718,1284953,3734241,307953813,422346000,2714379456
80,true,RFCluster,"5. VND NNI->ECR->SPR (Inc)",73,true,443.0000,333.0354,197335,800792,4054901,327912098,452454520,3184141504
80,true,RFCluster,"5. VND NNI->ECR->SPR (Inc)",74,true,509.0000,349.6326,101624,788379,3848599,344827525,447711024,3620349120
80,true,RFCluster,"5. VND NNI->ECR->SPR (Inc)",75,true,479.0000,364.4898,250687,1003268,10929865,352228069,491812512,4123665600
80,true,RFCluster,"5. VND NNI->ECR->SPR (Inc)",76,true,493.0000,356.6456,262719,1037023,15048548,340216777,495735704,4593427648
80,true,RFCluster,"5. VND NNI->ECR->SPR (Inc)",77,true,569.0000,344.3620,50616,258782,3706929,340276380,440607840,5063189696
80,true,RFCluster,"5. VND NNI->ECR->SPR (Inc)",78,true,513.0000,345.4912,106051,502716,10513763,334295546,476856144,5532951744
80,true,RFCluster,"5. VND NNI->ECR->SPR (Inc)",79,true,478.0000,343.5380,144335,256888,3780349,339287039,454628832,5969159360
80,true,RFCluster,"5. VND NNI->ECR->SPR (Inc)",80,true,495.0000,317.2807,144746,265214,3908863,312899488,425487792,6405366976
80,true,RFCluster,"5. VND NNI->ECR->SPR (Inc)",81,true,481.0000,366.6029,104529,786646,3775630,361867089,472558120,6875129024
80,true,RFCluster,"5. VND NNI->ECR->SPR (Inc)",82,true,449.0000,354.0994,107384,518326,11276234,342120667,499840752,7378445504
80,true,RFCluster,"5. VND NNI->ECR->SPR (Inc)",83,true,440.0000,348.8615,165025,1303899,14185678,333121594,500645312,7881761984
80,true,RFCluster,"5. VND NNI->ECR->SPR (Inc)",84,true,550.0000,355.0719,161197,1354606,19126132,334344440,519867184,8385078464
80,true,RFCluster,"5. VND NNI->ECR->SPR (Inc)",85,true,505.0000,375.9413,99260,529407,11564803,363666802,506384456,8921949376
80,true,RFCluster,"5. VND NNI->ECR->SPR (Inc)",86,true,552.0000,359.2767,49734,261056,3831897,355057569,472045376,9391711424
80,true,RFCluster,"5. VND NNI->ECR->SPR (Inc)",87,true,560.0000,341.2165,48843,271196,3850082,336980973,449441592,9827919040
80,true,RFCluster,"5. VND NNI->ECR->SPR (Inc)",88,true,505.0000,355.9617,101303,818517,3841836,351118017,467678320,10297681088
80,true,RFCluster,"5. VND NNI->ECR->SPR (Inc)",89,true,505.0000,366.3360,49224,253562,3843378,362119409,470635592,499770064
80,true,RFCluster,"5. VND NNI->ECR->SPR (Inc)",90,true,494.0000,343.9638,208706,512224,14611086,328552816,505573264,1003086544
80,true,RFCluster,"5. VND NNI->ECR->SPR (Inc)",91,true,550.0000,360.1298,106342,797296,3604134,355541339,473009056,1472848592
80,true,RFCluster,"5. VND NNI->ECR->SPR (Inc)",92,true,511.0000,354.9521,106473,526651,11842430,342397334,502822872,1976165072
80,true,RFCluster,"5. VND NNI->ECR->SPR (Inc)",93,true,520.0000,359.1356,155244,1061820,11807924,346028018,502964728,2479481552
80,true,RFCluster,"5. VND NNI->ECR->SPR (Inc)",94,true,452.0000,335.9776,96754,1060937,3640834,331108366,444223872,2915689168
80,true,RFCluster,"5. VND NNI->ECR->SPR (Inc)",95,true,536.0000,353.3036,46228,258522,3452996,349495903,452304840,3385451216
80,true,RFCluster,"5. VND NNI->ECR->SPR (Inc)",96,true,512.0000,367.8506,104158,535479,12559904,354577797,509729296,3888767696
80,true,RFCluster,"5. VND NNI->ECR->SPR (Inc)",97,true,490.0000,353.8886,47260,264523,4003474,349490262,458673904,4358529744
80,true,RFCluster,"5. VND NNI->ECR->SPR (Inc)",98,true,454.0000,338.9384,48582,272528,3926617,334619894,443087456,4794737360
80,true,RFCluster,"5. VND NNI->ECR->SPR (Inc)",99,true,481.0000,329.3969,199659,268100,4025044,324831689,425533624,5230944976
80,true,RFCluster,"5. VND NNI->ECR->SPR (Inc)",100,true,473.0000,355.2477,51158,259343,3884748,350980096,454364936,5667152592
80,true,RFCluster,"6. VND NNI->SPR (Inc)",1,true,528.0000,346.4312,64162,0,0,346276201,439789432,461566000
80,true,RFCluster,"6. VND NNI->SPR (Inc)",2,true,553.0000,352.5953,50556,0,0,352503372,450921352,897773616
80,true,RFCluster,"6. VND NNI->SPR (Inc)",3,true,486.0000,357.4617,47110,0,0,357368865,449511576,1333981232
80,true,RFCluster,"6. VND NNI->SPR (Inc)",4,true,464.0000,326.2480,48613,0,0,326145057,421029024,1770188848
80,true,RFCluster,"6. VND NNI->SPR (Inc)",5,true,502.0000,341.8277,151047,0,0,341625987,431849184,2206396464
80,true,RFCluster,"6. VND NNI->SPR (Inc)",6,true,470.0000,340.9012,142141,0,0,340710776,433478560,2642604080
80,true,RFCluster,"6. VND NNI->SPR (Inc)",7,true,560.0000,355.9138,47491,0,0,355791435,445022688,3078811696
80,true,RFCluster,"6. VND NNI->SPR (Inc)",8,true,465.0000,329.9411,48062,0,0,329816599,427821832,3515019312
80,true,RFCluster,"6. VND NNI->SPR (Inc)",9,true,546.0000,374.4046,47921,0,0,374303860,462326608,3984781360
80,true,RFCluster,"6. VND NNI->SPR (Inc)",10,true,519.0000,340.4280,189370,0,0,340178604,434002072,4420988976
80,true,RFCluster,"6. VND NNI->SPR (Inc)",11,true,528.0000,354.4183,149284,0,0,354213464,439168376,4857196592
80,true,RFCluster,"6. VND NNI->SPR (Inc)",12,true,546.0000,350.7030,51898,0,0,350600934,444663352,5293404208
80,true,RFCluster,"6. VND NNI->SPR (Inc)",13,true,550.0000,358.8667,48913,0,0,358768126,444028536,5729611824
80,true,RFCluster,"6. VND NNI->SPR (Inc)",14,true,505.0000,335.1978,156829,0,0,334984787,433906656,6165819440
80,true,RFCluster,"6. VND NNI->SPR (Inc)",15,true,530.0000,346.6428,154875,0,0,346431305,446111464,6602027056
80,true,RFCluster,"6. VND NNI->SPR (Inc)",16,true,536.0000,349.5717,191034,0,0,349325850,439535064,7038234672
80,true,RFCluster,"6. VND NNI->SPR (Inc)",17,true,474.0000,320.6413,159623,0,0,320429027,416196912,7474442288
80,true,RFCluster,"6. VND NNI->SPR (Inc)",18,true,505.0000,343.5569,47650,0,0,343456077,432646184,7910649904
80,true,RFCluster,"6. VND NNI->SPR (Inc)",19,true,511.0000,334.7178,47049,0,0,334607730,420655216,8313303088
80,true,RFCluster,"6. VND NNI->SPR (Inc)",20,true,554.0000,359.1731,48011,0,0,359067565,444468912,8783065136
80,true,RFCluster,"6. VND NNI->SPR (Inc)",21,true,505.0000,360.2806,46779,0,0,360179981,450850056,9219272752
80,true,RFCluster,"6. VND NNI->SPR (Inc)",22,true,523.0000,341.5703,46689,0,0,341471503,433014384,9655480368
80,true,RFCluster,"6. VND NNI->SPR (Inc)",23,true,488.0000,335.2259,140718,0,0,335032147,433606008,10091687984
80,true,RFCluster,"6. VND NNI->SPR (Inc)",24,true,501.0000,381.2825,46739,0,0,381175638,437949744,10326904856
80,true,RFCluster,"6. VND NNI->SPR (Inc)",25,true,489.0000,346.2491,53953,0,0,346133328,425822248,663228440
80,true,RFCluster,"6. VND NNI->SPR (Inc)",26,true,509.0000,327.2258,183639,0,0,326984012,416050768,1065881624
80,true,RFCluster,"6. VND NNI->SPR (Inc)",27,true,512.0000,331.9040,49024,0,0,331805792,433395376,1502089240
80,true,RFCluster,"6. VND NNI->SPR (Inc)",28,true,493.0000,351.1525,49805,0,0,351042234,437621336,1938296856
80,true,RFCluster,"6. VND NNI->SPR (Inc)",29,true,486.0000,329.1900,48412,0,0,329084346,421091640,2340950040
80,true,RFCluster,"6. VND NNI->SPR (Inc)",30,true,502.0000,341.4699,49083,0,0,341371041,439323824,2810712088
80,true,RFCluster,"6. VND NNI->SPR (Inc)",31,true,489.0000,338.2435,147421,0,0,338028936,433492936,3213365272
80,true,RFCluster,"6. VND NNI->SPR (Inc)",32,true,500.0000,346.5828,49164,0,0,346474787,439589024,3683127320
80,true,RFCluster,"6. VND NNI->SPR (Inc)",33,true,422.0000,319.0046,48462,0,0,318902293,422412488,4085780504
80,true,RFCluster,"6. VND NNI->SPR (Inc)",34,true,503.0000,356.3091,48242,0,0,356203389,451008952,4555542552
80,true,RFCluster,"6. VND NNI->SPR (Inc)",35,true,513.0000,339.1335,50887,0,0,339028477,439315704,4991750168
80,true,RFCluster,"6. VND NNI->SPR (Inc)",36,true,496.0000,342.1910,46839,0,0,342088145,444677376,5427957784
80,true,RFCluster,"6. VND NNI->SPR (Inc)",37,true,471.0000,348.9039,47951,0,0,348800761,439540032,5864165400
80,true,RFCluster,"6. VND NNI->SPR (Inc)",38,true,496.0000,329.8828,49294,0,0,329782484,421611088,6300373016
80,true,RFCluster,"6. VND NNI->SPR (Inc)",39,true,536.0000,349.8558,48653,0,0,349753002,445411608,6736580632
80,true,RFCluster,"6. VND NNI->SPR (Inc)",40,true,486.0000,348.9928,48583,0,0,348892084,438962328,7172788248
80,true,RFCluster,"6. VND NNI->SPR (Inc)",41,true,488.0000,333.1656,49263,0,0,333062842,415397784,7575441432
80,true,RFCluster,"6. VND NNI->SPR (Inc)",42,true,482.0000,342.5371,50486,0,0,342432220,432300720,8011649048
80,true,RFCluster,"6. VND NNI->SPR (Inc)",43,true,507.0000,331.8187,149895,0,0,331595081,421227152,8447856664
80,true,RFCluster,"6. VND NNI->SPR (Inc)",44,true,473.0000,358.6968,68660,0,0,358554108,430864640,8884064280
80,true,RFCluster,"6. VND NNI->SPR (Inc)",45,true,567.0000,347.6880,49374,0,0,347585309,438620296,9320271896
80,true,RFCluster,"6. VND NNI->SPR (Inc)",46,true,574.0000,368.7507,48823,0,0,368650409,442594528,9756479512
80,true,RFCluster,"6. VND NNI->SPR (Inc)",47,true,517.0000,341.2561,195191,0,0,341004715,446603648,10192687128
80,true,RFCluster,"6. VND NNI->SPR (Inc)",48,true,474.0000,339.7383,137452,0,0,339535291,433911752,10628894744
80,true,RFCluster,"6. VND NNI->SPR (Inc)",49,true,549.0000,349.4191,47771,0,0,349304669,438146544,11065102360
80,true,RFCluster,"6. VND NNI->SPR (Inc)",50,true,487.0000,350.0856,47971,0,0,349984461,433125880,11501309976
80,true,RFCluster,"6. VND NNI->SPR (Inc)",51,true,499.0000,332.0862,183479,0,0,331843945,421960424,11937517592
80,true,RFCluster,"6. VND NNI->SPR (Inc)",52,true,418.0000,309.0559,187727,0,0,308808037,397982216,12340170776
80,true,RFCluster,"6. VND NNI->SPR (Inc)",53,true,517.0000,344.1413,48212,0,0,344040829,425994160,12742823960
80,true,RFCluster,"6. VND NNI->SPR (Inc)",54,true,535.0000,337.1863,48402,0,0,337084530,433955456,13179031576
80,true,RFCluster,"6. VND NNI->SPR (Inc)",55,true,438.0000,314.6467,184240,0,0,314408067,396697136,13581684760
80,true,RFCluster,"6. VND NNI->SPR (Inc)",56,true,486.0000,324.3596,48141,0,0,324260313,422041808,14017892376
80,true,RFCluster,"6. VND NNI->SPR (Inc)",57,true,506.0000,357.7806,45286,0,0,357674366,457090040,14454099992
80,true,RFCluster,"6. VND NNI->SPR (Inc)",58,true,486.0000,358.4365,48632,0,0,358336575,443531976,14890307608
80,true,RFCluster,"6. VND NNI->SPR (Inc)",59,true,492.0000,369.0732,47540,0,0,368974976,449236936,15360069656
80,true,RFCluster,"6. VND NNI->SPR (Inc)",60,true,547.0000,362.1035,138873,0,0,361908338,437785368,15796277272
80,true,RFCluster,"6. VND NNI->SPR (Inc)",61,true,523.0000,360.6147,45096,0,0,360507814,450028904,15829831704
80,true,RFCluster,"6. VND NNI->SPR (Inc)",62,true,485.0000,348.6470,49645,0,0,348532200,426545304,830979000
80,true,RFCluster,"6. VND NNI->SPR (Inc)",63,true,502.0000,342.1659,46709,0,0,342063268,438953152,495395712
80,true,RFCluster,"6. VND NNI->SPR (Inc)",64,true,462.0000,335.1858,142200,0,0,334985789,427201112,931603328
80,true,RFCluster,"6. VND NNI->SPR (Inc)",65,true,516.0000,345.0805,135958,0,0,344890775,439869344,1367810944
80,true,RFCluster,"6. VND NNI->SPR (Inc)",66,true,507.0000,360.7900,49013,0,0,360679370,443731848,1804018560
80,true,RFCluster,"6. VND NNI->SPR (Inc)",67,true,475.0000,334.4271,135628,0,0,334232447,433800976,2240226176
80,true,RFCluster,"6. VND NNI->SPR (Inc)",68,true,476.0000,333.1845,51819,0,0,333082339,439805080,2676433792
80,true,RFCluster,"6. VND NNI->SPR (Inc)",69,true,566.0000,348.7748,143413,0,0,348572687,432662464,3112641408
80,true,RFCluster,"6. VND NNI->SPR (Inc)",70,true,489.0000,319.1401,135628,0,0,318946077,410643112,3515294592
80,true,RFCluster,"6. VND NNI->SPR (Inc)",71,true,469.0000,332.5516,46759,0,0,332454415,421431520,3951502208
80,true,RFCluster,"6. VND NNI->SPR (Inc)",72,true,429.0000,318.9224,141920,0,0,318728613,410031592,4354155392
80,true,RFCluster,"6. VND NNI->SPR (Inc)",73,true,443.0000,332.6596,152770,0,0,332455707,433876584,4790363008
80,true,RFCluster,"6. VND NNI->SPR (Inc)",74,true,509.0000,350.9414,46638,0,0,350843585,430895648,5226570624
80,true,RFCluster,"6. VND NNI->SPR (Inc)",75,true,480.0000,362.9778,136320,0,0,362788251,442690712,5662778240
80,true,RFCluster,"6. VND NNI->SPR (Inc)",76,true,502.0000,350.0096,143142,0,0,349809028,433141008,6098985856
80,true,RFCluster,"6. VND NNI->SPR (Inc)",77,true,569.0000,341.1744,48022,0,0,341069398,420668648,6535193472
80,true,RFCluster,"6. VND NNI->SPR (Inc)",78,true,515.0000,338.7384,47390,0,0,338630561,426470920,6937846656
80,true,RFCluster,"6. VND NNI->SPR (Inc)",79,true,478.0000,340.0773,141810,0,0,339869115,433811456,7374054272
80,true,RFCluster,"6. VND NNI->SPR (Inc)",80,true,495.0000,315.0234,139075,0,0,314826293,403984208,7776707456
80,true,RFCluster,"6. VND NNI->SPR (Inc)",81,true,481.0000,366.7548,46428,0,0,366652709,455555648,8246469504
80,true,RFCluster,"6. VND NNI->SPR (Inc)",82,true,449.0000,346.8427,47460,0,0,346743959,444535704,8682677120
80,true,RFCluster,"6. VND NNI->SPR (Inc)",83,true,435.0000,340.0035,44555,0,0,339909833,439237488,9118884736
80,true,RFCluster,"6. VND NNI->SPR (Inc)",84,true,557.0000,355.2910,45827,0,0,355190041,438890304,9555092352
80,true,RFCluster,"6. VND NNI->SPR (Inc)",85,true,511.0000,369.9933,48502,0,0,369828650,451063320,10024854400
80,true,RFCluster,"6. VND NNI->SPR (Inc)",86,true,552.0000,355.5857,48773,0,0,355445426,451094552,10293296984
80,true,RFCluster,"6. VND NNI->SPR (Inc)",87,true,560.0000,337.0572,54744,0,0,336929966,427967584,629620568
80,true,RFCluster,"6. VND NNI->SPR (Inc)",88,true,502.0000,355.0368,45246,0,0,354935778,450632952,1065828184
80,true,RFCluster,"6. VND NNI->SPR (Inc)",89,true,505.0000,362.6216,46308,0,0,362517576,449936520,1535590232
80,true,RFCluster,"6. VND NNI->SPR (Inc)",90,true,480.0000,320.6429,143613,0,0,320441350,422159440,1938243416
80,true,RFCluster,"6. VND NNI->SPR (Inc)",91,true,550.0000,359.9184,46549,0,0,359816680,456949304,2408005464
80,true,RFCluster,"6. VND NNI->SPR (Inc)",92,true,514.0000,348.2827,48593,0,0,348178257,445474320,2844213080
80,true,RFCluster,"6. VND NNI->SPR (Inc)",93,true,522.0000,348.9251,47561,0,0,348821090,444219064,3280420696
80,true,RFCluster,"6. VND NNI->SPR (Inc)",94,true,452.0000,337.5495,46398,0,0,337445606,433070328,3716628312
80,true,RFCluster,"6. VND NNI->SPR (Inc)",95,true,536.0000,346.3010,47450,0,0,346193563,433162728,4152835928
80,true,RFCluster,"6. VND NNI->SPR (Inc)",96,true,497.0000,349.3172,48242,0,0,349217312,445408264,4622597976
80,true,RFCluster,"6. VND NNI->SPR (Inc)",97,true,490.0000,346.7036,46058,0,0,346606017,437698312,5058805592
80,true,RFCluster,"6. VND NNI->SPR (Inc)",98,true,454.0000,332.3112,45065,0,0,332211843,422011720,5461458776
80,true,RFCluster,"6. VND NNI->SPR (Inc)",99,true,481.0000,323.0929,183959,0,0,322852195,403568680,5864111960
80,true,RFCluster,"6. VND NNI->SPR (Inc)",100,true,473.0000,347.8185,47390,0,0,347713303,432960024,6300319576
80,true,MC,"1. NNI (Classic)",1,false,Infinity,642.4727,0,0,0,0,393977592,394575584
80,true,MC,"1. NNI (Classic)",2,false,Infinity,897.2126,0,0,0,0,612456760,998555360
80,true,MC,"1. NNI (Classic)",3,false,Infinity,865.4637,0,0,0,0,581304424,1602535136
80,true,MC,"1. NNI (Classic)",4,false,Infinity,1134.9087,0,0,0,0,751751752,2340732640
80,true,MC,"1. NNI (Classic)",5,false,Infinity,842.0026,0,0,0,0,545512520,2877603552
80,true,MC,"1. NNI (Classic)",6,false,Infinity,589.5230,0,0,0,0,392000288,3280256736
80,true,MC,"1. NNI (Classic)",7,false,Infinity,722.9102,0,0,0,0,481075392,3783573216
80,true,MC,"1. NNI (Classic)",8,false,Infinity,695.4650,0,0,0,0,443942392,4219780832
80,true,MC,"1. NNI (Classic)",9,false,Infinity,986.8762,0,0,0,0,645909056,4857315040
80,true,MC,"1. NNI (Classic)",10,false,Infinity,650.9282,0,0,0,0,425063392,5293522656
80,true,MC,"1. NNI (Classic)",11,false,Infinity,509.6435,0,0,0,0,341256928,5629066976
80,true,MC,"1. NNI (Classic)",12,false,Infinity,513.3487,0,0,0,0,339556704,5964611296
80,true,MC,"1. NNI (Classic)",13,false,Infinity,919.9820,0,0,0,0,613842488,6568591072
80,true,MC,"1. NNI (Classic)",14,false,Infinity,475.7282,0,0,0,0,322896008,6904135392
80,true,MC,"1. NNI (Classic)",15,false,Infinity,527.0137,0,0,0,0,358507104,7273234144
80,true,MC,"1. NNI (Classic)",16,false,Infinity,901.9560,0,0,0,0,565135016,7810105056
80,true,MC,"1. NNI (Classic)",17,false,Infinity,678.2799,0,0,0,0,445507576,8279867104
80,true,MC,"1. NNI (Classic)",18,false,Infinity,973.6629,0,0,0,0,652352928,8917401312
80,true,MC,"1. NNI (Classic)",19,false,Infinity,614.1670,0,0,0,0,408657000,9320054496
80,true,MC,"1. NNI (Classic)",20,false,Infinity,776.3675,0,0,0,0,512606184,9856925408
80,true,MC,"1. NNI (Classic)",21,false,Infinity,725.0418,0,0,0,0,476061368,10401511712
80,true,MC,"1. NNI (Classic)",22,false,Infinity,987.2194,0,0,0,0,647347272,737835296
80,true,MC,"1. NNI (Classic)",23,false,Infinity,858.6312,0,0,0,0,578913160,1308260640
80,true,MC,"1. NNI (Classic)",24,false,Infinity,898.2044,0,0,0,0,597691464,1912240416
80,true,MC,"1. NNI (Classic)",25,false,Infinity,713.5416,0,0,0,0,478949256,2382002464
80,true,MC,"1. NNI (Classic)",26,false,Infinity,746.2456,0,0,0,0,493313176,2885318944
80,true,MC,"1. NNI (Classic)",27,false,Infinity,782.2996,0,0,0,0,528160968,3422189856
80,true,MC,"1. NNI (Classic)",28,false,Infinity,609.6167,0,0,0,0,410650056,3824843040
80,true,MC,"1. NNI (Classic)",29,false,Infinity,567.2462,0,0,0,0,374235024,4193941792
80,true,MC,"1. NNI (Classic)",30,false,Infinity,770.7895,0,0,0,0,512502280,4730812704
80,true,MC,"1. NNI (Classic)",31,false,Infinity,709.2922,0,0,0,0,459237064,5167020320
80,true,MC,"1. NNI (Classic)",32,false,Infinity,637.3254,0,0,0,0,426817776,5603227936
80,true,MC,"1. NNI (Classic)",33,false,Infinity,529.1945,0,0,0,0,342846088,5938772256
80,true,MC,"1. NNI (Classic)",34,false,Infinity,644.9274,0,0,0,0,429307456,6374979872
80,true,MC,"1. NNI (Classic)",35,false,Infinity,1021.6590,0,0,0,0,669521824,7046068512
80,true,MC,"1. NNI (Classic)",36,false,Infinity,626.3380,0,0,0,0,427440992,7482276128
80,true,MC,"1. NNI (Classic)",37,false,Infinity,749.8715,0,0,0,0,495180768,7952038176
80,true,MC,"1. NNI (Classic)",38,false,Infinity,789.7728,0,0,0,0,514223784,8488909088
80,true,MC,"1. NNI (Classic)",39,false,Infinity,765.8780,0,0,0,0,509636336,8992225568
80,true,MC,"1. NNI (Classic)",40,false,Infinity,835.7612,0,0,0,0,543854016,9529096480
80,true,MC,"1. NNI (Classic)",41,false,Infinity,969.5015,0,0,0,0,630946544,10166630688
80,true,MC,"1. NNI (Classic)",42,false,Infinity,925.0504,0,0,0,0,621667416,10300848416
80,true,MC,"1. NNI (Classic)",43,false,Infinity,780.7011,0,0,0,0,529161128,880823704
80,true,MC,"1. NNI (Classic)",44,false,Infinity,1024.8649,0,0,0,0,680411224,981487000
80,true,MC,"1. NNI (Classic)",45,false,Infinity,808.5647,0,0,0,0,533425336,1484803480
80,true,MC,"1. NNI (Classic)",46,false,Infinity,746.7176,0,0,0,0,480813496,1988119960
80,true,MC,"1. NNI (Classic)",47,false,Infinity,767.5190,0,0,0,0,515064616,2491436440
80,true,MC,"1. NNI (Classic)",48,false,Infinity,534.3196,0,0,0,0,356811376,2860535192
80,true,MC,"1. NNI (Classic)",49,false,Infinity,845.0696,0,0,0,0,568957696,3430960536
80,true,MC,"1. NNI (Classic)",50,false,Infinity,841.9751,0,0,0,0,560463192,3967831448
80,true,MC,"1. NNI (Classic)",51,false,Infinity,689.1745,0,0,0,0,460043576,4437593496
80,true,MC,"1. NNI (Classic)",52,false,Infinity,791.4195,0,0,0,0,526545992,4974464408
80,true,MC,"1. NNI (Classic)",53,false,Infinity,598.3193,0,0,0,0,393102544,5377117592
80,true,MC,"1. NNI (Classic)",54,false,Infinity,1033.1499,0,0,0,0,678974472,6048206232
80,true,MC,"1. NNI (Classic)",55,false,Infinity,1349.6983,0,0,0,0,888458472,6920621464
80,true,MC,"1. NNI (Classic)",56,false,Infinity,568.0232,0,0,0,0,374996872,7289720216
80,true,MC,"1. NNI (Classic)",57,false,Infinity,1008.0508,0,0,0,0,653536256,7960808856
80,true,MC,"1. NNI (Classic)",58,false,Infinity,482.1379,0,0,0,0,323660768,8296353176
80,true,MC,"1. NNI (Classic)",59,false,Infinity,1191.2690,0,0,0,0,771175480,9068105112
80,true,MC,"1. NNI (Classic)",60,false,Infinity,777.2691,0,0,0,0,510060608,9571421592
80,true,MC,"1. NNI (Classic)",61,false,Infinity,778.8028,0,0,0,0,511675000,10074738072
80,true,MC,"1. NNI (Classic)",62,false,Infinity,684.8776,0,0,0,0,443846232,10309619096
80,true,MC,"1. NNI (Classic)",63,false,Infinity,761.1154,0,0,0,0,494079560,768114592
80,true,MC,"1. NNI (Classic)",64,false,Infinity,609.8150,0,0,0,0,410699576,1170767776
80,true,MC,"1. NNI (Classic)",65,false,Infinity,845.4367,0,0,0,0,563603360,1741193120
80,true,MC,"1. NNI (Classic)",66,false,Infinity,736.3502,0,0,0,0,495266848,2244509600
80,true,MC,"1. NNI (Classic)",67,false,Infinity,852.1860,0,0,0,0,563690752,2814934944
80,true,MC,"1. NNI (Classic)",68,false,Infinity,605.0116,0,0,0,0,407737464,3217588128
80,true,MC,"1. NNI (Classic)",69,false,Infinity,717.5393,0,0,0,0,478097480,3687350176
80,true,MC,"1. NNI (Classic)",70,false,Infinity,791.8229,0,0,0,0,512514760,4190666656
80,true,MC,"1. NNI (Classic)",71,false,Infinity,803.1300,0,0,0,0,527229160,4727537568
80,true,MC,"1. NNI (Classic)",72,false,Infinity,548.7616,0,0,0,0,357570616,5096636320
80,true,MC,"1. NNI (Classic)",73,false,Infinity,496.8405,0,0,0,0,326545400,5398626208
80,true,MC,"1. NNI (Classic)",74,false,Infinity,732.4514,0,0,0,0,479115256,5901942688
80,true,MC,"1. NNI (Classic)",75,false,Infinity,815.2284,0,0,0,0,548641376,6438813600
80,true,MC,"1. NNI (Classic)",76,false,Infinity,944.8369,0,0,0,0,612325088,7042793376
80,true,MC,"1. NNI (Classic)",77,false,Infinity,763.5870,0,0,0,0,493911368,7546109856
80,true,MC,"1. NNI (Classic)",78,false,Infinity,977.9526,0,0,0,0,651759696,8183644064
80,true,MC,"1. NNI (Classic)",79,false,Infinity,618.1663,0,0,0,0,408403200,8619851680
80,true,MC,"1. NNI (Classic)",80,false,Infinity,848.6686,0,0,0,0,567762840,9190277024
80,true,MC,"1. NNI (Classic)",81,false,Infinity,1109.1651,0,0,0,0,733870128,9894920096
80,true,MC,"1. NNI (Classic)",82,false,Infinity,758.5633,0,0,0,0,493380696,10321802144
80,true,MC,"1. NNI (Classic)",83,false,Infinity,997.2326,0,0,0,0,663241512,859452320
80,true,MC,"1. NNI (Classic)",84,false,Infinity,835.2735,0,0,0,0,562248816,1429877664
80,true,MC,"1. NNI (Classic)",85,false,Infinity,995.7221,0,0,0,0,652441912,2067411872
80,true,MC,"1. NNI (Classic)",86,false,Infinity,738.9916,0,0,0,0,497137544,2570728352
80,true,MC,"1. NNI (Classic)",87,false,Infinity,818.9522,0,0,0,0,547371600,3107599264
80,true,MC,"1. NNI (Classic)",88,false,Infinity,812.3534,0,0,0,0,549576520,3678024608
80,true,MC,"1. NNI (Classic)",89,false,Infinity,1002.8766,0,0,0,0,666980304,4315558816
80,true,MC,"1. NNI (Classic)",90,false,Infinity,839.2386,0,0,0,0,564883272,4885984160
80,true,MC,"1. NNI (Classic)",91,false,Infinity,919.7903,0,0,0,0,616825048,5523518368
80,true,MC,"1. NNI (Classic)",92,false,Infinity,1140.9894,0,0,0,0,736332400,6261715872
80,true,MC,"1. NNI (Classic)",93,false,Infinity,767.0934,0,0,0,0,510146976,6765032352
80,true,MC,"1. NNI (Classic)",94,false,Infinity,768.6443,0,0,0,0,511162936,7268348832
80,true,MC,"1. NNI (Classic)",95,false,Infinity,994.1693,0,0,0,0,644120416,7905883040
80,true,MC,"1. NNI (Classic)",96,false,Infinity,869.1111,0,0,0,0,582805544,8509862816
80,true,MC,"1. NNI (Classic)",97,false,Infinity,696.1707,0,0,0,0,459489640,8946070432
80,true,MC,"1. NNI (Classic)",98,false,Infinity,768.7287,0,0,0,0,509293648,9482941344
80,true,MC,"1. NNI (Classic)",99,false,Infinity,724.0284,0,0,0,0,477424192,9952703392
80,true,MC,"1. NNI (Classic)",100,false,Infinity,1106.5901,0,0,0,0,732355040,10321802144
80,true,MC,"2. NNI (Incremental)",1,false,Infinity,26.4156,0,0,0,0,38526552,60213712
80,true,MC,"2. NNI (Incremental)",2,false,Infinity,25.1300,0,0,0,0,56686040,127322576
80,true,MC,"2. NNI (Incremental)",3,false,Infinity,27.2418,0,0,0,0,60901648,194431440
80,true,MC,"2. NNI (Incremental)",4,false,Infinity,21.2118,0,0,0,0,57397392,227985872
80,true,MC,"2. NNI (Incremental)",5,false,Infinity,13.1705,0,0,0,0,42151568,295094736
80,true,MC,"2. NNI (Incremental)",6,false,Infinity,8.5351,0,0,0,0,24922936,295094736
80,true,MC,"2. NNI (Incremental)",7,false,Infinity,8.8531,0,0,0,0,27400936,328649168
80,true,MC,"2. NNI (Incremental)",8,false,Infinity,10.2049,0,0,0,0,31862688,362203600
80,true,MC,"2. NNI (Incremental)",9,false,Infinity,14.0690,0,0,0,0,46451040,429312464
80,true,MC,"2. NNI (Incremental)",10,false,Infinity,9.8523,0,0,0,0,29049136,429312464
80,true,MC,"2. NNI (Incremental)",11,false,Infinity,7.1297,0,0,0,0,23486832,462866896
80,true,MC,"2. NNI (Incremental)",12,false,Infinity,7.6771,0,0,0,0,23878040,496421328
80,true,MC,"2. NNI (Incremental)",13,false,Infinity,13.0163,0,0,0,0,43312816,529975760
80,true,MC,"2. NNI (Incremental)",14,false,Infinity,6.9132,0,0,0,0,22779288,563530192
80,true,MC,"2. NNI (Incremental)",15,false,Infinity,7.6886,0,0,0,0,23919424,563530192
80,true,MC,"2. NNI (Incremental)",16,false,Infinity,13.7214,0,0,0,0,42684856,630639056
80,true,MC,"2. NNI (Incremental)",17,false,Infinity,9.9057,0,0,0,0,30127840,664193488
80,true,MC,"2. NNI (Incremental)",18,false,Infinity,12.2050,0,0,0,0,39977208,697747920
80,true,MC,"2. NNI (Incremental)",19,false,Infinity,9.3114,0,0,0,0,30570896,731302352
80,true,MC,"2. NNI (Incremental)",20,false,Infinity,10.5121,0,0,0,0,33683944,764856784
80,true,MC,"2. NNI (Incremental)",21,false,Infinity,10.5152,0,0,0,0,33993200,798411216
80,true,MC,"2. NNI (Incremental)",22,false,Infinity,12.9291,0,0,0,0,42133928,831965648
80,true,MC,"2. NNI (Incremental)",23,false,Infinity,12.2770,0,0,0,0,37526952,865520080
80,true,MC,"2. NNI (Incremental)",24,false,Infinity,13.1601,0,0,0,0,41324184,899074512
80,true,MC,"2. NNI (Incremental)",25,false,Infinity,9.9570,0,0,0,0,31602616,932628944
80,true,MC,"2. NNI (Incremental)",26,false,Infinity,12.0482,0,0,0,0,37145920,966183376
80,true,MC,"2. NNI (Incremental)",27,false,Infinity,10.7390,0,0,0,0,36093552,1033292240
80,true,MC,"2. NNI (Incremental)",28,false,Infinity,9.8524,0,0,0,0,31647432,1033292240
80,true,MC,"2. NNI (Incremental)",29,false,Infinity,9.3313,0,0,0,0,30257848,1066846672
80,true,MC,"2. NNI (Incremental)",30,false,Infinity,10.6984,0,0,0,0,33284872,1100401104
80,true,MC,"2. NNI (Incremental)",31,false,Infinity,9.4664,0,0,0,0,30491512,1133955536
80,true,MC,"2. NNI (Incremental)",32,false,Infinity,9.4053,0,0,0,0,30629600,1167509968
80,true,MC,"2. NNI (Incremental)",33,false,Infinity,8.1883,0,0,0,0,25547432,1201064400
80,true,MC,"2. NNI (Incremental)",34,false,Infinity,10.8451,0,0,0,0,33698032,1234618832
80,true,MC,"2. NNI (Incremental)",35,false,Infinity,11.3736,0,0,0,0,36516432,1268173264
80,true,MC,"2. NNI (Incremental)",36,false,Infinity,8.4337,0,0,0,0,27181488,1301727696
80,true,MC,"2. NNI (Incremental)",37,false,Infinity,8.3723,0,0,0,0,26561584,1335282128
80,true,MC,"2. NNI (Incremental)",38,false,Infinity,10.9291,0,0,0,0,36282704,1368836560
80,true,MC,"2. NNI (Incremental)",39,false,Infinity,9.1042,0,0,0,0,29209496,1402390992
80,true,MC,"2. NNI (Incremental)",40,false,Infinity,11.3576,0,0,0,0,37615528,1435945424
80,true,MC,"2. NNI (Incremental)",41,false,Infinity,15.2802,0,0,0,0,49529944,1469499856
80,true,MC,"2. NNI (Incremental)",42,false,Infinity,12.1353,0,0,0,0,39565232,1503054288
80,true,MC,"2. NNI (Incremental)",43,false,Infinity,10.8595,0,0,0,0,34594808,1536608720
80,true,MC,"2. NNI (Incremental)",44,false,Infinity,14.2748,0,0,0,0,45016024,1603717584
80,true,MC,"2. NNI (Incremental)",45,false,Infinity,13.4471,0,0,0,0,45666136,1637272016
80,true,MC,"2. NNI (Incremental)",46,false,Infinity,9.5350,0,0,0,0,30604032,1670826448
80,true,MC,"2. NNI (Incremental)",47,false,Infinity,12.1601,0,0,0,0,39057384,1704380880
80,true,MC,"2. NNI (Incremental)",48,false,Infinity,8.9883,0,0,0,0,27301352,1737935312
80,true,MC,"2. NNI (Incremental)",49,false,Infinity,9.8867,0,0,0,0,31627712,1771489744
80,true,MC,"2. NNI (Incremental)",50,false,Infinity,13.3892,0,0,0,0,43276536,1805044176
80,true,MC,"2. NNI (Incremental)",51,false,Infinity,7.7082,0,0,0,0,24442864,1838598608
80,true,MC,"2. NNI (Incremental)",52,false,Infinity,10.2470,0,0,0,0,31697880,1872153040
80,true,MC,"2. NNI (Incremental)",53,false,Infinity,8.5161,0,0,0,0,28380640,1905707472
80,true,MC,"2. NNI (Incremental)",54,false,Infinity,13.7256,0,0,0,0,43462376,1939261904
80,true,MC,"2. NNI (Incremental)",55,false,Infinity,17.1601,0,0,0,0,54220920,2006370768
80,true,MC,"2. NNI (Incremental)",56,false,Infinity,9.4045,0,0,0,0,27922648,2039925200
80,true,MC,"2. NNI (Incremental)",57,false,Infinity,19.6555,0,0,0,0,64231816,2073479632
80,true,MC,"2. NNI (Incremental)",58,false,Infinity,6.7585,0,0,0,0,21975800,2107034064
80,true,MC,"2. NNI (Incremental)",59,false,Infinity,14.5018,0,0,0,0,45484096,2140588496
80,true,MC,"2. NNI (Incremental)",60,false,Infinity,13.0285,0,0,0,0,41984072,2207697360
80,true,MC,"2. NNI (Incremental)",61,false,Infinity,10.9328,0,0,0,0,35314432,2241251792
80,true,MC,"2. NNI (Incremental)",62,false,Infinity,11.0300,0,0,0,0,34719304,2274806224
80,true,MC,"2. NNI (Incremental)",63,false,Infinity,13.1283,0,0,0,0,41831328,2308360656
80,true,MC,"2. NNI (Incremental)",64,false,Infinity,8.4918,0,0,0,0,27789256,2341915088
80,true,MC,"2. NNI (Incremental)",65,false,Infinity,13.0202,0,0,0,0,43415296,2375469520
80,true,MC,"2. NNI (Incremental)",66,false,Infinity,9.9948,0,0,0,0,31929632,2409023952
80,true,MC,"2. NNI (Incremental)",67,false,Infinity,11.9234,0,0,0,0,39283440,2442578384
80,true,MC,"2. NNI (Incremental)",68,false,Infinity,8.0183,0,0,0,0,26943752,2476132816
80,true,MC,"2. NNI (Incremental)",69,false,Infinity,8.3852,0,0,0,0,27434744,2509687248
80,true,MC,"2. NNI (Incremental)",70,false,Infinity,11.2123,0,0,0,0,35778264,2543241680
80,true,MC,"2. NNI (Incremental)",71,false,Infinity,9.7743,0,0,0,0,32069584,2576796112
80,true,MC,"2. NNI (Incremental)",72,false,Infinity,8.3549,0,0,0,0,26385712,2610350544
80,true,MC,"2. NNI (Incremental)",73,false,Infinity,7.2496,0,0,0,0,22227688,2610350544
80,true,MC,"2. NNI (Incremental)",74,false,Infinity,11.1534,0,0,0,0,36859272,2677459408
80,true,MC,"2. NNI (Incremental)",75,false,Infinity,13.0787,0,0,0,0,42062344,2711013840
80,true,MC,"2. NNI (Incremental)",76,false,Infinity,14.1460,0,0,0,0,44792480,2744568272
80,true,MC,"2. NNI (Incremental)",77,false,Infinity,10.2444,0,0,0,0,32133376,2778122704
80,true,MC,"2. NNI (Incremental)",78,false,Infinity,13.3066,0,0,0,0,41653832,2811677136
80,true,MC,"2. NNI (Incremental)",79,false,Infinity,11.4048,0,0,0,0,34983824,2845231568
80,true,MC,"2. NNI (Incremental)",80,false,Infinity,9.8684,0,0,0,0,32432768,2878786000
80,true,MC,"2. NNI (Incremental)",81,false,Infinity,18.9163,0,0,0,0,61060408,2945894864
80,true,MC,"2. NNI (Incremental)",82,false,Infinity,13.2333,0,0,0,0,41017688,2979449296
80,true,MC,"2. NNI (Incremental)",83,false,Infinity,18.1245,0,0,0,0,56775672,3046558160
80,true,MC,"2. NNI (Incremental)",84,false,Infinity,13.7418,0,0,0,0,44275536,3080112592
80,true,MC,"2. NNI (Incremental)",85,false,Infinity,11.3637,0,0,0,0,36060672,3113667024
80,true,MC,"2. NNI (Incremental)",86,false,Infinity,9.7167,0,0,0,0,31724280,3147221456
80,true,MC,"2. NNI (Incremental)",87,false,Infinity,11.2271,0,0,0,0,37502368,3214330320
80,true,MC,"2. NNI (Incremental)",88,false,Infinity,11.4494,0,0,0,0,38020360,3247884752
80,true,MC,"2. NNI (Incremental)",89,false,Infinity,11.6917,0,0,0,0,40513200,3281439184
80,true,MC,"2. NNI (Incremental)",90,false,Infinity,10.2821,0,0,0,0,34627048,3314993616
80,true,MC,"2. NNI (Incremental)",91,false,Infinity,14.7597,0,0,0,0,49357944,3348548048
80,true,MC,"2. NNI (Incremental)",92,false,Infinity,14.0652,0,0,0,0,45341328,3415656912
80,true,MC,"2. NNI (Incremental)",93,false,Infinity,9.8798,0,0,0,0,32302624,3449211344
80,true,MC,"2. NNI (Incremental)",94,false,Infinity,11.6414,0,0,0,0,35002888,3482765776
80,true,MC,"2. NNI (Incremental)",95,false,Infinity,14.6184,0,0,0,0,48461448,3516320208
80,true,MC,"2. NNI (Incremental)",96,false,Infinity,11.1762,0,0,0,0,37931960,3549874640
80,true,MC,"2. NNI (Incremental)",97,false,Infinity,9.7180,0,0,0,0,30905104,3583429072
80,true,MC,"2. NNI (Incremental)",98,false,Infinity,10.9219,0,0,0,0,35186896,3616983504
80,true,MC,"2. NNI (Incremental)",99,false,Infinity,10.2339,0,0,0,0,32665528,3650537936
80,true,MC,"2. NNI (Incremental)",100,false,Infinity,12.7265,0,0,0,0,40992976,3684092368
80,true,MC,"3. VND NNI->ECR->SPR (Classic)",1,true,403.0000,1252453.4288,706647132,12372101239,1059726567007,179646261063,1851093726024,39598191736
80,true,MC,"3. VND NNI->ECR->SPR (Classic)",2,true,464.0000,1383894.4322,988205282,18128279479,1214168449740,150607774326,2122235066712,40102553408
80,true,MC,"3. VND NNI->ECR->SPR (Classic)",3,true,406.0000,1246021.5154,945781115,43044293587,1057549624921,144479715854,1734574442480,32025189328
80,true,MC,"3. VND NNI->ECR->SPR (Classic)",4,true,409.0000,927858.9102,1228093262,11457818043,733906058856,181265385015,1448171024168,26494570848
80,true,MC,"3. VND NNI->ECR->SPR (Classic)",5,true,391.0000,1196023.1235,915183684,16152720666,1023050220636,155903292791,1870148710952,38857311744
80,true,MC,"3. VND NNI->ECR->SPR (Classic)",6,true,346.0000,1772450.4403,685649511,21717413510,1653890058492,96155167730,2714184013216,47655706992
80,true,MC,"3. VND NNI->ECR->SPR (Classic)",7,true,413.0000,1016109.3788,810299044,21788132921,808364502526,185144973055,1538644050392,33054634944
80,true,MC,"3. VND NNI->ECR->SPR (Classic)",8,true,428.0000,1087781.1356,770608957,24222448253,877334326851,185452159172,1647659842128,37037811856
80,true,MC,"3. VND NNI->ECR->SPR (Classic)",9,true,399.0000,2403638.5638,1153019772,27724809847,2270083468363,104674812959,2934392972072,51562311432
80,true,MC,"3. VND NNI->ECR->SPR (Classic)",10,true,411.0000,1047510.5140,711753394,27249747558,864027142710,155520230872,1599051374864,28618627376
80,true,MC,"3. VND NNI->ECR->SPR (Classic)",11,true,360.0000,1254758.7633,598497293,22901847780,1100110415477,131146326903,1864909026296,32523283504
80,true,MC,"3. VND NNI->ECR->SPR (Classic)",12,true,395.0000,1207030.1841,591121677,35384246765,1035629717652,135423395842,1724543794576,35916379600
80,true,MC,"3. VND NNI->ECR->SPR (Classic)",13,true,437.0000,869689.3781,1003523747,33045039547,660291003791,175348081048,1348016804272,33301817344
80,true,MC,"3. VND NNI->ECR->SPR (Classic)",14,true,389.0000,1316152.7799,613419153,30368416302,1148673483242,136495640362,2045997114920,46570696240
80,true,MC,"3. VND NNI->ECR->SPR (Classic)",15,true,457.0000,863839.4409,605402176,28679383888,661530984448,173022141401,1320500168200,44541555712
80,true,MC,"3. VND NNI->ECR->SPR (Classic)",16,true,474.0000,974932.5147,978565787,16739226538,750698881321,206514454213,1491315675320,38265381304
80,true,MC,"3. VND NNI->ECR->SPR (Classic)",17,true,379.0000,1249663.7660,755004075,31570002490,1087573594827,129763448492,1757349335552,38291367552
80,true,MC,"3. VND NNI->ECR->SPR (Classic)",18,true,400.0000,1253479.4161,1045620786,22221672246,1103991585213,126218742669,1929148270856,33918484016
80,true,MC,"3. VND NNI->ECR->SPR (Classic)",19,true,356.0000,948339.5413,692053076,20004499597,756236537984,171405101596,1397482623936,26329266336
80,true,MC,"3. VND NNI->ECR->SPR (Classic)",20,true,399.0000,765235.8889,859937870,25256287756,563088760403,176029427462,1166727903264,38867241472
80,true,MC,"3. VND NNI->ECR->SPR (Classic)",21,true,388.0000,1419443.5895,780886321,20562941788,1272128170704,125969744730,2215299126824,39404849152
80,true,MC,"3. VND NNI->ECR->SPR (Classic)",22,true,451.0000,1264994.9310,1108462717,11369306553,1060438152363,192077394600,1983837165200,33771266384
80,true,MC,"3. VND NNI->ECR->SPR (Classic)",23,true,413.0000,902601.6226,956379323,23142470349,703439204761,175062259467,1329252377584,39466340352
80,true,MC,"3. VND NNI->ECR->SPR (Classic)",24,true,394.0000,2145781.8057,978577617,15025403208,2047965379555,81810032398,3280282816496,55083562704
80,true,MC,"3. VND NNI->ECR->SPR (Classic)",25,true,398.0000,1675775.0055,789186541,20600050638,1534073848542,120310051702,2476966115496,44131050848
80,true,MC,"3. VND NNI->ECR->SPR (Classic)",26,true,389.0000,1154032.7405,828659068,22712970784,999675985970,130813385452,1783153763504,34012483968
80,true,MC,"3. VND NNI->ECR->SPR (Classic)",27,true,366.0000,1654632.6942,849206815,23423459513,1496251823655,134106344973,2385397230432,39432133280
80,true,MC,"3. VND NNI->ECR->SPR (Classic)",28,true,442.0000,1024711.6287,681888802,30195848458,859359245450,134473072874,1465842957840,26326167840
80,true,MC,"3. VND NNI->ECR->SPR (Classic)",29,true,364.0000,1401634.9098,670659803,17347746149,1212296953575,171318121897,1992999634632,33706321472
80,true,MC,"3. VND NNI->ECR->SPR (Classic)",30,true,439.0000,1356117.7624,836972314,11753984658,1157802322656,185723008680,1962132168328,37254167904
80,true,MC,"3. VND NNI->ECR->SPR (Classic)",31,true,407.0000,1181209.5909,786748471,48818798997,988481546665,143120729909,1567716549520,39373917408
80,true,MC,"3. VND NNI->ECR->SPR (Classic)",32,true,392.0000,1443273.2715,728153414,15185420620,1267469625537,159888328622,2301784006720,53710328472
80,true,MC,"3. VND NNI->ECR->SPR (Classic)",33,true,421.0000,747377.3358,603025286,24313434418,541870911367,180588802853,1137152781512,48803997960
80,true,MC,"3. VND NNI->ECR->SPR (Classic)",34,true,412.0000,1041943.8710,727150390,16705664612,853422577570,171087207930,1530804936360,41496093184
80,true,MC,"3. VND NNI->ECR->SPR (Classic)",35,true,431.0000,1089241.8028,1098209779,24234872049,919060582616,144846468047,1693458388760,42069146920
80,true,MC,"3. VND NNI->ECR->SPR (Classic)",36,true,407.0000,1104010.6689,727298095,20796084339,917389861833,165095947582,1748889284272,41978213280
80,true,MC,"3. VND NNI->ECR->SPR (Classic)",37,true,392.0000,1320597.6096,818692352,34727698820,1169446795874,115602625227,1942680186384,41347590760
80,true,MC,"3. VND NNI->ECR->SPR (Classic)",38,true,415.0000,1197511.5056,860080948,13601570747,991674918993,191373321148,1908576856848,30696135200
80,true,MC,"3. VND NNI->ECR->SPR (Classic)",39,true,375.0000,1832607.5848,839698452,19431741839,1696985275770,115349005259,2521842661584,51518045696
80,true,MC,"3. VND NNI->ECR->SPR (Classic)",40,true,352.0000,1801140.1217,903810596,32955129394,1681147907658,86131174567,2453687540824,56057414656
80,true,MC,"3. VND NNI->ECR->SPR (Classic)",41,true,380.0000,1540610.5698,1047643779,19815061940,1389825998709,129919963663,2409563842984,50515356296
80,true,MC,"3. VND NNI->ECR->SPR (Classic)",42,true,418.0000,1546644.6156,999699810,19906766448,1399547367090,126188974203,2349911575152,47420602368
80,true,MC,"3. VND NNI->ECR->SPR (Classic)",43,true,356.0000,1808151.4998,884027697,33305821529,1688017452269,85942132700,2643057713672,46955327784
80,true,MC,"3. VND NNI->ECR->SPR (Classic)",44,true,325.0000,2196232.6491,1099437073,15243355195,2102496238219,77391295371,3290643311872,58180848080
80,true,MC,"3. VND NNI->ECR->SPR (Classic)",45,true,433.0000,985388.3140,880835727,30483649891,797996632293,156025696890,1453936689424,55697574544
80,true,MC,"3. VND NNI->ECR->SPR (Classic)",46,true,363.0000,1541641.6463,834085067,48906477960,1405845841395,86052843151,2156488029848,43718167040
80,true,MC,"3. VND NNI->ECR->SPR (Classic)",47,true,434.0000,1268104.2700,846045773,18817185141,1083943873101,164495586148,1954236697024,47140121120
80,true,MC,"3. VND NNI->ECR->SPR (Classic)",48,true,384.0000,1171715.6811,608122075,20519678906,990633884048,159952529786,1770719975824,33688896256
80,true,MC,"3. VND NNI->ECR->SPR (Classic)",49,true,351.0000,1846077.9381,945087286,30825090242,1723459708953,90845798521,2777194733800,49271912416
80,true,MC,"3. VND NNI->ECR->SPR (Classic)",50,true,450.0000,944761.9806,1018150586,36095997540,737320079824,170326126344,1391617133112,27310928240
80,true,MC,"3. VND NNI->ECR->SPR (Classic)",51,true,368.0000,1355596.5783,767663859,14078927227,1209886036753,130862369209,2162852292512,37226793136
80,true,MC,"3. VND NNI->ECR->SPR (Classic)",52,true,376.0000,960185.6092,911860954,17295821972,776894917814,165081629257,1382702967112,26308377952
80,true,MC,"3. VND NNI->ECR->SPR (Classic)",53,true,427.0000,840572.9043,824774398,34724652878,650020394203,155001503085,1271844073512,38529280512
80,true,MC,"3. VND NNI->ECR->SPR (Classic)",54,true,444.0000,1484316.5721,1095099110,27037248419,1311174630130,145007730510,2159114103560,37299639240
80,true,MC,"3. VND NNI->ECR->SPR (Classic)",55,true,427.0000,752341.8016,1419503166,22754845209,552147020238,176019158347,1069350206808,26297909728
80,true,MC,"3. VND NNI->ECR->SPR (Classic)",56,true,382.0000,956240.1676,633301456,5026469530,749463829993,201115536876,1501353620288,37706544720
80,true,MC,"3. VND NNI->ECR->SPR (Classic)",57,true,452.0000,1809998.4393,1084899005,16856706670,1647298661219,144756222336,2791256049752,50078048512
80,true,MC,"3. VND NNI->ECR->SPR (Classic)",58,true,405.0000,1115149.4970,560363813,26416025010,928234310315,159937314887,1629459021056,28409016096
80,true,MC,"3. VND NNI->ECR->SPR (Classic)",59,true,407.0000,1195447.8683,1269734055,22601084320,1036394691044,135180687436,1744475753336,33774241544
80,true,MC,"3. VND NNI->ECR->SPR (Classic)",60,true,437.0000,1218623.5139,846059276,22698617773,1054444447301,140632673119,1927906277112,41205557728
80,true,MC,"3. VND NNI->ECR->SPR (Classic)",61,true,412.0000,1192698.2349,847739639,22533460595,1024220683355,145094692660,1781537150032,36556794184
80,true,MC,"3. VND NNI->ECR->SPR (Classic)",62,true,413.0000,1220190.9835,756913456,27481091032,1035817223913,156134013813,1956425133816,33838942336
80,true,MC,"3. VND NNI->ECR->SPR (Classic)",63,true,355.0000,1283882.9440,839564463,40514301991,1150947152073,91579840803,1975159230344,32544394680
80,true,MC,"3. VND NNI->ECR->SPR (Classic)",64,true,401.0000,1287254.6679,695984978,37884417997,1113896358913,134776080572,1839690422032,32585968144
80,true,MC,"3. VND NNI->ECR->SPR (Classic)",65,true,416.0000,1106233.2011,917652699,24188350120,909532953522,171592625863,1699716539048,37493254528
80,true,MC,"3. VND NNI->ECR->SPR (Classic)",66,true,444.0000,1456501.7059,812319650,11690375835,1243040884367,200956595890,2141260625688,38146225216
80,true,MC,"3. VND NNI->ECR->SPR (Classic)",67,true,431.0000,846002.3851,1020328252,30105680884,624434051075,190440844703,1286835748848,39632065024
80,true,MC,"3. VND NNI->ECR->SPR (Classic)",68,true,413.0000,923498.6291,680743156,22807021462,739319149771,160690301570,1440340368584,39544384560
80,true,MC,"3. VND NNI->ECR->SPR (Classic)",69,true,428.0000,911955.5809,794683621,14718677668,715607246425,180833717673,1420676697320,37576143136
80,true,MC,"3. VND NNI->ECR->SPR (Classic)",70,true,429.0000,837747.3280,950700551,16261018036,644997776567,175536559725,1291129412392,38793720320
80,true,MC,"3. VND NNI->ECR->SPR (Classic)",71,true,405.0000,995678.5982,892341174,15049689282,817394527519,162340729773,1561668763648,38824827392
80,true,MC,"3. VND NNI->ECR->SPR (Classic)",72,true,388.0000,954803.0605,622327903,13744546108,753903419614,186531524287,1492206556984,37437297232
80,true,MC,"3. VND NNI->ECR->SPR (Classic)",73,true,362.0000,1381977.6073,568364770,13927432251,1242224330817,125255974781,2122239459600,38747322368
80,true,MC,"3. VND NNI->ECR->SPR (Classic)",74,true,381.0000,946294.1095,807000224,24319057590,729170369616,191996390536,1431852245712,27455792072
80,true,MC,"3. VND NNI->ECR->SPR (Classic)",75,true,392.0000,1201185.0922,921615100,24893378069,1009858247928,165510256975,1727625902760,39057988096
80,true,MC,"3. VND NNI->ECR->SPR (Classic)",76,true,418.0000,939710.0694,1038059439,27489067938,766287643666,144893650778,1459687257160,28569766840
80,true,MC,"3. VND NNI->ECR->SPR (Classic)",77,true,345.0000,2211421.9227,834210455,9982278509,2114160631952,86442517689,3227280659280,49140215056
80,true,MC,"3. VND NNI->ECR->SPR (Classic)",78,true,419.0000,1725242.7911,1048827031,27355054013,1590659855998,106176960344,2568556653032,49418961280
80,true,MC,"3. VND NNI->ECR->SPR (Classic)",79,true,453.0000,598125.7464,700001781,24343875824,351711966765,221368822053,841556830776,47188117504
80,true,MC,"3. VND NNI->ECR->SPR (Classic)",80,true,440.0000,769125.9648,913768719,21933941601,555745452444,190531582044,1117178537536,37309601424
80,true,MC,"3. VND NNI->ECR->SPR (Classic)",81,true,443.0000,668187.0282,1208920242,39565714303,446263991410,181146984574,922525850416,31047785136
80,true,MC,"3. VND NNI->ECR->SPR (Classic)",82,true,363.0000,702394.7346,844924661,24813705231,516832133311,159902881549,960398297480,39505186816
80,true,MC,"3. VND NNI->ECR->SPR (Classic)",83,true,441.0000,907286.0405,1088236699,43881071399,697605344550,164709772815,1170213620688,38349586808
80,true,MC,"3. VND NNI->ECR->SPR (Classic)",84,true,424.0000,1026910.2104,940011347,23341577595,818405202982,184221986846,1524030187528,37609273792
80,true,MC,"3. VND NNI->ECR->SPR (Classic)",85,true,454.0000,1153474.1888,1069394543,23411036962,971765922931,157226205462,1781422509376,39201169888
80,true,MC,"3. VND NNI->ECR->SPR (Classic)",86,true,412.0000,1235789.1965,820962760,28911993928,1029599071192,176455495855,1845680436416,36658410112
80,true,MC,"3. VND NNI->ECR->SPR (Classic)",87,true,443.0000,1065595.8325,898891646,10257096321,869000807505,185437760758,1691975338808,37162619184
80,true,MC,"3. VND NNI->ECR->SPR (Classic)",88,true,454.0000,654945.1741,917345051,21088480577,410854353301,222083947963,966091671016,36186779608
80,true,MC,"3. VND NNI->ECR->SPR (Classic)",89,true,439.0000,1093284.6643,1079330290,26039849703,911831597134,154332345562,1557515634832,33696306112
80,true,MC,"3. VND NNI->ECR->SPR (Classic)",90,true,403.0000,1079434.0449,931551775,17530786798,890537464219,170432766399,1680245695896,35678345568
80,true,MC,"3. VND NNI->ECR->SPR (Classic)",91,true,439.0000,1273870.7153,991241067,18816179001,1077159810717,176901799237,1944819210408,36595407008
80,true,MC,"3. VND NNI->ECR->SPR (Classic)",92,true,462.0000,884445.3252,1216563910,24886215597,667314619192,191026320268,1340760523008,38525237816
80,true,MC,"3. VND NNI->ECR->SPR (Classic)",93,true,393.0000,1144462.8291,918176722,28170812407,979797328704,135574884188,1629224895640,39116284192
80,true,MC,"3. VND NNI->ECR->SPR (Classic)",94,true,451.0000,992887.1153,869407496,55524762835,801095521715,135395530908,1363849962640,35063894592
80,true,MC,"3. VND NNI->ECR->SPR (Classic)",95,true,417.0000,1585458.8402,1051861344,22555257716,1461229959397,100619703382,2422012100488,44429840896
80,true,MC,"3. VND NNI->ECR->SPR (Classic)",96,true,387.0000,1360527.2957,940130445,33735554037,1214670534830,111179055247,2175754165632,42814474752
80,true,MC,"3. VND NNI->ECR->SPR (Classic)",97,true,445.0000,762334.3322,768066516,16021901947,526814950165,218728372263,1139166835024,49271246112
80,true,MC,"3. VND NNI->ECR->SPR (Classic)",98,true,372.0000,1594028.2360,840802683,17228663035,1484319599172,91637168609,2507758690896,49638302488
80,true,MC,"3. VND NNI->ECR->SPR (Classic)",99,true,392.0000,1139341.8230,799225418,24169351409,983919386194,130452234802,1826413348824,34626305456
80,true,MC,"3. VND NNI->ECR->SPR (Classic)",100,true,365.0000,1015535.6769,1168799665,33669299113,860536956930,120158814837,1486023211880,31429375496
80,true,MC,"4. VND NNI->SPR (Classic)",1,true,479.0000,325835.7662,615349046,0,0,325220016057,365609578608,38569497288
80,true,MC,"4. VND NNI->SPR (Classic)",2,true,597.0000,388143.0345,925148573,0,0,387217456286,421557153864,47709728456
80,true,MC,"4. VND NNI->SPR (Classic)",3,true,551.0000,353141.0747,882733043,0,0,352257934159,398659710064,71504193008
80,true,MC,"4. VND NNI->SPR (Classic)",4,true,506.0000,318219.1685,1147885023,0,0,317070806358,359800677056,65398410600
80,true,MC,"4. VND NNI->SPR (Classic)",5,true,482.0000,299423.5202,859434789,0,0,298563677425,336901052016,56814579208
80,true,MC,"4. VND NNI->SPR (Classic)",6,true,483.0000,341033.2076,621315638,0,0,340411516854,381689952464,40846051288
80,true,MC,"4. VND NNI->SPR (Classic)",7,false,Infinity,337130.4184,774019262,0,0,336356019648,376428457040,43234322808
80,true,MC,"4. VND NNI->SPR (Classic)",8,true,468.0000,330882.9231,688584565,0,0,330193969176,370399643344,43304446728
80,true,MC,"4. VND NNI->SPR (Classic)",9,false,Infinity,346715.4637,1019098511,0,0,345695896765,393414736536,45299674344
80,true,MC,"4. VND NNI->SPR (Classic)",10,true,472.0000,324698.4860,654518802,0,0,324043620075,364883970400,53458757240
80,true,MC,"4. VND NNI->SPR (Classic)",11,false,Infinity,346024.1488,558046026,0,0,345465741199,393043780920,65164793720
80,true,MC,"4. VND NNI->SPR (Classic)",12,true,471.0000,360439.1661,537292119,0,0,359901523573,409785869872,61213203976
80,true,MC,"4. VND NNI->SPR (Classic)",13,true,516.0000,324913.1229,945174329,0,0,323967539904,359409124360,44278628696
80,true,MC,"4. VND NNI->SPR (Classic)",14,true,537.0000,363048.1454,503756517,0,0,362544054132,404294651416,43387005744
80,true,MC,"4. VND NNI->SPR (Classic)",15,true,522.0000,353466.0785,551071320,0,0,352914671046,393100923648,45405664120
80,true,MC,"4. VND NNI->SPR (Classic)",16,true,540.0000,325786.9088,926335656,0,0,324860133578,359384561096,45759010208
80,true,MC,"4. VND NNI->SPR (Classic)",17,true,473.0000,314686.0469,789452091,0,0,313896181489,353948395072,47985468880
80,true,MC,"4. VND NNI->SPR (Classic)",18,false,Infinity,330212.4448,1007980776,0,0,329204013443,370751648440,45518826880
80,true,MC,"4. VND NNI->SPR (Classic)",19,false,Infinity,320884.4018,663216053,0,0,320220810388,359298011984,40836993880
80,true,MC,"4. VND NNI->SPR (Classic)",20,true,501.0000,347616.5143,801839985,0,0,346814278238,387092776232,49326485760
80,true,MC,"4. VND NNI->SPR (Classic)",21,false,Infinity,351280.7347,758256299,0,0,350522059673,392783594976,49678692176
80,true,MC,"4. VND NNI->SPR (Classic)",22,true,544.0000,362574.1964,1045232557,0,0,361528413483,404180149560,43130405376
80,true,MC,"4. VND NNI->SPR (Classic)",23,true,484.0000,321528.3521,878103559,0,0,320649825771,359595680592,44073666152
80,true,MC,"4. VND NNI->SPR (Classic)",24,true,564.0000,330066.8180,915613247,0,0,329150765133,370925443792,46909009464
80,true,MC,"4. VND NNI->SPR (Classic)",25,true,526.0000,325629.0876,735077607,0,0,324893623794,365256204208,42245971200
80,true,MC,"4. VND NNI->SPR (Classic)",26,true,485.0000,337406.0669,768843115,0,0,336636816837,376245749512,43977508448
80,true,MC,"4. VND NNI->SPR (Classic)",27,true,533.0000,355573.2066,799803251,0,0,354772995444,398693294928,48286912320
80,true,MC,"4. VND NNI->SPR (Classic)",28,true,545.0000,341531.7328,630328458,0,0,340901038652,381988209440,41975321064
80,true,MC,"4. VND NNI->SPR (Classic)",29,true,499.0000,338180.7768,589995689,0,0,337590429904,381578685376,43433350496
80,true,MC,"4. VND NNI->SPR (Classic)",30,true,520.0000,327823.2146,783083343,0,0,327039745881,370662557088,43112430592
80,true,MC,"4. VND NNI->SPR (Classic)",31,true,511.0000,340816.8596,717236616,0,0,340099255571,381785529616,44178149144
80,true,MC,"4. VND NNI->SPR (Classic)",32,false,Infinity,352591.3422,861790527,0,0,351729190713,392613672776,47846862336
80,true,MC,"4. VND NNI->SPR (Classic)",33,true,509.0000,332665.9130,555336623,0,0,332110240607,375773989712,66801208768
80,true,MC,"4. VND NNI->SPR (Classic)",34,true,513.0000,342798.4868,672686581,0,0,342125421931,387273318072,63772588264
80,true,MC,"4. VND NNI->SPR (Classic)",35,true,510.0000,335258.6099,1040822553,0,0,334217358979,376239675640,53887483296
80,true,MC,"4. VND NNI->SPR (Classic)",36,true,510.0000,337641.2023,652861599,0,0,336987970502,382141760080,62991945280
80,true,MC,"4. VND NNI->SPR (Classic)",37,true,516.0000,339803.0938,776752078,0,0,339025925200,382155451544,49488540080
80,true,MC,"4. VND NNI->SPR (Classic)",38,true,516.0000,332582.2743,807565404,0,0,331774318136,370441099016,44132273872
80,true,MC,"4. VND NNI->SPR (Classic)",39,true,537.0000,343729.6430,789826391,0,0,342939412952,381813538296,46288609328
80,true,MC,"4. VND NNI->SPR (Classic)",40,false,Infinity,342910.2809,1001407981,0,0,341908436349,387747899808,70488308784
80,true,MC,"4. VND NNI->SPR (Classic)",41,true,516.0000,329412.9526,993604714,0,0,328418892887,365734528968,45750977288
80,true,MC,"4. VND NNI->SPR (Classic)",42,true,541.0000,336037.2414,947994951,0,0,335088786851,376526310056,46388410728
80,true,MC,"4. VND NNI->SPR (Classic)",43,true,531.0000,335187.0680,832503922,0,0,334354143901,376418727184,42326845584
80,true,MC,"4. VND NNI->SPR (Classic)",44,false,Infinity,329651.9976,1080337835,0,0,328571174939,370989634904,42905201088
80,true,MC,"4. VND NNI->SPR (Classic)",45,true,560.0000,370082.8949,831431585,0,0,369251064866,415324031024,43067381360
80,true,MC,"4. VND NNI->SPR (Classic)",46,true,529.0000,375954.5942,760302396,0,0,375193896940,421125547576,43444368520
80,true,MC,"4. VND NNI->SPR (Classic)",47,false,Infinity,347182.5267,835851065,0,0,346346192974,387210719896,43415977952
80,true,MC,"4. VND NNI->SPR (Classic)",48,false,Infinity,321033.0752,587717333,0,0,320444985032,359295843912,43448924224
80,true,MC,"4. VND NNI->SPR (Classic)",49,true,509.0000,352596.0229,869788862,0,0,351725798759,399148193008,46419042432
80,true,MC,"4. VND NNI->SPR (Classic)",50,true,496.0000,347035.6644,870075175,0,0,346165157883,387671735432,41830203648
80,true,MC,"4. VND NNI->SPR (Classic)",51,true,518.0000,327188.3352,763002055,0,0,326424896792,364967285472,43549845504
80,true,MC,"4. VND NNI->SPR (Classic)",52,true,435.0000,297183.4088,813690145,0,0,296369318696,331300786168,42833169256
80,true,MC,"4. VND NNI->SPR (Classic)",53,true,527.0000,348791.8055,630402043,0,0,348161047071,387361287784,48069307752
80,true,MC,"4. VND NNI->SPR (Classic)",54,false,Infinity,313940.9792,1086722530,0,0,312853759024,354051480408,49867477568
80,true,MC,"4. VND NNI->SPR (Classic)",55,true,504.0000,304521.7829,1358006362,0,0,303163262844,342818525984,44954286552
80,true,MC,"4. VND NNI->SPR (Classic)",56,true,486.0000,351406.7761,584054386,0,0,350822384112,393267062168,41176704440
80,true,MC,"4. VND NNI->SPR (Classic)",57,true,561.0000,334820.3684,1022256331,0,0,333797622905,376638034672,43633399856
80,true,MC,"4. VND NNI->SPR (Classic)",58,true,495.0000,334674.5356,500068848,0,0,334174135383,376080566048,43875854912
80,true,MC,"4. VND NNI->SPR (Classic)",59,true,475.0000,335153.7446,1263520286,0,0,333889711531,376775526488,44518014608
80,true,MC,"4. VND NNI->SPR (Classic)",60,true,523.0000,309628.2841,794926012,0,0,308832933015,348111044080,45486720880
80,true,MC,"4. VND NNI->SPR (Classic)",61,true,530.0000,316003.8327,917943443,0,0,315085443642,354323507224,65555607384
80,true,MC,"4. VND NNI->SPR (Classic)",62,true,541.0000,337239.5875,705618041,0,0,336533565693,376371215288,42570817024
80,true,MC,"4. VND NNI->SPR (Classic)",63,true,521.0000,348736.9015,786495001,0,0,347950020025,387609875192,42844615664
80,true,MC,"4. VND NNI->SPR (Classic)",64,true,529.0000,339632.8187,636616586,0,0,338995850661,375973862048,70057527416
80,true,MC,"4. VND NNI->SPR (Classic)",65,true,488.0000,331444.9660,874302025,0,0,330570259185,375965595200,68983520752
80,true,MC,"4. VND NNI->SPR (Classic)",66,true,519.0000,328763.2126,759832258,0,0,328002983170,365066133192,42393052032
80,true,MC,"4. VND NNI->SPR (Classic)",67,true,515.0000,328297.5404,872046889,0,0,327425089119,365172661312,46077692896
80,true,MC,"4. VND NNI->SPR (Classic)",68,true,513.0000,342305.6063,677180073,0,0,341628070445,387144112536,67781294080
80,true,MC,"4. VND NNI->SPR (Classic)",69,true,535.0000,345436.9962,732774667,0,0,344703847189,392844234832,66720622176
80,true,MC,"4. VND NNI->SPR (Classic)",70,true,479.0000,322690.8369,804993013,0,0,321885416908,365074162368,59508350248
80,true,MC,"4. VND NNI->SPR (Classic)",71,false,Infinity,332031.2814,852080425,0,0,331178765464,370445119216,41419748296
80,true,MC,"4. VND NNI->SPR (Classic)",72,true,455.0000,309713.4587,568858340,0,0,309144274636,342361189080,40462590328
80,true,MC,"4. VND NNI->SPR (Classic)",73,true,532.0000,372884.4243,517380707,0,0,372366717797,415827265080,45629941480
80,true,MC,"4. VND NNI->SPR (Classic)",74,true,481.0000,341017.5497,748696643,0,0,340268464088,381815321520,65485938624
80,true,MC,"4. VND NNI->SPR (Classic)",75,true,499.0000,352427.2053,836481580,0,0,351590318917,398406237920,48554781840
80,true,MC,"4. VND NNI->SPR (Classic)",76,true,526.0000,336810.5228,970186873,0,0,335839909736,376427199608,41832192096
80,true,MC,"4. VND NNI->SPR (Classic)",77,true,544.0000,349191.4609,783174718,0,0,348407902149,387893271728,43245915264
80,true,MC,"4. VND NNI->SPR (Classic)",78,true,551.0000,363037.6702,983726476,0,0,362053533415,404265005400,43171849016
80,true,MC,"4. VND NNI->SPR (Classic)",79,true,488.0000,340867.3342,639911406,0,0,340227066025,382080003200,43424030352
80,true,MC,"4. VND NNI->SPR (Classic)",80,true,499.0000,333373.8857,907470066,0,0,332465957421,376390823160,42614817672
80,true,MC,"4. VND NNI->SPR (Classic)",81,true,513.0000,295762.0648,1172098274,0,0,294589444856,331635511176,43435379200
80,true,MC,"4. VND NNI->SPR (Classic)",82,true,464.0000,294866.5547,771159091,0,0,294094992573,337045510088,51031546368
80,true,MC,"4. VND NNI->SPR (Classic)",83,true,546.0000,366221.0929,1012809193,0,0,365207841849,415752821928,42499333664
80,true,MC,"4. VND NNI->SPR (Classic)",84,true,522.0000,341191.9940,848830991,0,0,340342772294,382032367752,44480696432
80,true,MC,"4. VND NNI->SPR (Classic)",85,true,558.0000,356560.8933,1067944557,0,0,355492475827,398589314416,43499939584
80,true,MC,"4. VND NNI->SPR (Classic)",86,false,Infinity,354301.3502,785327611,0,0,353515638944,398630458600,43082734392
80,true,MC,"4. VND NNI->SPR (Classic)",87,true,525.0000,337363.1256,870255961,0,0,336492390269,376487170984,43036457584
80,true,MC,"4. VND NNI->SPR (Classic)",88,false,Infinity,351416.0180,860490232,0,0,350555096589,393195817008,43657640752
80,true,MC,"4. VND NNI->SPR (Classic)",89,true,546.0000,351746.4829,1017616729,0,0,350728429179,393071256344,43352744480
80,true,MC,"4. VND NNI->SPR (Classic)",90,true,522.0000,324853.7660,893975718,0,0,323959351964,365139599728,43742038176
80,true,MC,"4. VND NNI->SPR (Classic)",91,true,539.0000,350267.7263,995146928,0,0,349272091577,393281219232,44294468608
80,true,MC,"4. VND NNI->SPR (Classic)",92,true,501.0000,349277.4513,1156218960,0,0,348120763192,382036979896,47633724456
80,true,MC,"4. VND NNI->SPR (Classic)",93,true,485.0000,316528.5041,780321604,0,0,315747813670,359493208984,58235954176
80,true,MC,"4. VND NNI->SPR (Classic)",94,true,536.0000,334575.7171,793738488,0,0,333781586472,377017696232,40912098144
80,true,MC,"4. VND NNI->SPR (Classic)",95,false,Infinity,336171.0109,1035856240,0,0,335134702869,376571931200,43460972960
80,true,MC,"4. VND NNI->SPR (Classic)",96,false,Infinity,338916.2444,920520243,0,0,337995277848,381586738064,47027374544
80,true,MC,"4. VND NNI->SPR (Classic)",97,true,509.0000,337399.2655,751587067,0,0,336647274687,376540797400,41040131528
80,true,MC,"4. VND NNI->SPR (Classic)",98,true,476.0000,301943.7610,845860439,0,0,301097475972,337466350592,43295770816
80,true,MC,"4. VND NNI->SPR (Classic)",99,true,496.0000,335272.1406,753410540,0,0,334518333223,375969638176,49374556064
80,true,MC,"4. VND NNI->SPR (Classic)",100,false,Infinity,340792.7967,1149547296,0,0,339642755841,387831897280,57944771072
80,true,MC,"5. VND NNI->ECR->SPR (Inc)",1,false,Infinity,8021.2059,16355440,272002621,5648806102,2083536985,22431908952,10348660952
80,true,MC,"5. VND NNI->ECR->SPR (Inc)",2,true,410.0000,12092.3884,19622904,122708214,10045285210,1904493475,32885506328,10302386968
80,true,MC,"5. VND NNI->ECR->SPR (Inc)",3,true,450.0000,6166.9417,20812247,394210181,3072968664,2678683410,17699953568,10298943392
80,true,MC,"5. VND NNI->ECR->SPR (Inc)",4,true,430.0000,6561.2669,22245742,194570135,3638458343,2705728207,19099161000,10299237224
80,true,MC,"5. VND NNI->ECR->SPR (Inc)",5,true,436.0000,6643.8015,20154796,158834650,3867724207,2596810208,19759860136,10299452248
80,true,MC,"5. VND NNI->ECR->SPR (Inc)",6,true,336.0000,8008.8104,12664504,215748028,5920303573,1859818260,22587332344,10299588920
80,true,MC,"5. VND NNI->ECR->SPR (Inc)",7,true,412.0000,6348.4119,13157189,166072224,3321206344,2847693500,18391483728,10298357480
80,true,MC,"5. VND NNI->ECR->SPR (Inc)",8,true,371.0000,8729.2623,15306768,143329105,6759541201,1810844332,24311832552,10299574464
80,true,MC,"5. VND NNI->ECR->SPR (Inc)",9,true,418.0000,9962.3171,22182283,250059043,7712673582,1977092931,25519192024,10300596016
80,true,MC,"5. VND NNI->ECR->SPR (Inc)",10,true,396.0000,7486.7344,14098660,258638148,4894334935,2319388793,20744457712,10300600112
80,true,MC,"5. VND NNI->ECR->SPR (Inc)",11,true,401.0000,7325.4980,11194297,387956589,5128596758,1797486099,20545918832,10299786808
80,true,MC,"5. VND NNI->ECR->SPR (Inc)",12,true,388.0000,9118.6760,12147260,236756569,6932339646,1937165767,25152243832,10299816232
80,true,MC,"5. VND NNI->ECR->SPR (Inc)",13,false,Infinity,8146.4297,20668712,298934326,5801887862,2024626031,22761367928,10299254128
80,true,MC,"5. VND NNI->ECR->SPR (Inc)",14,true,425.0000,7708.8563,10871132,197661886,4529451620,2970601873,22018171496,10298954224
80,true,MC,"5. VND NNI->ECR->SPR (Inc)",15,true,456.0000,7411.2193,12158131,281806304,4548463453,2568540250,21332601768,10298766768
80,true,MC,"5. VND NNI->ECR->SPR (Inc)",16,true,387.0000,10140.7837,19800724,128565971,7891130972,2101032335,27939514160,10300190968
80,true,MC,"5. VND NNI->ECR->SPR (Inc)",17,true,393.0000,7736.0866,16276883,187165295,5251153773,2281226894,21254854168,10299044024
80,true,MC,"5. VND NNI->ECR->SPR (Inc)",18,true,334.0000,11112.7771,19015570,230057599,10081326858,782085969,29314593336,10301856264
80,true,MC,"5. VND NNI->ECR->SPR (Inc)",19,true,435.0000,7029.6166,14659276,259704275,4019136912,2735754115,20026632304,10301856264
80,true,MC,"5. VND NNI->ECR->SPR (Inc)",20,true,416.0000,7188.0082,16766812,338012386,4883542390,1949438163,19942851408,10299215432
80,true,MC,"5. VND NNI->ECR->SPR (Inc)",21,true,451.0000,7062.2913,16975091,111178208,3870910876,3063025126,20485340368,10299263024
80,true,MC,"5. VND NNI->ECR->SPR (Inc)",22,true,442.0000,8135.3180,20456981,112416783,5277351892,2724857945,23088865992,10299289368
80,true,MC,"5. VND NNI->ECR->SPR (Inc)",23,true,414.0000,5571.2968,18319748,219486876,2425881056,2907397984,16580321552,10298955784
80,true,MC,"5. VND NNI->ECR->SPR (Inc)",24,true,432.0000,11340.6766,19087865,105266262,9497212292,1718884926,31890328416,10300896768
80,true,MC,"5. VND NNI->ECR->SPR (Inc)",25,true,478.0000,6137.4338,15814080,288619798,2958416414,2874356014,17747503312,10298558528
80,true,MC,"5. VND NNI->ECR->SPR (Inc)",26,true,431.0000,6857.7986,18586132,332068817,3948098517,2558808163,18700132880,10298402624
80,true,MC,"5. VND NNI->ECR->SPR (Inc)",27,true,436.0000,8099.4701,16602720,166588657,5085101409,2830950308,22897801648,10298624168
80,true,MC,"5. VND NNI->ECR->SPR (Inc)",28,true,460.0000,7088.0513,15766880,257787341,4443121460,2371108844,19687332920,10299614048
80,true,MC,"5. VND NNI->ECR->SPR (Inc)",29,true,414.0000,8570.1892,14554324,130594895,5731595903,2693215988,24436715928,10299797560
80,true,MC,"5. VND NNI->ECR->SPR (Inc)",30,false,Infinity,14000.7297,17479827,154290652,12838346560,990372585,37534334944,10301904848
80,true,MC,"5. VND NNI->ECR->SPR (Inc)",31,true,457.0000,6288.9941,15285756,241190702,2749084981,3283196091,17821826584,10301904848
80,true,MC,"5. VND NNI->ECR->SPR (Inc)",32,true,430.0000,6703.1545,15319761,234095111,3669565639,2783947633,19521105840,10298709536
80,true,MC,"5. VND NNI->ECR->SPR (Inc)",33,true,378.0000,8178.8162,13568971,157003931,5936906710,2071113405,22983512256,10300161088
80,true,MC,"5. VND NNI->ECR->SPR (Inc)",34,true,409.0000,7166.1275,17033700,131784868,4148602503,2868496984,20104133496,10300161088
80,true,MC,"5. VND NNI->ECR->SPR (Inc)",35,true,449.0000,7350.2764,17459720,312473325,4695497671,2324609596,21201055232,10298548640
80,true,MC,"5. VND NNI->ECR->SPR (Inc)",36,true,449.0000,7181.1534,12976756,129149727,3358636811,3680174030,21485484208,10298562688
80,true,MC,"5. VND NNI->ECR->SPR (Inc)",37,true,411.0000,7227.2581,14203017,294183117,4646178950,2272455776,20281817504,10299722808
80,true,MC,"5. VND NNI->ECR->SPR (Inc)",38,true,402.0000,7880.9066,17150732,107906883,5310589611,2445045945,22640585928,10299725368
80,true,MC,"5. VND NNI->ECR->SPR (Inc)",39,true,458.0000,5214.6344,14026062,274169010,1985576849,2940645733,15469612536,10298478976
80,true,MC,"5. VND NNI->ECR->SPR (Inc)",40,true,397.0000,8359.2762,17947567,192174729,6119595751,2029341786,22883074248,10300139288
80,true,MC,"5. VND NNI->ECR->SPR (Inc)",41,true,447.0000,5864.7155,22865409,286914827,2577371731,2977330549,17074232744,10300139288
80,true,MC,"5. VND NNI->ECR->SPR (Inc)",42,true,483.0000,7119.5039,19233333,273339863,3805130113,3021583636,20767392992,10298909112
80,true,MC,"5. VND NNI->ECR->SPR (Inc)",43,true,401.0000,8005.2397,16769287,302914590,5882711909,1802623023,21908588896,10298906104
80,true,MC,"5. VND NNI->ECR->SPR (Inc)",44,true,339.0000,8978.2451,21266709,148251550,7451173044,1357330072,24172544608,10300083624
80,true,MC,"5. VND NNI->ECR->SPR (Inc)",45,true,450.0000,9712.5821,22014099,146874831,7366220967,2177256335,27243004552,10300083624
80,true,MC,"5. VND NNI->ECR->SPR (Inc)",46,true,372.0000,11872.6719,15382490,231984115,10562145733,1062931105,31368083376,10301555640
80,true,MC,"5. VND NNI->ECR->SPR (Inc)",47,true,442.0000,8838.1282,18669289,249275155,6385715265,2184245435,24417429912,10301555640
80,true,MC,"5. VND NNI->ECR->SPR (Inc)",48,true,435.0000,7232.8932,13566045,252437717,4427279846,2539385180,20800714312,10299460816
80,true,MC,"5. VND NNI->ECR->SPR (Inc)",49,true,428.0000,8816.5543,15669145,228050235,6247827603,2324787824,23777404448,10299459096
80,true,MC,"5. VND NNI->ECR->SPR (Inc)",50,true,440.0000,7409.2190,20750637,296700664,4851377635,2240133275,20760855600,10299005760
80,true,MC,"5. VND NNI->ECR->SPR (Inc)",51,true,376.0000,8855.3158,12200609,142706616,6715287113,1984904459,24982589496,10300308264
80,true,MC,"5. VND NNI->ECR->SPR (Inc)",52,true,352.0000,7881.9774,15516496,313647859,6008821305,1543769164,20849176640,10300308264
80,true,MC,"5. VND NNI->ECR->SPR (Inc)",53,true,394.0000,9146.8721,13428485,164376642,7162096246,1806722227,25748387416,10299762688
80,true,MC,"5. VND NNI->ECR->SPR (Inc)",54,true,446.0000,8525.4003,20671649,109390786,5871285331,2523785998,23643355856,10299033064
80,true,MC,"5. VND NNI->ECR->SPR (Inc)",55,true,373.0000,9422.4338,26475132,135480224,7535638334,1724615473,26145938792,10299942800
80,true,MC,"5. VND NNI->ECR->SPR (Inc)",56,true,433.0000,7488.3883,15194401,57719713,4064289974,3350940406,21827074048,10299281040
80,true,MC,"5. VND NNI->ECR->SPR (Inc)",57,true,476.0000,9360.3642,29863154,269268442,6655936718,2405056044,25126361536,10301206408
80,true,MC,"5. VND NNI->ECR->SPR (Inc)",58,true,469.0000,7404.1345,11236606,213529765,4071202058,3107947236,21110843024,10301206408
80,true,MC,"5. VND NNI->ECR->SPR (Inc)",59,true,410.0000,7881.6197,21482640,234322282,5382264893,2243283645,22226396632,10300607952
80,true,MC,"5. VND NNI->ECR->SPR (Inc)",60,true,433.0000,9445.9663,20023815,149171208,7196047926,2080498712,26302148416,10300431648
80,true,MC,"5. VND NNI->ECR->SPR (Inc)",61,true,397.0000,9908.9744,16986881,230481068,8091318326,1569975565,26538497368,10300923040
80,true,MC,"5. VND NNI->ECR->SPR (Inc)",62,true,412.0000,9166.1289,17295326,110905525,6875956965,2161754668,25782863344,10300285632
80,true,MC,"5. VND NNI->ECR->SPR (Inc)",63,true,440.0000,6703.6023,20872880,302988530,3768159554,2611362485,19231664856,10300278848
80,true,MC,"5. VND NNI->ECR->SPR (Inc)",64,true,428.0000,6734.5476,14037293,306627298,4005390647,2408282991,18660604480,10299679824
80,true,MC,"5. VND NNI->ECR->SPR (Inc)",65,true,414.0000,8705.9463,20496103,133121660,6653462333,1898653023,24219853232,10301265728
80,true,MC,"5. VND NNI->ECR->SPR (Inc)",66,true,449.0000,8088.9913,15339879,96279785,4748416495,3228740603,23055078784,10301265728
80,true,MC,"5. VND NNI->ECR->SPR (Inc)",67,true,400.0000,6731.6672,19049312,222207726,4311411563,2178777578,19204179080,10300393224
80,true,MC,"5. VND NNI->ECR->SPR (Inc)",68,true,442.0000,6803.1974,13060102,229951301,3766475992,2793498785,19797210416,10300393224
80,true,MC,"5. VND NNI->ECR->SPR (Inc)",69,true,419.0000,10341.1939,13189440,194426832,8175770430,1957572367,27808929496,10300659960
80,true,MC,"5. VND NNI->ECR->SPR (Inc)",70,true,430.0000,5586.6073,17999877,276982980,2341522184,2949872108,16721919808,10299770560
80,true,MC,"5. VND NNI->ECR->SPR (Inc)",71,true,385.0000,6890.5639,15820342,116819722,4304774403,2452944204,20159640392,10300241504
80,true,MC,"5. VND NNI->ECR->SPR (Inc)",72,true,381.0000,7739.2720,13951449,160507705,5206156974,2358440375,21832637944,10300333272
80,true,MC,"5. VND NNI->ECR->SPR (Inc)",73,true,419.0000,6097.6670,11135403,426270842,3831394535,1828654171,17114692680,10300112272
80,true,MC,"5. VND NNI->ECR->SPR (Inc)",74,true,447.0000,5356.2781,17846484,433235332,2520301602,2384685600,15806830200,10300112272
80,true,MC,"5. VND NNI->ECR->SPR (Inc)",75,true,438.0000,6927.1860,20233072,169428157,4150305131,2587015188,20289966088,10299820032
80,true,MC,"5. VND NNI->ECR->SPR (Inc)",76,true,435.0000,6562.3973,21780095,145835185,3794986445,2599583436,18846022624,10299912664
80,true,MC,"5. VND NNI->ECR->SPR (Inc)",77,true,434.0000,8638.3801,17034371,240969330,5857986603,2522139147,24094536424,10300063728
80,true,MC,"5. VND NNI->ECR->SPR (Inc)",78,true,463.0000,8736.7093,19674111,216524880,6297296837,2203003092,23609443504,10300976552
80,true,MC,"5. VND NNI->ECR->SPR (Inc)",79,true,441.0000,5185.3528,17727938,280887436,1833530183,3052993662,15769921000,10300976552
80,true,MC,"5. VND NNI->ECR->SPR (Inc)",80,true,399.0000,7118.1438,16160940,287679631,4949244867,1864845048,19302302384,10299883952
80,true,MC,"5. VND NNI->ECR->SPR (Inc)",81,true,393.0000,9937.2283,28613318,122358084,8032797168,1753252996,26894780648,10301424160
80,true,MC,"5. VND NNI->ECR->SPR (Inc)",82,true,401.0000,7801.8750,20418054,213012522,5236747301,2331489267,21709469424,10301424160
80,true,MC,"5. VND NNI->ECR->SPR (Inc)",83,true,420.0000,9916.8057,27066406,189319120,7676113226,2024088097,26629044992,10300357264
80,true,MC,"5. VND NNI->ECR->SPR (Inc)",84,true,406.0000,7441.2420,21041650,185640513,5079389568,2154961462,20928096344,10299640328
80,true,MC,"5. VND NNI->ECR->SPR (Inc)",85,true,390.0000,10287.7202,17086791,106470122,8726283165,1437662624,28254546896,10300900664
80,true,MC,"5. VND NNI->ECR->SPR (Inc)",86,true,428.0000,6647.2137,15231844,251628490,3385547560,2994589788,19391495688,10299759336
80,true,MC,"5. VND NNI->ECR->SPR (Inc)",87,true,413.0000,7405.8322,17464188,133580191,4721911425,2532661915,21432744768,10300017304
80,true,MC,"5. VND NNI->ECR->SPR (Inc)",88,true,405.0000,9218.7709,17129120,148811224,6804287716,2248333618,25795951928,10301177832
80,true,MC,"5. VND NNI->ECR->SPR (Inc)",89,true,416.0000,7261.3056,18756616,335447561,5104644919,1802241918,19844721880,10301177832
80,true,MC,"5. VND NNI->ECR->SPR (Inc)",90,true,428.0000,7275.4015,16599413,233534645,4209021911,2816034777,20214925232,10300600288
80,true,MC,"5. VND NNI->ECR->SPR (Inc)",91,true,403.0000,8690.8029,23083373,123364236,6193845326,2350297060,24543872448,10300570416
80,true,MC,"5. VND NNI->ECR->SPR (Inc)",92,true,433.0000,7586.4603,21392237,240771095,4965876994,2358190961,21370055440,10300117688
80,true,MC,"5. VND NNI->ECR->SPR (Inc)",93,true,418.0000,8835.3953,15829580,187606402,6566322048,2065424798,23984480696,10300058272
80,true,MC,"5. VND NNI->ECR->SPR (Inc)",94,true,403.0000,7165.7507,18488396,422013695,5113902734,1611120172,19212403696,10299586720
80,true,MC,"5. VND NNI->ECR->SPR (Inc)",95,true,434.0000,9788.2733,22789634,174532101,7763427563,1827310125,27167837992,10301104616
80,true,MC,"5. VND NNI->ECR->SPR (Inc)",96,true,408.0000,9498.7606,17339310,135942954,7380824738,1964436961,26137459504,10300324520
80,true,MC,"5. VND NNI->ECR->SPR (Inc)",97,true,453.0000,7602.8810,15692389,242238164,4588312538,2756420530,21676255680,10299527960
80,true,MC,"5. VND NNI->ECR->SPR (Inc)",98,true,423.0000,9163.9032,17246293,145961215,6985486685,2014989907,24366602896,10300704928
80,true,MC,"5. VND NNI->ECR->SPR (Inc)",99,true,389.0000,6991.6657,16640742,218813351,4586138143,2169853098,19459063208,10300163520
80,true,MC,"5. VND NNI->ECR->SPR (Inc)",100,true,373.0000,9231.4593,18820488,294465975,7696043764,1221901225,24932875144,10301831152
80,true,MC,"6. VND NNI->SPR (Inc)",1,true,469.0000,5449.1977,14816343,0,0,5434029953,17534824208,10331964720
80,true,MC,"6. VND NNI->SPR (Inc)",2,true,602.0000,5885.3602,18683526,0,0,5866502767,19128705504,10298410288
80,true,MC,"6. VND NNI->SPR (Inc)",3,false,Infinity,5426.1141,19945888,0,0,5405980046,17664686520,10298327800
80,true,MC,"6. VND NNI->SPR (Inc)",4,true,509.0000,5065.3214,21424910,0,0,5043715574,16485296400,10298323296
80,true,MC,"6. VND NNI->SPR (Inc)",5,true,504.0000,4621.0738,18990801,0,0,4601910485,15320702448,10298334544
80,true,MC,"6. VND NNI->SPR (Inc)",6,true,483.0000,5208.5737,11666824,0,0,5196682089,16733423216,10298343824
80,true,MC,"6. VND NNI->SPR (Inc)",7,false,Infinity,5504.7757,12696762,0,0,5491890093,17760830712,10298343824
80,true,MC,"6. VND NNI->SPR (Inc)",8,true,487.0000,4905.3684,14187136,0,0,4890999776,15848295856,10298342824
80,true,MC,"6. VND NNI->SPR (Inc)",9,true,536.0000,5425.0151,20997175,0,0,5403821822,17352200936,10298334456
80,true,MC,"6. VND NNI->SPR (Inc)",10,true,466.0000,5150.1920,13109377,0,0,5136909020,16681633608,10298404088
80,true,MC,"6. VND NNI->SPR (Inc)",11,true,529.0000,5188.5977,10628380,0,0,5177770869,16759809832,10298369040
80,true,MC,"6. VND NNI->SPR (Inc)",12,true,468.0000,5594.0733,11062816,0,0,5582840154,18020816792,10298362368
80,true,MC,"6. VND NNI->SPR (Inc)",13,true,534.0000,5256.0055,18871233,0,0,5236964505,16974159648,10298361440
80,true,MC,"6. VND NNI->SPR (Inc)",14,true,550.0000,5488.8872,9724972,0,0,5478981549,17637899880,10298364616
80,true,MC,"6. VND NNI->SPR (Inc)",15,true,524.0000,5217.1262,10797751,0,0,5206138780,16814155088,10298361152
80,true,MC,"6. VND NNI->SPR (Inc)",16,true,533.0000,5185.1332,18812422,0,0,5166134733,16761231280,10298353600
80,true,MC,"6. VND NNI->SPR (Inc)",17,true,465.0000,4944.8591,14774182,0,0,4929912107,16002181848,10298358048
80,true,MC,"6. VND NNI->SPR (Inc)",18,false,Infinity,5559.7946,18295508,0,0,5541309234,17678526344,10298358048
80,true,MC,"6. VND NNI->SPR (Inc)",19,false,Infinity,5126.0520,14013085,0,0,5111855842,16843703856,10298372824
80,true,MC,"6. VND NNI->SPR (Inc)",20,true,521.0000,5083.5451,14854286,0,0,5068524247,16515994264,10298372824
80,true,MC,"6. VND NNI->SPR (Inc)",21,true,531.0000,4689.2717,16002489,0,0,4673094240,15306693408,10298359112
80,true,MC,"6. VND NNI->SPR (Inc)",22,true,530.0000,4940.4089,18862276,0,0,4921363462,16227330264,10298359112
80,true,MC,"6. VND NNI->SPR (Inc)",23,true,482.0000,4975.1555,17646434,0,0,4957336615,15816551768,10298375336
80,true,MC,"6. VND NNI->SPR (Inc)",24,false,Infinity,5318.7166,18804596,0,0,5299711568,17014713320,10298386152
80,true,MC,"6. VND NNI->SPR (Inc)",25,false,Infinity,5200.8023,15228968,0,0,5185376951,16722894752,10298374384
80,true,MC,"6. VND NNI->SPR (Inc)",26,false,Infinity,4919.6688,17482123,0,0,4902006946,15887366592,10298374384
80,true,MC,"6. VND NNI->SPR (Inc)",27,true,540.0000,5606.5248,15630300,0,0,5590721280,17726486832,10298360528
80,true,MC,"6. VND NNI->SPR (Inc)",28,true,547.0000,5410.5357,14561167,0,0,5395799218,17189537608,10298368912
80,true,MC,"6. VND NNI->SPR (Inc)",29,false,Infinity,5280.7559,13990214,0,0,5266573275,16852878856,10298360712
80,true,MC,"6. VND NNI->SPR (Inc)",30,false,Infinity,4930.9754,16383433,0,0,4914402355,16132710480,10298360712
80,true,MC,"6. VND NNI->SPR (Inc)",31,true,523.0000,5472.4651,14165806,0,0,5458098439,17387018488,10298368432
80,true,MC,"6. VND NNI->SPR (Inc)",32,true,564.0000,5478.6315,13996164,0,0,5464458903,17840162560,10298368432
80,true,MC,"6. VND NNI->SPR (Inc)",33,true,474.0000,4536.8061,12406761,0,0,4524196513,14565124480,10298375424
80,true,MC,"6. VND NNI->SPR (Inc)",34,true,527.0000,5703.8072,15710925,0,0,5687923810,18386556000,10298375424
80,true,MC,"6. VND NNI->SPR (Inc)",35,true,564.0000,5457.0419,16241664,0,0,5440624603,17484866312,10298362248
80,true,MC,"6. VND NNI->SPR (Inc)",36,true,529.0000,5309.4204,11855312,0,0,5297391667,17270667856,10298362248
80,true,MC,"6. VND NNI->SPR (Inc)",37,true,514.0000,5395.6081,13108045,0,0,5382320298,17237097280,10298351032
80,true,MC,"6. VND NNI->SPR (Inc)",38,false,Infinity,4877.5440,16767093,0,0,4860599130,15815107912,10298355120
80,true,MC,"6. VND NNI->SPR (Inc)",39,true,525.0000,5368.4826,13346828,0,0,5354951646,17054605912,10298370344
80,true,MC,"6. VND NNI->SPR (Inc)",40,true,494.0000,4972.8030,17097351,0,0,4955529809,15947350744,10298347896
80,true,MC,"6. VND NNI->SPR (Inc)",41,true,516.0000,4984.5959,22038546,0,0,4962384043,16117463584,10298356560
80,true,MC,"6. VND NNI->SPR (Inc)",42,true,553.0000,5123.5364,17694296,0,0,5105669138,16645279040,10298360768
80,true,MC,"6. VND NNI->SPR (Inc)",43,true,549.0000,5238.0737,15592459,0,0,5222314819,16984667008,10298360768
80,true,MC,"6. VND NNI->SPR (Inc)",44,true,511.0000,5267.5310,20248523,0,0,5247103784,16548326640,10298363992
80,true,MC,"6. VND NNI->SPR (Inc)",45,true,538.0000,5255.2342,21203097,0,0,5233861344,16882964816,10298365304
80,true,MC,"6. VND NNI->SPR (Inc)",46,false,Infinity,5677.4937,14751320,0,0,5662561274,18143268008,10298380344
80,true,MC,"6. VND NNI->SPR (Inc)",47,true,521.0000,5474.8099,17695297,0,0,5456942531,17814730104,10298380344
80,true,MC,"6. VND NNI->SPR (Inc)",48,false,Infinity,4833.6842,12738171,0,0,4820756639,15629176464,10298359456
80,true,MC,"6. VND NNI->SPR (Inc)",49,true,494.0000,5312.8802,14064093,0,0,5298645020,17101564808,10298359456
80,true,MC,"6. VND NNI->SPR (Inc)",50,false,Infinity,5078.9397,19882376,0,0,5058880800,16316955264,10298366064
80,true,MC,"6. VND NNI->SPR (Inc)",51,true,496.0000,5079.6657,11135023,0,0,5068359665,16138270216,10298366064
80,true,MC,"6. VND NNI->SPR (Inc)",52,true,439.0000,4742.3588,14522102,0,0,4727658414,15224823240,10298358384
80,true,MC,"6. VND NNI->SPR (Inc)",53,true,539.0000,5035.0269,12314326,0,0,5022537864,16270725960,10298356112
80,true,MC,"6. VND NNI->SPR (Inc)",54,true,513.0000,4920.9726,19595200,0,0,4901192197,15726299920,10298379288
80,true,MC,"6. VND NNI->SPR (Inc)",55,true,494.0000,4988.4942,25602653,0,0,4962715342,16154433360,10298379288
80,true,MC,"6. VND NNI->SPR (Inc)",56,true,511.0000,5747.5459,13778289,0,0,5733586417,18537769384,10298363112
80,true,MC,"6. VND NNI->SPR (Inc)",57,true,593.0000,5095.2685,29173443,0,0,5065902602,16350478560,10299248224
80,true,MC,"6. VND NNI->SPR (Inc)",58,true,506.0000,5376.6538,10219723,0,0,5366248277,17359746472,10299255600
80,true,MC,"6. VND NNI->SPR (Inc)",59,true,494.0000,5027.3760,20324837,0,0,5006872277,16358766112,10299268968
80,true,MC,"6. VND NNI->SPR (Inc)",60,true,532.0000,4885.9611,18914496,0,0,4866870454,16000193008,10299268528
80,true,MC,"6. VND NNI->SPR (Inc)",61,false,Infinity,5139.4106,15969487,0,0,5123258894,16235217784,10299273056
80,true,MC,"6. VND NNI->SPR (Inc)",62,true,539.0000,5207.5433,15794132,0,0,5191570859,17021758872,10299273056
80,true,MC,"6. VND NNI->SPR (Inc)",63,true,528.0000,5254.2082,19385892,0,0,5234648050,16947377640,10299264056
80,true,MC,"6. VND NNI->SPR (Inc)",64,true,525.0000,5331.3788,12576895,0,0,5318624370,17324416232,10299284800
80,true,MC,"6. VND NNI->SPR (Inc)",65,false,Infinity,5148.0064,19589650,0,0,5128225689,16734336264,10299284800
80,true,MC,"6. VND NNI->SPR (Inc)",66,true,526.0000,5246.1290,14052850,0,0,5231886709,17464840648,10300116720
80,true,MC,"6. VND NNI->SPR (Inc)",67,true,516.0000,4992.6865,17848028,0,0,4974670565,16356268168,10299220256
80,true,MC,"6. VND NNI->SPR (Inc)",68,true,513.0000,5356.0343,11786032,0,0,5344079032,17315351952,10299216240
80,true,MC,"6. VND NNI->SPR (Inc)",69,false,Infinity,5178.7798,12543902,0,0,5166048139,17064031144,10299194504
80,true,MC,"6. VND NNI->SPR (Inc)",70,true,485.0000,4988.6131,16289775,0,0,4972141176,16304128608,10299199968
80,true,MC,"6. VND NNI->SPR (Inc)",71,true,464.0000,4721.7381,14769865,0,0,4706793279,15311170768,10299199968
80,true,MC,"6. VND NNI->SPR (Inc)",72,true,485.0000,4921.1106,12784420,0,0,4908152491,16095896296,10299205928
80,true,MC,"6. VND NNI->SPR (Inc)",73,true,512.0000,5469.6093,10126244,0,0,5459311415,17485310720,10299205928
80,true,MC,"6. VND NNI->SPR (Inc)",74,true,510.0000,5465.9501,16869257,0,0,5448915228,17533578840,10299191328
80,true,MC,"6. VND NNI->SPR (Inc)",75,true,488.0000,5157.0633,19326359,0,0,5137563675,16649307144,10299194040
80,true,MC,"6. VND NNI->SPR (Inc)",76,true,545.0000,5012.2840,20903017,0,0,4991203402,16249987456,10299203024
80,true,MC,"6. VND NNI->SPR (Inc)",77,true,533.0000,5219.8609,14324017,0,0,5205352856,16629423816,10299190400
80,true,MC,"6. VND NNI->SPR (Inc)",78,true,536.0000,5449.5328,18308082,0,0,5431052822,17459679552,10299203960
80,true,MC,"6. VND NNI->SPR (Inc)",79,true,483.0000,5324.0680,16401457,0,0,5307490141,16975231192,10299203264
80,true,MC,"6. VND NNI->SPR (Inc)",80,true,496.0000,4987.0969,14937674,0,0,4971976276,16031894760,10299203264
80,true,MC,"6. VND NNI->SPR (Inc)",81,false,Infinity,5048.0745,28721224,0,0,5019160156,15753764224,10299201928
80,true,MC,"6. VND NNI->SPR (Inc)",82,true,458.0000,5012.9312,19314267,0,0,4993440722,16024971976,10299222184
80,true,MC,"6. VND NNI->SPR (Inc)",83,false,Infinity,5271.4829,26951889,0,0,5244337641,16799380888,10299232096
80,true,MC,"6. VND NNI->SPR (Inc)",84,true,527.0000,5255.3896,19779871,0,0,5235434823,17000749912,10299211824
80,true,MC,"6. VND NNI->SPR (Inc)",85,true,569.0000,5450.0995,16209011,0,0,5433719351,17429516480,10299207288
80,true,MC,"6. VND NNI->SPR (Inc)",86,true,527.0000,5751.7232,14151479,0,0,5737394549,18540916728,10299218240
80,true,MC,"6. VND NNI->SPR (Inc)",87,false,Infinity,5374.0913,16770188,0,0,5357139594,17309707792,10299204024
80,true,MC,"6. VND NNI->SPR (Inc)",88,false,Infinity,5481.1823,17074055,0,0,5463918014,17534825904,10299198752
80,true,MC,"6. VND NNI->SPR (Inc)",89,true,538.0000,5812.3314,17337247,0,0,5794825475,18656035688,10299202640
80,true,MC,"6. VND NNI->SPR (Inc)",90,true,501.0000,4929.6932,15160879,0,0,4914365460,16090226176,10299203160
80,true,MC,"6. VND NNI->SPR (Inc)",91,true,526.0000,5143.9277,21628437,0,0,5122120465,16681452296,10299191208
80,true,MC,"6. VND NNI->SPR (Inc)",92,true,514.0000,5215.5447,20265625,0,0,5195089656,16684302536,10299216632
80,true,MC,"6. VND NNI->SPR (Inc)",93,true,499.0000,5315.2009,14849417,0,0,5300171279,17154108536,10299211096
80,true,MC,"6. VND NNI->SPR (Inc)",94,true,543.0000,5271.1187,17267644,0,0,5253682361,16723013904,10299205216
80,true,MC,"6. VND NNI->SPR (Inc)",95,false,Infinity,5011.4105,21860497,0,0,4989353939,16423131984,10299205216
80,true,MC,"6. VND NNI->SPR (Inc)",96,true,528.0000,5381.1690,16489856,0,0,5364500572,17226358824,10299193336
80,true,MC,"6. VND NNI->SPR (Inc)",97,false,Infinity,5213.2439,15100362,0,0,5197957120,17018197976,10299193632
80,true,MC,"6. VND NNI->SPR (Inc)",98,false,Infinity,4999.8188,16798433,0,0,4982829052,16190662176,10299201488
80,true,MC,"6. VND NNI->SPR (Inc)",99,true,488.0000,4932.3169,15557964,0,0,4916563880,15871588344,10299201488
80,true,MC,"6. VND NNI->SPR (Inc)",100,true,495.0000,5526.5591,17967415,0,0,5508403954,17557074176,10299186888
80,true,MP,"1. NNI (Classic)",1,false,Infinity,346.6705,0,0,0,0,634459008,634527352
80,true,MP,"1. NNI (Classic)",2,false,Infinity,218.2593,0,0,0,0,569530928,1204952696
80,true,MP,"1. NNI (Classic)",3,false,Infinity,112.8384,0,0,0,0,289735688,1506942584
80,true,MP,"1. NNI (Classic)",4,false,Infinity,157.9094,0,0,0,0,417594696,1909595768
80,true,MP,"1. NNI (Classic)",5,false,Infinity,258.2693,0,0,0,0,566951112,2480021112
80,true,MP,"1. NNI (Classic)",6,false,Infinity,133.0271,0,0,0,0,349125592,2849119864
80,true,MP,"1. NNI (Classic)",7,false,Infinity,285.8006,0,0,0,0,760053896,3587317368
80,true,MP,"1. NNI (Classic)",8,false,Infinity,151.3190,0,0,0,0,399227000,3989970552
80,true,MP,"1. NNI (Classic)",9,false,Infinity,359.1949,0,0,0,0,955784296,4963049080
80,true,MP,"1. NNI (Classic)",10,false,Infinity,102.0905,0,0,0,0,267913744,5231484536
80,true,MP,"1. NNI (Classic)",11,false,Infinity,215.7585,0,0,0,0,566923984,5801909880
80,true,MP,"1. NNI (Classic)",12,false,Infinity,333.4645,0,0,0,0,883635064,6674325112
80,true,MP,"1. NNI (Classic)",13,false,Infinity,129.9351,0,0,0,0,342552856,7009869432
80,true,MP,"1. NNI (Classic)",14,false,Infinity,152.2762,0,0,0,0,401245064,7412522616
80,true,MP,"1. NNI (Classic)",15,false,Infinity,137.2528,0,0,0,0,360178792,7781621368
80,true,MP,"1. NNI (Classic)",16,false,Infinity,148.7016,0,0,0,0,396157448,8184274552
80,true,MP,"1. NNI (Classic)",17,false,Infinity,297.8128,0,0,0,0,805069536,8989580920
80,true,MP,"1. NNI (Classic)",18,false,Infinity,235.0199,0,0,0,0,622344480,9593560696
80,true,MP,"1. NNI (Classic)",19,false,Infinity,124.9046,0,0,0,0,323876864,9929105016
80,true,MP,"1. NNI (Classic)",20,false,Infinity,145.1050,0,0,0,0,380314256,10298203768
80,true,MP,"1. NNI (Classic)",21,false,Infinity,139.5761,0,0,0,0,358489408,10332889752
80,true,MP,"1. NNI (Classic)",22,false,Infinity,124.7173,0,0,0,0,324408616,702767768
80,true,MP,"1. NNI (Classic)",23,false,Infinity,189.3040,0,0,0,0,495025912,1172529816
80,true,MP,"1. NNI (Classic)",24,false,Infinity,167.1050,0,0,0,0,439246208,1608737432
80,true,MP,"1. NNI (Classic)",25,false,Infinity,209.3534,0,0,0,0,553491864,2179162776
80,true,MP,"1. NNI (Classic)",26,false,Infinity,157.2889,0,0,0,0,417452352,2581815960
80,true,MP,"1. NNI (Classic)",27,false,Infinity,190.8309,0,0,0,0,495577120,3085132440
80,true,MP,"1. NNI (Classic)",28,false,Infinity,270.3384,0,0,0,0,698834976,3789775512
80,true,MP,"1. NNI (Classic)",29,false,Infinity,160.3792,0,0,0,0,423043456,4225983128
80,true,MP,"1. NNI (Classic)",30,false,Infinity,217.3967,0,0,0,0,569208704,4796408472
80,true,MP,"1. NNI (Classic)",31,false,Infinity,182.4186,0,0,0,0,476052208,5266170520
80,true,MP,"1. NNI (Classic)",32,false,Infinity,176.8859,0,0,0,0,468642096,5735932568
80,true,MP,"1. NNI (Classic)",33,false,Infinity,137.4279,0,0,0,0,358064632,6071476888
80,true,MP,"1. NNI (Classic)",34,false,Infinity,151.5622,0,0,0,0,397121016,6474130072
80,true,MP,"1. NNI (Classic)",35,false,Infinity,259.4603,0,0,0,0,690049216,7178773144
80,true,MP,"1. NNI (Classic)",36,false,Infinity,146.7457,0,0,0,0,386858624,7547871896
80,true,MP,"1. NNI (Classic)",37,false,Infinity,268.6003,0,0,0,0,723497352,8286069400
80,true,MP,"1. NNI (Classic)",38,false,Infinity,151.5606,0,0,0,0,395136776,8688722584
80,true,MP,"1. NNI (Classic)",39,false,Infinity,371.3548,0,0,0,0,975332128,9661801112
80,true,MP,"1. NNI (Classic)",40,false,Infinity,156.3446,0,0,0,0,416251128,10064454296
80,true,MP,"1. NNI (Classic)",41,false,Infinity,304.3108,0,0,0,0,790418112,10329461320
80,true,MP,"1. NNI (Classic)",42,false,Infinity,165.1861,0,0,0,0,433177536,1068438088
80,true,MP,"1. NNI (Classic)",43,false,Infinity,223.2569,0,0,0,0,580943184,1638863432
80,true,MP,"1. NNI (Classic)",44,false,Infinity,172.3172,0,0,0,0,449951632,2075071048
80,true,MP,"1. NNI (Classic)",45,false,Infinity,138.0868,0,0,0,0,359488160,2444169800
80,true,MP,"1. NNI (Classic)",46,false,Infinity,278.7922,0,0,0,0,738423128,3182367304
80,true,MP,"1. NNI (Classic)",47,false,Infinity,172.8659,0,0,0,0,452603608,3652129352
80,true,MP,"1. NNI (Classic)",48,false,Infinity,194.0587,0,0,0,0,513954352,4155445832
80,true,MP,"1. NNI (Classic)",49,false,Infinity,137.2431,0,0,0,0,360286584,4524544584
80,true,MP,"1. NNI (Classic)",50,false,Infinity,150.7733,0,0,0,0,400100592,4927197768
80,true,MP,"1. NNI (Classic)",51,false,Infinity,218.3182,0,0,0,0,579096624,5497623112
80,true,MP,"1. NNI (Classic)",52,false,Infinity,259.8842,0,0,0,0,694058128,6202266184
80,true,MP,"1. NNI (Classic)",53,false,Infinity,188.0875,0,0,0,0,490365768,6672028232
80,true,MP,"1. NNI (Classic)",54,false,Infinity,224.8462,0,0,0,0,598844000,7276008008
80,true,MP,"1. NNI (Classic)",55,false,Infinity,232.1759,0,0,0,0,624818184,7913542216
80,true,MP,"1. NNI (Classic)",56,false,Infinity,155.5900,0,0,0,0,416296992,8316195400
80,true,MP,"1. NNI (Classic)",57,false,Infinity,194.5372,0,0,0,0,516588432,8819511880
80,true,MP,"1. NNI (Classic)",58,false,Infinity,288.6875,0,0,0,0,748917512,9591263816
80,true,MP,"1. NNI (Classic)",59,false,Infinity,301.7434,0,0,0,0,772450392,10404527992
80,true,MP,"1. NNI (Classic)",60,false,Infinity,207.3968,0,0,0,0,542766728,707297144
80,true,MP,"1. NNI (Classic)",61,false,Infinity,258.4335,0,0,0,0,676797720,1378385784
80,true,MP,"1. NNI (Classic)",62,false,Infinity,163.0113,0,0,0,0,419401744,1814593400
80,true,MP,"1. NNI (Classic)",63,false,Infinity,131.9660,0,0,0,0,342522144,2150137720
80,true,MP,"1. NNI (Classic)",64,false,Infinity,199.5111,0,0,0,0,516894880,2653454200
80,true,MP,"1. NNI (Classic)",65,false,Infinity,180.0441,0,0,0,0,475631480,3123216248
80,true,MP,"1. NNI (Classic)",66,false,Infinity,207.0120,0,0,0,0,545713776,3693641592
80,true,MP,"1. NNI (Classic)",67,false,Infinity,109.1247,0,0,0,0,285952400,3962077048
80,true,MP,"1. NNI (Classic)",68,false,Infinity,140.9450,0,0,0,0,365309704,4331175800
80,true,MP,"1. NNI (Classic)",69,false,Infinity,142.5318,0,0,0,0,377694032,4700274552
80,true,MP,"1. NNI (Classic)",70,false,Infinity,150.5374,0,0,0,0,394082432,5102927736
80,true,MP,"1. NNI (Classic)",71,false,Infinity,186.3393,0,0,0,0,496198704,5606244216
80,true,MP,"1. NNI (Classic)",72,false,Infinity,190.3949,0,0,0,0,505218568,6109560696
80,true,MP,"1. NNI (Classic)",73,false,Infinity,153.4266,0,0,0,0,396540688,6512213880
80,true,MP,"1. NNI (Classic)",74,false,Infinity,187.0389,0,0,0,0,489796336,6981975928
80,true,MP,"1. NNI (Classic)",75,false,Infinity,183.8232,0,0,0,0,485871008,7485292408
80,true,MP,"1. NNI (Classic)",76,false,Infinity,143.1023,0,0,0,0,381312968,7854391160
80,true,MP,"1. NNI (Classic)",77,false,Infinity,283.5728,0,0,0,0,771112296,8626143096
80,true,MP,"1. NNI (Classic)",78,false,Infinity,207.0477,0,0,0,0,543324368,9163014008
80,true,MP,"1. NNI (Classic)",79,false,Infinity,164.9389,0,0,0,0,436250304,9599221624
80,true,MP,"1. NNI (Classic)",80,false,Infinity,178.3954,0,0,0,0,469686712,10068983672
80,true,MP,"1. NNI (Classic)",81,false,Infinity,199.2562,0,0,0,0,508145568,10303864696
80,true,MP,"1. NNI (Classic)",82,false,Infinity,142.7490,0,0,0,0,377038456,741722992
80,true,MP,"1. NNI (Classic)",83,false,Infinity,258.1784,0,0,0,0,677117504,1412811632
80,true,MP,"1. NNI (Classic)",84,false,Infinity,123.4595,0,0,0,0,326437816,1748355952
80,true,MP,"1. NNI (Classic)",85,false,Infinity,287.6906,0,0,0,0,754398424,2486553456
80,true,MP,"1. NNI (Classic)",86,false,Infinity,264.9037,0,0,0,0,693517016,3191196528
80,true,MP,"1. NNI (Classic)",87,false,Infinity,146.7337,0,0,0,0,378660920,3560295280
80,true,MP,"1. NNI (Classic)",88,false,Infinity,266.1025,0,0,0,0,693080584,4264938352
80,true,MP,"1. NNI (Classic)",89,false,Infinity,162.0238,0,0,0,0,425600544,4701145968
80,true,MP,"1. NNI (Classic)",90,false,Infinity,174.4308,0,0,0,0,451988640,5137353584
80,true,MP,"1. NNI (Classic)",91,false,Infinity,136.8558,0,0,0,0,360517248,5506452336
80,true,MP,"1. NNI (Classic)",92,false,Infinity,135.5782,0,0,0,0,357196800,5841996656
80,true,MP,"1. NNI (Classic)",93,false,Infinity,124.6859,0,0,0,0,326148608,6177540976
80,true,MP,"1. NNI (Classic)",94,false,Infinity,239.1378,0,0,0,0,640299840,6815075184
80,true,MP,"1. NNI (Classic)",95,false,Infinity,143.0495,0,0,0,0,378265072,7184173936
80,true,MP,"1. NNI (Classic)",96,false,Infinity,224.5365,0,0,0,0,588298600,7788153712
80,true,MP,"1. NNI (Classic)",97,false,Infinity,162.7986,0,0,0,0,431651000,8224361328
80,true,MP,"1. NNI (Classic)",98,false,Infinity,148.9650,0,0,0,0,395935576,8627014512
80,true,MP,"1. NNI (Classic)",99,false,Infinity,217.6616,0,0,0,0,584403568,9197439856
80,true,MP,"1. NNI (Classic)",100,false,Infinity,199.0925,0,0,0,0,530998296,9734310768
80,true,MP,"2. NNI (Incremental)",1,false,Infinity,279.3900,0,0,0,0,605473480,635246800
80,true,MP,"2. NNI (Incremental)",2,false,Infinity,184.9668,0,0,0,0,519361152,1138563280
80,true,MP,"2. NNI (Incremental)",3,false,Infinity,88.5387,0,0,0,0,242388352,1373444304
80,true,MP,"2. NNI (Incremental)",4,false,Infinity,148.8896,0,0,0,0,413589144,1809651920
80,true,MP,"2. NNI (Incremental)",5,false,Infinity,184.6200,0,0,0,0,517233376,2312968400
80,true,MP,"2. NNI (Incremental)",6,false,Infinity,124.7609,0,0,0,0,346590528,2682067152
80,true,MP,"2. NNI (Incremental)",7,false,Infinity,186.2134,0,0,0,0,517732792,3185383632
80,true,MP,"2. NNI (Incremental)",8,false,Infinity,128.6819,0,0,0,0,361381272,3554482384
80,true,MP,"2. NNI (Incremental)",9,false,Infinity,234.0314,0,0,0,0,638865320,4192016592
80,true,MP,"2. NNI (Incremental)",10,false,Infinity,85.7153,0,0,0,0,241757464,4426897616
80,true,MP,"2. NNI (Incremental)",11,false,Infinity,197.8710,0,0,0,0,552220768,4963768528
80,true,MP,"2. NNI (Incremental)",12,false,Infinity,275.5228,0,0,0,0,766664176,5735520464
80,true,MP,"2. NNI (Incremental)",13,false,Infinity,111.2008,0,0,0,0,311315776,6071064784
80,true,MP,"2. NNI (Incremental)",14,false,Infinity,126.6619,0,0,0,0,348254624,6406609104
80,true,MP,"2. NNI (Incremental)",15,false,Infinity,131.2539,0,0,0,0,364607408,6775707856
80,true,MP,"2. NNI (Incremental)",16,false,Infinity,151.9916,0,0,0,0,430147856,7211915472
80,true,MP,"2. NNI (Incremental)",17,false,Infinity,265.5195,0,0,0,0,741732896,7950112976
80,true,MP,"2. NNI (Incremental)",18,false,Infinity,185.1464,0,0,0,0,500152488,8453429456
80,true,MP,"2. NNI (Incremental)",19,false,Infinity,130.3569,0,0,0,0,363109480,8822528208
80,true,MP,"2. NNI (Incremental)",20,false,Infinity,147.5456,0,0,0,0,413073864,9225181392
80,true,MP,"2. NNI (Incremental)",21,false,Infinity,135.2054,0,0,0,0,378668888,9594280144
80,true,MP,"2. NNI (Incremental)",22,false,Infinity,122.6564,0,0,0,0,344422832,9929824464
80,true,MP,"2. NNI (Incremental)",23,false,Infinity,167.1637,0,0,0,0,465387744,10333978832
80,true,MP,"2. NNI (Incremental)",24,false,Infinity,165.9416,0,0,0,0,463451416,569639120
80,true,MP,"2. NNI (Incremental)",25,false,Infinity,208.0855,0,0,0,0,569818136,1140064464
80,true,MP,"2. NNI (Incremental)",26,false,Infinity,145.8287,0,0,0,0,379123736,1509163216
80,true,MP,"2. NNI (Incremental)",27,false,Infinity,168.0751,0,0,0,0,448525928,1978925264
80,true,MP,"2. NNI (Incremental)",28,false,Infinity,229.6558,0,0,0,0,623867776,2582905040
80,true,MP,"2. NNI (Incremental)",29,false,Infinity,138.2458,0,0,0,0,381102728,2985558224
80,true,MP,"2. NNI (Incremental)",30,false,Infinity,203.5878,0,0,0,0,552798864,3522429136
80,true,MP,"2. NNI (Incremental)",31,false,Infinity,118.0465,0,0,0,0,329713864,3857973456
80,true,MP,"2. NNI (Incremental)",32,false,Infinity,148.7654,0,0,0,0,415219384,4260626640
80,true,MP,"2. NNI (Incremental)",33,false,Infinity,134.6617,0,0,0,0,380259208,4663279824
80,true,MP,"2. NNI (Incremental)",34,false,Infinity,129.4306,0,0,0,0,363375512,5032378576
80,true,MP,"2. NNI (Incremental)",35,false,Infinity,242.9640,0,0,0,0,671217008,5703467216
80,true,MP,"2. NNI (Incremental)",36,false,Infinity,116.0256,0,0,0,0,329267672,6005457104
80,true,MP,"2. NNI (Incremental)",37,false,Infinity,312.5185,0,0,0,0,860463984,6877872336
80,true,MP,"2. NNI (Incremental)",38,false,Infinity,109.0146,0,0,0,0,311698592,7179862224
80,true,MP,"2. NNI (Incremental)",39,false,Infinity,309.3272,0,0,0,0,848322952,8052277456
80,true,MP,"2. NNI (Incremental)",40,false,Infinity,142.5465,0,0,0,0,396730272,8421376208
80,true,MP,"2. NNI (Incremental)",41,false,Infinity,257.1129,0,0,0,0,706022240,9126019280
80,true,MP,"2. NNI (Incremental)",42,false,Infinity,143.7193,0,0,0,0,395777936,9528672464
80,true,MP,"2. NNI (Incremental)",43,false,Infinity,149.7871,0,0,0,0,414396112,9964880080
80,true,MP,"2. NNI (Incremental)",44,false,Infinity,151.0016,0,0,0,0,414543344,10301122200
80,true,MP,"2. NNI (Incremental)",45,false,Infinity,118.5368,0,0,0,0,328300920,436119192
80,true,MP,"2. NNI (Incremental)",46,false,Infinity,390.9743,0,0,0,0,1065784888,1509861016
80,true,MP,"2. NNI (Incremental)",47,false,Infinity,154.3518,0,0,0,0,430909448,1912514200
80,true,MP,"2. NNI (Incremental)",48,false,Infinity,151.7459,0,0,0,0,430634896,2348721816
80,true,MP,"2. NNI (Incremental)",49,false,Infinity,115.0633,0,0,0,0,328407872,2684266136
80,true,MP,"2. NNI (Incremental)",50,false,Infinity,136.7002,0,0,0,0,362707136,3053364888
80,true,MP,"2. NNI (Incremental)",51,false,Infinity,191.2004,0,0,0,0,537201784,3590235800
80,true,MP,"2. NNI (Incremental)",52,false,Infinity,229.0159,0,0,0,0,642048504,4227770008
80,true,MP,"2. NNI (Incremental)",53,false,Infinity,186.3157,0,0,0,0,518367912,4731086488
80,true,MP,"2. NNI (Incremental)",54,false,Infinity,155.4090,0,0,0,0,431453608,5167294104
80,true,MP,"2. NNI (Incremental)",55,false,Infinity,203.0427,0,0,0,0,571304736,5737719448
80,true,MP,"2. NNI (Incremental)",56,false,Infinity,140.6144,0,0,0,0,399896160,6140372632
80,true,MP,"2. NNI (Incremental)",57,false,Infinity,172.1959,0,0,0,0,482293416,6643689112
80,true,MP,"2. NNI (Incremental)",58,false,Infinity,196.0849,0,0,0,0,541053704,7180560024
80,true,MP,"2. NNI (Incremental)",59,false,Infinity,226.2384,0,0,0,0,622141304,7784539800
80,true,MP,"2. NNI (Incremental)",60,false,Infinity,238.7325,0,0,0,0,675817152,8455628440
80,true,MP,"2. NNI (Incremental)",61,false,Infinity,206.5779,0,0,0,0,588155424,9059608216
80,true,MP,"2. NNI (Incremental)",62,false,Infinity,154.1383,0,0,0,0,433730640,9495815832
80,true,MP,"2. NNI (Incremental)",63,false,Infinity,110.6050,0,0,0,0,313367992,9797805720
80,true,MP,"2. NNI (Incremental)",64,false,Infinity,174.3777,0,0,0,0,483931296,10301122200
80,true,MP,"2. NNI (Incremental)",65,false,Infinity,171.5111,0,0,0,0,485025264,501353704
80,true,MP,"2. NNI (Incremental)",66,false,Infinity,168.2906,0,0,0,0,466299544,971115752
80,true,MP,"2. NNI (Incremental)",67,false,Infinity,78.7064,0,0,0,0,223447232,1205996776
80,true,MP,"2. NNI (Incremental)",68,false,Infinity,117.1193,0,0,0,0,330184712,1541541096
80,true,MP,"2. NNI (Incremental)",69,false,Infinity,120.4303,0,0,0,0,329758952,1843530984
80,true,MP,"2. NNI (Incremental)",70,false,Infinity,129.2428,0,0,0,0,362622472,2212629736
80,true,MP,"2. NNI (Incremental)",71,false,Infinity,165.8332,0,0,0,0,465937824,2682391784
80,true,MP,"2. NNI (Incremental)",72,false,Infinity,116.6170,0,0,0,0,327758000,3017936104
80,true,MP,"2. NNI (Incremental)",73,false,Infinity,160.9401,0,0,0,0,449986080,3454143720
80,true,MP,"2. NNI (Incremental)",74,false,Infinity,158.5159,0,0,0,0,449886512,3923905768
80,true,MP,"2. NNI (Incremental)",75,false,Infinity,156.8654,0,0,0,0,447446560,4360113384
80,true,MP,"2. NNI (Incremental)",76,false,Infinity,163.9627,0,0,0,0,465165576,4829875432
80,true,MP,"2. NNI (Incremental)",77,false,Infinity,262.3984,0,0,0,0,707269096,5534518504
80,true,MP,"2. NNI (Incremental)",78,false,Infinity,176.0094,0,0,0,0,500220808,6037834984
80,true,MP,"2. NNI (Incremental)",79,false,Infinity,237.5512,0,0,0,0,670503120,6708923624
80,true,MP,"2. NNI (Incremental)",80,false,Infinity,142.5026,0,0,0,0,397758360,7111576808
80,true,MP,"2. NNI (Incremental)",81,false,Infinity,163.9332,0,0,0,0,466240608,7581338856
80,true,MP,"2. NNI (Incremental)",82,false,Infinity,118.1240,0,0,0,0,330252136,7883328744
80,true,MP,"2. NNI (Incremental)",83,false,Infinity,216.4199,0,0,0,0,605687784,8520862952
80,true,MP,"2. NNI (Incremental)",84,false,Infinity,105.0848,0,0,0,0,294160592,8789298408
80,true,MP,"2. NNI (Incremental)",85,false,Infinity,186.5259,0,0,0,0,516235680,9326169320
80,true,MP,"2. NNI (Incremental)",86,false,Infinity,210.6870,0,0,0,0,570247112,9896594664
80,true,MP,"2. NNI (Incremental)",87,false,Infinity,150.4762,0,0,0,0,413860504,10299247848
80,true,MP,"2. NNI (Incremental)",88,false,Infinity,185.3349,0,0,0,0,516816848,534884664
80,true,MP,"2. NNI (Incremental)",89,false,Infinity,125.4422,0,0,0,0,344396856,903983416
80,true,MP,"2. NNI (Incremental)",90,false,Infinity,142.6483,0,0,0,0,395668688,1273082168
80,true,MP,"2. NNI (Incremental)",91,false,Infinity,122.5769,0,0,0,0,343975072,1642180920
80,true,MP,"2. NNI (Incremental)",92,false,Infinity,117.4338,0,0,0,0,328598784,1977725240
80,true,MP,"2. NNI (Incremental)",93,false,Infinity,108.8961,0,0,0,0,295779672,2246160696
80,true,MP,"2. NNI (Incremental)",94,false,Infinity,289.8810,0,0,0,0,809423256,3051467064
80,true,MP,"2. NNI (Incremental)",95,false,Infinity,117.5961,0,0,0,0,328546472,3387011384
80,true,MP,"2. NNI (Incremental)",96,false,Infinity,176.2317,0,0,0,0,501166024,3890327864
80,true,MP,"2. NNI (Incremental)",97,false,Infinity,174.0752,0,0,0,0,481738624,4393644344
80,true,MP,"2. NNI (Incremental)",98,false,Infinity,227.8755,0,0,0,0,640255568,5031178552
80,true,MP,"2. NNI (Incremental)",99,false,Infinity,179.5876,0,0,0,0,499596440,5534495032
80,true,MP,"2. NNI (Incremental)",100,false,Infinity,201.9008,0,0,0,0,570055176,6104920376
80,true,MP,"3. VND NNI->ECR->SPR (Classic)",1,true,611.0000,375951.2093,298826047,11087752910,241559634387,123004082431,640660767248,36703844192
80,true,MP,"3. VND NNI->ECR->SPR (Classic)",2,true,630.0000,665661.5415,245933114,15501142806,554428459931,95485002063,1047502857240,45247970144
80,true,MP,"3. VND NNI->ECR->SPR (Classic)",3,true,522.0000,467082.2923,142498167,23904617877,348962936876,94071217224,778534750920,38848789984
80,true,MP,"3. VND NNI->ECR->SPR (Classic)",4,true,561.0000,265511.8704,190693921,11005978317,131449005333,122865646621,511692353120,36453941216
80,true,MP,"3. VND NNI->ECR->SPR (Classic)",5,true,603.0000,333506.7349,298945627,21293242855,201770572550,110143077422,567074025976,47425302960
80,true,MP,"3. VND NNI->ECR->SPR (Classic)",6,true,535.0000,474753.8927,210691393,8382619160,356948851421,109211061237,773455382280,50599575104
80,true,MP,"3. VND NNI->ECR->SPR (Classic)",7,true,594.0000,343128.8701,319846518,12041433844,214526097106,116240730968,611122426232,44994917184
80,true,MP,"3. VND NNI->ECR->SPR (Classic)",8,true,445.0000,626252.5301,185205889,7978963875,526647490417,91439852199,1099975058424,33970084720
80,true,MP,"3. VND NNI->ECR->SPR (Classic)",9,true,623.0000,684689.6766,454714848,32972701959,568385191522,82875728705,795853216672,33802658160
80,true,MP,"3. VND NNI->ECR->SPR (Classic)",10,true,463.0000,627918.0916,133745827,16491236670,532259969481,79032060941,1018075308040,49471351152
80,true,MP,"3. VND NNI->ECR->SPR (Classic)",11,true,587.0000,684269.5378,248004910,16720731027,555164051934,112135710656,1045006172560,57346005328
80,true,MP,"3. VND NNI->ECR->SPR (Classic)",12,true,532.0000,613135.8089,368344358,12511247849,494474925104,105780261179,956715243488,47309185904
80,true,MP,"3. VND NNI->ECR->SPR (Classic)",13,true,551.0000,263969.0800,161802346,28119964731,140728789964,94957609214,488835295472,43426688480
80,true,MP,"3. VND NNI->ECR->SPR (Classic)",14,true,575.0000,530466.6135,185937778,11414753287,406802818785,112062338466,888928016760,33545227632
80,true,MP,"3. VND NNI->ECR->SPR (Classic)",15,true,580.0000,451873.4608,170311000,11955441644,331531207242,108215726013,791111178088,45046391664
80,true,MP,"3. VND NNI->ECR->SPR (Classic)",16,true,502.0000,346930.8464,177812354,22168473978,234450514074,90133061871,632967933088,41543753296
80,true,MP,"3. VND NNI->ECR->SPR (Classic)",17,true,453.0000,409017.3104,326359602,25752144728,302044978202,80892782183,624033807568,44919526208
80,true,MP,"3. VND NNI->ECR->SPR (Classic)",18,true,568.0000,547256.9406,267745061,8369671237,421063336372,117555396180,800995438656,48966589432
80,true,MP,"3. VND NNI->ECR->SPR (Classic)",19,true,521.0000,592851.9150,155785973,15540119757,481825048500,95330014966,950302289048,44000266136
80,true,MP,"3. VND NNI->ECR->SPR (Classic)",20,true,553.0000,516199.6633,178796451,12987599166,395655466153,107377014019,859939298016,43642913648
80,true,MP,"3. VND NNI->ECR->SPR (Classic)",21,true,466.0000,561671.1980,169461431,14406014576,466380083981,80714648847,958209248248,45012649840
80,true,MP,"3. VND NNI->ECR->SPR (Classic)",22,true,482.0000,483209.9042,184175352,12425050983,378521418247,92078416185,878569434136,41997263024
80,true,MP,"3. VND NNI->ECR->SPR (Classic)",23,true,436.0000,608090.7036,218355455,12759194189,514176253324,80935963514,972533170688,37536164720
80,true,MP,"3. VND NNI->ECR->SPR (Classic)",24,true,670.0000,262817.4896,198268689,22559363687,124973289993,115085730042,488173359744,45652796440
80,true,MP,"3. VND NNI->ECR->SPR (Classic)",25,true,551.0000,736749.2985,242225303,12849260483,629052382229,94604479038,1069826359008,52951018752
80,true,MP,"3. VND NNI->ECR->SPR (Classic)",26,true,431.0000,759743.6124,189099423,16088615178,670842071745,72622702657,1211728447600,40347488856
80,true,MP,"3. VND NNI->ECR->SPR (Classic)",27,true,567.0000,297067.4307,225803356,20992933121,150415080049,125432866156,513857668752,47919687520
80,true,MP,"3. VND NNI->ECR->SPR (Classic)",28,true,641.0000,365158.9030,304592921,20038065913,221553943416,123261451631,582020756912,53121985504
80,true,MP,"3. VND NNI->ECR->SPR (Classic)",29,true,486.0000,791481.2121,292058129,22009935158,694512854884,74665097790,1189093696920,52469492736
80,true,MP,"3. VND NNI->ECR->SPR (Classic)",30,true,683.0000,243476.3218,245163866,18173320605,92751088362,132306155179,460433135984,45344125392
80,true,MP,"3. VND NNI->ECR->SPR (Classic)",31,true,548.0000,1513403.9638,210421183,27646897016,1422404068569,63140984652,1795728982248,54559569664
80,true,MP,"3. VND NNI->ECR->SPR (Classic)",32,true,645.0000,321698.2016,207204709,11251762316,186592133047,123646516597,567899990920,47537256568
80,true,MP,"3. VND NNI->ECR->SPR (Classic)",33,true,531.0000,396808.0973,168834420,16668971125,267464993994,112504477395,675875016080,44257532224
80,true,MP,"3. VND NNI->ECR->SPR (Classic)",34,true,502.0000,541644.8027,291885265,18136223776,423121675585,100094173243,837569795984,42428902192
80,true,MP,"3. VND NNI->ECR->SPR (Classic)",35,true,592.0000,498275.0656,292672802,7951885405,375039246833,114990373790,877886151408,42806939144
80,true,MP,"3. VND NNI->ECR->SPR (Classic)",36,true,617.0000,240067.6852,178157882,20708778229,97873319366,121306691052,478268214176,41415334272
80,true,MP,"3. VND NNI->ECR->SPR (Classic)",37,true,561.0000,533526.5865,305029854,4489006276,422791112324,105940667000,831766660864,47795127760
80,true,MP,"3. VND NNI->ECR->SPR (Classic)",38,true,528.0000,255680.4602,185982505,21929112472,129477597744,104086888066,492727827640,44220727416
80,true,MP,"3. VND NNI->ECR->SPR (Classic)",39,true,533.0000,478185.4983,465399563,14945363725,351138052577,111635713077,730800376264,40825296384
80,true,MP,"3. VND NNI->ECR->SPR (Classic)",40,true,588.0000,343955.2426,188051745,14488519085,201582202324,127695867960,573366203768,41862940968
80,true,MP,"3. VND NNI->ECR->SPR (Classic)",41,true,548.0000,371414.3695,331104826,18860045831,255373186156,96849035893,638191769880,42025713520
80,true,MP,"3. VND NNI->ECR->SPR (Classic)",42,true,623.0000,435859.7060,196642822,14367402148,305321817204,115973024980,720107136064,43967581656
80,true,MP,"3. VND NNI->ECR->SPR (Classic)",43,true,513.0000,551451.8645,254707439,20156825222,445677908575,85361411122,840430995992,44892889280
80,true,MP,"3. VND NNI->ECR->SPR (Classic)",44,true,513.0000,335341.2263,206222546,13550754253,221952587932,99630914664,608942054200,45025819256
80,true,MP,"3. VND NNI->ECR->SPR (Classic)",45,true,638.0000,300587.9434,167890788,20312632957,170086982714,110019653649,538745650952,39234160272
80,true,MP,"3. VND NNI->ECR->SPR (Classic)",46,true,489.0000,875916.7620,399935272,8878818256,784346902665,82289922308,1286473250296,48758113432
80,true,MP,"3. VND NNI->ECR->SPR (Classic)",47,true,568.0000,432759.9428,206173629,20931620841,303075249547,108545897741,753629066664,41467364872
80,true,MP,"3. VND NNI->ECR->SPR (Classic)",48,true,507.0000,346948.4396,225740690,11048305986,235417283527,100256395154,610873555056,43660037120
80,true,MP,"3. VND NNI->ECR->SPR (Classic)",49,true,488.0000,425934.7488,167989071,20721776106,311811921761,93232137586,743304280864,44147175808
80,true,MP,"3. VND NNI->ECR->SPR (Classic)",50,true,624.0000,463699.1854,277232266,20125417177,320058964170,123236774908,719841118112,44227621376
80,true,MP,"3. VND NNI->ECR->SPR (Classic)",51,true,639.0000,316689.9442,246154306,9250343466,169341426455,137851417945,581862246464,43327560704
80,true,MP,"3. VND NNI->ECR->SPR (Classic)",52,true,456.0000,656064.6639,454727212,14858156930,556590544559,84160194631,1022438059704,51796590080
80,true,MP,"3. VND NNI->ECR->SPR (Classic)",53,true,556.0000,558695.2778,222509831,17625517149,453562459544,87283817984,853868814376,43360997120
80,true,MP,"3. VND NNI->ECR->SPR (Classic)",54,true,587.0000,871235.8877,281548145,21338629787,742030070101,107584515907,1218288108760,43011318632
80,true,MP,"3. VND NNI->ECR->SPR (Classic)",55,true,562.0000,453858.7666,265784183,5406064074,338112007215,110074191599,751923414448,45958541312
80,true,MP,"3. VND NNI->ECR->SPR (Classic)",56,true,489.0000,538084.1977,184595565,16429196282,424715938368,96753561943,908116144400,40225669120
80,true,MP,"3. VND NNI->ECR->SPR (Classic)",57,true,702.0000,379609.8127,229413528,21282884193,236640600305,121456125204,610371597784,38250887168
80,true,MP,"3. VND NNI->ECR->SPR (Classic)",58,true,514.0000,459552.7780,374578373,12741797054,342045809882,104389721771,736814941176,43996906280
80,true,MP,"3. VND NNI->ECR->SPR (Classic)",59,true,563.0000,325719.8531,318693996,14610269980,203671045740,107119079760,558729543248,43357669888
80,true,MP,"3. VND NNI->ECR->SPR (Classic)",60,true,517.0000,562644.3556,240066415,18508730910,449536416644,94358075633,915893705016,46646384640
80,true,MP,"3. VND NNI->ECR->SPR (Classic)",61,true,676.0000,253081.9872,448594842,17863148753,106373918196,128395528713,480106089144,44209117696
80,true,MP,"3. VND NNI->ECR->SPR (Classic)",62,true,686.0000,646629.8924,197065594,10764869525,517428420652,118238719496,985399368432,51933612544
80,true,MP,"3. VND NNI->ECR->SPR (Classic)",63,true,557.0000,596743.7507,170228579,10570212727,486714445362,99287974995,953206641216,47013464576
80,true,MP,"3. VND NNI->ECR->SPR (Classic)",64,true,581.0000,363811.6325,228641433,13894719443,231760777424,117926876674,614158549792,45289399136
80,true,MP,"3. VND NNI->ECR->SPR (Classic)",65,true,591.0000,335112.3076,212946685,15898401412,202501467619,116498726969,595713528600,50636801736
80,true,MP,"3. VND NNI->ECR->SPR (Classic)",66,true,641.0000,498368.9874,239317368,29042065965,370318443297,98767978312,795595027968,36489211496
80,true,MP,"3. VND NNI->ECR->SPR (Classic)",67,true,543.0000,474504.7759,143249695,14543058112,355960434882,103857204014,779594854416,47292257520
80,true,MP,"3. VND NNI->ECR->SPR (Classic)",68,true,489.0000,476976.9615,173589162,20475010448,370289097876,86038219829,846401274280,43630556144
80,true,MP,"3. VND NNI->ECR->SPR (Classic)",69,true,487.0000,508815.8920,171481584,18628739172,403422955283,86591730736,909560717016,40147752024
80,true,MP,"3. VND NNI->ECR->SPR (Classic)",70,true,493.0000,415006.2598,222556935,11203439171,309142711468,94436743268,757385572528,44560666112
80,true,MP,"3. VND NNI->ECR->SPR (Classic)",71,true,444.0000,467701.0206,219517038,8703407769,363224605945,95552664905,819824221736,40401722800
80,true,MP,"3. VND NNI->ECR->SPR (Classic)",72,true,481.0000,459081.0419,224334289,13354251628,351008842228,94492750648,770551240128,44202762944
80,true,MP,"3. VND NNI->ECR->SPR (Classic)",73,true,615.0000,347146.8377,281574054,15901817204,216245510064,114717121312,615069916544,44477362688
80,true,MP,"3. VND NNI->ECR->SPR (Classic)",74,true,515.0000,617162.6345,217377594,6546270363,511516816431,98881345532,985864407296,47216823144
80,true,MP,"3. VND NNI->ECR->SPR (Classic)",75,true,526.0000,367616.1412,321987311,9784537171,226079506373,131429448040,670746431712,49034055160
80,true,MP,"3. VND NNI->ECR->SPR (Classic)",76,true,503.0000,670618.7760,177262948,13940936461,559941703007,96557878308,1082631831376,43008580136
