Size,IsRooted,Metric,Variant,PairIndex,Success,Distance,TotalTimeMs,NniTimeNs,Ecr2TimeNs,Ecr3TimeNs,SprTimeNs,AllocBytes,PeakRamBytes
20,true,RFCluster,"1. NNI (Classic)",1,false,Infinity,3.9646,0,0,0,0,816784,36584536
20,true,RFCluster,"1. NNI (Classic)",2,false,Infinity,1.1586,0,0,0,0,627288,36584536
20,true,RFCluster,"1. NNI (Classic)",3,false,Infinity,0.8843,0,0,0,0,628344,36584536
20,true,RFCluster,"1. NNI (Classic)",4,false,Infinity,0.8449,0,0,0,0,617960,36584536
20,true,RFCluster,"1. NNI (Classic)",5,false,Infinity,0.7980,0,0,0,0,626384,36584536
20,true,RFCluster,"1. NNI (Classic)",6,false,Infinity,0.9034,0,0,0,0,629456,36584536
20,true,RFCluster,"1. NNI (Classic)",7,false,Infinity,0.5398,0,0,0,0,659496,36584536
20,true,RFCluster,"1. NNI (Classic)",8,false,Infinity,0.6051,0,0,0,0,627288,36584536
20,true,RFCluster,"1. NNI (Classic)",9,false,Infinity,6.4142,0,0,0,0,1552456,36584536
20,true,RFCluster,"1. NNI (Classic)",10,false,Infinity,0.7419,0,0,0,0,630544,36584536
20,true,RFCluster,"1. NNI (Classic)",11,false,Infinity,1.4385,0,0,0,0,1055248,36584536
20,true,RFCluster,"1. NNI (Classic)",12,false,Infinity,0.5796,0,0,0,0,627288,36584536
20,true,RFCluster,"1. NNI (Classic)",13,false,Infinity,0.6399,0,0,0,0,626232,36584536
20,true,RFCluster,"1. NNI (Classic)",14,false,Infinity,0.7381,0,0,0,0,626232,36584536
20,true,RFCluster,"1. NNI (Classic)",15,false,Infinity,2.3319,0,0,0,0,1056832,36584536
20,true,RFCluster,"1. NNI (Classic)",16,false,Infinity,1.9185,0,0,0,0,1052704,36584536
20,true,RFCluster,"1. NNI (Classic)",17,false,Infinity,0.8077,0,0,0,0,627288,36584536
20,true,RFCluster,"1. NNI (Classic)",18,false,Infinity,1.5061,0,0,0,0,1063496,36584536
20,true,RFCluster,"1. NNI (Classic)",19,false,Infinity,0.6585,0,0,0,0,626232,36584536
20,true,RFCluster,"1. NNI (Classic)",20,false,Infinity,0.5752,0,0,0,0,630456,36584536
20,true,RFCluster,"1. NNI (Classic)",21,false,Infinity,0.5610,0,0,0,0,626232,36584536
20,true,RFCluster,"1. NNI (Classic)",22,false,Infinity,0.5370,0,0,0,0,628344,36584536
20,true,RFCluster,"1. NNI (Classic)",23,false,Infinity,0.5393,0,0,0,0,614792,36584536
20,true,RFCluster,"1. NNI (Classic)",24,false,Infinity,0.6148,0,0,0,0,615848,36584536
20,true,RFCluster,"1. NNI (Classic)",25,false,Infinity,1.1691,0,0,0,0,1098120,36584536
20,true,RFCluster,"1. NNI (Classic)",26,false,Infinity,0.5397,0,0,0,0,602944,36584536
20,true,RFCluster,"1. NNI (Classic)",27,false,Infinity,0.5708,0,0,0,0,627288,36584536
20,true,RFCluster,"1. NNI (Classic)",28,false,Infinity,0.5765,0,0,0,0,627288,36584536
20,true,RFCluster,"1. NNI (Classic)",29,false,Infinity,0.5737,0,0,0,0,627288,36584536
20,true,RFCluster,"1. NNI (Classic)",30,false,Infinity,1.1147,0,0,0,0,1059048,36584536
20,true,RFCluster,"1. NNI (Classic)",31,false,Infinity,1.4714,0,0,0,0,1489328,70138968
20,true,RFCluster,"1. NNI (Classic)",32,false,Infinity,0.9364,0,0,0,0,1055752,70138968
20,true,RFCluster,"1. NNI (Classic)",33,false,Infinity,0.5027,0,0,0,0,630456,70138968
20,true,RFCluster,"1. NNI (Classic)",34,false,Infinity,0.4938,0,0,0,0,626232,70138968
20,true,RFCluster,"1. NNI (Classic)",35,false,Infinity,0.4763,0,0,0,0,630456,70138968
20,true,RFCluster,"1. NNI (Classic)",36,false,Infinity,0.4793,0,0,0,0,627288,70138968
20,true,RFCluster,"1. NNI (Classic)",37,false,Infinity,0.4682,0,0,0,0,615848,70138968
20,true,RFCluster,"1. NNI (Classic)",38,false,Infinity,0.5121,0,0,0,0,628344,70138968
20,true,RFCluster,"1. NNI (Classic)",39,false,Infinity,0.4840,0,0,0,0,628344,70138968
20,true,RFCluster,"1. NNI (Classic)",40,false,Infinity,0.4776,0,0,0,0,626232,70138968
20,true,RFCluster,"1. NNI (Classic)",41,false,Infinity,0.5007,0,0,0,0,616904,70138968
20,true,RFCluster,"1. NNI (Classic)",42,false,Infinity,0.4807,0,0,0,0,626232,70138968
20,true,RFCluster,"1. NNI (Classic)",43,false,Infinity,0.4785,0,0,0,0,615848,70138968
20,true,RFCluster,"1. NNI (Classic)",44,false,Infinity,0.4983,0,0,0,0,627288,70138968
20,true,RFCluster,"1. NNI (Classic)",45,false,Infinity,0.4999,0,0,0,0,630456,70138968
20,true,RFCluster,"1. NNI (Classic)",46,false,Infinity,0.5375,0,0,0,0,628344,70138968
20,true,RFCluster,"1. NNI (Classic)",47,false,Infinity,0.5121,0,0,0,0,628344,70138968
20,true,RFCluster,"1. NNI (Classic)",48,false,Infinity,0.4900,0,0,0,0,631512,70138968
20,true,RFCluster,"1. NNI (Classic)",49,false,Infinity,0.9988,0,0,0,0,1055600,70138968
20,true,RFCluster,"1. NNI (Classic)",50,false,Infinity,0.4765,0,0,0,0,604000,70138968
20,true,RFCluster,"1. NNI (Classic)",51,false,Infinity,0.4779,0,0,0,0,628344,70138968
20,true,RFCluster,"1. NNI (Classic)",52,false,Infinity,0.8883,0,0,0,0,1041840,70138968
20,true,RFCluster,"1. NNI (Classic)",53,false,Infinity,0.8586,0,0,0,0,1043424,70138968
20,true,RFCluster,"1. NNI (Classic)",54,false,Infinity,0.4976,0,0,0,0,626232,70138968
20,true,RFCluster,"1. NNI (Classic)",55,false,Infinity,0.4676,0,0,0,0,616904,70138968
20,true,RFCluster,"1. NNI (Classic)",56,false,Infinity,0.4998,0,0,0,0,631512,70138968
20,true,RFCluster,"1. NNI (Classic)",57,false,Infinity,0.5303,0,0,0,0,628344,70138968
20,true,RFCluster,"1. NNI (Classic)",58,false,Infinity,0.4836,0,0,0,0,616904,70138968
20,true,RFCluster,"1. NNI (Classic)",59,false,Infinity,0.4665,0,0,0,0,614792,70138968
20,true,RFCluster,"1. NNI (Classic)",60,false,Infinity,0.8327,0,0,0,0,1043424,70138968
20,true,RFCluster,"1. NNI (Classic)",61,false,Infinity,0.8728,0,0,0,0,1061608,70138968
20,true,RFCluster,"1. NNI (Classic)",62,false,Infinity,0.4872,0,0,0,0,627288,70138968
20,true,RFCluster,"1. NNI (Classic)",63,false,Infinity,0.8497,0,0,0,0,1045616,70138968
20,true,RFCluster,"1. NNI (Classic)",64,false,Infinity,0.5173,0,0,0,0,632568,70138968
20,true,RFCluster,"1. NNI (Classic)",65,false,Infinity,0.4870,0,0,0,0,639608,70138968
20,true,RFCluster,"1. NNI (Classic)",66,false,Infinity,0.8600,0,0,0,0,1056856,70138968
20,true,RFCluster,"1. NNI (Classic)",67,false,Infinity,0.5421,0,0,0,0,628344,70138968
20,true,RFCluster,"1. NNI (Classic)",68,false,Infinity,0.4695,0,0,0,0,614792,70138968
20,true,RFCluster,"1. NNI (Classic)",69,false,Infinity,0.5056,0,0,0,0,655272,70138968
20,true,RFCluster,"1. NNI (Classic)",70,false,Infinity,0.4777,0,0,0,0,626232,70138968
20,true,RFCluster,"1. NNI (Classic)",71,false,Infinity,0.8192,0,0,0,0,1041976,70138968
20,true,RFCluster,"1. NNI (Classic)",72,false,Infinity,0.7962,0,0,0,0,1045008,70138968
20,true,RFCluster,"1. NNI (Classic)",73,false,Infinity,1.1516,0,0,0,0,1115400,70138968
20,true,RFCluster,"1. NNI (Classic)",74,false,Infinity,0.4844,0,0,0,0,657384,70138968
20,true,RFCluster,"1. NNI (Classic)",75,false,Infinity,0.4765,0,0,0,0,627288,103693400
20,true,RFCluster,"1. NNI (Classic)",76,false,Infinity,0.4530,0,0,0,0,629400,103693400
20,true,RFCluster,"1. NNI (Classic)",77,false,Infinity,0.4856,0,0,0,0,628344,103693400
20,true,RFCluster,"1. NNI (Classic)",78,false,Infinity,0.5088,0,0,0,0,627288,103693400
20,true,RFCluster,"1. NNI (Classic)",79,false,Infinity,0.4808,0,0,0,0,626232,103693400
20,true,RFCluster,"1. NNI (Classic)",80,false,Infinity,0.8369,0,0,0,0,1053824,103693400
20,true,RFCluster,"1. NNI (Classic)",81,false,Infinity,0.4617,0,0,0,0,627288,103693400
20,true,RFCluster,"1. NNI (Classic)",82,false,Infinity,0.4746,0,0,0,0,626232,103693400
20,true,RFCluster,"1. NNI (Classic)",83,false,Infinity,0.4706,0,0,0,0,614792,103693400
20,true,RFCluster,"1. NNI (Classic)",84,false,Infinity,0.4731,0,0,0,0,614792,103693400
20,true,RFCluster,"1. NNI (Classic)",85,false,Infinity,0.4754,0,0,0,0,628344,103693400
20,true,RFCluster,"1. NNI (Classic)",86,false,Infinity,0.4926,0,0,0,0,627288,103693400
20,true,RFCluster,"1. NNI (Classic)",87,false,Infinity,0.5764,0,0,0,0,630792,103693400
20,true,RFCluster,"1. NNI (Classic)",88,false,Infinity,0.8550,0,0,0,0,1052632,103693400
20,true,RFCluster,"1. NNI (Classic)",89,false,Infinity,0.5362,0,0,0,0,624432,103693400
20,true,RFCluster,"1. NNI (Classic)",90,false,Infinity,0.4774,0,0,0,0,625488,103693400
20,true,RFCluster,"1. NNI (Classic)",91,false,Infinity,0.5086,0,0,0,0,624432,103693400
20,true,RFCluster,"1. NNI (Classic)",92,false,Infinity,0.4859,0,0,0,0,624432,103693400
20,true,RFCluster,"1. NNI (Classic)",93,false,Infinity,0.4653,0,0,0,0,624432,103693400
20,true,RFCluster,"1. NNI (Classic)",94,false,Infinity,0.4730,0,0,0,0,656640,103693400
20,true,RFCluster,"1. NNI (Classic)",95,false,Infinity,0.8316,0,0,0,0,1051376,103693400
20,true,RFCluster,"1. NNI (Classic)",96,false,Infinity,1.1233,0,0,0,0,1483624,103693400
20,true,RFCluster,"1. NNI (Classic)",97,false,Infinity,0.4643,0,0,0,0,628656,103693400
20,true,RFCluster,"1. NNI (Classic)",98,false,Infinity,0.4604,0,0,0,0,624432,103693400
20,true,RFCluster,"1. NNI (Classic)",99,false,Infinity,0.4428,0,0,0,0,625488,103693400
20,true,RFCluster,"1. NNI (Classic)",100,false,Infinity,0.5116,0,0,0,0,657696,103693400
20,true,RFCluster,"2. NNI (Incremental)",1,false,Infinity,0.4694,0,0,0,0,19056,3566440
20,true,RFCluster,"2. NNI (Incremental)",2,false,Infinity,0.2529,0,0,0,0,16072,3566440
20,true,RFCluster,"2. NNI (Incremental)",3,false,Infinity,0.2455,0,0,0,0,16072,3566440
20,true,RFCluster,"2. NNI (Incremental)",4,false,Infinity,0.1944,0,0,0,0,16072,3566440
20,true,RFCluster,"2. NNI (Incremental)",5,false,Infinity,0.1167,0,0,0,0,16072,3566440
20,true,RFCluster,"2. NNI (Incremental)",6,false,Infinity,0.1031,0,0,0,0,16072,3566440
20,true,RFCluster,"2. NNI (Incremental)",7,false,Infinity,0.0843,0,0,0,0,16072,3566440
20,true,RFCluster,"2. NNI (Incremental)",8,false,Infinity,0.1050,0,0,0,0,16600,3566440
20,true,RFCluster,"2. NNI (Incremental)",9,false,Infinity,0.1771,0,0,0,0,20440,3566440
20,true,RFCluster,"2. NNI (Incremental)",10,false,Infinity,0.1035,0,0,0,0,16072,3566440
20,true,RFCluster,"2. NNI (Incremental)",11,false,Infinity,0.0877,0,0,0,0,20416,3566440
20,true,RFCluster,"2. NNI (Incremental)",12,false,Infinity,0.0589,0,0,0,0,16072,3566440
20,true,RFCluster,"2. NNI (Incremental)",13,false,Infinity,0.0556,0,0,0,0,16072,3566440
20,true,RFCluster,"2. NNI (Incremental)",14,false,Infinity,0.0508,0,0,0,0,16072,3566440
20,true,RFCluster,"2. NNI (Incremental)",15,false,Infinity,0.0850,0,0,0,0,20416,3566440
20,true,RFCluster,"2. NNI (Incremental)",16,false,Infinity,0.0701,0,0,0,0,20416,3566440
20,true,RFCluster,"2. NNI (Incremental)",17,false,Infinity,0.0520,0,0,0,0,16072,3566440
20,true,RFCluster,"2. NNI (Incremental)",18,false,Infinity,0.0795,0,0,0,0,20584,3566440
20,true,RFCluster,"2. NNI (Incremental)",19,false,Infinity,0.0443,0,0,0,0,16072,3566440
20,true,RFCluster,"2. NNI (Incremental)",20,false,Infinity,0.0387,0,0,0,0,16072,3566440
20,true,RFCluster,"2. NNI (Incremental)",21,false,Infinity,0.0368,0,0,0,0,16072,3566440
20,true,RFCluster,"2. NNI (Incremental)",22,false,Infinity,0.0400,0,0,0,0,16072,3566440
20,true,RFCluster,"2. NNI (Incremental)",23,false,Infinity,0.0365,0,0,0,0,16072,3566440
20,true,RFCluster,"2. NNI (Incremental)",24,false,Infinity,0.0381,0,0,0,0,16072,3566440
20,true,RFCluster,"2. NNI (Incremental)",25,false,Infinity,0.0605,0,0,0,0,20416,3566440
20,true,RFCluster,"2. NNI (Incremental)",26,false,Infinity,0.0406,0,0,0,0,16072,3566440
20,true,RFCluster,"2. NNI (Incremental)",27,false,Infinity,0.0447,0,0,0,0,16072,3566440
20,true,RFCluster,"2. NNI (Incremental)",28,false,Infinity,0.0408,0,0,0,0,16072,3566440
20,true,RFCluster,"2. NNI (Incremental)",29,false,Infinity,0.0419,0,0,0,0,16072,3566440
20,true,RFCluster,"2. NNI (Incremental)",30,false,Infinity,0.0773,0,0,0,0,20416,37120872
20,true,RFCluster,"2. NNI (Incremental)",31,false,Infinity,0.0767,0,0,0,0,24760,37120872
20,true,RFCluster,"2. NNI (Incremental)",32,false,Infinity,0.0663,0,0,0,0,20416,37120872
20,true,RFCluster,"2. NNI (Incremental)",33,false,Infinity,0.0356,0,0,0,0,16072,37120872
20,true,RFCluster,"2. NNI (Incremental)",34,false,Infinity,0.0419,0,0,0,0,16072,37120872
20,true,RFCluster,"2. NNI (Incremental)",35,false,Infinity,0.0425,0,0,0,0,16072,37120872
20,true,RFCluster,"2. NNI (Incremental)",36,false,Infinity,0.0363,0,0,0,0,16072,37120872
20,true,RFCluster,"2. NNI (Incremental)",37,false,Infinity,0.0494,0,0,0,0,16424,37120872
20,true,RFCluster,"2. NNI (Incremental)",38,false,Infinity,0.0393,0,0,0,0,16072,37120872
20,true,RFCluster,"2. NNI (Incremental)",39,false,Infinity,0.0371,0,0,0,0,16072,37120872
20,true,RFCluster,"2. NNI (Incremental)",40,false,Infinity,0.0359,0,0,0,0,16072,37120872
20,true,RFCluster,"2. NNI (Incremental)",41,false,Infinity,0.0367,0,0,0,0,16072,37120872
20,true,RFCluster,"2. NNI (Incremental)",42,false,Infinity,0.0460,0,0,0,0,16072,37120872
20,true,RFCluster,"2. NNI (Incremental)",43,false,Infinity,0.0353,0,0,0,0,16072,37120872
20,true,RFCluster,"2. NNI (Incremental)",44,false,Infinity,0.0410,0,0,0,0,16072,37120872
20,true,RFCluster,"2. NNI (Incremental)",45,false,Infinity,0.0345,0,0,0,0,16072,37120872
20,true,RFCluster,"2. NNI (Incremental)",46,false,Infinity,0.0384,0,0,0,0,16072,37120872
20,true,RFCluster,"2. NNI (Incremental)",47,false,Infinity,0.0340,0,0,0,0,16072,37120872
20,true,RFCluster,"2. NNI (Incremental)",48,false,Infinity,0.0342,0,0,0,0,16072,37120872
20,true,RFCluster,"2. NNI (Incremental)",49,false,Infinity,0.0700,0,0,0,0,20416,37120872
20,true,RFCluster,"2. NNI (Incremental)",50,false,Infinity,0.0342,0,0,0,0,16072,37120872
20,true,RFCluster,"2. NNI (Incremental)",51,false,Infinity,0.0344,0,0,0,0,16072,37120872
20,true,RFCluster,"2. NNI (Incremental)",52,false,Infinity,0.0508,0,0,0,0,20416,37120872
20,true,RFCluster,"2. NNI (Incremental)",53,false,Infinity,0.0531,0,0,0,0,20416,37120872
20,true,RFCluster,"2. NNI (Incremental)",54,false,Infinity,0.0359,0,0,0,0,16072,37120872
20,true,RFCluster,"2. NNI (Incremental)",55,false,Infinity,0.0340,0,0,0,0,16072,37120872
20,true,RFCluster,"2. NNI (Incremental)",56,false,Infinity,0.0316,0,0,0,0,16072,37120872
20,true,RFCluster,"2. NNI (Incremental)",57,false,Infinity,0.0399,0,0,0,0,16072,37120872
20,true,RFCluster,"2. NNI (Incremental)",58,false,Infinity,0.0340,0,0,0,0,16072,37120872
20,true,RFCluster,"2. NNI (Incremental)",59,false,Infinity,0.0328,0,0,0,0,16072,37120872
20,true,RFCluster,"2. NNI (Incremental)",60,false,Infinity,0.0460,0,0,0,0,20416,37120872
20,true,RFCluster,"2. NNI (Incremental)",61,false,Infinity,0.0468,0,0,0,0,20416,37120872
20,true,RFCluster,"2. NNI (Incremental)",62,false,Infinity,0.0511,0,0,0,0,16072,37120872
20,true,RFCluster,"2. NNI (Incremental)",63,false,Infinity,0.0479,0,0,0,0,20416,37120872
20,true,RFCluster,"2. NNI (Incremental)",64,false,Infinity,0.0329,0,0,0,0,16072,37120872
20,true,RFCluster,"2. NNI (Incremental)",65,false,Infinity,0.0399,0,0,0,0,16072,37120872
20,true,RFCluster,"2. NNI (Incremental)",66,false,Infinity,0.0552,0,0,0,0,20416,37120872
20,true,RFCluster,"2. NNI (Incremental)",67,false,Infinity,0.0330,0,0,0,0,16072,37120872
20,true,RFCluster,"2. NNI (Incremental)",68,false,Infinity,0.0322,0,0,0,0,16072,37120872
20,true,RFCluster,"2. NNI (Incremental)",69,false,Infinity,0.0351,0,0,0,0,16600,37120872
20,true,RFCluster,"2. NNI (Incremental)",70,false,Infinity,0.0419,0,0,0,0,16072,37120872
20,true,RFCluster,"2. NNI (Incremental)",71,false,Infinity,0.0384,0,0,0,0,20416,37120872
20,true,RFCluster,"2. NNI (Incremental)",72,false,Infinity,0.0389,0,0,0,0,20416,37120872
20,true,RFCluster,"2. NNI (Incremental)",73,false,Infinity,0.0395,0,0,0,0,20416,37120872
20,true,RFCluster,"2. NNI (Incremental)",74,false,Infinity,0.0236,0,0,0,0,16072,37120872
20,true,RFCluster,"2. NNI (Incremental)",75,false,Infinity,0.0297,0,0,0,0,16072,37120872
20,true,RFCluster,"2. NNI (Incremental)",76,false,Infinity,0.0254,0,0,0,0,16072,37120872
20,true,RFCluster,"2. NNI (Incremental)",77,false,Infinity,0.0223,0,0,0,0,16072,37120872
20,true,RFCluster,"2. NNI (Incremental)",78,false,Infinity,0.0219,0,0,0,0,16072,37120872
20,true,RFCluster,"2. NNI (Incremental)",79,false,Infinity,0.0213,0,0,0,0,16072,37120872
20,true,RFCluster,"2. NNI (Incremental)",80,false,Infinity,0.0327,0,0,0,0,20416,37120872
20,true,RFCluster,"2. NNI (Incremental)",81,false,Infinity,0.0221,0,0,0,0,16072,37120872
20,true,RFCluster,"2. NNI (Incremental)",82,false,Infinity,0.0222,0,0,0,0,16072,37120872
20,true,RFCluster,"2. NNI (Incremental)",83,false,Infinity,0.0243,0,0,0,0,16072,37120872
20,true,RFCluster,"2. NNI (Incremental)",84,false,Infinity,0.0219,0,0,0,0,16072,37120872
20,true,RFCluster,"2. NNI (Incremental)",85,false,Infinity,0.0262,0,0,0,0,16072,37120872
20,true,RFCluster,"2. NNI (Incremental)",86,false,Infinity,0.0218,0,0,0,0,16072,37120872
20,true,RFCluster,"2. NNI (Incremental)",87,false,Infinity,0.0222,0,0,0,0,16072,37120872
20,true,RFCluster,"2. NNI (Incremental)",88,false,Infinity,0.0317,0,0,0,0,20416,37120872
20,true,RFCluster,"2. NNI (Incremental)",89,false,Infinity,0.0229,0,0,0,0,16072,37120872
20,true,RFCluster,"2. NNI (Incremental)",90,false,Infinity,0.0308,0,0,0,0,16072,37120872
20,true,RFCluster,"2. NNI (Incremental)",91,false,Infinity,0.0234,0,0,0,0,16072,37120872
20,true,RFCluster,"2. NNI (Incremental)",92,false,Infinity,0.0293,0,0,0,0,16072,37120872
20,true,RFCluster,"2. NNI (Incremental)",93,false,Infinity,0.0258,0,0,0,0,16072,37120872
20,true,RFCluster,"2. NNI (Incremental)",94,false,Infinity,0.0283,0,0,0,0,16072,37120872
20,true,RFCluster,"2. NNI (Incremental)",95,false,Infinity,0.0339,0,0,0,0,20416,37120872
20,true,RFCluster,"2. NNI (Incremental)",96,false,Infinity,0.0449,0,0,0,0,24760,37120872
20,true,RFCluster,"2. NNI (Incremental)",97,false,Infinity,0.0236,0,0,0,0,16072,37120872
20,true,RFCluster,"2. NNI (Incremental)",98,false,Infinity,0.0229,0,0,0,0,16072,37120872
20,true,RFCluster,"2. NNI (Incremental)",99,false,Infinity,0.0231,0,0,0,0,16072,37120872
20,true,RFCluster,"2. NNI (Incremental)",100,false,Infinity,0.0219,0,0,0,0,16072,37120872
20,true,RFCluster,"3. VND NNI->ECR->SPR (Classic)",1,true,53.0000,762.0432,332693,10352036,323374963,426164398,1186319720,871373688
20,true,RFCluster,"3. VND NNI->ECR->SPR (Classic)",2,true,57.0000,594.2406,343803,7416233,173809228,412538517,1353775640,887060944
20,true,RFCluster,"3. VND NNI->ECR->SPR (Classic)",3,true,49.0000,992.8148,579532,15512168,643405596,333140693,2230216048,887381968
20,true,RFCluster,"3. VND NNI->ECR->SPR (Classic)",4,true,33.0000,1593.3348,683279,18380703,1209878356,364201549,2704522720,2336719496
20,true,RFCluster,"3. VND NNI->ECR->SPR (Classic)",5,true,47.0000,1341.7282,1245147,50515080,851986205,437798732,1943840832,4246849096
20,true,RFCluster,"3. VND NNI->ECR->SPR (Classic)",6,true,58.0000,917.2302,452080,11423954,325624099,579628156,1310032392,5589026376
20,true,RFCluster,"3. VND NNI->ECR->SPR (Classic)",7,true,56.0000,1651.1838,887859,22043748,1124135227,503955567,2353234784,7937836616
20,true,RFCluster,"3. VND NNI->ECR->SPR (Classic)",8,true,52.0000,1446.7037,945178,23653359,988848483,433099947,1922918200,9850439240
20,true,RFCluster,"3. VND NNI->ECR->SPR (Classic)",9,true,55.0000,1249.4967,1424869,17481994,966473695,263945922,2572361680,10286646856
20,true,RFCluster,"3. VND NNI->ECR->SPR (Classic)",10,true,52.0000,493.6916,510059,20209060,205816463,267042350,1175027344,3339798904
20,true,RFCluster,"3. VND NNI->ECR->SPR (Classic)",11,true,47.0000,594.4395,737463,7648584,235405760,350552083,1359096528,4681976184
20,true,RFCluster,"3. VND NNI->ECR->SPR (Classic)",12,true,65.0000,590.2937,283490,7275085,183443518,399200604,1391067976,6091262328
20,true,RFCluster,"3. VND NNI->ECR->SPR (Classic)",13,true,38.0000,1220.5934,843644,33303910,988350087,197913164,2786163600,8876280184
20,true,RFCluster,"3. VND NNI->ECR->SPR (Classic)",14,true,58.0000,610.0434,324898,7141791,217897305,384580071,1414186240,10355612392
20,true,RFCluster,"3. VND NNI->ECR->SPR (Classic)",15,true,48.0000,573.8039,1096425,24358961,240898134,307326234,1240564800,1329470184
20,true,RFCluster,"3. VND NNI->ECR->SPR (Classic)",16,true,47.0000,597.5210,718146,8505434,303394127,284809046,1318399992,2638093032
20,true,RFCluster,"3. VND NNI->ECR->SPR (Classic)",17,true,63.0000,585.0551,290212,7432213,202573847,374677199,1310708072,3946715880
20,true,RFCluster,"3. VND NNI->ECR->SPR (Classic)",18,true,53.0000,565.0572,702485,7588561,246501038,310180442,1330886816,5288893160
20,true,RFCluster,"3. VND NNI->ECR->SPR (Classic)",19,true,42.0000,1162.7792,798286,25434646,894423545,241926119,2578716528,7872584424
20,true,RFCluster,"3. VND NNI->ECR->SPR (Classic)",20,true,53.0000,898.7414,553142,14244187,551768158,332038768,2022288288,9885850344
20,true,RFCluster,"3. VND NNI->ECR->SPR (Classic)",21,true,62.0000,520.7856,271075,6892858,180978060,332566621,1224610072,10288503528
20,true,RFCluster,"3. VND NNI->ECR->SPR (Classic)",22,true,68.0000,540.8806,273160,6024396,155148231,379367679,1277084880,2103301464
20,true,RFCluster,"3. VND NNI->ECR->SPR (Classic)",23,true,41.0000,851.3303,783449,28647447,557342577,264424553,1969612896,4083012952
20,true,RFCluster,"3. VND NNI->ECR->SPR (Classic)",24,true,42.0000,876.3864,745147,27580566,580909604,267027773,2077533608,6163387736
20,true,RFCluster,"3. VND NNI->ECR->SPR (Classic)",25,true,44.0000,959.1960,944026,14327255,678953163,264852045,2242878152,8411534680
20,true,RFCluster,"3. VND NNI->ECR->SPR (Classic)",26,true,48.0000,526.6207,261287,6708156,186862960,332717078,1229030080,9653048664
20,true,RFCluster,"3. VND NNI->ECR->SPR (Classic)",27,true,62.0000,574.4916,281155,7452011,210202724,356455259,1343207992,10290582872
20,true,RFCluster,"3. VND NNI->ECR->SPR (Classic)",28,true,55.0000,500.6155,305692,6508156,144962812,348775114,1165157872,1865236720
20,true,RFCluster,"3. VND NNI->ECR->SPR (Classic)",29,true,60.0000,586.6711,545689,21416325,229704158,334932281,1328878488,3207414000
20,true,RFCluster,"3. VND NNI->ECR->SPR (Classic)",30,true,69.0000,559.0055,699251,7643324,194421584,356177380,1294538688,4516036848
20,true,RFCluster,"3. VND NNI->ECR->SPR (Classic)",31,true,49.0000,528.7517,832462,6677478,212096705,309081092,1232870640,5723996400
20,true,RFCluster,"3. VND NNI->ECR->SPR (Classic)",32,true,42.0000,1124.2290,964233,13107455,862868610,247125255,2561393896,8307687664
20,true,RFCluster,"3. VND NNI->ECR->SPR (Classic)",33,true,42.0000,1805.7622,832494,31183039,1530365167,243196114,3737444392,10333707896
20,true,RFCluster,"3. VND NNI->ECR->SPR (Classic)",34,true,43.0000,1252.3722,525970,12734035,994416693,244551141,2809555288,4629454456
20,true,RFCluster,"3. VND NNI->ECR->SPR (Classic)",35,true,57.0000,508.7831,273259,6707695,168196775,333545082,1180007552,5803859576
20,true,RFCluster,"3. VND NNI->ECR->SPR (Classic)",36,true,55.0000,812.9392,757070,24155734,473713338,314157575,1838321824,7649353336
20,true,RFCluster,"3. VND NNI->ECR->SPR (Classic)",37,true,47.0000,958.0366,517203,12865576,720614969,223855366,2221410392,9863945848
20,true,RFCluster,"3. VND NNI->ECR->SPR (Classic)",38,true,37.0000,887.9068,782748,45931613,574784396,266252819,2015103224,10300153464
20,true,RFCluster,"3. VND NNI->ECR->SPR (Classic)",39,true,50.0000,1395.8837,531941,14860198,1094048684,286306603,3066494448,4650507544
20,true,RFCluster,"3. VND NNI->ECR->SPR (Classic)",40,true,57.0000,635.4968,266267,7127724,248851990,379175153,1475169744,6126902552
20,true,RFCluster,"3. VND NNI->ECR->SPR (Classic)",41,true,49.0000,800.6680,772719,26094822,482729693,290856164,1846418576,7972396312
20,true,RFCluster,"3. VND NNI->ECR->SPR (Classic)",42,true,39.0000,1406.2081,762489,27135963,1133031705,245123830,3157894536,10287652120
20,true,RFCluster,"3. VND NNI->ECR->SPR (Classic)",43,true,61.0000,621.7606,281485,7675957,256776428,356961321,1405270768,2262326040
20,true,RFCluster,"3. VND NNI->ECR->SPR (Classic)",44,true,46.0000,1185.3847,587877,17324986,838938253,328422391,2386340024,4644690712
20,true,RFCluster,"3. VND NNI->ECR->SPR (Classic)",45,true,72.0000,702.8968,289370,9102228,300529019,392918758,1518941560,6188194584
20,true,RFCluster,"3. VND NNI->ECR->SPR (Classic)",46,true,44.0000,1429.0161,525969,14968605,1123648281,289753318,3164666128,9342311192
20,true,RFCluster,"3. VND NNI->ECR->SPR (Classic)",47,true,38.0000,1059.2518,579812,16600828,779047583,262917547,2102465432,10300226296
20,true,RFCluster,"3. VND NNI->ECR->SPR (Classic)",48,true,60.0000,1073.3405,556137,15839501,747421824,309406450,2339407808,3522231032
20,true,RFCluster,"3. VND NNI->ECR->SPR (Classic)",49,true,42.0000,843.0119,1152252,26498049,548990836,266249713,1942343776,5468388088
20,true,RFCluster,"3. VND NNI->ECR->SPR (Classic)",50,true,46.0000,963.0446,540417,14528538,681024232,266809348,2167357312,7649426168
20,true,RFCluster,"3. VND NNI->ECR->SPR (Classic)",51,true,51.0000,1457.1214,544395,14579955,1129061175,312816244,3275780040,10300226296
20,true,RFCluster,"3. VND NNI->ECR->SPR (Classic)",52,true,51.0000,471.2826,692046,6112584,151638998,312777401,1096812856,1726521960
20,true,RFCluster,"3. VND NNI->ECR->SPR (Classic)",53,true,53.0000,828.6765,1019369,14180025,540995972,272377285,1880609536,3605570152
20,true,RFCluster,"3. VND NNI->ECR->SPR (Classic)",54,true,56.0000,555.4535,280414,7205703,236919188,310985633,1287167472,4914193000
20,true,RFCluster,"3. VND NNI->ECR->SPR (Classic)",55,true,51.0000,498.6948,275003,6852100,202589376,288910334,1166052000,6088598120
20,true,RFCluster,"3. VND NNI->ECR->SPR (Classic)",56,true,45.0000,1162.5275,868581,44253354,876885213,240384307,2240044256,8336745064
20,true,RFCluster,"3. VND NNI->ECR->SPR (Classic)",57,true,57.0000,908.5123,543383,13704039,551210717,342940499,2040634688,10338336128
20,true,RFCluster,"3. VND NNI->ECR->SPR (Classic)",58,true,52.0000,966.9247,554575,14767102,617768035,333721047,2286265216,2453044608
20,true,RFCluster,"3. VND NNI->ECR->SPR (Classic)",59,true,19.0000,1335.0388,707726,71916726,1195906436,66342006,2888977872,5338725760
20,true,RFCluster,"3. VND NNI->ECR->SPR (Classic)",60,true,38.0000,1171.9597,935650,14273492,913557510,243047081,2593311280,7922417024
20,true,RFCluster,"3. VND NNI->ECR->SPR (Classic)",61,true,52.0000,889.0826,992277,14345790,584128995,289499225,1920855384,9835019648
20,true,RFCluster,"3. VND NNI->ECR->SPR (Classic)",62,true,41.0000,1307.6944,757421,34438438,1071602851,200762402,3005589304,10304781696
20,true,RFCluster,"3. VND NNI->ECR->SPR (Classic)",63,true,46.0000,500.1969,730409,7207305,204549494,287640320,1155286232,3712449160
20,true,RFCluster,"3. VND NNI->ECR->SPR (Classic)",64,true,57.0000,1044.6634,560906,15757465,743672975,284567626,2164604424,5893487240
20,true,RFCluster,"3. VND NNI->ECR->SPR (Classic)",65,true,51.0000,941.9085,563481,14729790,565289781,361212846,2123463352,8007416456
20,true,RFCluster,"3. VND NNI->ECR->SPR (Classic)",66,true,43.0000,586.0988,1016804,32441953,246819815,305739477,1283970152,9282484872
20,true,RFCluster,"3. VND NNI->ECR->SPR (Classic)",67,true,60.0000,582.1667,273941,7072940,211261116,363482342,1342157392,10319221784
20,true,RFCluster,"3. VND NNI->ECR->SPR (Classic)",68,true,43.0000,1074.1865,515481,14436653,792226084,266895862,2333019736,2735920152
20,true,RFCluster,"3. VND NNI->ECR->SPR (Classic)",69,true,51.0000,1149.6078,570755,16326205,822996087,309607824,2476822584,5218948120
20,true,RFCluster,"3. VND NNI->ECR->SPR (Classic)",70,true,39.0000,554.6812,516582,34966673,230146198,288967894,1256490888,6460462104
20,true,RFCluster,"3. VND NNI->ECR->SPR (Classic)",71,true,48.0000,484.1920,701604,6426380,165960161,311041710,1115293576,7567758360
20,true,RFCluster,"3. VND NNI->ECR->SPR (Classic)",72,true,32.0000,1135.6310,913778,13010601,897308080,224269082,2627966192,10218558488
20,true,RFCluster,"3. VND NNI->ECR->SPR (Classic)",73,true,58.0000,625.0010,998258,20913921,250614361,352381141,1410990688,10285669912
20,true,RFCluster,"3. VND NNI->ECR->SPR (Classic)",74,true,55.0000,1026.6082,556017,14768914,633146767,378037019,2325444856,3668854456
20,true,RFCluster,"3. VND NNI->ECR->SPR (Classic)",75,true,51.0000,869.1222,785795,28292101,595821910,244097999,2025185656,5682120376
20,true,RFCluster,"3. VND NNI->ECR->SPR (Classic)",76,true,12.0000,2097.1858,493809,43613285,2052962614,0,4656468824,10401246424
20,true,RFCluster,"3. VND NNI->ECR->SPR (Classic)",77,true,52.0000,627.7930,296784,8220302,241722522,377475001,1415852176,1609985240
20,true,RFCluster,"3. VND NNI->ECR->SPR (Classic)",78,true,59.0000,538.7463,281134,6884782,216135315,315371924,1270192960,2885053656
20,true,RFCluster,"3. VND NNI->ECR->SPR (Classic)",79,true,49.0000,595.6251,298658,7374023,232171519,355710843,1366451296,4260785368
20,true,RFCluster,"3. VND NNI->ECR->SPR (Classic)",80,true,55.0000,545.0695,688730,6799280,206329969,331184133,1284946192,5535853784
20,true,RFCluster,"3. VND NNI->ECR->SPR (Classic)",81,true,57.0000,574.8533,276936,6835197,211166617,356516645,1306759416,6844476632
20,true,RFCluster,"3. VND NNI->ECR->SPR (Classic)",82,true,63.0000,613.7104,288288,7365827,230215931,375778084,1414769616,8253762776
20,true,RFCluster,"3. VND NNI->ECR->SPR (Classic)",83,true,54.0000,497.8776,264423,6019086,157479665,334045824,1157601792,9428167896
20,true,RFCluster,"3. VND NNI->ECR->SPR (Classic)",84,true,62.0000,1084.2582,832473,30494689,744841488,307953458,2344744344,10300583128
20,true,RFCluster,"3. VND NNI->ECR->SPR (Classic)",85,true,51.0000,551.1498,512605,20802698,200515242,329246989,1278148584,2793167240
20,true,RFCluster,"3. VND NNI->ECR->SPR (Classic)",86,true,46.0000,1302.2854,545707,15692762,977603270,308329332,2869009456,5645293960
20,true,RFCluster,"3. VND NNI->ECR->SPR (Classic)",87,true,53.0000,578.0396,292025,7343464,197090899,373251228,1342507616,6987471240
20,true,RFCluster,"3. VND NNI->ECR->SPR (Classic)",88,true,54.0000,492.5231,845629,7257250,195595637,288652795,1156497736,8161876360
20,true,RFCluster,"3. VND NNI->ECR->SPR (Classic)",89,true,39.0000,1306.5481,573711,17090620,1025823015,262939528,2622016832,10275816328
20,true,RFCluster,"3. VND NNI->ECR->SPR (Classic)",90,true,37.0000,1928.8482,526712,15167353,1737588204,175423016,4124447504,4650605184
20,true,RFCluster,"3. VND NNI->ECR->SPR (Classic)",91,true,48.0000,1030.4035,879011,32761520,717011656,279626641,2033022888,6697425536
20,true,RFCluster,"3. VND NNI->ECR->SPR (Classic)",92,true,48.0000,1326.3148,810401,37158822,1046089935,242126730,2750422416,9448888960
20,true,RFCluster,"3. VND NNI->ECR->SPR (Classic)",93,true,52.0000,1008.9900,533004,13887107,795077497,199378230,2226289840,10302974664
20,true,RFCluster,"3. VND NNI->ECR->SPR (Classic)",94,true,57.0000,526.8493,544055,20925171,171986761,333326417,1214455896,2619009736
20,true,RFCluster,"3. VND NNI->ECR->SPR (Classic)",95,true,51.0000,925.2740,963341,14104250,555483071,354607836,2145039168,4766493384
20,true,RFCluster,"3. VND NNI->ECR->SPR (Classic)",96,true,36.0000,520.2732,1132793,23422050,273271946,222367616,1179079504,5940898504
20,true,RFCluster,"3. VND NNI->ECR->SPR (Classic)",97,true,45.0000,1054.5233,800291,44436460,744047958,265117670,2355641632,8289708744
20,true,RFCluster,"3. VND NNI->ECR->SPR (Classic)",98,true,57.0000,620.7027,280223,7342573,236517634,376498844,1440800824,9732549320
20,true,RFCluster,"3. VND NNI->ECR->SPR (Classic)",99,true,45.0000,1009.0153,790162,28620414,670077485,309408894,2256457288,10302974664
20,true,RFCluster,"3. VND NNI->ECR->SPR (Classic)",100,true,66.0000,529.0314,267558,6550957,166758590,355386627,1248096376,2975531528
20,true,RFCluster,"4. VND NNI->SPR (Classic)",1,true,53.0000,289.8006,599420,0,0,289129832,689925640,674999384
20,true,RFCluster,"4. VND NNI->SPR (Classic)",2,true,57.0000,397.6785,269492,0,0,397386493,953776680,1614523480
20,true,RFCluster,"4. VND NNI->SPR (Classic)",3,true,52.0000,373.8938,282748,0,0,373579022,890592496,2520493144
20,true,RFCluster,"4. VND NNI->SPR (Classic)",4,true,44.0000,309.8386,266707,0,0,309542850,741828752,3258690648
20,true,RFCluster,"4. VND NNI->SPR (Classic)",5,true,48.0000,334.2758,258181,0,0,333985931,800816440,4063997016
20,true,RFCluster,"4. VND NNI->SPR (Classic)",6,true,58.0000,354.3650,271145,0,0,354062789,853217368,4902857816
20,true,RFCluster,"4. VND NNI->SPR (Classic)",7,true,61.0000,353.8336,264243,0,0,353542099,845417808,5775273048
20,true,RFCluster,"4. VND NNI->SPR (Classic)",8,true,57.0000,286.8219,284491,0,0,286512064,688655592,6446361688
20,true,RFCluster,"4. VND NNI->SPR (Classic)",9,true,58.0000,334.5182,657871,0,0,333804897,800902880,7251668056
20,true,RFCluster,"4. VND NNI->SPR (Classic)",10,true,57.0000,312.5590,259995,0,0,312259275,749908600,7989865560
20,true,RFCluster,"4. VND NNI->SPR (Classic)",11,true,47.0000,352.4584,726582,0,0,351692622,841148120,8828726360
20,true,RFCluster,"4. VND NNI->SPR (Classic)",12,true,65.0000,400.8614,282367,0,0,400548116,954347696,9801804888
20,true,RFCluster,"4. VND NNI->SPR (Classic)",13,true,48.0000,382.2457,275734,0,0,381917788,898250600,10353152184
20,true,RFCluster,"4. VND NNI->SPR (Classic)",14,true,58.0000,374.9877,265785,0,0,374681829,893451176,1327009976
20,true,RFCluster,"4. VND NNI->SPR (Classic)",15,true,49.0000,330.3996,753173,0,0,329612654,789470168,2132316344
20,true,RFCluster,"4. VND NNI->SPR (Classic)",16,true,47.0000,287.4791,711031,0,0,286734728,686008584,2803404984
20,true,RFCluster,"4. VND NNI->SPR (Classic)",17,true,63.0000,375.9300,280474,0,0,375621496,896585944,3709374648
20,true,RFCluster,"4. VND NNI->SPR (Classic)",18,true,53.0000,313.5973,685343,0,0,312872441,747657000,4447572152
20,true,RFCluster,"4. VND NNI->SPR (Classic)",19,true,48.0000,375.2375,272368,0,0,374925912,892402512,5353541816
20,true,RFCluster,"4. VND NNI->SPR (Classic)",20,true,61.0000,355.6375,267819,0,0,355346510,849146456,6192402616
20,true,RFCluster,"4. VND NNI->SPR (Classic)",21,true,62.0000,334.7162,259693,0,0,334433522,799868056,6997708984
20,true,RFCluster,"4. VND NNI->SPR (Classic)",22,true,68.0000,381.5764,268771,0,0,381283713,909956920,7903678648
20,true,RFCluster,"4. VND NNI->SPR (Classic)",23,true,47.0000,356.4258,264904,0,0,356136553,850964768,8776093880
20,true,RFCluster,"4. VND NNI->SPR (Classic)",24,true,46.0000,291.4645,253793,0,0,291189018,695911640,9447182520
20,true,RFCluster,"4. VND NNI->SPR (Classic)",25,true,46.0000,289.9125,682117,0,0,289203642,693131600,10151825592
20,true,RFCluster,"4. VND NNI->SPR (Classic)",26,true,48.0000,335.1820,256067,0,0,334898716,797762760,10286043320
20,true,RFCluster,"4. VND NNI->SPR (Classic)",27,true,62.0000,354.2785,273320,0,0,353975443,843253936,1529659328
20,true,RFCluster,"4. VND NNI->SPR (Classic)",28,true,55.0000,347.6838,284532,0,0,347358040,821605432,2334965696
20,true,RFCluster,"4. VND NNI->SPR (Classic)",29,true,61.0000,355.7441,288548,0,0,355419399,847632448,3207380928
20,true,RFCluster,"4. VND NNI->SPR (Classic)",30,true,69.0000,354.5948,704791,0,0,353850907,850138656,4046241728
20,true,RFCluster,"4. VND NNI->SPR (Classic)",31,true,49.0000,308.0262,817274,0,0,307178433,745551336,4784439232
20,true,RFCluster,"4. VND NNI->SPR (Classic)",32,true,52.0000,334.7267,679382,0,0,334015427,797156600,5589745600
20,true,RFCluster,"4. VND NNI->SPR (Classic)",33,true,53.0000,328.5585,282046,0,0,328253590,788951056,6361497536
20,true,RFCluster,"4. VND NNI->SPR (Classic)",34,true,48.0000,377.5020,273651,0,0,377203735,896886960,7267467200
20,true,RFCluster,"4. VND NNI->SPR (Classic)",35,true,57.0000,332.6403,267468,0,0,332348246,799543624,8072773568
20,true,RFCluster,"4. VND NNI->SPR (Classic)",36,true,55.0000,333.2875,261237,0,0,333004405,800996280,8878079936
20,true,RFCluster,"4. VND NNI->SPR (Classic)",37,true,54.0000,334.4582,262379,0,0,334169771,800494432,9683386304
20,true,RFCluster,"4. VND NNI->SPR (Classic)",38,true,45.0000,361.6147,274993,0,0,361290664,847709400,10329412712
20,true,RFCluster,"4. VND NNI->SPR (Classic)",39,true,52.0000,375.2324,264032,0,0,374929660,899721416,1202607208
20,true,RFCluster,"4. VND NNI->SPR (Classic)",40,true,57.0000,378.7194,261227,0,0,378423363,907819440,2108576872
20,true,RFCluster,"4. VND NNI->SPR (Classic)",41,true,49.0000,334.0523,262720,0,0,333747237,797793208,2913883240
20,true,RFCluster,"4. VND NNI->SPR (Classic)",42,true,50.0000,311.1561,256858,0,0,310855175,746375064,3652080744
20,true,RFCluster,"4. VND NNI->SPR (Classic)",43,true,61.0000,355.9206,271857,0,0,355621714,850388568,4490941544
20,true,RFCluster,"4. VND NNI->SPR (Classic)",44,true,49.0000,330.0857,293057,0,0,329765655,790170024,5296247912
20,true,RFCluster,"4. VND NNI->SPR (Classic)",45,true,72.0000,391.2108,284541,0,0,390903385,942015784,6235772008
20,true,RFCluster,"4. VND NNI->SPR (Classic)",46,true,44.0000,289.4174,269443,0,0,289094785,690504024,6906860648
20,true,RFCluster,"4. VND NNI->SPR (Classic)",47,true,42.0000,283.2771,305040,0,0,282943769,678846824,7611503720
20,true,RFCluster,"4. VND NNI->SPR (Classic)",48,true,69.0000,331.6021,272017,0,0,331305664,792807920,8383255656
20,true,RFCluster,"4. VND NNI->SPR (Classic)",49,true,52.0000,312.1240,661839,0,0,311433605,745523416,9121453160
20,true,RFCluster,"4. VND NNI->SPR (Classic)",50,true,49.0000,288.4752,268871,0,0,288182311,682956368,9826096232
20,true,RFCluster,"4. VND NNI->SPR (Classic)",51,true,46.0000,359.5544,266347,0,0,359249202,839807432,10295858280
20,true,RFCluster,"4. VND NNI->SPR (Classic)",52,true,51.0000,310.4714,665446,0,0,309763319,746420720,1158325256
20,true,RFCluster,"4. VND NNI->SPR (Classic)",53,true,54.0000,294.2652,737863,0,0,293496616,694364024,1862968328
20,true,RFCluster,"4. VND NNI->SPR (Classic)",54,true,56.0000,311.6942,269312,0,0,311395903,741773432,2601165832
20,true,RFCluster,"4. VND NNI->SPR (Classic)",55,true,51.0000,288.2583,260896,0,0,287943145,684431248,3272254472
20,true,RFCluster,"4. VND NNI->SPR (Classic)",56,true,44.0000,323.9292,296805,0,0,323596744,777133120,4044006408
20,true,RFCluster,"4. VND NNI->SPR (Classic)",57,true,58.0000,333.3789,273290,0,0,333073907,797468136,4849312776
20,true,RFCluster,"4. VND NNI->SPR (Classic)",58,true,50.0000,314.4251,272468,0,0,314127198,750687360,5621064712
20,true,RFCluster,"4. VND NNI->SPR (Classic)",59,true,36.0000,311.2220,271316,0,0,310920169,742891192,6359262216
20,true,RFCluster,"4. VND NNI->SPR (Classic)",60,true,42.0000,287.7733,692406,0,0,287042553,687793632,7030350856
20,true,RFCluster,"4. VND NNI->SPR (Classic)",61,true,57.0000,309.9067,709609,0,0,309167816,742277856,7768548360
20,true,RFCluster,"4. VND NNI->SPR (Classic)",62,true,50.0000,379.1534,255566,0,0,378870784,906464984,8674518024
20,true,RFCluster,"4. VND NNI->SPR (Classic)",63,true,46.0000,287.3811,704100,0,0,286643444,681276928,9379161096
20,true,RFCluster,"4. VND NNI->SPR (Classic)",64,true,62.0000,327.1097,282658,0,0,326801790,785478408,10150913032
20,true,RFCluster,"4. VND NNI->SPR (Classic)",65,true,52.0000,380.5267,269292,0,0,380220661,900316896,10285130760
20,true,RFCluster,"4. VND NNI->SPR (Classic)",66,true,54.0000,307.4464,720350,0,0,306681748,735145488,1531333560
20,true,RFCluster,"4. VND NNI->SPR (Classic)",67,true,60.0000,355.6602,274051,0,0,355360497,848829256,2370194360
20,true,RFCluster,"4. VND NNI->SPR (Classic)",68,true,48.0000,309.4901,258561,0,0,309208474,745172192,3108391864
20,true,RFCluster,"4. VND NNI->SPR (Classic)",69,true,62.0000,356.5613,284300,0,0,356254747,851387592,3980807096
20,true,RFCluster,"4. VND NNI->SPR (Classic)",70,true,41.0000,286.4980,274131,0,0,286201303,687913856,4651895736
20,true,RFCluster,"4. VND NNI->SPR (Classic)",71,true,48.0000,310.3658,651779,0,0,309683577,746646528,5423647672
20,true,RFCluster,"4. VND NNI->SPR (Classic)",72,true,47.0000,312.8731,648373,0,0,312197548,744726312,6161845176
20,true,RFCluster,"4. VND NNI->SPR (Classic)",73,true,64.0000,355.4321,695954,0,0,354710701,843966416,7000705976
20,true,RFCluster,"4. VND NNI->SPR (Classic)",74,true,54.0000,356.7489,267679,0,0,356460348,852739368,7839566776
20,true,RFCluster,"4. VND NNI->SPR (Classic)",75,true,58.0000,374.7150,258181,0,0,374436602,895183544,8745536440
20,true,RFCluster,"4. VND NNI->SPR (Classic)",76,true,33.0000,312.8002,268761,0,0,312510323,747985552,9483733944
20,true,RFCluster,"4. VND NNI->SPR (Classic)",77,true,52.0000,385.9250,290503,0,0,385596945,898138696,10346700432
20,true,RFCluster,"4. VND NNI->SPR (Classic)",78,true,59.0000,314.1031,265465,0,0,313801438,748755696,917905040
20,true,RFCluster,"4. VND NNI->SPR (Classic)",79,true,49.0000,354.3402,286274,0,0,354025237,835862624,1756765840
20,true,RFCluster,"4. VND NNI->SPR (Classic)",80,true,55.0000,331.9695,676536,0,0,331261331,792461200,2562072208
20,true,RFCluster,"4. VND NNI->SPR (Classic)",81,true,57.0000,355.4871,260315,0,0,355200773,847236184,3400933008
20,true,RFCluster,"4. VND NNI->SPR (Classic)",82,true,63.0000,373.7260,271055,0,0,373426271,891298480,4306902672
20,true,RFCluster,"4. VND NNI->SPR (Classic)",83,true,54.0000,331.2540,261006,0,0,330966479,794103048,5078654608
20,true,RFCluster,"4. VND NNI->SPR (Classic)",84,true,57.0000,354.5648,266316,0,0,354275213,841312200,5917515408
20,true,RFCluster,"4. VND NNI->SPR (Classic)",85,true,53.0000,352.3554,267609,0,0,352065731,848204952,6789930640
20,true,RFCluster,"4. VND NNI->SPR (Classic)",86,true,60.0000,335.3556,282737,0,0,335050866,797538496,7561682576
20,true,RFCluster,"4. VND NNI->SPR (Classic)",87,true,53.0000,375.1453,283159,0,0,374841503,886955040,8467652240
20,true,RFCluster,"4. VND NNI->SPR (Classic)",88,true,54.0000,291.3733,667790,0,0,290676573,694310648,9172295312
20,true,RFCluster,"4. VND NNI->SPR (Classic)",89,true,43.0000,306.4941,294039,0,0,306174063,728921200,9876938384
20,true,RFCluster,"4. VND NNI->SPR (Classic)",90,true,49.0000,339.7055,286505,0,0,339379096,791960648,10279591568
20,true,RFCluster,"4. VND NNI->SPR (Classic)",91,true,51.0000,346.0931,305451,0,0,345751905,819861344,1252076256
20,true,RFCluster,"4. VND NNI->SPR (Classic)",92,true,54.0000,331.1364,288249,0,0,330821683,788529816,2057382624
20,true,RFCluster,"4. VND NNI->SPR (Classic)",93,true,62.0000,311.7836,272258,0,0,311483079,741666168,2795580128
20,true,RFCluster,"4. VND NNI->SPR (Classic)",94,true,57.0000,355.8997,283730,0,0,355585003,848735856,3634440928
20,true,RFCluster,"4. VND NNI->SPR (Classic)",95,true,51.0000,378.4889,683741,0,0,377763769,901403248,4540410592
20,true,RFCluster,"4. VND NNI->SPR (Classic)",96,true,37.0000,245.4644,888951,0,0,244527506,586829744,5144390368
20,true,RFCluster,"4. VND NNI->SPR (Classic)",97,true,44.0000,331.1073,276405,0,0,330809731,789959824,5916142304
20,true,RFCluster,"4. VND NNI->SPR (Classic)",98,true,57.0000,375.9507,277808,0,0,375651723,896081696,6822111968
20,true,RFCluster,"4. VND NNI->SPR (Classic)",99,true,44.0000,378.2081,268060,0,0,377917432,901034560,7728081632
20,true,RFCluster,"4. VND NNI->SPR (Classic)",100,true,66.0000,356.0192,261197,0,0,355733356,850579176,8566942432
20,true,RFCluster,"5. VND NNI->ECR->SPR (Inc)",1,true,55.0000,10.2924,50005,723496,2166259,6805371,8190688,37780152
20,true,RFCluster,"5. VND NNI->ECR->SPR (Inc)",2,true,60.0000,6.6724,15700,291525,1221834,5091663,8804952,71334584
20,true,RFCluster,"5. VND NNI->ECR->SPR (Inc)",3,true,54.0000,7.6773,40698,256949,3371622,3942547,15516688,71334584
20,true,RFCluster,"5. VND NNI->ECR->SPR (Inc)",4,true,39.0000,7.6194,40958,242100,3937608,3336935,19511352,104889016
20,true,RFCluster,"5. VND NNI->ECR->SPR (Inc)",5,true,45.0000,7.2460,51709,420990,3411127,3323530,18062120,104889016
20,true,RFCluster,"5. VND NNI->ECR->SPR (Inc)",6,true,60.0000,5.2278,13505,83629,886195,4220636,8368560,104889016
20,true,RFCluster,"5. VND NNI->ECR->SPR (Inc)",7,true,54.0000,7.0226,31420,146629,3295396,3513942,17347440,138443448
20,true,RFCluster,"5. VND NNI->ECR->SPR (Inc)",8,true,57.0000,5.7088,36449,146038,2805124,2682420,14010352,138443448
20,true,RFCluster,"5. VND NNI->ECR->SPR (Inc)",9,true,43.0000,6.7379,97145,151327,3901099,2550851,18781952,171997880
20,true,RFCluster,"5. VND NNI->ECR->SPR (Inc)",10,true,51.0000,4.2954,22062,234134,941540,3068184,8244160,171997880
20,true,RFCluster,"5. VND NNI->ECR->SPR (Inc)",11,true,62.0000,4.6311,45386,75404,988730,3481391,8466688,171997880
20,true,RFCluster,"5. VND NNI->ECR->SPR (Inc)",12,true,70.0000,4.7183,15660,79651,871668,3702170,8368016,205552312
20,true,RFCluster,"5. VND NNI->ECR->SPR (Inc)",13,true,56.0000,7.3158,55986,422643,3901530,2864317,19851696,205552312
20,true,RFCluster,"5. VND NNI->ECR->SPR (Inc)",14,true,62.0000,4.8131,14618,79141,997437,3671892,8439824,205552312
20,true,RFCluster,"5. VND NNI->ECR->SPR (Inc)",15,true,47.0000,4.1530,65634,235367,952982,2842115,7738984,239106744
20,true,RFCluster,"5. VND NNI->ECR->SPR (Inc)",16,true,45.0000,4.0740,56648,83869,1035138,2847305,7731376,239106744
20,true,RFCluster,"5. VND NNI->ECR->SPR (Inc)",17,true,60.0000,4.2177,16070,76826,590894,3492452,7327368,239106744
20,true,RFCluster,"5. VND NNI->ECR->SPR (Inc)",18,true,48.0000,4.3844,53873,83860,1359465,2844008,7369136,239106744
20,true,RFCluster,"5. VND NNI->ECR->SPR (Inc)",19,true,57.0000,8.5422,92628,452860,4781073,3143908,25716008,272661176
20,true,RFCluster,"5. VND NNI->ECR->SPR (Inc)",20,true,53.0000,5.5021,29335,149995,2243526,3030222,15425440,306215608
20,true,RFCluster,"5. VND NNI->ECR->SPR (Inc)",21,true,64.0000,4.2045,18565,59142,578791,3488975,7499376,306215608
20,true,RFCluster,"5. VND NNI->ECR->SPR (Inc)",22,true,69.0000,4.5664,13977,57549,553672,3905317,7804856,306215608
20,true,RFCluster,"5. VND NNI->ECR->SPR (Inc)",23,true,52.0000,5.2039,43974,262950,1918749,2940281,14325320,306215608
20,true,RFCluster,"5. VND NNI->ECR->SPR (Inc)",24,true,43.0000,5.6389,53441,245078,2504181,2790287,17011496,339770040
20,true,RFCluster,"5. VND NNI->ECR->SPR (Inc)",25,true,42.0000,4.5881,109238,130609,2008038,2303360,13626440,339770040
20,true,RFCluster,"5. VND NNI->ECR->SPR (Inc)",26,true,49.0000,3.1780,11392,59904,582828,2499373,6656032,373324472
20,true,RFCluster,"5. VND NNI->ECR->SPR (Inc)",27,true,62.0000,3.5126,12042,55696,685874,2736223,7243416,373324472
20,true,RFCluster,"5. VND NNI->ECR->SPR (Inc)",28,true,55.0000,3.9399,15059,54624,504850,3345001,7357872,373324472
20,true,RFCluster,"5. VND NNI->ECR->SPR (Inc)",29,true,64.0000,4.0506,35638,172548,625650,3185768,8171000,373324472
20,true,RFCluster,"5. VND NNI->ECR->SPR (Inc)",30,true,64.0000,3.4368,41129,56868,592937,2725342,7092616,373324472
20,true,RFCluster,"5. VND NNI->ECR->SPR (Inc)",31,true,49.0000,3.4422,47932,52249,598678,2722667,7160656,406878904
20,true,RFCluster,"5. VND NNI->ECR->SPR (Inc)",32,true,49.0000,7.4787,65474,416852,5015056,1946582,29129816,440433336
20,true,RFCluster,"5. VND NNI->ECR->SPR (Inc)",33,true,44.0000,10.3556,54873,427984,8058043,1759606,44450608,473987768
20,true,RFCluster,"5. VND NNI->ECR->SPR (Inc)",34,true,44.0000,7.2963,33414,270003,4432288,2531494,26858248,507542200
20,true,RFCluster,"5. VND NNI->ECR->SPR (Inc)",35,true,53.0000,3.4400,9698,65114,514208,2832927,7011432,507542200
20,true,RFCluster,"5. VND NNI->ECR->SPR (Inc)",36,true,50.0000,4.8865,31349,269082,2486538,2074865,16747888,507542200
20,true,RFCluster,"5. VND NNI->ECR->SPR (Inc)",37,true,50.0000,4.6529,21390,144085,1673011,2791789,12836944,541096632
20,true,RFCluster,"5. VND NNI->ECR->SPR (Inc)",38,true,50.0000,5.0835,36710,474732,2234410,2311425,15727736,541096632
20,true,RFCluster,"5. VND NNI->ECR->SPR (Inc)",39,true,59.0000,6.7525,33524,206994,3677703,2792921,23430896,574651064
20,true,RFCluster,"5. VND NNI->ECR->SPR (Inc)",40,true,60.0000,3.9003,9798,81475,634547,3155911,8257776,574651064
20,true,RFCluster,"5. VND NNI->ECR->SPR (Inc)",41,true,49.0000,4.4283,33052,283298,1590395,2496468,12528144,608205496
20,true,RFCluster,"5. VND NNI->ECR->SPR (Inc)",42,true,53.0000,6.3312,33113,277338,3696639,2297970,23143400,608205496
20,true,RFCluster,"5. VND NNI->ECR->SPR (Inc)",43,true,58.0000,3.6756,10189,67308,662119,2917478,7685544,608205496
20,true,RFCluster,"5. VND NNI->ECR->SPR (Inc)",44,true,56.0000,5.0487,23485,146468,1905823,2950381,14366264,641759928
20,true,RFCluster,"5. VND NNI->ECR->SPR (Inc)",45,true,68.0000,4.0988,9749,73169,698819,3299835,8220728,641759928
20,true,RFCluster,"5. VND NNI->ECR->SPR (Inc)",46,true,45.0000,5.5044,37049,282307,2559498,2599653,17683144,675314360
20,true,RFCluster,"5. VND NNI->ECR->SPR (Inc)",47,true,44.0000,4.7886,21481,113716,2444418,2185386,16125512,675314360
20,true,RFCluster,"5. VND NNI->ECR->SPR (Inc)",48,true,53.0000,4.6334,21210,89601,1980646,2519471,14427664,708868792
20,true,RFCluster,"5. VND NNI->ECR->SPR (Inc)",49,true,45.0000,5.1398,56998,183630,2274085,2598832,16291760,708868792
20,true,RFCluster,"5. VND NNI->ECR->SPR (Inc)",50,true,38.0000,7.0425,23225,84421,4521387,2391237,26271344,742423224
20,true,RFCluster,"5. VND NNI->ECR->SPR (Inc)",51,true,15.0000,10.3210,52691,220930,10021978,0,52226424,775977656
20,true,RFCluster,"5. VND NNI->ECR->SPR (Inc)",52,true,55.0000,3.3632,33694,41278,496785,2772753,6627728,809532088
20,true,RFCluster,"5. VND NNI->ECR->SPR (Inc)",53,true,50.0000,6.2394,51608,88018,3912089,2164707,23555592,809532088
20,true,RFCluster,"5. VND NNI->ECR->SPR (Inc)",54,true,59.0000,3.7423,15960,42501,604320,3062864,7852472,843086520
20,true,RFCluster,"5. VND NNI->ECR->SPR (Inc)",55,true,51.0000,3.2317,10480,47299,610140,2545901,6905816,843086520
20,true,RFCluster,"5. VND NNI->ECR->SPR (Inc)",56,true,44.0000,5.7305,31228,241078,3254769,2165798,20688360,843086520
20,true,RFCluster,"5. VND NNI->ECR->SPR (Inc)",57,true,56.0000,5.3446,21200,91043,2269776,2931484,16553272,876640952
20,true,RFCluster,"5. VND NNI->ECR->SPR (Inc)",58,true,56.0000,4.4679,21120,94449,1861631,2467712,13761024,876640952
20,true,RFCluster,"5. VND NNI->ECR->SPR (Inc)",59,true,34.0000,8.3025,43483,414660,6827152,985684,37427048,910195384
20,true,RFCluster,"5. VND NNI->ECR->SPR (Inc)",60,true,37.0000,11.6501,65926,278641,9737207,1532814,52761760,977304248
20,true,RFCluster,"5. VND NNI->ECR->SPR (Inc)",61,true,57.0000,5.3248,45285,90351,2234229,2932096,16080136,977304248
20,true,RFCluster,"5. VND NNI->ECR->SPR (Inc)",62,true,42.0000,7.5966,64664,324246,5451757,1722185,32239248,1010858680
20,true,RFCluster,"5. VND NNI->ECR->SPR (Inc)",63,true,57.0000,3.3246,31520,45887,586205,2642596,7140408,1044413112
20,true,RFCluster,"5. VND NNI->ECR->SPR (Inc)",64,true,64.0000,5.9347,44275,149495,3172423,2545911,20532280,1044413112
20,true,RFCluster,"5. VND NNI->ECR->SPR (Inc)",65,true,50.0000,4.7571,23134,87417,1708870,2915224,13478952,1077967544
20,true,RFCluster,"5. VND NNI->ECR->SPR (Inc)",66,true,56.0000,3.3987,41398,182066,625570,2529089,7619584,1077967544
20,true,RFCluster,"5. VND NNI->ECR->SPR (Inc)",67,true,68.0000,3.7690,9017,42561,609880,3091548,7742784,1077967544
20,true,RFCluster,"5. VND NNI->ECR->SPR (Inc)",68,true,47.0000,8.0357,30959,192376,5796172,1989373,33536176,1111521976
20,true,RFCluster,"5. VND NNI->ECR->SPR (Inc)",69,true,54.0000,5.2565,21240,100460,2576640,2535221,17177512,1145076408
20,true,RFCluster,"5. VND NNI->ECR->SPR (Inc)",70,true,48.0000,3.1830,18084,247301,589250,2309351,7291552,1145076408
20,true,RFCluster,"5. VND NNI->ECR->SPR (Inc)",71,true,41.0000,2.7464,30629,39676,504880,2154497,5920584,1145076408
20,true,RFCluster,"5. VND NNI->ECR->SPR (Inc)",72,true,50.0000,5.8641,41509,85462,3574237,2139729,21983728,1178630840
20,true,RFCluster,"5. VND NNI->ECR->SPR (Inc)",73,true,52.0000,3.5167,39506,137180,622313,2697139,7655720,1178630840
20,true,RFCluster,"5. VND NNI->ECR->SPR (Inc)",74,true,54.0000,4.9282,20679,88468,1872440,2923920,14181176,1178630840
20,true,RFCluster,"5. VND NNI->ECR->SPR (Inc)",75,true,51.0000,2.9330,18896,142301,639165,2112998,6896208,1212185272
20,true,RFCluster,"5. VND NNI->ECR->SPR (Inc)",76,true,37.0000,8.8774,41258,400041,7015731,1389522,38098064,1245739704
20,true,RFCluster,"5. VND NNI->ECR->SPR (Inc)",77,true,48.0000,3.3689,8887,46208,626512,2668445,7195128,1245739704
20,true,RFCluster,"5. VND NNI->ECR->SPR (Inc)",78,true,56.0000,3.3338,8837,52871,613547,2642545,7314360,1245739704
20,true,RFCluster,"5. VND NNI->ECR->SPR (Inc)",79,true,64.0000,3.5139,8476,43343,612344,2815865,7572096,1245739704
20,true,RFCluster,"5. VND NNI->ECR->SPR (Inc)",80,true,54.0000,3.5967,32151,43152,624617,2879516,7529856,1279294136
20,true,RFCluster,"5. VND NNI->ECR->SPR (Inc)",81,true,59.0000,3.8912,8526,39916,555356,3272263,7811840,1279294136
20,true,RFCluster,"5. VND NNI->ECR->SPR (Inc)",82,true,70.0000,3.7593,9057,43372,619418,3071040,7834824,1279294136
20,true,RFCluster,"5. VND NNI->ECR->SPR (Inc)",83,true,52.0000,3.2831,8896,39765,513146,2706226,6677096,1279294136
20,true,RFCluster,"5. VND NNI->ECR->SPR (Inc)",84,true,56.0000,5.0330,29346,191053,2238096,2549298,16041488,1312848568
20,true,RFCluster,"5. VND NNI->ECR->SPR (Inc)",85,true,60.0000,3.6509,17584,139776,603288,2870588,7831264,1312848568
20,true,RFCluster,"5. VND NNI->ECR->SPR (Inc)",86,true,52.0000,5.2306,20388,89209,2623700,2475187,17746832,1312848568
20,true,RFCluster,"5. VND NNI->ECR->SPR (Inc)",87,true,60.0000,3.5395,8837,43743,574533,2896147,7254928,1346403000
20,true,RFCluster,"5. VND NNI->ECR->SPR (Inc)",88,true,47.0000,3.3045,31599,41919,566538,2647645,7167688,1346403000
20,true,RFCluster,"5. VND NNI->ECR->SPR (Inc)",89,true,38.0000,9.6433,31370,137602,7335470,2111455,41374048,1379957432
20,true,RFCluster,"5. VND NNI->ECR->SPR (Inc)",90,true,39.0000,11.8659,32252,184231,9844110,1775847,52533040,1447066296
20,true,RFCluster,"5. VND NNI->ECR->SPR (Inc)",91,true,47.0000,4.9081,28845,182337,1758153,2914502,13923536,1447066296
20,true,RFCluster,"5. VND NNI->ECR->SPR (Inc)",92,true,52.0000,3.0843,19227,185042,586726,2275046,7091992,1447066296
20,true,RFCluster,"5. VND NNI->ECR->SPR (Inc)",93,true,66.0000,5.7018,21621,83148,2700275,2875207,18345528,1480620728
20,true,RFCluster,"5. VND NNI->ECR->SPR (Inc)",94,true,63.0000,3.7506,18064,130458,514869,3068675,7587840,1480620728
20,true,RFCluster,"5. VND NNI->ECR->SPR (Inc)",95,true,55.0000,5.5090,44194,96203,2412988,2932626,17199984,1514175160
20,true,RFCluster,"5. VND NNI->ECR->SPR (Inc)",96,true,37.0000,6.2480,60916,198668,3605286,2357714,22418592,1514175160
20,true,RFCluster,"5. VND NNI->ECR->SPR (Inc)",97,true,47.0000,3.6187,19467,243724,639356,2697470,8145600,1547729592
20,true,RFCluster,"5. VND NNI->ECR->SPR (Inc)",98,true,70.0000,3.9343,9137,44725,657059,3206407,8114128,1547729592
20,true,RFCluster,"5. VND NNI->ECR->SPR (Inc)",99,true,48.0000,5.1018,28022,175644,2373593,2499884,17103240,1547729592
20,true,RFCluster,"5. VND NNI->ECR->SPR (Inc)",100,true,69.0000,3.6217,8927,41228,516272,3038428,7215464,1547729592
20,true,RFCluster,"6. VND NNI->SPR (Inc)",1,true,55.0000,5.3035,33173,0,0,5194868,3548864,4437920
20,true,RFCluster,"6. VND NNI->SPR (Inc)",2,true,60.0000,3.1711,8987,0,0,3148597,4637688,4437920
20,true,RFCluster,"6. VND NNI->SPR (Inc)",3,true,58.0000,2.9683,8275,0,0,2948286,4086600,4437920
20,true,RFCluster,"6. VND NNI->SPR (Inc)",4,true,48.0000,2.5602,9638,0,0,2538246,3541128,4437920
20,true,RFCluster,"6. VND NNI->SPR (Inc)",5,true,46.0000,3.2880,8687,0,0,3268445,4617456,4437920
20,true,RFCluster,"6. VND NNI->SPR (Inc)",6,true,60.0000,3.1829,8947,0,0,3162584,4644328,4437920
20,true,RFCluster,"6. VND NNI->SPR (Inc)",7,true,66.0000,3.2574,8286,0,0,3232777,4619464,4437920
20,true,RFCluster,"6. VND NNI->SPR (Inc)",8,true,57.0000,2.4274,8697,0,0,2401096,3545176,4437920
20,true,RFCluster,"6. VND NNI->SPR (Inc)",9,true,52.0000,2.8555,45606,0,0,2795055,4129256,37992352
20,true,RFCluster,"6. VND NNI->SPR (Inc)",10,true,51.0000,2.8167,8827,0,0,2796238,4119120,37992352
20,true,RFCluster,"6. VND NNI->SPR (Inc)",11,true,62.0000,3.0656,30047,0,0,3022668,4393512,37992352
20,true,RFCluster,"6. VND NNI->SPR (Inc)",12,true,70.0000,3.2440,8206,0,0,3225273,4633984,37992352
20,true,RFCluster,"6. VND NNI->SPR (Inc)",13,true,51.0000,3.0305,8687,0,0,3010916,4377976,37992352
20,true,RFCluster,"6. VND NNI->SPR (Inc)",14,true,62.0000,2.9708,8546,0,0,2950491,4361032,37992352
20,true,RFCluster,"6. VND NNI->SPR (Inc)",15,true,47.0000,2.6887,30909,0,0,2645411,3834000,37992352
20,true,RFCluster,"6. VND NNI->SPR (Inc)",16,true,45.0000,2.4985,29696,0,0,2455519,3567360,37992352
20,true,RFCluster,"6. VND NNI->SPR (Inc)",17,true,60.0000,3.0674,8536,0,0,3047886,4364784,71546784
20,true,RFCluster,"6. VND NNI->SPR (Inc)",18,true,48.0000,2.5294,36279,0,0,2480336,3588728,71546784
20,true,RFCluster,"6. VND NNI->SPR (Inc)",19,true,56.0000,3.0575,8446,0,0,3037616,4320352,71546784
20,true,RFCluster,"6. VND NNI->SPR (Inc)",20,true,60.0000,2.8073,8586,0,0,2787751,4081568,71546784
20,true,RFCluster,"6. VND NNI->SPR (Inc)",21,true,64.0000,3.0640,8486,0,0,3044469,4373792,71546784
20,true,RFCluster,"6. VND NNI->SPR (Inc)",22,true,69.0000,3.4324,9077,0,0,3411968,4894320,71546784
20,true,RFCluster,"6. VND NNI->SPR (Inc)",23,true,53.0000,3.0491,8616,0,0,3028880,4364040,71546784
20,true,RFCluster,"6. VND NNI->SPR (Inc)",24,true,43.0000,2.4777,8667,0,0,2458154,3571984,105101216
20,true,RFCluster,"6. VND NNI->SPR (Inc)",25,true,44.0000,2.4421,31609,0,0,2397349,3589760,105101216
20,true,RFCluster,"6. VND NNI->SPR (Inc)",26,true,49.0000,2.4386,8846,0,0,2418699,3566624,105101216
20,true,RFCluster,"6. VND NNI->SPR (Inc)",27,true,62.0000,2.6921,8697,0,0,2673083,3835272,105101216
20,true,RFCluster,"6. VND NNI->SPR (Inc)",28,true,55.0000,3.2140,8497,0,0,3193463,4565400,105101216
20,true,RFCluster,"6. VND NNI->SPR (Inc)",29,true,65.0000,3.2736,9248,0,0,3249980,4618240,105101216
20,true,RFCluster,"6. VND NNI->SPR (Inc)",30,true,64.0000,2.6996,67268,0,0,2610184,3882072,105101216
20,true,RFCluster,"6. VND NNI->SPR (Inc)",31,true,49.0000,2.7175,38373,0,0,2666590,3870088,105101216
20,true,RFCluster,"6. VND NNI->SPR (Inc)",32,true,54.0000,2.6570,26330,0,0,2618630,3877480,105101216
20,true,RFCluster,"6. VND NNI->SPR (Inc)",33,true,58.0000,3.0380,8356,0,0,3018951,4334504,138655648
20,true,RFCluster,"6. VND NNI->SPR (Inc)",34,true,45.0000,3.2446,8536,0,0,3224772,4606288,138655648
20,true,RFCluster,"6. VND NNI->SPR (Inc)",35,true,53.0000,2.8413,8316,0,0,2821295,4109544,138655648
20,true,RFCluster,"6. VND NNI->SPR (Inc)",36,true,51.0000,2.8257,8547,0,0,2806537,4103288,138655648
20,true,RFCluster,"6. VND NNI->SPR (Inc)",37,true,48.0000,2.4417,7965,0,0,2423298,3575272,138655648
20,true,RFCluster,"6. VND NNI->SPR (Inc)",38,true,48.0000,2.9875,11742,0,0,2964337,4354496,138655648
20,true,RFCluster,"6. VND NNI->SPR (Inc)",39,true,58.0000,3.3172,8626,0,0,3298242,4602816,138655648
20,true,RFCluster,"6. VND NNI->SPR (Inc)",40,true,60.0000,3.1419,8035,0,0,3123039,4654376,138655648
20,true,RFCluster,"6. VND NNI->SPR (Inc)",41,true,52.0000,3.1455,8256,0,0,3126505,4353032,172210080
20,true,RFCluster,"6. VND NNI->SPR (Inc)",42,true,50.0000,3.0361,8065,0,0,3017078,4385552,172210080
20,true,RFCluster,"6. VND NNI->SPR (Inc)",43,true,58.0000,2.8841,8506,0,0,2864677,4081528,172210080
20,true,RFCluster,"6. VND NNI->SPR (Inc)",44,true,57.0000,2.8596,7855,0,0,2841353,4063416,172210080
20,true,RFCluster,"6. VND NNI->SPR (Inc)",45,true,68.0000,3.2359,8276,0,0,3216456,4537280,172210080
20,true,RFCluster,"6. VND NNI->SPR (Inc)",46,true,43.0000,2.2782,8376,0,0,2258395,3284752,172210080
20,true,RFCluster,"6. VND NNI->SPR (Inc)",47,true,45.0000,2.3100,8296,0,0,2290776,3231720,172210080
20,true,RFCluster,"6. VND NNI->SPR (Inc)",48,true,57.0000,3.0866,8005,0,0,3067944,4341904,172210080
20,true,RFCluster,"6. VND NNI->SPR (Inc)",49,true,49.0000,2.9033,28243,0,0,2863074,4115728,205764512
20,true,RFCluster,"6. VND NNI->SPR (Inc)",50,true,56.0000,2.7584,9989,0,0,2736755,3822280,205764512
20,true,RFCluster,"6. VND NNI->SPR (Inc)",51,true,61.0000,3.0372,8436,0,0,3017718,4359320,205764512
20,true,RFCluster,"6. VND NNI->SPR (Inc)",52,true,55.0000,2.7482,28024,0,0,2708000,3862640,205764512
20,true,RFCluster,"6. VND NNI->SPR (Inc)",53,true,52.0000,2.7095,26489,0,0,2671240,3854608,205764512
20,true,RFCluster,"6. VND NNI->SPR (Inc)",54,true,59.0000,2.9900,8306,0,0,2970940,4379008,205764512
20,true,RFCluster,"6. VND NNI->SPR (Inc)",55,true,51.0000,2.5307,8135,0,0,2511065,3531488,205764512
20,true,RFCluster,"6. VND NNI->SPR (Inc)",56,true,44.0000,2.8767,8456,0,0,2850461,3999640,205764512
20,true,RFCluster,"6. VND NNI->SPR (Inc)",57,true,65.0000,2.8770,8135,0,0,2834560,4100952,239318944
20,true,RFCluster,"6. VND NNI->SPR (Inc)",58,true,52.0000,2.6356,8627,0,0,2595606,3846336,239318944
20,true,RFCluster,"6. VND NNI->SPR (Inc)",59,true,39.0000,2.4711,8596,0,0,2442955,3543064,239318944
20,true,RFCluster,"6. VND NNI->SPR (Inc)",60,true,45.0000,2.6890,28374,0,0,2646102,3851240,239318944
20,true,RFCluster,"6. VND NNI->SPR (Inc)",61,true,64.0000,3.1066,27884,0,0,3065820,4388728,239318944
20,true,RFCluster,"6. VND NNI->SPR (Inc)",62,true,56.0000,2.8009,8075,0,0,2781269,4107384,239318944
20,true,RFCluster,"6. VND NNI->SPR (Inc)",63,true,57.0000,2.6763,27072,0,0,2636745,3863920,239318944
20,true,RFCluster,"6. VND NNI->SPR (Inc)",64,true,58.0000,2.7502,8136,0,0,2730682,3772568,239318944
20,true,RFCluster,"6. VND NNI->SPR (Inc)",65,true,47.0000,2.9233,8416,0,0,2903121,4101176,239318944
20,true,RFCluster,"6. VND NNI->SPR (Inc)",66,true,56.0000,2.9161,28914,0,0,2873885,4103008,272873376
20,true,RFCluster,"6. VND NNI->SPR (Inc)",67,true,68.0000,3.1268,8456,0,0,3106568,4365560,272873376
20,true,RFCluster,"6. VND NNI->SPR (Inc)",68,true,52.0000,2.8482,8195,0,0,2828558,4090072,272873376
20,true,RFCluster,"6. VND NNI->SPR (Inc)",69,true,57.0000,3.0487,8716,0,0,3028620,4355600,272873376
20,true,RFCluster,"6. VND NNI->SPR (Inc)",70,true,47.0000,2.6698,8526,0,0,2649238,3804704,272873376
20,true,RFCluster,"6. VND NNI->SPR (Inc)",71,true,41.0000,2.1695,27762,0,0,2129139,3058792,272873376
20,true,RFCluster,"6. VND NNI->SPR (Inc)",72,true,57.0000,2.6982,27872,0,0,2656862,3866712,272873376
20,true,RFCluster,"6. VND NNI->SPR (Inc)",73,true,68.0000,2.6986,27522,0,0,2658245,3842720,272873376
20,true,RFCluster,"6. VND NNI->SPR (Inc)",74,true,54.0000,2.7015,8797,0,0,2681248,3827224,306427808
20,true,RFCluster,"6. VND NNI->SPR (Inc)",75,true,51.0000,2.2875,8546,0,0,2267371,3293312,306427808
20,true,RFCluster,"6. VND NNI->SPR (Inc)",76,true,41.0000,2.4866,8235,0,0,2459738,3584632,306427808
20,true,RFCluster,"6. VND NNI->SPR (Inc)",77,true,48.0000,2.6786,8586,0,0,2656842,3807888,306427808
20,true,RFCluster,"6. VND NNI->SPR (Inc)",78,true,56.0000,2.6033,8215,0,0,2584224,3841112,306427808
20,true,RFCluster,"6. VND NNI->SPR (Inc)",79,true,64.0000,2.7978,8296,0,0,2778694,4097248,306427808
20,true,RFCluster,"6. VND NNI->SPR (Inc)",80,true,54.0000,2.8851,28705,0,0,2844909,4153568,306427808
20,true,RFCluster,"6. VND NNI->SPR (Inc)",81,true,59.0000,3.2682,8507,0,0,3248948,4639344,306427808
20,true,RFCluster,"6. VND NNI->SPR (Inc)",82,true,70.0000,3.0740,8286,0,0,3054458,4361624,306427808
20,true,RFCluster,"6. VND NNI->SPR (Inc)",83,true,52.0000,2.7096,8526,0,0,2690276,3815232,339982240
20,true,RFCluster,"6. VND NNI->SPR (Inc)",84,true,63.0000,3.0443,7986,0,0,3022027,4375776,339982240
20,true,RFCluster,"6. VND NNI->SPR (Inc)",85,true,60.0000,3.0288,8346,0,0,3009663,4341720,339982240
20,true,RFCluster,"6. VND NNI->SPR (Inc)",86,true,53.0000,2.6425,8105,0,0,2623408,3827056,339982240
20,true,RFCluster,"6. VND NNI->SPR (Inc)",87,true,60.0000,2.9083,8436,0,0,2889034,4076112,339982240
20,true,RFCluster,"6. VND NNI->SPR (Inc)",88,true,47.0000,2.6983,27813,0,0,2658716,3889528,339982240
20,true,RFCluster,"6. VND NNI->SPR (Inc)",89,true,42.0000,2.9014,8326,0,0,2882832,4033432,339982240
20,true,RFCluster,"6. VND NNI->SPR (Inc)",90,true,52.0000,3.0656,8296,0,0,3047034,4371904,339982240
20,true,RFCluster,"6. VND NNI->SPR (Inc)",91,true,56.0000,2.8831,8436,0,0,2864116,4036584,373536672
20,true,RFCluster,"6. VND NNI->SPR (Inc)",92,true,52.0000,2.6540,8266,0,0,2635122,3788176,373536672
20,true,RFCluster,"6. VND NNI->SPR (Inc)",93,true,64.0000,2.9822,7945,0,0,2963575,4030864,373536672
20,true,RFCluster,"6. VND NNI->SPR (Inc)",94,true,62.0000,3.2099,7975,0,0,3191339,4613224,373536672
20,true,RFCluster,"6. VND NNI->SPR (Inc)",95,true,55.0000,3.2819,29196,0,0,3240342,4670440,373536672
20,true,RFCluster,"6. VND NNI->SPR (Inc)",96,true,37.0000,2.1395,37742,0,0,2089553,3074488,373536672
20,true,RFCluster,"6. VND NNI->SPR (Inc)",97,true,46.0000,3.0580,8486,0,0,3038328,4331640,373536672
20,true,RFCluster,"6. VND NNI->SPR (Inc)",98,true,70.0000,3.1967,8546,0,0,3177332,4639200,373536672
20,true,RFCluster,"6. VND NNI->SPR (Inc)",99,true,52.0000,2.8333,7795,0,0,2815033,4100528,407091104
20,true,RFCluster,"6. VND NNI->SPR (Inc)",100,true,69.0000,3.0613,8166,0,0,3043146,4343752,407091104
20,true,MC,"1. NNI (Classic)",1,false,Infinity,23.1851,0,0,0,0,4997512,4464944
20,true,MC,"1. NNI (Classic)",2,false,Infinity,23.9193,0,0,0,0,11621440,4464944
20,true,MC,"1. NNI (Classic)",3,false,Infinity,21.3437,0,0,0,0,7854464,4464944
20,true,MC,"1. NNI (Classic)",4,false,Infinity,6.4721,0,0,0,0,7797664,4464944
20,true,MC,"1. NNI (Classic)",5,false,Infinity,2.9699,0,0,0,0,3932264,38019376
20,true,MC,"1. NNI (Classic)",6,false,Infinity,6.0487,0,0,0,0,7774064,38019376
20,true,MC,"1. NNI (Classic)",7,false,Infinity,5.9302,0,0,0,0,7773600,38019376
20,true,MC,"1. NNI (Classic)",8,false,Infinity,6.7472,0,0,0,0,9586320,38019376
20,true,MC,"1. NNI (Classic)",9,false,Infinity,5.4483,0,0,0,0,7716128,71573808
20,true,MC,"1. NNI (Classic)",10,false,Infinity,7.2020,0,0,0,0,10514488,71573808
20,true,MC,"1. NNI (Classic)",11,false,Infinity,5.9087,0,0,0,0,8587064,71573808
20,true,MC,"1. NNI (Classic)",12,false,Infinity,11.3098,0,0,0,0,16141080,105128240
20,true,MC,"1. NNI (Classic)",13,false,Infinity,7.3589,0,0,0,0,10610088,105128240
20,true,MC,"1. NNI (Classic)",14,false,Infinity,7.5852,0,0,0,0,10514528,105128240
20,true,MC,"1. NNI (Classic)",15,false,Infinity,8.2373,0,0,0,0,11420152,138682672
20,true,MC,"1. NNI (Classic)",16,false,Infinity,4.0878,0,0,0,0,5722864,138682672
20,true,MC,"1. NNI (Classic)",17,false,Infinity,4.7812,0,0,0,0,6807080,138682672
20,true,MC,"1. NNI (Classic)",18,false,Infinity,5.3787,0,0,0,0,7677920,138682672
20,true,MC,"1. NNI (Classic)",19,false,Infinity,8.7940,0,0,0,0,12524024,172237104
20,true,MC,"1. NNI (Classic)",20,false,Infinity,6.9541,0,0,0,0,10609848,172237104
20,true,MC,"1. NNI (Classic)",21,false,Infinity,3.6865,0,0,0,0,5936248,172237104
20,true,MC,"1. NNI (Classic)",22,false,Infinity,2.9907,0,0,0,0,4855280,172237104
20,true,MC,"1. NNI (Classic)",23,false,Infinity,5.8244,0,0,0,0,9604904,172237104
20,true,MC,"1. NNI (Classic)",24,false,Infinity,8.5918,0,0,0,0,14339424,205791536
20,true,MC,"1. NNI (Classic)",25,false,Infinity,5.3072,0,0,0,0,8739856,205791536
20,true,MC,"1. NNI (Classic)",26,false,Infinity,7.4243,0,0,0,0,12371928,239345968
20,true,MC,"1. NNI (Classic)",27,false,Infinity,6.4414,0,0,0,0,10590744,239345968
20,true,MC,"1. NNI (Classic)",28,false,Infinity,4.7071,0,0,0,0,7792720,239345968
20,true,MC,"1. NNI (Classic)",29,false,Infinity,3.5124,0,0,0,0,5802360,239345968
20,true,MC,"1. NNI (Classic)",30,false,Infinity,5.2146,0,0,0,0,8625552,272900400
20,true,MC,"1. NNI (Classic)",31,false,Infinity,4.0863,0,0,0,0,6749672,272900400
20,true,MC,"1. NNI (Classic)",32,false,Infinity,6.3788,0,0,0,0,10476200,272900400
20,true,MC,"1. NNI (Classic)",33,false,Infinity,6.4466,0,0,0,0,10552792,272900400
20,true,MC,"1. NNI (Classic)",34,false,Infinity,5.8743,0,0,0,0,9681736,306454832
20,true,MC,"1. NNI (Classic)",35,false,Infinity,4.5725,0,0,0,0,7639584,306454832
20,true,MC,"1. NNI (Classic)",36,false,Infinity,4.5971,0,0,0,0,7677712,306454832
20,true,MC,"1. NNI (Classic)",37,false,Infinity,2.9093,0,0,0,0,4816800,306454832
20,true,MC,"1. NNI (Classic)",38,false,Infinity,8.3185,0,0,0,0,13604248,340009264
20,true,MC,"1. NNI (Classic)",39,false,Infinity,4.6909,0,0,0,0,7716000,340009264
20,true,MC,"1. NNI (Classic)",40,false,Infinity,3.5800,0,0,0,0,5878840,340009264
20,true,MC,"1. NNI (Classic)",41,false,Infinity,7.6701,0,0,0,0,12687680,340009264
20,true,MC,"1. NNI (Classic)",42,false,Infinity,6.2713,0,0,0,0,10456560,373563696
20,true,MC,"1. NNI (Classic)",43,false,Infinity,4.6792,0,0,0,0,7735224,373563696
20,true,MC,"1. NNI (Classic)",44,false,Infinity,3.5810,0,0,0,0,5859968,373563696
20,true,MC,"1. NNI (Classic)",45,false,Infinity,4.1953,0,0,0,0,6845096,373563696
20,true,MC,"1. NNI (Classic)",46,false,Infinity,6.0052,0,0,0,0,9757616,407118128
20,true,MC,"1. NNI (Classic)",47,false,Infinity,4.7331,0,0,0,0,7735120,407118128
20,true,MC,"1. NNI (Classic)",48,false,Infinity,3.5311,0,0,0,0,5783160,407118128
20,true,MC,"1. NNI (Classic)",49,false,Infinity,4.6369,0,0,0,0,7658528,407118128
20,true,MC,"1. NNI (Classic)",50,false,Infinity,4.7618,0,0,0,0,7800240,440672560
20,true,MC,"1. NNI (Classic)",51,false,Infinity,7.0134,0,0,0,0,11556848,440672560
20,true,MC,"1. NNI (Classic)",52,false,Infinity,3.5016,0,0,0,0,5800384,440672560
20,true,MC,"1. NNI (Classic)",53,false,Infinity,5.8469,0,0,0,0,9623944,440672560
20,true,MC,"1. NNI (Classic)",54,false,Infinity,5.8361,0,0,0,0,9624488,474226992
20,true,MC,"1. NNI (Classic)",55,false,Infinity,3.6000,0,0,0,0,5744720,474226992
20,true,MC,"1. NNI (Classic)",56,false,Infinity,5.9607,0,0,0,0,9814664,474226992
20,true,MC,"1. NNI (Classic)",57,false,Infinity,5.7545,0,0,0,0,9642520,474226992
20,true,MC,"1. NNI (Classic)",58,false,Infinity,7.0733,0,0,0,0,11632424,507781424
20,true,MC,"1. NNI (Classic)",59,false,Infinity,5.2003,0,0,0,0,8633720,507781424
20,true,MC,"1. NNI (Classic)",60,false,Infinity,2.3996,0,0,0,0,3927280,507781424
20,true,MC,"1. NNI (Classic)",61,false,Infinity,5.7624,0,0,0,0,9585512,507781424
20,true,MC,"1. NNI (Classic)",62,false,Infinity,5.3012,0,0,0,0,8739200,541335856
20,true,MC,"1. NNI (Classic)",63,false,Infinity,4.0791,0,0,0,0,6691472,541335856
20,true,MC,"1. NNI (Classic)",64,false,Infinity,7.0406,0,0,0,0,11575136,541335856
20,true,MC,"1. NNI (Classic)",65,false,Infinity,6.9846,0,0,0,0,11480000,574890288
20,true,MC,"1. NNI (Classic)",66,false,Infinity,6.9752,0,0,0,0,11362192,574890288
20,true,MC,"1. NNI (Classic)",67,false,Infinity,4.0657,0,0,0,0,6729968,574890288
20,true,MC,"1. NNI (Classic)",68,false,Infinity,3.5274,0,0,0,0,5821168,574890288
20,true,MC,"1. NNI (Classic)",69,false,Infinity,7.1465,0,0,0,0,11689648,608444720
20,true,MC,"1. NNI (Classic)",70,false,Infinity,3.4998,0,0,0,0,5725472,608444720
20,true,MC,"1. NNI (Classic)",71,false,Infinity,5.7533,0,0,0,0,9613832,608444720
20,true,MC,"1. NNI (Classic)",72,false,Infinity,5.7608,0,0,0,0,9612232,608444720
20,true,MC,"1. NNI (Classic)",73,false,Infinity,7.0564,0,0,0,0,11496128,641999152
20,true,MC,"1. NNI (Classic)",74,false,Infinity,4.6438,0,0,0,0,7657832,641999152
20,true,MC,"1. NNI (Classic)",75,false,Infinity,2.4135,0,0,0,0,3986832,641999152
20,true,MC,"1. NNI (Classic)",76,false,Infinity,3.6696,0,0,0,0,6068912,641999152
20,true,MC,"1. NNI (Classic)",77,false,Infinity,5.2930,0,0,0,0,8758184,641999152
20,true,MC,"1. NNI (Classic)",78,false,Infinity,4.6448,0,0,0,0,7696168,675553584
20,true,MC,"1. NNI (Classic)",79,false,Infinity,6.3685,0,0,0,0,10551656,675553584
20,true,MC,"1. NNI (Classic)",80,false,Infinity,5.7480,0,0,0,0,9642520,675553584
20,true,MC,"1. NNI (Classic)",81,false,Infinity,8.2559,0,0,0,0,13565264,709108016
20,true,MC,"1. NNI (Classic)",82,false,Infinity,4.7404,0,0,0,0,7734584,709108016
20,true,MC,"1. NNI (Classic)",83,false,Infinity,2.9639,0,0,0,0,4931296,709108016
20,true,MC,"1. NNI (Classic)",84,false,Infinity,4.1437,0,0,0,0,6806240,709108016
20,true,MC,"1. NNI (Classic)",85,false,Infinity,3.5714,0,0,0,0,5935496,709108016
20,true,MC,"1. NNI (Classic)",86,false,Infinity,3.4710,0,0,0,0,5744600,742662448
20,true,MC,"1. NNI (Classic)",87,false,Infinity,9.7888,0,0,0,0,16120680,742662448
20,true,MC,"1. NNI (Classic)",88,false,Infinity,3.4928,0,0,0,0,5782736,742662448
20,true,MC,"1. NNI (Classic)",89,false,Infinity,5.1865,0,0,0,0,8605384,776216880
20,true,MC,"1. NNI (Classic)",90,false,Infinity,4.1707,0,0,0,0,6825288,776216880
20,true,MC,"1. NNI (Classic)",91,false,Infinity,4.7164,0,0,0,0,7753432,776216880
20,true,MC,"1. NNI (Classic)",92,false,Infinity,4.1464,0,0,0,0,6806520,776216880
20,true,MC,"1. NNI (Classic)",93,false,Infinity,8.1392,0,0,0,0,13641456,809771312
20,true,MC,"1. NNI (Classic)",94,false,Infinity,9.1942,0,0,0,0,15325992,809771312
20,true,MC,"1. NNI (Classic)",95,false,Infinity,3.4843,0,0,0,0,5763688,809771312
20,true,MC,"1. NNI (Classic)",96,false,Infinity,8.2717,0,0,0,0,13311304,843325744
20,true,MC,"1. NNI (Classic)",97,false,Infinity,4.6879,0,0,0,0,7696040,843325744
20,true,MC,"1. NNI (Classic)",98,false,Infinity,6.2628,0,0,0,0,10099656,843325744
20,true,MC,"1. NNI (Classic)",99,false,Infinity,6.3837,0,0,0,0,10473904,843325744
20,true,MC,"1. NNI (Classic)",100,false,Infinity,7.5945,0,0,0,0,12349336,876880176
20,true,MC,"2. NNI (Incremental)",1,false,Infinity,2.4221,0,0,0,0,632400,4573152
20,true,MC,"2. NNI (Incremental)",2,false,Infinity,2.0737,0,0,0,0,1819272,4573152
20,true,MC,"2. NNI (Incremental)",3,false,Infinity,0.5238,0,0,0,0,863832,4573152
20,true,MC,"2. NNI (Incremental)",4,false,Infinity,0.5595,0,0,0,0,984336,4573152
20,true,MC,"2. NNI (Incremental)",5,false,Infinity,0.3066,0,0,0,0,506512,4573152
20,true,MC,"2. NNI (Incremental)",6,false,Infinity,0.9017,0,0,0,0,985176,4573152
20,true,MC,"2. NNI (Incremental)",7,false,Infinity,0.6543,0,0,0,0,982040,4573152
20,true,MC,"2. NNI (Incremental)",8,false,Infinity,0.7972,0,0,0,0,1582640,4573152
20,true,MC,"2. NNI (Incremental)",9,false,Infinity,0.5810,0,0,0,0,1224408,4573152
20,true,MC,"2. NNI (Incremental)",10,false,Infinity,0.5261,0,0,0,0,1222560,4573152
20,true,MC,"2. NNI (Incremental)",11,false,Infinity,0.4829,0,0,0,0,1103280,4573152
20,true,MC,"2. NNI (Incremental)",12,false,Infinity,0.6728,0,0,0,0,1697160,4573152
20,true,MC,"2. NNI (Incremental)",13,false,Infinity,0.4596,0,0,0,0,1105184,4573152
20,true,MC,"2. NNI (Incremental)",14,false,Infinity,0.5829,0,0,0,0,1342288,4573152
20,true,MC,"2. NNI (Incremental)",15,false,Infinity,0.4640,0,0,0,0,1104792,38127584
20,true,MC,"2. NNI (Incremental)",16,false,Infinity,0.3719,0,0,0,0,852280,38127584
20,true,MC,"2. NNI (Incremental)",17,false,Infinity,0.3517,0,0,0,0,854128,38127584
20,true,MC,"2. NNI (Incremental)",18,false,Infinity,0.4249,0,0,0,0,972680,38127584
20,true,MC,"2. NNI (Incremental)",19,false,Infinity,0.4236,0,0,0,0,974752,38127584
20,true,MC,"2. NNI (Incremental)",20,false,Infinity,0.6055,0,0,0,0,1452488,38127584
20,true,MC,"2. NNI (Incremental)",21,false,Infinity,0.6501,0,0,0,0,1568016,38127584
20,true,MC,"2. NNI (Incremental)",22,false,Infinity,0.2492,0,0,0,0,615624,38127584
20,true,MC,"2. NNI (Incremental)",23,false,Infinity,0.3539,0,0,0,0,852392,38127584
20,true,MC,"2. NNI (Incremental)",24,false,Infinity,0.6197,0,0,0,0,1450360,38127584
20,true,MC,"2. NNI (Incremental)",25,false,Infinity,0.4983,0,0,0,0,1210960,38127584
20,true,MC,"2. NNI (Incremental)",26,false,Infinity,0.5242,0,0,0,0,1333880,38127584
20,true,MC,"2. NNI (Incremental)",27,false,Infinity,0.6374,0,0,0,0,1565664,38127584
20,true,MC,"2. NNI (Incremental)",28,false,Infinity,0.4052,0,0,0,0,974416,38127584
20,true,MC,"2. NNI (Incremental)",29,false,Infinity,0.3234,0,0,0,0,734344,38127584
20,true,MC,"2. NNI (Incremental)",30,false,Infinity,0.4230,0,0,0,0,971840,38127584
20,true,MC,"2. NNI (Incremental)",31,false,Infinity,0.3710,0,0,0,0,854296,38127584
20,true,MC,"2. NNI (Incremental)",32,false,Infinity,0.5545,0,0,0,0,1333320,38127584
20,true,MC,"2. NNI (Incremental)",33,false,Infinity,0.5018,0,0,0,0,1212248,38127584
20,true,MC,"2. NNI (Incremental)",34,false,Infinity,0.4757,0,0,0,0,1212808,38127584
20,true,MC,"2. NNI (Incremental)",35,false,Infinity,0.4127,0,0,0,0,973240,38127584
20,true,MC,"2. NNI (Incremental)",36,false,Infinity,0.3344,0,0,0,0,855384,38127584
20,true,MC,"2. NNI (Incremental)",37,false,Infinity,0.2229,0,0,0,0,495560,38127584
20,true,MC,"2. NNI (Incremental)",38,false,Infinity,0.4627,0,0,0,0,1095432,38127584
20,true,MC,"2. NNI (Incremental)",39,false,Infinity,0.5249,0,0,0,0,1210064,38127584
20,true,MC,"2. NNI (Incremental)",40,false,Infinity,0.3710,0,0,0,0,853344,38127584
20,true,MC,"2. NNI (Incremental)",41,false,Infinity,0.4919,0,0,0,0,1211016,38127584
20,true,MC,"2. NNI (Incremental)",42,false,Infinity,0.4944,0,0,0,0,1332704,38127584
20,true,MC,"2. NNI (Incremental)",43,false,Infinity,0.6906,0,0,0,0,1813520,38127584
20,true,MC,"2. NNI (Incremental)",44,false,Infinity,0.2545,0,0,0,0,614336,38127584
20,true,MC,"2. NNI (Incremental)",45,false,Infinity,0.3593,0,0,0,0,852448,71682016
20,true,MC,"2. NNI (Incremental)",46,false,Infinity,0.4036,0,0,0,0,971392,71682016
20,true,MC,"2. NNI (Incremental)",47,false,Infinity,0.3917,0,0,0,0,973464,71682016
20,true,MC,"2. NNI (Incremental)",48,false,Infinity,0.3251,0,0,0,0,852672,71682016
20,true,MC,"2. NNI (Incremental)",49,false,Infinity,0.3590,0,0,0,0,972848,71682016
20,true,MC,"2. NNI (Incremental)",50,false,Infinity,0.4839,0,0,0,0,1331584,71682016
20,true,MC,"2. NNI (Incremental)",51,false,Infinity,0.4592,0,0,0,0,1333712,71682016
20,true,MC,"2. NNI (Incremental)",52,false,Infinity,0.2875,0,0,0,0,736920,71682016
20,true,MC,"2. NNI (Incremental)",53,false,Infinity,0.5396,0,0,0,0,1454224,71682016
20,true,MC,"2. NNI (Incremental)",54,false,Infinity,0.4473,0,0,0,0,1211520,71682016
20,true,MC,"2. NNI (Incremental)",55,false,Infinity,0.6130,0,0,0,0,1571096,71682016
20,true,MC,"2. NNI (Incremental)",56,false,Infinity,0.4921,0,0,0,0,1330408,71682016
20,true,MC,"2. NNI (Incremental)",57,false,Infinity,0.2920,0,0,0,0,735464,71682016
20,true,MC,"2. NNI (Incremental)",58,false,Infinity,0.2907,0,0,0,0,732888,71682016
20,true,MC,"2. NNI (Incremental)",59,false,Infinity,0.3876,0,0,0,0,1091512,71682016
20,true,MC,"2. NNI (Incremental)",60,false,Infinity,0.2086,0,0,0,0,495336,71682016
20,true,MC,"2. NNI (Incremental)",61,false,Infinity,0.5541,0,0,0,0,1454728,71682016
20,true,MC,"2. NNI (Incremental)",62,false,Infinity,0.3853,0,0,0,0,972792,71682016
20,true,MC,"2. NNI (Incremental)",63,false,Infinity,0.3139,0,0,0,0,854128,71682016
20,true,MC,"2. NNI (Incremental)",64,false,Infinity,0.5518,0,0,0,0,1450752,71682016
20,true,MC,"2. NNI (Incremental)",65,false,Infinity,0.5732,0,0,0,0,1569472,71682016
20,true,MC,"2. NNI (Incremental)",66,false,Infinity,0.3845,0,0,0,0,972176,71682016
20,true,MC,"2. NNI (Incremental)",67,false,Infinity,0.3423,0,0,0,0,852952,71682016
20,true,MC,"2. NNI (Incremental)",68,false,Infinity,0.2813,0,0,0,0,734120,71682016
20,true,MC,"2. NNI (Incremental)",69,false,Infinity,0.5724,0,0,0,0,1570312,71682016
20,true,MC,"2. NNI (Incremental)",70,false,Infinity,0.2875,0,0,0,0,732608,71682016
20,true,MC,"2. NNI (Incremental)",71,false,Infinity,0.4444,0,0,0,0,1214208,71682016
20,true,MC,"2. NNI (Incremental)",72,false,Infinity,0.4226,0,0,0,0,1213480,71682016
20,true,MC,"2. NNI (Incremental)",73,false,Infinity,0.5393,0,0,0,0,1452544,71682016
20,true,MC,"2. NNI (Incremental)",74,false,Infinity,0.3572,0,0,0,0,973184,71682016
20,true,MC,"2. NNI (Incremental)",75,false,Infinity,0.2055,0,0,0,0,495280,71682016
20,true,MC,"2. NNI (Incremental)",76,false,Infinity,0.2806,0,0,0,0,734120,105236448
20,true,MC,"2. NNI (Incremental)",77,false,Infinity,0.7964,0,0,0,0,2287112,105236448
20,true,MC,"2. NNI (Incremental)",78,false,Infinity,0.3589,0,0,0,0,973072,105236448
20,true,MC,"2. NNI (Incremental)",79,false,Infinity,0.4889,0,0,0,0,1333488,105236448
20,true,MC,"2. NNI (Incremental)",80,false,Infinity,0.4317,0,0,0,0,1211968,105236448
20,true,MC,"2. NNI (Incremental)",81,false,Infinity,0.5607,0,0,0,0,1571208,105236448
20,true,MC,"2. NNI (Incremental)",82,false,Infinity,0.4926,0,0,0,0,1331584,105236448
20,true,MC,"2. NNI (Incremental)",83,false,Infinity,0.2395,0,0,0,0,616688,105236448
20,true,MC,"2. NNI (Incremental)",84,false,Infinity,0.2766,0,0,0,0,732720,105236448
20,true,MC,"2. NNI (Incremental)",85,false,Infinity,0.2788,0,0,0,0,734288,105236448
20,true,MC,"2. NNI (Incremental)",86,false,Infinity,0.2745,0,0,0,0,613440,105236448
20,true,MC,"2. NNI (Incremental)",87,false,Infinity,0.5919,0,0,0,0,2168112,105236448
20,true,MC,"2. NNI (Incremental)",88,false,Infinity,0.1987,0,0,0,0,613944,105236448
20,true,MC,"2. NNI (Incremental)",89,false,Infinity,0.2768,0,0,0,0,853064,105236448
20,true,MC,"2. NNI (Incremental)",90,false,Infinity,0.4760,0,0,0,0,1689480,105236448
20,true,MC,"2. NNI (Incremental)",91,false,Infinity,0.2817,0,0,0,0,974920,105236448
20,true,MC,"2. NNI (Incremental)",92,false,Infinity,0.2529,0,0,0,0,856536,105236448
20,true,MC,"2. NNI (Incremental)",93,false,Infinity,0.2501,0,0,0,0,853232,105236448
20,true,MC,"2. NNI (Incremental)",94,false,Infinity,0.5625,0,0,0,0,1929496,105236448
20,true,MC,"2. NNI (Incremental)",95,false,Infinity,0.2667,0,0,0,0,853680,105236448
20,true,MC,"2. NNI (Incremental)",96,false,Infinity,0.4777,0,0,0,0,1692560,105236448
20,true,MC,"2. NNI (Incremental)",97,false,Infinity,0.2944,0,0,0,0,972680,105236448
20,true,MC,"2. NNI (Incremental)",98,false,Infinity,0.3457,0,0,0,0,1211632,105236448
20,true,MC,"2. NNI (Incremental)",99,false,Infinity,0.3429,0,0,0,0,1212192,105236448
20,true,MC,"2. NNI (Incremental)",100,false,Infinity,0.3627,0,0,0,0,1210680,105236448
20,true,MC,"3. VND NNI->ECR->SPR (Classic)",1,true,38.0000,2612.8401,8337184,101207456,2435310248,67642570,5338316264,5339746336
20,true,MC,"3. VND NNI->ECR->SPR (Classic)",2,true,56.0000,1939.7591,8900757,86180391,1708841579,135656346,4154317680,9466941472
20,true,MC,"3. VND NNI->ECR->SPR (Classic)",3,true,44.0000,3484.1244,6675622,147312331,3263634719,66278736,6881605960,10324753376
20,true,MC,"3. VND NNI->ECR->SPR (Classic)",4,true,43.0000,3065.9512,6599930,83264596,2907857730,68036349,6655285448,10385909296
20,true,MC,"3. VND NNI->ECR->SPR (Classic)",5,true,47.0000,2465.8677,4343138,122476732,2270258666,68580814,5347801520,7902881328
20,true,MC,"3. VND NNI->ECR->SPR (Classic)",6,true,42.0000,2744.8481,6763832,84291990,2584908165,68681555,6075249176,10285246000
20,true,MC,"3. VND NNI->ECR->SPR (Classic)",7,true,49.0000,3146.2734,6022854,163066770,2976990524,0,6588332856,10411535952
20,true,MC,"3. VND NNI->ECR->SPR (Classic)",8,true,49.0000,2558.8586,7668443,129163839,2387341371,34451854,5621625680,5848133200
20,true,MC,"3. VND NNI->ECR->SPR (Classic)",9,true,42.0000,3282.2958,6621060,101357131,3104580780,69511383,7370154392,10277318224
20,true,MC,"3. VND NNI->ECR->SPR (Classic)",10,true,49.0000,2873.8581,8278624,99960084,2696703307,68700642,6067491984,9159321176
20,true,MC,"3. VND NNI->ECR->SPR (Classic)",11,true,45.0000,1467.9789,7223045,142611402,1217190020,100733536,2915401416,10300171864
20,true,MC,"3. VND NNI->ECR->SPR (Classic)",12,true,49.0000,3876.5027,11794248,87761928,3743303361,33375207,7791564736,9604273896
20,true,MC,"3. VND NNI->ECR->SPR (Classic)",13,true,44.0000,2014.6312,7787549,164303521,1842340503,0,4131660816,10275362536
20,true,MC,"3. VND NNI->ECR->SPR (Classic)",14,true,54.0000,2605.2717,8412347,118731181,2343792078,134134341,5002536816,8474025248
20,true,MC,"3. VND NNI->ECR->SPR (Classic)",15,true,42.0000,2940.3679,8264527,85227780,2846675856,0,6362347912,10323389520
20,true,MC,"3. VND NNI->ECR->SPR (Classic)",16,true,39.0000,2536.2592,5213423,119989363,2342575905,68268831,5454349656,10054954064
20,true,MC,"3. VND NNI->ECR->SPR (Classic)",17,true,53.0000,2433.5600,6033822,130591664,2194153103,102528670,5144787800,10289835088
20,true,MC,"3. VND NNI->ECR->SPR (Classic)",18,true,53.0000,1396.0772,6472939,118183589,1101353975,169821855,2908845576,7876547320
20,true,MC,"3. VND NNI->ECR->SPR (Classic)",19,true,51.0000,2638.8974,10091459,128055571,2400359717,100051699,5271858824,10337869952
20,true,MC,"3. VND NNI->ECR->SPR (Classic)",20,true,58.0000,3541.9320,8504563,86973310,3344514851,101750610,7356862560,10270761088
20,true,MC,"3. VND NNI->ECR->SPR (Classic)",21,true,53.0000,2374.2595,5648742,145094735,2119451008,103878466,5228929896,10304315520
20,true,MC,"3. VND NNI->ECR->SPR (Classic)",22,true,50.0000,3507.9573,4898916,202879838,3232731413,67243310,7013345472,10397632336
20,true,MC,"3. VND NNI->ECR->SPR (Classic)",23,true,46.0000,2637.6550,7992448,65051352,2394022104,170448506,5113671376,7176406864
20,true,MC,"3. VND NNI->ECR->SPR (Classic)",24,true,36.0000,2523.1428,10081451,68261548,2444643067,0,5065875536,10296969040
20,true,MC,"3. VND NNI->ECR->SPR (Classic)",25,true,39.0000,2329.3027,7282920,137886004,2150408728,33548657,4776220296,6832615104
20,true,MC,"3. VND NNI->ECR->SPR (Classic)",26,true,41.0000,3048.6078,9352134,68724097,2936689396,33637776,6381587456,10310025984
20,true,MC,"3. VND NNI->ECR->SPR (Classic)",27,true,44.0000,2455.0369,8428326,85069079,2259749851,101632595,5167115616,8196096768
20,true,MC,"3. VND NNI->ECR->SPR (Classic)",28,true,55.0000,3108.6133,7352210,191848491,2779416195,129805028,5693456888,10276471552
20,true,MC,"3. VND NNI->ECR->SPR (Classic)",29,true,61.0000,1903.8220,5557877,101267661,1625457486,171372955,4102023184,7779929264
20,true,MC,"3. VND NNI->ECR->SPR (Classic)",30,true,43.0000,4444.6566,7158643,50060456,4353361383,33885256,9687945976,10305823264
20,true,MC,"3. VND NNI->ECR->SPR (Classic)",31,true,51.0000,2323.7715,6009188,126283061,2088716533,102581901,5203809440,10323442608
20,true,MC,"3. VND NNI->ECR->SPR (Classic)",32,true,47.0000,2606.7907,8313379,90569126,2408160761,99574311,5128662064,7370652592
20,true,MC,"3. VND NNI->ECR->SPR (Classic)",33,true,47.0000,2953.3471,8441222,48762438,2794211780,101784174,6086402520,10289888176
20,true,MC,"3. VND NNI->ECR->SPR (Classic)",34,true,54.0000,1373.6578,7868453,273679211,1058808881,33115813,2691943016,5923071872
20,true,MC,"3. VND NNI->ECR->SPR (Classic)",35,true,57.0000,2610.8208,6544635,138819060,2326258144,139022426,5766233224,10321755264
20,true,MC,"3. VND NNI->ECR->SPR (Classic)",36,true,52.0000,2320.4950,6615270,96902981,2043293567,173532411,5124025456,6664322176
20,true,MC,"3. VND NNI->ECR->SPR (Classic)",37,true,40.0000,2768.6616,4770702,117512763,2577660604,68549134,6048416224,10288201344
20,true,MC,"3. VND NNI->ECR->SPR (Classic)",38,true,47.0000,2148.6448,10292703,116066425,1987762199,34330163,4707000376,7222263168
20,true,MC,"3. VND NNI->ECR->SPR (Classic)",39,true,48.0000,953.9996,6686686,170946284,672247963,103950944,2017206224,9235529088
20,true,MC,"3. VND NNI->ECR->SPR (Classic)",40,true,51.0000,1302.7848,5556977,210683639,1017428162,68920390,2770263136,10275716480
20,true,MC,"3. VND NNI->ECR->SPR (Classic)",41,true,53.0000,2044.7831,9773255,146787634,1853858205,34153426,4411161880,6174591328
20,true,MC,"3. VND NNI->ECR->SPR (Classic)",42,true,48.0000,1650.8914,8339549,69977320,1433458979,138966901,3683908616,9865578848
20,true,MC,"3. VND NNI->ECR->SPR (Classic)",43,true,44.0000,4618.9180,6769674,84201188,4493394151,34355100,9883632392,10301786976
20,true,MC,"3. VND NNI->ECR->SPR (Classic)",44,true,49.0000,1762.7490,5604559,146864289,1472089920,138014219,3701021440,10288205576
20,true,MC,"3. VND NNI->ECR->SPR (Classic)",45,true,49.0000,4554.1252,6217013,104414506,4409035794,34247705,9950652480,10468124928
20,true,MC,"3. VND NNI->ECR->SPR (Classic)",46,true,38.0000,1633.0296,7931094,90453697,1465515940,68981266,3539976424,6307375360
20,true,MC,"3. VND NNI->ECR->SPR (Classic)",47,true,37.0000,3163.8015,6837683,78378746,3044193286,34211768,6969294216,10300355328
20,true,MC,"3. VND NNI->ECR->SPR (Classic)",48,true,48.0000,2116.4198,5511822,173363389,1902850959,34497440,4553015304,7672808624
20,true,MC,"3. VND NNI->ECR->SPR (Classic)",49,true,53.0000,1977.3623,6653592,61327851,1734911674,174316051,4256475136,10290054320
20,true,MC,"3. VND NNI->ECR->SPR (Classic)",50,true,45.0000,3126.2813,6163471,163349307,2956594548,0,5975718576,7703876472
20,true,MC,"3. VND NNI->ECR->SPR (Classic)",51,false,Infinity,1596.7631,9547105,138288109,1278872646,169875978,3239200960,10287567736
20,true,MC,"3. VND NNI->ECR->SPR (Classic)",52,true,41.0000,3616.9408,5361085,82339988,3425359226,103697893,7999882624,8678342224
20,true,MC,"3. VND NNI->ECR->SPR (Classic)",53,true,46.0000,2569.4580,7833327,134295387,2394639560,32506184,4707514904,10316322288
20,true,MC,"3. VND NNI->ECR->SPR (Classic)",54,true,43.0000,3196.5432,7733486,175293389,2979980910,33317587,6438512440,9578124784
20,true,MC,"3. VND NNI->ECR->SPR (Classic)",55,true,46.0000,557.1792,4868097,143095793,273484872,135601882,1126307448,10282767856
20,true,MC,"3. VND NNI->ECR->SPR (Classic)",56,true,47.0000,1085.8230,7942714,169231883,805512881,102953798,2281874160,2705685728
20,true,MC,"3. VND NNI->ECR->SPR (Classic)",57,true,43.0000,3340.0924,7908107,61041658,3168142790,102820234,7004969520,9718562016
20,true,MC,"3. VND NNI->ECR->SPR (Classic)",58,true,42.0000,4068.4746,9213560,91795469,3934173021,33105975,8042585704,10288987360
20,true,MC,"3. VND NNI->ECR->SPR (Classic)",59,true,48.0000,2963.9194,7211813,124223054,2763801081,68484701,6582166496,10341884984
20,true,MC,"3. VND NNI->ECR->SPR (Classic)",60,true,31.0000,1971.1937,4299667,116162837,1816297319,34272423,4266863896,8127292472
20,true,MC,"3. VND NNI->ECR->SPR (Classic)",61,true,37.0000,1163.8494,7213958,138951471,1017536728,0,2506411344,10274776120
20,true,MC,"3. VND NNI->ECR->SPR (Classic)",62,true,47.0000,1540.5368,7156931,185256464,1313723980,34169958,3295138120,3720806192
20,true,MC,"3. VND NNI->ECR->SPR (Classic)",63,true,41.0000,5320.3134,5964320,123512533,5157607185,33056741,9884107608,10403805560
20,true,MC,"3. VND NNI->ECR->SPR (Classic)",64,true,46.0000,2268.4284,9208181,126893562,2063174994,68971988,5036260752,8524757368
20,true,MC,"3. VND NNI->ECR->SPR (Classic)",65,true,40.0000,2355.1602,8311957,114784104,2231919990,0,4665594120,10303142776
20,true,MC,"3. VND NNI->ECR->SPR (Classic)",66,true,45.0000,2167.5595,8955860,116326589,2008153865,33963135,4565160280,7513466240
20,true,MC,"3. VND NNI->ECR->SPR (Classic)",67,true,49.0000,2281.5250,6090623,94835960,2043250083,137193729,4912694296,10314792608
20,true,MC,"3. VND NNI->ECR->SPR (Classic)",68,true,54.0000,1044.5892,5600149,113588692,752339296,172926739,2263358224,4476321440
20,true,MC,"3. VND NNI->ECR->SPR (Classic)",69,true,42.0000,3220.4395,8558474,117016750,3094691906,0,6669942360,10364109040
20,true,MC,"3. VND NNI->ECR->SPR (Classic)",70,true,46.0000,3642.4145,5445735,113764075,3488812549,34205596,7859595128,8887714032
20,true,MC,"3. VND NNI->ECR->SPR (Classic)",71,true,41.0000,2528.9115,7709882,77090305,2341237561,102724051,5579339976,10297000176
20,true,MC,"3. VND NNI->ECR->SPR (Classic)",72,true,42.0000,3929.4944,7053815,56796314,3865479742,0,8231326680,10410528416
20,true,MC,"3. VND NNI->ECR->SPR (Classic)",73,true,42.0000,4406.4776,8471741,73273118,4324602285,0,8376672144,10330770824
20,true,MC,"3. VND NNI->ECR->SPR (Classic)",74,true,39.0000,2662.2108,6556036,83711556,2502757789,69029237,5933077632,6606228872
20,true,MC,"3. VND NNI->ECR->SPR (Classic)",75,true,43.0000,3089.8476,3789366,135331949,2950554994,0,6746437832,10297216392
20,true,MC,"3. VND NNI->ECR->SPR (Classic)",76,true,39.0000,1922.2262,5750987,89418981,1723124490,103805348,4157472256,7331040080
20,true,MC,"3. VND NNI->ECR->SPR (Classic)",77,true,35.0000,1321.0251,6818997,124145245,1189917268,0,2770748184,10082503504
20,true,MC,"3. VND NNI->ECR->SPR (Classic)",78,true,43.0000,3957.2419,6763132,69626403,3812225965,68458141,8308985896,10283830096
20,true,MC,"3. VND NNI->ECR->SPR (Classic)",79,true,52.0000,4963.2627,8481880,115815125,4806342968,32421824,8991457128,10326426560
20,true,MC,"3. VND NNI->ECR->SPR (Classic)",80,true,43.0000,1614.9182,7867691,146141806,1393091516,67658150,3349609744,10259317696
20,true,MC,"3. VND NNI->ECR->SPR (Classic)",81,true,56.0000,3839.5603,10277695,93488438,3666976056,68619487,8390616864,10292874688
20,true,MC,"3. VND NNI->ECR->SPR (Classic)",82,true,46.0000,3064.1254,6211722,126775197,2930934983,0,6274587736,10319507488
20,true,MC,"3. VND NNI->ECR->SPR (Classic)",83,true,35.0000,2260.2178,4337428,144603850,2111132600,0,4548980040,8943775776
20,true,MC,"3. VND NNI->ECR->SPR (Classic)",84,true,52.0000,2752.7295,6108295,262515041,2451125913,32781347,5154540504,10285953056
20,true,MC,"3. VND NNI->ECR->SPR (Classic)",85,true,40.0000,1786.8625,5584139,147868629,1598444218,34805557,3943191792,7819059936
20,true,MC,"3. VND NNI->ECR->SPR (Classic)",86,true,43.0000,4448.6667,5386984,84976603,4290249099,67874341,9133387344,10334950648
20,true,MC,"3. VND NNI->ECR->SPR (Classic)",87,true,47.0000,2187.9876,11993366,134953659,2008591066,32266488,4100311608,10301396216
20,true,MC,"3. VND NNI->ECR->SPR (Classic)",88,true,48.0000,2034.6999,4830835,188824701,1840870838,0,4373368616,4879810208
20,true,MC,"3. VND NNI->ECR->SPR (Classic)",89,true,38.0000,3020.9387,7142582,97758879,2882241929,33629870,6262394064,10413385360
20,true,MC,"3. VND NNI->ECR->SPR (Classic)",90,true,56.0000,2633.9750,6241620,103919334,2387498010,136170002,5465934128,6487516816
20,true,MC,"3. VND NNI->ECR->SPR (Classic)",91,true,56.0000,644.5340,6235857,113188510,325552785,199452952,1236901424,7729030800
20,true,MC,"3. VND NNI->ECR->SPR (Classic)",92,true,35.0000,2973.5187,6274433,120679555,2812321227,34083092,6204326576,10279167632
20,true,MC,"3. VND NNI->ECR->SPR (Classic)",93,true,46.0000,2240.4746,9622588,111795492,2118890443,0,4751089616,8467760160
20,true,MC,"3. VND NNI->ECR->SPR (Classic)",94,true,50.0000,2211.6342,11428472,88282579,2010139350,101629640,4579928888,10279699488
20,true,MC,"3. VND NNI->ECR->SPR (Classic)",95,true,43.0000,5445.1825,5573097,111177046,5294802808,33442846,10587990688,10424324064
20,true,MC,"3. VND NNI->ECR->SPR (Classic)",96,true,37.0000,1931.5679,9807840,68155875,1853459627,0,4120906248,7437979616
20,true,MC,"3. VND NNI->ECR->SPR (Classic)",97,true,48.0000,1289.0516,6626801,197281332,1017952118,67031047,2535604416,9988116448
20,true,MC,"3. VND NNI->ECR->SPR (Classic)",98,true,66.0000,1722.4568,8299033,161402634,1352163156,200447513,3286835776,10290106336
20,true,MC,"3. VND NNI->ECR->SPR (Classic)",99,true,45.0000,2722.8025,7856019,127626105,2587147214,0,5737277440,8758322144
20,true,MC,"3. VND NNI->ECR->SPR (Classic)",100,true,44.0000,1651.1684,8978823,163846193,1478163089,0,3480507432,10311753344
20,true,MC,"4. VND NNI->SPR (Classic)",1,false,Infinity,450.0292,6720138,0,0,443211300,893281368,877277936
20,true,MC,"4. VND NNI->SPR (Classic)",2,true,65.0000,480.0833,7902738,0,0,472110249,961737944,1850356464
20,true,MC,"4. VND NNI->SPR (Classic)",3,true,58.0000,445.5144,5558911,0,0,439904767,888182208,2722771696
20,true,MC,"4. VND NNI->SPR (Classic)",4,true,53.0000,385.0439,5504788,0,0,379484041,765571088,3494523632
20,true,MC,"4. VND NNI->SPR (Classic)",5,true,57.0000,353.5109,3084506,0,0,350383663,700113384,4199166704
20,true,MC,"4. VND NNI->SPR (Classic)",6,true,62.0000,456.6629,5442800,0,0,451165952,908310304,5105136368
20,true,MC,"4. VND NNI->SPR (Classic)",7,true,66.0000,490.3195,5445425,0,0,484823996,970913968,6078214896
20,true,MC,"4. VND NNI->SPR (Classic)",8,true,61.0000,356.3252,6548222,0,0,349723928,703299184,6782857968
20,true,MC,"4. VND NNI->SPR (Classic)",9,true,64.0000,495.7416,5425176,0,0,490258881,981364088,7755936496
20,true,MC,"4. VND NNI->SPR (Classic)",10,true,59.0000,387.3219,7141911,0,0,380118948,768824888,8527688432
20,true,MC,"4. VND NNI->SPR (Classic)",11,true,66.0000,413.1803,6015740,0,0,407101017,820036376,9366549232
20,true,MC,"4. VND NNI->SPR (Classic)",12,true,71.0000,451.2315,10597172,0,0,440563269,895412000,10238964464
20,true,MC,"4. VND NNI->SPR (Classic)",13,true,51.0000,379.4929,7159604,0,0,372275352,753496600,10313320720
20,true,MC,"4. VND NNI->SPR (Classic)",14,true,69.0000,379.9164,7054976,0,0,372796473,753024992,1454950672
20,true,MC,"4. VND NNI->SPR (Classic)",15,true,65.0000,387.9273,7767482,0,0,380092978,767033800,2226702608
20,true,MC,"4. VND NNI->SPR (Classic)",16,true,48.0000,453.3931,4188465,0,0,449156280,900737400,3132672272
20,true,MC,"4. VND NNI->SPR (Classic)",17,true,79.0000,519.9048,4937801,0,0,514916250,1034121632,4172859664
20,true,MC,"4. VND NNI->SPR (Classic)",18,true,53.0000,347.5821,5336958,0,0,342194621,694055440,4843948304
20,true,MC,"4. VND NNI->SPR (Classic)",19,false,Infinity,447.0734,8925042,0,0,438073575,889311360,5749917968
20,true,MC,"4. VND NNI->SPR (Classic)",20,true,57.0000,386.0105,7215421,0,0,378732261,763561544,6521669904
20,true,MC,"4. VND NNI->SPR (Classic)",21,false,Infinity,459.3935,5000839,0,0,454328105,907846080,7427639568
20,true,MC,"4. VND NNI->SPR (Classic)",22,true,72.0000,589.6925,3659579,0,0,585987369,1169014760,8568490256
20,true,MC,"4. VND NNI->SPR (Classic)",23,true,58.0000,388.4732,6637411,0,0,381773945,767543872,9340242192
20,true,MC,"4. VND NNI->SPR (Classic)",24,true,48.0000,316.0405,9435733,0,0,306535742,626944728,9977776400
20,true,MC,"4. VND NNI->SPR (Classic)",25,true,48.0000,315.8258,6054513,0,0,309715087,624590000,10293444680
20,true,MC,"4. VND NNI->SPR (Classic)",26,true,52.0000,351.6105,8079785,0,0,343466228,699287072,1065975880
20,true,MC,"4. VND NNI->SPR (Classic)",27,false,Infinity,485.3817,7929089,0,0,477382565,963300152,2005499976
20,true,MC,"4. VND NNI->SPR (Classic)",28,true,71.0000,437.8261,5542299,0,0,432223781,871002832,2877915208
20,true,MC,"4. VND NNI->SPR (Classic)",29,false,Infinity,453.4910,4870742,0,0,448564304,894342688,3783884872
20,true,MC,"4. VND NNI->SPR (Classic)",30,true,70.0000,449.8576,5897425,0,0,443902930,897647232,4689854536
20,true,MC,"4. VND NNI->SPR (Classic)",31,true,56.0000,422.5263,4793726,0,0,417685184,842779344,5528715336
20,true,MC,"4. VND NNI->SPR (Classic)",32,false,Infinity,344.3832,7751740,0,0,336567500,684727472,6199803976
20,true,MC,"4. VND NNI->SPR (Classic)",33,true,56.0000,353.8043,7236241,0,0,346511720,700136352,6904447048
20,true,MC,"4. VND NNI->SPR (Classic)",34,true,63.0000,450.4940,6706744,0,0,443732807,892668424,7810416712
20,true,MC,"4. VND NNI->SPR (Classic)",35,true,68.0000,392.6484,5352008,0,0,387247844,776146200,8582168648
20,true,MC,"4. VND NNI->SPR (Classic)",36,true,66.0000,425.7915,5406782,0,0,420331837,841603464,9421029448
20,true,MC,"4. VND NNI->SPR (Classic)",37,true,54.0000,386.0161,3613422,0,0,382359799,767107832,10192781384
20,true,MC,"4. VND NNI->SPR (Classic)",38,true,70.0000,426.3511,9028369,0,0,417253433,841977120,10293444680
20,true,MC,"4. VND NNI->SPR (Classic)",39,true,60.0000,427.4618,5405970,0,0,422001562,841876056,1590118208
20,true,MC,"4. VND NNI->SPR (Classic)",40,true,68.0000,487.9596,4320796,0,0,483585260,968718424,2563196736
20,true,MC,"4. VND NNI->SPR (Classic)",41,true,62.0000,323.2327,8488652,0,0,314679538,635717648,3200730944
20,true,MC,"4. VND NNI->SPR (Classic)",42,true,56.0000,323.0050,7116352,0,0,315833281,637577536,3838265152
20,true,MC,"4. VND NNI->SPR (Classic)",43,false,Infinity,384.0500,5917612,0,0,378081082,762081360,4576462656
20,true,MC,"4. VND NNI->SPR (Classic)",44,true,65.0000,627.2383,4320134,0,0,622872310,1243445160,5817976640
20,true,MC,"4. VND NNI->SPR (Classic)",45,true,64.0000,531.7510,5026489,0,0,526670611,1049753384,6891718464
20,true,MC,"4. VND NNI->SPR (Classic)",46,true,44.0000,315.6806,6766296,0,0,308847308,624150024,7495698240
20,true,MC,"4. VND NNI->SPR (Classic)",47,true,48.0000,356.3432,5557619,0,0,350733638,703553976,8200341312
20,true,MC,"4. VND NNI->SPR (Classic)",48,true,67.0000,418.5790,4245334,0,0,414271513,837129680,9039202112
20,true,MC,"4. VND NNI->SPR (Classic)",49,true,61.0000,351.3704,5381584,0,0,345939111,696181728,9743845184
20,true,MC,"4. VND NNI->SPR (Classic)",50,true,58.0000,380.1832,5458180,0,0,374668313,751552688,10310469168
20,true,MC,"4. VND NNI->SPR (Classic)",51,true,67.0000,381.7908,7686306,0,0,374044807,763479640,1015891504
20,true,MC,"4. VND NNI->SPR (Classic)",52,true,53.0000,351.8903,4204244,0,0,347641247,699497072,1720534576
20,true,MC,"4. VND NNI->SPR (Classic)",53,true,63.0000,340.2530,6585804,0,0,333609665,679960384,2391623216
20,true,MC,"4. VND NNI->SPR (Classic)",54,true,59.0000,381.8590,6629867,0,0,375172903,759899000,3163375152
20,true,MC,"4. VND NNI->SPR (Classic)",55,true,58.0000,380.7128,4305839,0,0,376361492,756936960,3901572656
20,true,MC,"4. VND NNI->SPR (Classic)",56,true,57.0000,352.8477,6748764,0,0,346042918,700086864,4606215728
20,true,MC,"4. VND NNI->SPR (Classic)",57,true,65.0000,383.9050,6541099,0,0,377309004,764890016,5377967664
20,true,MC,"4. VND NNI->SPR (Classic)",58,true,58.0000,413.5956,7856129,0,0,405674595,823125296,6216828464
20,true,MC,"4. VND NNI->SPR (Classic)",59,true,52.0000,389.9656,6008195,0,0,383902343,770456472,6988580400
20,true,MC,"4. VND NNI->SPR (Classic)",60,false,Infinity,421.3536,3704666,0,0,417602516,833378800,7793886768
20,true,MC,"4. VND NNI->SPR (Classic)",61,false,Infinity,460.2573,7147942,0,0,453041227,908992728,8733410864
20,true,MC,"4. VND NNI->SPR (Classic)",62,false,Infinity,352.6077,6612835,0,0,345926066,697381736,9404499504
20,true,MC,"4. VND NNI->SPR (Classic)",63,true,58.0000,406.6916,4820496,0,0,401822910,809968904,10243360304
20,true,MC,"4. VND NNI->SPR (Classic)",64,true,57.0000,358.6936,7839638,0,0,350793482,706472336,10276914736
20,true,MC,"4. VND NNI->SPR (Classic)",65,true,57.0000,348.5949,7649517,0,0,340890611,691952456,1352971776
20,true,MC,"4. VND NNI->SPR (Classic)",66,true,53.0000,422.4976,7780135,0,0,414659621,833976784,2191832576
20,true,MC,"4. VND NNI->SPR (Classic)",67,true,55.0000,385.6144,4885751,0,0,380683391,764102472,2963584512
20,true,MC,"4. VND NNI->SPR (Classic)",68,true,57.0000,390.4481,4323301,0,0,386073711,773018160,3735336448
20,true,MC,"4. VND NNI->SPR (Classic)",69,false,Infinity,419.7818,8487971,0,0,411225249,838161752,4574197248
20,true,MC,"4. VND NNI->SPR (Classic)",70,true,50.0000,313.0326,4185260,0,0,308803674,624806504,5178177024
20,true,MC,"4. VND NNI->SPR (Classic)",71,true,52.0000,316.2860,6460946,0,0,309777075,628123264,5815711232
20,true,MC,"4. VND NNI->SPR (Classic)",72,true,58.0000,452.0336,6556578,0,0,445426417,899370368,6721680896
20,true,MC,"4. VND NNI->SPR (Classic)",73,true,60.0000,412.8484,7835460,0,0,404957060,820706304,7526987264
20,true,MC,"4. VND NNI->SPR (Classic)",74,true,67.0000,426.4006,5415097,0,0,420933051,841082192,8399402496
20,true,MC,"4. VND NNI->SPR (Classic)",75,true,61.0000,385.4368,3224452,0,0,382166501,768291584,9137600000
20,true,MC,"4. VND NNI->SPR (Classic)",76,true,43.0000,348.3500,4464129,0,0,343838817,697606952,9842243072
20,true,MC,"4. VND NNI->SPR (Classic)",77,true,54.0000,456.0378,6168810,0,0,449811356,903484640,10303020576
20,true,MC,"4. VND NNI->SPR (Classic)",78,true,59.0000,446.8984,5353942,0,0,441489150,896359776,1411096096
20,true,MC,"4. VND NNI->SPR (Classic)",79,true,63.0000,402.3339,7255017,0,0,395016938,808077240,2216402464
20,true,MC,"4. VND NNI->SPR (Classic)",80,true,52.0000,415.4558,6629787,0,0,408775141,832079600,3055263264
20,true,MC,"4. VND NNI->SPR (Classic)",81,false,Infinity,455.4880,9743919,0,0,445673598,910121888,3961232928
20,true,MC,"4. VND NNI->SPR (Classic)",82,true,61.0000,383.1958,5500861,0,0,377645735,764334144,4732984864
20,true,MC,"4. VND NNI->SPR (Classic)",83,true,58.0000,478.4978,3730885,0,0,474719841,961096280,5672508960
20,true,MC,"4. VND NNI->SPR (Classic)",84,true,68.0000,406.5337,4889157,0,0,401595257,811368888,6477815328
20,true,MC,"4. VND NNI->SPR (Classic)",85,true,57.0000,457.1399,4421978,0,0,452671544,908422480,7417339424
20,true,MC,"4. VND NNI->SPR (Classic)",86,true,53.0000,343.7945,4179127,0,0,339571722,686615800,8088428064
20,true,MC,"4. VND NNI->SPR (Classic)",87,true,64.0000,376.2370,10698144,0,0,365468619,749957536,8826625568
20,true,MC,"4. VND NNI->SPR (Classic)",88,true,57.0000,455.4926,4279207,0,0,451165651,906024288,9732595232
20,true,MC,"4. VND NNI->SPR (Classic)",89,true,53.0000,383.6655,6024607,0,0,377579669,760967560,10312949736
20,true,MC,"4. VND NNI->SPR (Classic)",90,false,Infinity,440.8624,5499127,0,0,435306914,883985144,1119035368
20,true,MC,"4. VND NNI->SPR (Classic)",91,true,60.0000,404.9486,5561976,0,0,399338836,809547504,1957896168
20,true,MC,"4. VND NNI->SPR (Classic)",92,true,53.0000,411.5127,4963679,0,0,406502519,820930744,2763202536
20,true,MC,"4. VND NNI->SPR (Classic)",93,true,59.0000,353.3102,9114172,0,0,344133878,699986816,3467845608
20,true,MC,"4. VND NNI->SPR (Classic)",94,true,63.0000,384.8381,10139401,0,0,374638566,769640616,4239597544
20,true,MC,"4. VND NNI->SPR (Classic)",95,false,Infinity,542.5073,4735075,0,0,537719572,1090373248,5313339368
20,true,MC,"4. VND NNI->SPR (Classic)",96,false,Infinity,281.3684,9611808,0,0,271696200,560530592,5883764712
20,true,MC,"4. VND NNI->SPR (Classic)",97,true,59.0000,414.7260,5443461,0,0,409223564,823278384,6722625512
20,true,MC,"4. VND NNI->SPR (Classic)",98,true,75.0000,507.1299,7031281,0,0,500036234,1014477240,7729258472
20,true,MC,"4. VND NNI->SPR (Classic)",99,true,65.0000,386.4320,7178951,0,0,379185413,763166120,8501010408
20,true,MC,"4. VND NNI->SPR (Classic)",100,true,55.0000,385.0518,8297339,0,0,376693704,769667680,9239207912
20,true,MC,"5. VND NNI->ECR->SPR (Inc)",1,true,49.0000,86.6433,585453,4638221,62545137,18738694,204976760,206427360
20,true,MC,"5. VND NNI->ECR->SPR (Inc)",2,true,43.0000,85.9762,1203068,2215584,80951779,1525912,269982496,474862816
20,true,MC,"5. VND NNI->ECR->SPR (Inc)",3,true,47.0000,62.1047,386886,4649783,52064116,4951376,184590832,676189408
20,true,MC,"5. VND NNI->ECR->SPR (Inc)",4,true,49.0000,43.3582,515360,4482535,31118785,7191726,143708016,810407136
20,true,MC,"5. VND NNI->ECR->SPR (Inc)",5,true,44.0000,49.7992,352398,6146047,41871062,1373662,156273216,978179296
20,true,MC,"5. VND NNI->ECR->SPR (Inc)",6,true,45.0000,62.4712,426841,2868103,56578030,2545180,192380416,1145951456
20,true,MC,"5. VND NNI->ECR->SPR (Inc)",7,true,49.0000,55.1408,415520,5270403,46855741,2543096,179007976,1347278048
20,true,MC,"5. VND NNI->ECR->SPR (Inc)",8,true,46.0000,54.0076,655858,3705806,48351777,1248594,171647424,1515050208
20,true,MC,"5. VND NNI->ECR->SPR (Inc)",9,true,45.0000,46.3981,472377,3575488,39797248,2507959,146542336,1649267936
20,true,MC,"5. VND NNI->ECR->SPR (Inc)",10,true,49.0000,54.3655,477709,3680819,47650893,2516736,175822040,1817040096
20,true,MC,"5. VND NNI->ECR->SPR (Inc)",11,true,47.0000,35.7303,442111,4554621,26928678,3766202,112777112,1951257824
20,true,MC,"5. VND NNI->ECR->SPR (Inc)",12,true,52.0000,54.9876,591954,5012883,48064370,1259715,176857536,2119029984
20,true,MC,"5. VND NNI->ECR->SPR (Inc)",13,true,41.0000,93.7292,451238,1921414,90005877,1248564,291418784,2421019872
20,true,MC,"5. VND NNI->ECR->SPR (Inc)",14,true,54.0000,46.9105,525399,3902692,37483268,4967887,144387752,2555237600
20,true,MC,"5. VND NNI->ECR->SPR (Inc)",15,true,45.0000,60.5524,397435,4638220,55491633,0,190547856,2756564192
20,true,MC,"5. VND NNI->ECR->SPR (Inc)",16,true,32.0000,49.7111,375795,2373584,44391636,2538107,153469928,2890781920
20,true,MC,"5. VND NNI->ECR->SPR (Inc)",17,true,54.0000,42.5048,344145,4700720,32292789,5132440,132877864,3024999648
20,true,MC,"5. VND NNI->ECR->SPR (Inc)",18,true,46.0000,84.6202,402646,2824802,80079710,1280656,266434472,3293435104
20,true,MC,"5. VND NNI->ECR->SPR (Inc)",19,true,56.0000,27.4792,390382,8570669,17208614,1276577,87866640,3394098400
20,true,MC,"5. VND NNI->ECR->SPR (Inc)",20,true,56.0000,62.2747,518847,2811767,55151255,3747426,194940592,3595424992
20,true,MC,"5. VND NNI->ECR->SPR (Inc)",21,true,52.0000,51.7071,549766,5108383,44750949,1268002,162887728,3729642720
20,true,MC,"5. VND NNI->ECR->SPR (Inc)",22,true,52.0000,66.9070,274692,4680019,58040520,3881481,209190160,3964523744
20,true,MC,"5. VND NNI->ECR->SPR (Inc)",23,true,53.0000,28.0405,349666,4283576,15963897,7414209,91198544,4031632608
20,true,MC,"5. VND NNI->ECR->SPR (Inc)",24,true,35.0000,49.0299,465134,2909974,45632075,0,151540248,4199404768
20,true,MC,"5. VND NNI->ECR->SPR (Inc)",25,true,35.0000,62.2986,464443,2790386,57749347,1262200,188081808,4400731360
20,true,MC,"5. VND NNI->ECR->SPR (Inc)",26,true,33.0000,30.2201,430349,4033841,25733334,0,96102808,4467840224
20,true,MC,"5. VND NNI->ECR->SPR (Inc)",27,true,43.0000,54.6978,582397,3009843,48578628,2492580,164902392,4635612384
20,true,MC,"5. VND NNI->ECR->SPR (Inc)",28,true,56.0000,58.0498,367320,3777934,47686080,6190292,181605768,4836938976
20,true,MC,"5. VND NNI->ECR->SPR (Inc)",29,true,54.0000,48.2023,323206,3945433,36364571,7539718,154687424,4971156704
20,true,MC,"5. VND NNI->ECR->SPR (Inc)",30,true,44.0000,84.7251,386926,1746531,81297927,1263793,271150960,5239592160
20,true,MC,"5. VND NNI->ECR->SPR (Inc)",31,true,41.0000,27.1882,349874,5424416,17642489,3743529,88531728,5340255456
20,true,MC,"5. VND NNI->ECR->SPR (Inc)",32,true,47.0000,49.4814,514778,3011457,42195398,3728420,153782528,5508027616
20,true,MC,"5. VND NNI->ECR->SPR (Inc)",33,true,52.0000,46.8931,453070,3343388,37994401,5068028,143506320,5642245344
20,true,MC,"5. VND NNI->ECR->SPR (Inc)",34,true,50.0000,42.2396,390562,6781305,35040653,0,134858336,5776463072
20,true,MC,"5. VND NNI->ECR->SPR (Inc)",35,true,62.0000,33.4043,393068,6597968,21335211,5048611,102831472,5877126368
20,true,MC,"5. VND NNI->ECR->SPR (Inc)",36,true,56.0000,48.2158,344085,3939500,37655436,6248783,156831656,6044898528
20,true,MC,"5. VND NNI->ECR->SPR (Inc)",37,true,38.0000,63.6356,245547,3812481,58282130,1266879,203653848,6246225120
20,true,MC,"5. VND NNI->ECR->SPR (Inc)",38,true,42.0000,35.7941,381646,6008216,29381923,0,115264368,6346888416
20,true,MC,"5. VND NNI->ECR->SPR (Inc)",39,true,57.0000,37.7779,441990,5860965,27587620,3857726,122359016,6481106144
20,true,MC,"5. VND NNI->ECR->SPR (Inc)",40,true,47.0000,86.0332,352360,3420335,80973871,1255157,266884528,6749541600
20,true,MC,"5. VND NNI->ECR->SPR (Inc)",41,true,44.0000,26.5054,440768,6199508,18548462,1288690,82525032,6816650464
20,true,MC,"5. VND NNI->ECR->SPR (Inc)",42,true,50.0000,38.4261,471726,2712308,30146727,5066685,117166488,6950868192
20,true,MC,"5. VND NNI->ECR->SPR (Inc)",43,true,48.0000,35.3282,600541,4199185,27942917,2554448,110871632,7051531488
20,true,MC,"5. VND NNI->ECR->SPR (Inc)",44,true,48.0000,15.0434,235558,7755127,4483235,2541853,50466128,7118640352
20,true,MC,"5. VND NNI->ECR->SPR (Inc)",45,true,49.0000,92.6084,353461,3782913,87164492,1278682,283464880,7387075808
20,true,MC,"5. VND NNI->ECR->SPR (Inc)",46,true,41.0000,27.1538,402326,5478066,18705821,2538908,83404368,7454184672
20,true,MC,"5. VND NNI->ECR->SPR (Inc)",47,true,35.0000,59.4772,379822,3251403,54536999,1279663,181389488,7655511264
20,true,MC,"5. VND NNI->ECR->SPR (Inc)",48,true,43.0000,66.8012,323075,2993783,63456389,0,210695456,7856837856
20,true,MC,"5. VND NNI->ECR->SPR (Inc)",49,true,52.0000,44.8643,390584,2228509,35842939,6360775,140892640,7991055584
20,true,MC,"5. VND NNI->ECR->SPR (Inc)",50,true,40.0000,57.6240,444095,3619735,53538098,0,181530128,8192382176
20,true,MC,"5. VND NNI->ECR->SPR (Inc)",51,true,41.0000,62.3124,436581,3729512,58123308,0,187649768,8360154336
20,true,MC,"5. VND NNI->ECR->SPR (Inc)",52,true,42.0000,50.9724,319025,3125713,43742269,3756994,158751240,8527926496
20,true,MC,"5. VND NNI->ECR->SPR (Inc)",53,true,46.0000,53.0441,538164,3630172,47602092,1244788,164118696,8695698656
20,true,MC,"5. VND NNI->ECR->SPR (Inc)",54,true,43.0000,38.8869,448332,6657942,30525398,1227424,121032776,8829916384
20,true,MC,"5. VND NNI->ECR->SPR (Inc)",55,true,44.0000,58.0631,550898,1941822,53027618,2510704,172094824,8997688544
20,true,MC,"5. VND NNI->ECR->SPR (Inc)",56,true,50.0000,28.6996,495112,4337247,21350630,2484675,94664864,9098351840
20,true,MC,"5. VND NNI->ECR->SPR (Inc)",57,true,43.0000,58.8510,334766,4985321,52236634,1260477,181118672,9266124000
20,true,MC,"5. VND NNI->ECR->SPR (Inc)",58,true,40.0000,79.0679,331190,4270231,73195309,1241671,243895872,9501005024
20,true,MC,"5. VND NNI->ECR->SPR (Inc)",59,true,40.0000,58.3292,412173,3196268,53414814,1276908,182998368,9702331616
20,true,MC,"5. VND NNI->ECR->SPR (Inc)",60,true,32.0000,40.8349,256047,4174268,35116218,1260588,128930496,9836549344
20,true,MC,"5. VND NNI->ECR->SPR (Inc)",61,true,42.0000,39.0273,480084,4474560,34051933,0,122884808,9937212640
20,true,MC,"5. VND NNI->ECR->SPR (Inc)",62,true,53.0000,36.6196,379762,7129046,27859928,1222816,119368744,10071430368
20,true,MC,"5. VND NNI->ECR->SPR (Inc)",63,true,41.0000,83.3416,366467,4407721,77320684,1217725,253194056,10313244144
20,true,MC,"5. VND NNI->ECR->SPR (Inc)",64,true,49.0000,44.8173,505170,4471364,37311282,2500755,143142800,179805680
20,true,MC,"5. VND NNI->ECR->SPR (Inc)",65,true,37.0000,14.4882,517584,5194849,8754558,0,47076440,213360112
20,true,MC,"5. VND NNI->ECR->SPR (Inc)",66,true,41.0000,23.8860,400852,4546316,16387032,2524130,77097520,280468976
20,true,MC,"5. VND NNI->ECR->SPR (Inc)",67,true,49.0000,48.2998,364894,3406177,39550128,4945374,148491200,448241136
20,true,MC,"5. VND NNI->ECR->SPR (Inc)",68,true,53.0000,14.6255,272408,3448848,4725577,6145987,50685600,481795568
20,true,MC,"5. VND NNI->ECR->SPR (Inc)",69,true,42.0000,75.7854,576576,2281178,71660370,1238756,236892720,716676592
20,true,MC,"5. VND NNI->ECR->SPR (Inc)",70,true,52.0000,39.8228,315522,4272326,30218765,4989188,124707776,850894320
20,true,MC,"5. VND NNI->ECR->SPR (Inc)",71,true,45.0000,39.5126,435880,2686869,31262549,5100699,118931768,985112048
20,true,MC,"5. VND NNI->ECR->SPR (Inc)",72,true,43.0000,74.1384,386186,1951200,71778795,0,243018008,1219993072
20,true,MC,"5. VND NNI->ECR->SPR (Inc)",73,true,53.0000,72.6790,522864,2707939,65724071,3695858,226676552,1454874096
20,true,MC,"5. VND NNI->ECR->SPR (Inc)",74,true,60.0000,48.1223,383259,4013392,38591265,5107192,151727472,1589091824
20,true,MC,"5. VND NNI->ECR->SPR (Inc)",75,true,43.0000,62.5577,251369,4538841,55283747,2457092,198162640,1790418416
20,true,MC,"5. VND NNI->ECR->SPR (Inc)",76,true,38.0000,38.4865,319188,3270941,31124236,3745643,120580368,1924636144
20,true,MC,"5. VND NNI->ECR->SPR (Inc)",77,true,49.0000,37.4516,752490,2569886,30343672,3758647,118845464,2025299440
20,true,MC,"5. VND NNI->ECR->SPR (Inc)",78,true,43.0000,76.6582,383770,2337164,71444720,2466310,237255920,2260180464
20,true,MC,"5. VND NNI->ECR->SPR (Inc)",79,true,46.0000,75.3033,445599,3153457,71682332,0,241187472,2495061488
20,true,MC,"5. VND NNI->ECR->SPR (Inc)",80,true,43.0000,52.6962,448584,3264128,45284453,3671812,162220576,2662833648
20,true,MC,"5. VND NNI->ECR->SPR (Inc)",81,true,56.0000,51.0165,544154,4910858,43043041,2491378,161195424,2830605808
20,true,MC,"5. VND NNI->ECR->SPR (Inc)",82,true,48.0000,29.7633,456259,7211965,22072733,0,98631960,2931269104
20,true,MC,"5. VND NNI->ECR->SPR (Inc)",83,true,39.0000,52.2533,246339,4383306,47601910,0,165131152,3099041264
20,true,MC,"5. VND NNI->ECR->SPR (Inc)",84,true,51.0000,75.8422,286223,4870582,70662002,0,237822952,3333922288
20,true,MC,"5. VND NNI->ECR->SPR (Inc)",85,true,38.0000,37.6318,332572,5655495,30356245,1256810,118015696,3434585584
20,true,MC,"5. VND NNI->ECR->SPR (Inc)",86,true,44.0000,41.8900,300121,6603557,33705655,1251560,130755016,3568803312
20,true,MC,"5. VND NNI->ECR->SPR (Inc)",87,true,54.0000,33.0274,712735,4552947,25306443,2428318,105183656,3703021040
20,true,MC,"5. VND NNI->ECR->SPR (Inc)",88,true,49.0000,35.5552,286646,6021270,27991408,1228446,113636472,3803684336
20,true,MC,"5. VND NNI->ECR->SPR (Inc)",89,true,32.0000,37.6429,357932,4144932,31883991,1228716,118884176,3904347632
20,true,MC,"5. VND NNI->ECR->SPR (Inc)",90,true,47.0000,23.8400,537322,6323284,16957887,0,77791312,4005010928
20,true,MC,"5. VND NNI->ECR->SPR (Inc)",91,true,50.0000,33.1523,394701,4248889,22380178,6101773,104213920,4105674224
20,true,MC,"5. VND NNI->ECR->SPR (Inc)",92,true,48.0000,40.5272,348243,4201561,32228967,3721868,124744000,4239891952
20,true,MC,"5. VND NNI->ECR->SPR (Inc)",93,true,41.0000,45.4535,297296,6895602,38239005,0,146161064,4374109680
20,true,MC,"5. VND NNI->ECR->SPR (Inc)",94,true,51.0000,45.3092,675735,3068094,37757830,3779477,140035248,4508327408
20,true,MC,"5. VND NNI->ECR->SPR (Inc)",95,true,48.0000,76.7748,384831,3895037,70021794,2438647,238520784,4743208432
20,true,MC,"5. VND NNI->ECR->SPR (Inc)",96,true,37.0000,40.7175,562430,2409341,37724387,0,130699256,4877426160
20,true,MC,"5. VND NNI->ECR->SPR (Inc)",97,true,49.0000,41.9098,395933,4120135,33651451,3714945,129188112,5011643888
20,true,MC,"5. VND NNI->ECR->SPR (Inc)",98,true,48.0000,111.9289,397316,2302909,109208172,0,359482688,5380742640
20,true,MC,"5. VND NNI->ECR->SPR (Inc)",99,true,54.0000,49.2195,451989,6276395,39981469,2482050,153854016,5514960368
20,true,MC,"5. VND NNI->ECR->SPR (Inc)",100,true,43.0000,54.1499,414659,3930936,49782587,0,177721888,5716286960
20,true,MC,"6. VND NNI->SPR (Inc)",1,false,Infinity,19.6349,518036,0,0,19060046,58362000,38791672
20,true,MC,"6. VND NNI->SPR (Inc)",2,true,61.0000,14.3471,560035,0,0,13766960,50448408,105900536
20,true,MC,"6. VND NNI->SPR (Inc)",3,true,55.0000,16.8387,276295,0,0,16541265,58128904,139454968
20,true,MC,"6. VND NNI->SPR (Inc)",4,true,51.0000,12.9759,315911,0,0,12640908,45707216,206563832
20,true,MC,"6. VND NNI->SPR (Inc)",5,true,57.0000,12.9293,174853,0,0,12736209,45607176,240118264
20,true,MC,"6. VND NNI->SPR (Inc)",6,true,62.0000,16.6684,299289,0,0,16350132,59378600,307227128
20,true,MC,"6. VND NNI->SPR (Inc)",7,true,66.0000,17.9517,294139,0,0,17639934,63510168,374335992
20,true,MC,"6. VND NNI->SPR (Inc)",8,true,57.0000,13.0967,462469,0,0,12617503,46437184,407890424
20,true,MC,"6. VND NNI->SPR (Inc)",9,true,50.0000,15.6403,384142,0,0,15238768,55334656,474999288
20,true,MC,"6. VND NNI->SPR (Inc)",10,true,51.0000,13.0603,386814,0,0,12655676,46292176,508553720
20,true,MC,"6. VND NNI->SPR (Inc)",11,true,66.0000,15.8600,357059,0,0,15486059,53747216,575662584
20,true,MC,"6. VND NNI->SPR (Inc)",12,true,67.0000,18.0616,489660,0,0,17552037,63203632,642771448
20,true,MC,"6. VND NNI->SPR (Inc)",13,true,56.0000,14.2200,349605,0,0,13851480,49666656,676325880
20,true,MC,"6. VND NNI->SPR (Inc)",14,true,69.0000,13.9828,418646,0,0,13546360,49568920,743434744
20,true,MC,"6. VND NNI->SPR (Inc)",15,true,64.0000,14.1783,339456,0,0,13820722,49987736,776989176
20,true,MC,"6. VND NNI->SPR (Inc)",16,true,47.0000,14.4534,279983,0,0,14154757,50126040,844098040
20,true,MC,"6. VND NNI->SPR (Inc)",17,true,79.0000,19.3539,258431,0,0,19077538,67529952,911206904
20,true,MC,"6. VND NNI->SPR (Inc)",18,true,63.0000,15.4271,311191,0,0,15098863,53993704,944761336
20,true,MC,"6. VND NNI->SPR (Inc)",19,true,65.0000,15.3812,312706,0,0,15051402,53597272,1011870200
20,true,MC,"6. VND NNI->SPR (Inc)",20,true,57.0000,12.1657,432742,0,0,11715117,41377896,1045424632
20,true,MC,"6. VND NNI->SPR (Inc)",21,true,69.0000,13.0830,480884,0,0,12584630,46558144,1112533496
20,true,MC,"6. VND NNI->SPR (Inc)",22,true,68.0000,19.4422,190012,0,0,19234297,67211568,1179642360
20,true,MC,"6. VND NNI->SPR (Inc)",23,true,68.0000,16.6282,262449,0,0,16348709,59042904,1213196792
20,true,MC,"6. VND NNI->SPR (Inc)",24,true,55.0000,13.2010,427724,0,0,12756478,45776888,1280305656
20,true,MC,"6. VND NNI->SPR (Inc)",25,true,48.0000,12.8775,381606,0,0,12476355,45608688,1313860088
20,true,MC,"6. VND NNI->SPR (Inc)",26,true,47.0000,12.9069,408247,0,0,12480433,45885808,1347414520
20,true,MC,"6. VND NNI->SPR (Inc)",27,true,57.0000,14.4027,475134,0,0,13909100,50129944,1414523384
20,true,MC,"6. VND NNI->SPR (Inc)",28,true,73.0000,15.4901,283899,0,0,15188452,52794784,1448077816
20,true,MC,"6. VND NNI->SPR (Inc)",29,false,Infinity,17.2629,291153,0,0,16951065,58425896,1515186680
20,true,MC,"6. VND NNI->SPR (Inc)",30,true,69.0000,16.7131,297555,0,0,16398644,58682408,1582295544
20,true,MC,"6. VND NNI->SPR (Inc)",31,true,55.0000,14.3152,276446,0,0,14021364,50562528,1615849976
20,true,MC,"6. VND NNI->SPR (Inc)",32,false,Infinity,12.9875,456790,0,0,12511172,45199368,1682958840
20,true,MC,"6. VND NNI->SPR (Inc)",33,true,59.0000,12.9842,371557,0,0,12594821,46046408,1716513272
20,true,MC,"6. VND NNI->SPR (Inc)",34,true,63.0000,16.8014,358802,0,0,16426006,58571320,1783622136
20,true,MC,"6. VND NNI->SPR (Inc)",35,true,64.0000,14.4851,311733,0,0,14156801,50728632,1817176568
20,true,MC,"6. VND NNI->SPR (Inc)",36,true,65.0000,15.9059,269110,0,0,15618941,54870416,1884285432
20,true,MC,"6. VND NNI->SPR (Inc)",37,true,56.0000,12.8690,168922,0,0,12683930,45519984,1917839864
20,true,MC,"6. VND NNI->SPR (Inc)",38,true,59.0000,14.6527,342070,0,0,14292710,50468808,1984948728
20,true,MC,"6. VND NNI->SPR (Inc)",39,true,59.0000,18.5509,371416,0,0,18161587,64150880,2052057592
20,true,MC,"6. VND NNI->SPR (Inc)",40,true,66.0000,16.9597,270384,0,0,16672725,58935840,2119166456
20,true,MC,"6. VND NNI->SPR (Inc)",41,true,62.0000,11.7881,354806,0,0,11416520,41819424,2152720888
20,true,MC,"6. VND NNI->SPR (Inc)",42,true,56.0000,12.0223,386004,0,0,11619125,42055128,2186275320
20,true,MC,"6. VND NNI->SPR (Inc)",43,false,Infinity,12.0407,558691,0,0,11456977,41885824,2219829752
20,true,MC,"6. VND NNI->SPR (Inc)",44,true,62.0000,18.5081,200561,0,0,18288267,63100904,2286938616
20,true,MC,"6. VND NNI->SPR (Inc)",45,true,64.0000,19.5450,275944,0,0,19250177,68476512,2354047480
20,true,MC,"6. VND NNI->SPR (Inc)",46,true,45.0000,14.3847,319588,0,0,14047563,49676024,2421156344
20,true,MC,"6. VND NNI->SPR (Inc)",47,true,49.0000,14.3508,303037,0,0,14028326,50538248,2454710776
20,true,MC,"6. VND NNI->SPR (Inc)",48,true,67.0000,15.5540,262499,0,0,15273414,54854912,2521819640
20,true,MC,"6. VND NNI->SPR (Inc)",49,true,61.0000,13.3076,303607,0,0,12985413,45631600,2555374072
20,true,MC,"6. VND NNI->SPR (Inc)",50,true,60.0000,11.6115,393027,0,0,11200689,40797680,2622482936
20,true,MC,"6. VND NNI->SPR (Inc)",51,true,64.0000,14.4900,395812,0,0,14075897,49944904,2656037368
20,true,MC,"6. VND NNI->SPR (Inc)",52,true,53.0000,12.8621,247411,0,0,12595882,45716768,2689591800
20,true,MC,"6. VND NNI->SPR (Inc)",53,true,61.0000,12.7362,453452,0,0,12264141,44798904,2756700664
20,true,MC,"6. VND NNI->SPR (Inc)",54,true,59.0000,14.3561,363941,0,0,13974203,49874976,2790255096
20,true,MC,"6. VND NNI->SPR (Inc)",55,true,54.0000,10.5784,477668,0,0,10081912,37094368,2823809528
20,true,MC,"6. VND NNI->SPR (Inc)",56,true,56.0000,13.0905,413195,0,0,12658232,46135384,2890918392
20,true,MC,"6. VND NNI->SPR (Inc)",57,true,67.0000,16.5036,247211,0,0,16239351,58353648,2924472824
20,true,MC,"6. VND NNI->SPR (Inc)",58,true,54.0000,14.1788,243353,0,0,13916433,49094584,2991581688
20,true,MC,"6. VND NNI->SPR (Inc)",59,true,52.0000,14.3157,336610,0,0,13961279,50536904,3025136120
20,true,MC,"6. VND NNI->SPR (Inc)",60,false,Infinity,15.5601,269052,0,0,15261581,54396848,3092244984
20,true,MC,"6. VND NNI->SPR (Inc)",61,true,53.0000,13.1586,433074,0,0,12704449,46284296,3125799416
20,true,MC,"6. VND NNI->SPR (Inc)",62,false,Infinity,14.0820,339195,0,0,13721834,50118072,3192908280
20,true,MC,"6. VND NNI->SPR (Inc)",63,true,60.0000,15.7015,283969,0,0,15398873,53051352,3226462712
20,true,MC,"6. VND NNI->SPR (Inc)",64,true,58.0000,13.3525,451459,0,0,12876616,46427256,3293571576
20,true,MC,"6. VND NNI->SPR (Inc)",65,true,50.0000,14.2946,473260,0,0,13803939,49925080,3327126008
20,true,MC,"6. VND NNI->SPR (Inc)",66,false,Infinity,20.1125,366426,0,0,19723887,67869304,3394234872
20,true,MC,"6. VND NNI->SPR (Inc)",67,true,55.0000,14.4298,285443,0,0,14127635,49984304,3461343736
20,true,MC,"6. VND NNI->SPR (Inc)",68,true,57.0000,14.3663,239465,0,0,14107046,50433688,3494898168
20,true,MC,"6. VND NNI->SPR (Inc)",69,true,58.0000,14.3943,498839,0,0,13877038,50611688,3562007032
20,true,MC,"6. VND NNI->SPR (Inc)",70,true,50.0000,11.4026,230118,0,0,11156054,40951480,3595561464
20,true,MC,"6. VND NNI->SPR (Inc)",71,true,52.0000,11.5017,339997,0,0,11146186,41436840,3629115896
20,true,MC,"6. VND NNI->SPR (Inc)",72,true,56.0000,15.2141,344756,0,0,14851542,54553488,3696224760
20,true,MC,"6. VND NNI->SPR (Inc)",73,true,60.0000,15.5820,437381,0,0,15127757,53981776,3763333624
20,true,MC,"6. VND NNI->SPR (Inc)",74,true,62.0000,15.5201,296173,0,0,15207519,54966888,3796888056
20,true,MC,"6. VND NNI->SPR (Inc)",75,true,61.0000,14.0708,166447,0,0,13888751,50017288,3863996920
20,true,MC,"6. VND NNI->SPR (Inc)",76,true,40.0000,11.6311,231099,0,0,11378798,41090192,3897551352
20,true,MC,"6. VND NNI->SPR (Inc)",77,true,52.0000,10.6950,658422,0,0,10018391,38038776,3931105784
20,true,MC,"6. VND NNI->SPR (Inc)",78,true,59.0000,16.5101,288739,0,0,16205687,58658016,3998214648
20,true,MC,"6. VND NNI->SPR (Inc)",79,true,63.0000,15.0197,403167,0,0,14598651,53163496,4031769080
20,true,MC,"6. VND NNI->SPR (Inc)",80,true,57.0000,15.3460,358993,0,0,14969496,54513472,4098877944
20,true,MC,"6. VND NNI->SPR (Inc)",81,false,Infinity,16.8042,500613,0,0,16284336,59789104,4165986808
20,true,MC,"6. VND NNI->SPR (Inc)",82,false,Infinity,15.5669,457129,0,0,15088593,54649208,4199541240
20,true,MC,"6. VND NNI->SPR (Inc)",83,true,58.0000,18.2590,258622,0,0,17973459,62672360,4266650104
20,true,MC,"6. VND NNI->SPR (Inc)",84,true,65.0000,15.1604,237612,0,0,14904522,52957728,4333758968
20,true,MC,"6. VND NNI->SPR (Inc)",85,true,59.0000,18.0916,239154,0,0,17834765,63769504,4400867832
20,true,MC,"6. VND NNI->SPR (Inc)",86,true,57.0000,16.6460,205120,0,0,16423290,58203816,4434422264
20,true,MC,"6. VND NNI->SPR (Inc)",87,true,65.0000,15.4708,645839,0,0,14807128,54048440,4501531128
20,true,MC,"6. VND NNI->SPR (Inc)",88,true,55.0000,16.7425,205381,0,0,16519584,58928376,4568639992
20,true,MC,"6. VND NNI->SPR (Inc)",89,true,49.0000,13.7420,277447,0,0,13446380,49688464,4602194424
20,true,MC,"6. VND NNI->SPR (Inc)",90,true,68.0000,17.0640,505711,0,0,16539652,58549560,4669303288
20,true,MC,"6. VND NNI->SPR (Inc)",91,true,60.0000,15.1877,314116,0,0,14855910,53089392,4736412152
20,true,MC,"6. VND NNI->SPR (Inc)",92,true,51.0000,15.2323,268941,0,0,14945911,53744936,4769966584
20,true,MC,"6. VND NNI->SPR (Inc)",93,true,63.0000,14.3335,248733,0,0,14068713,49889760,4837075448
20,true,MC,"6. VND NNI->SPR (Inc)",94,true,63.0000,14.4187,569593,0,0,13830941,50798744,4870629880
20,true,MC,"6. VND NNI->SPR (Inc)",95,false,Infinity,15.3563,323576,0,0,15010926,53720104,4937738744
20,true,MC,"6. VND NNI->SPR (Inc)",96,false,Infinity,10.5727,556508,0,0,9995188,37244824,4971293176
20,true,MC,"6. VND NNI->SPR (Inc)",97,true,59.0000,15.6910,311662,0,0,15361531,53917104,5038402040
20,true,MC,"6. VND NNI->SPR (Inc)",98,true,80.0000,17.7172,358152,0,0,17341407,62197040,5071956472
20,true,MC,"6. VND NNI->SPR (Inc)",99,true,68.0000,16.8109,370164,0,0,16419413,58950776,5139065336
20,true,MC,"6. VND NNI->SPR (Inc)",100,true,51.0000,14.3410,382146,0,0,13941191,50183720,5206174200
20,true,MP,"1. NNI (Classic)",1,false,Infinity,12.8804,0,0,0,0,6266072,5266336
20,true,MP,"1. NNI (Classic)",2,false,Infinity,3.3137,0,0,0,0,4815480,5266336
20,true,MP,"1. NNI (Classic)",3,false,Infinity,4.2119,0,0,0,0,6185248,5266336
20,true,MP,"1. NNI (Classic)",4,false,Infinity,4.1767,0,0,0,0,6282136,5266336
20,true,MP,"1. NNI (Classic)",5,false,Infinity,7.8917,0,0,0,0,9467976,5266336
20,true,MP,"1. NNI (Classic)",6,false,Infinity,3.4349,0,0,0,0,4930784,38820768
20,true,MP,"1. NNI (Classic)",7,false,Infinity,8.3169,0,0,0,0,11727648,38820768
20,true,MP,"1. NNI (Classic)",8,false,Infinity,8.3673,0,0,0,0,12348960,38820768
20,true,MP,"1. NNI (Classic)",9,false,Infinity,3.6809,0,0,0,0,5585552,72375200
20,true,MP,"1. NNI (Classic)",10,false,Infinity,3.2223,0,0,0,0,5647288,72375200
20,true,MP,"1. NNI (Classic)",11,false,Infinity,7.1693,0,0,0,0,12423632,72375200
20,true,MP,"1. NNI (Classic)",12,false,Infinity,6.0322,0,0,0,0,10332720,72375200
20,true,MP,"1. NNI (Classic)",13,false,Infinity,4.2874,0,0,0,0,7040392,105929632
20,true,MP,"1. NNI (Classic)",14,false,Infinity,8.6511,0,0,0,0,15294448,105929632
20,true,MP,"1. NNI (Classic)",15,false,Infinity,5.4547,0,0,0,0,9977032,105929632
20,true,MP,"1. NNI (Classic)",16,false,Infinity,4.0157,0,0,0,0,7702160,139484064
20,true,MP,"1. NNI (Classic)",17,false,Infinity,3.8855,0,0,0,0,7087784,139484064
20,true,MP,"1. NNI (Classic)",18,false,Infinity,3.7073,0,0,0,0,6986792,139484064
20,true,MP,"1. NNI (Classic)",19,false,Infinity,6.1851,0,0,0,0,12508512,139484064
20,true,MP,"1. NNI (Classic)",20,false,Infinity,5.9617,0,0,0,0,12187992,173038496
20,true,MP,"1. NNI (Classic)",21,false,Infinity,3.9555,0,0,0,0,7853680,173038496
20,true,MP,"1. NNI (Classic)",22,false,Infinity,3.4504,0,0,0,0,6392960,173038496
20,true,MP,"1. NNI (Classic)",23,false,Infinity,3.4468,0,0,0,0,6275592,173038496
20,true,MP,"1. NNI (Classic)",24,false,Infinity,6.6685,0,0,0,0,12882824,206592928
20,true,MP,"1. NNI (Classic)",25,false,Infinity,3.7715,0,0,0,0,7003784,206592928
20,true,MP,"1. NNI (Classic)",26,false,Infinity,5.5647,0,0,0,0,10621712,206592928
20,true,MP,"1. NNI (Classic)",27,false,Infinity,7.2750,0,0,0,0,13843312,240147360
20,true,MP,"1. NNI (Classic)",28,false,Infinity,7.4007,0,0,0,0,14722936,240147360
20,true,MP,"1. NNI (Classic)",29,false,Infinity,2.5165,0,0,0,0,6326720,240147360
20,true,MP,"1. NNI (Classic)",30,false,Infinity,2.9992,0,0,0,0,7967544,273701792
20,true,MP,"1. NNI (Classic)",31,false,Infinity,2.4275,0,0,0,0,6508696,273701792
20,true,MP,"1. NNI (Classic)",32,false,Infinity,3.4150,0,0,0,0,9280176,273701792
20,true,MP,"1. NNI (Classic)",33,false,Infinity,2.9506,0,0,0,0,7742664,273701792
20,true,MP,"1. NNI (Classic)",34,false,Infinity,2.3424,0,0,0,0,6341000,273701792
20,true,MP,"1. NNI (Classic)",35,false,Infinity,1.9041,0,0,0,0,4942944,307256224
20,true,MP,"1. NNI (Classic)",36,false,Infinity,0.9528,0,0,0,0,2520368,307256224
20,true,MP,"1. NNI (Classic)",37,false,Infinity,2.0945,0,0,0,0,5538208,307256224
20,true,MP,"1. NNI (Classic)",38,false,Infinity,3.9322,0,0,0,0,10772976,307256224
20,true,MP,"1. NNI (Classic)",39,false,Infinity,2.8993,0,0,0,0,7846072,307256224
20,true,MP,"1. NNI (Classic)",40,false,Infinity,2.1419,0,0,0,0,5632608,340810656
20,true,MP,"1. NNI (Classic)",41,false,Infinity,1.5248,0,0,0,0,4086344,340810656
20,true,MP,"1. NNI (Classic)",42,false,Infinity,1.5030,0,0,0,0,4031944,340810656
20,true,MP,"1. NNI (Classic)",43,false,Infinity,2.3609,0,0,0,0,6375312,340810656
20,true,MP,"1. NNI (Classic)",44,false,Infinity,2.0491,0,0,0,0,5452792,340810656
20,true,MP,"1. NNI (Classic)",45,false,Infinity,3.0183,0,0,0,0,8087376,340810656
20,true,MP,"1. NNI (Classic)",46,false,Infinity,2.0693,0,0,0,0,5468224,374365088
20,true,MP,"1. NNI (Classic)",47,false,Infinity,3.3111,0,0,0,0,9168536,374365088
20,true,MP,"1. NNI (Classic)",48,false,Infinity,2.9696,0,0,0,0,7863936,374365088
20,true,MP,"1. NNI (Classic)",49,false,Infinity,2.8336,0,0,0,0,7723920,374365088
20,true,MP,"1. NNI (Classic)",50,false,Infinity,6.5212,0,0,0,0,17659784,407919520
20,true,MP,"1. NNI (Classic)",51,false,Infinity,3.5077,0,0,0,0,9549600,407919520
20,true,MP,"1. NNI (Classic)",52,false,Infinity,2.8533,0,0,0,0,7803720,407919520
20,true,MP,"1. NNI (Classic)",53,false,Infinity,7.0375,0,0,0,0,19432736,441473952
20,true,MP,"1. NNI (Classic)",54,false,Infinity,3.8310,0,0,0,0,10258320,441473952
20,true,MP,"1. NNI (Classic)",55,false,Infinity,2.3381,0,0,0,0,6236112,441473952
20,true,MP,"1. NNI (Classic)",56,false,Infinity,3.7457,0,0,0,0,9979512,475028384
20,true,MP,"1. NNI (Classic)",57,false,Infinity,3.8096,0,0,0,0,10109232,475028384
20,true,MP,"1. NNI (Classic)",58,false,Infinity,6.5624,0,0,0,0,17604080,508582816
20,true,MP,"1. NNI (Classic)",59,false,Infinity,2.5860,0,0,0,0,7044368,508582816
20,true,MP,"1. NNI (Classic)",60,false,Infinity,1.2543,0,0,0,0,3261104,508582816
20,true,MP,"1. NNI (Classic)",61,false,Infinity,2.5837,0,0,0,0,6982960,508582816
20,true,MP,"1. NNI (Classic)",62,false,Infinity,4.3955,0,0,0,0,11965472,508582816
20,true,MP,"1. NNI (Classic)",63,false,Infinity,4.0524,0,0,0,0,10762208,542137248
20,true,MP,"1. NNI (Classic)",64,false,Infinity,1.8274,0,0,0,0,4832280,542137248
20,true,MP,"1. NNI (Classic)",65,false,Infinity,3.1415,0,0,0,0,8449640,542137248
20,true,MP,"1. NNI (Classic)",66,false,Infinity,2.3203,0,0,0,0,6237928,542137248
20,true,MP,"1. NNI (Classic)",67,false,Infinity,2.3214,0,0,0,0,6178344,542137248
20,true,MP,"1. NNI (Classic)",68,false,Infinity,2.3537,0,0,0,0,6249752,575691680
20,true,MP,"1. NNI (Classic)",69,false,Infinity,2.7164,0,0,0,0,7101728,575691680
20,true,MP,"1. NNI (Classic)",70,false,Infinity,2.9424,0,0,0,0,7722256,575691680
20,true,MP,"1. NNI (Classic)",71,false,Infinity,2.0313,0,0,0,0,5455024,575691680
20,true,MP,"1. NNI (Classic)",72,false,Infinity,2.5994,0,0,0,0,7070168,575691680
20,true,MP,"1. NNI (Classic)",73,false,Infinity,1.8534,0,0,0,0,4826584,609246112
20,true,MP,"1. NNI (Classic)",74,false,Infinity,1.5725,0,0,0,0,4109672,609246112
20,true,MP,"1. NNI (Classic)",75,false,Infinity,1.5365,0,0,0,0,4095272,609246112
20,true,MP,"1. NNI (Classic)",76,false,Infinity,2.0443,0,0,0,0,5454640,609246112
20,true,MP,"1. NNI (Classic)",77,false,Infinity,3.5642,0,0,0,0,9462520,609246112
20,true,MP,"1. NNI (Classic)",78,false,Infinity,3.4949,0,0,0,0,9253136,642800544
20,true,MP,"1. NNI (Classic)",79,false,Infinity,11.8904,0,0,0,0,33146008,676354976
20,true,MP,"1. NNI (Classic)",80,false,Infinity,1.8464,0,0,0,0,4874840,676354976
20,true,MP,"1. NNI (Classic)",81,false,Infinity,2.6518,0,0,0,0,7094792,676354976
20,true,MP,"1. NNI (Classic)",82,false,Infinity,2.6399,0,0,0,0,7030232,676354976
20,true,MP,"1. NNI (Classic)",83,false,Infinity,0.6808,0,0,0,0,1781432,676354976
20,true,MP,"1. NNI (Classic)",84,false,Infinity,3.2875,0,0,0,0,8619440,676354976
20,true,MP,"1. NNI (Classic)",85,false,Infinity,2.3864,0,0,0,0,6358152,709909408
20,true,MP,"1. NNI (Classic)",86,false,Infinity,2.3998,0,0,0,0,6270160,709909408
20,true,MP,"1. NNI (Classic)",87,false,Infinity,4.0162,0,0,0,0,10819128,709909408
20,true,MP,"1. NNI (Classic)",88,false,Infinity,1.2264,0,0,0,0,3267296,709909408
20,true,MP,"1. NNI (Classic)",89,false,Infinity,3.1162,0,0,0,0,8428800,743463840
20,true,MP,"1. NNI (Classic)",90,false,Infinity,3.3957,0,0,0,0,9241584,743463840
20,true,MP,"1. NNI (Classic)",91,false,Infinity,4.7990,0,0,0,0,13115840,743463840
20,true,MP,"1. NNI (Classic)",92,false,Infinity,3.6364,0,0,0,0,9930448,743463840
20,true,MP,"1. NNI (Classic)",93,false,Infinity,2.2854,0,0,0,0,6262536,777018272
20,true,MP,"1. NNI (Classic)",94,false,Infinity,4.0941,0,0,0,0,11000408,777018272
20,true,MP,"1. NNI (Classic)",95,false,Infinity,3.5285,0,0,0,0,9465672,777018272
20,true,MP,"1. NNI (Classic)",96,false,Infinity,4.5693,0,0,0,0,12359952,810572704
20,true,MP,"1. NNI (Classic)",97,false,Infinity,4.4559,0,0,0,0,12033760,810572704
20,true,MP,"1. NNI (Classic)",98,false,Infinity,4.6479,0,0,0,0,12421880,810572704
20,true,MP,"1. NNI (Classic)",99,false,Infinity,4.1802,0,0,0,0,11098896,844127136
20,true,MP,"1. NNI (Classic)",100,false,Infinity,2.3593,0,0,0,0,6288168,844127136
20,true,MP,"2. NNI (Incremental)",1,false,Infinity,12.0178,0,0,0,0,5953208,5320208
20,true,MP,"2. NNI (Incremental)",2,false,Infinity,3.4835,0,0,0,0,5116608,5320208
20,true,MP,"2. NNI (Incremental)",3,false,Infinity,4.1746,0,0,0,0,6746728,38874640
20,true,MP,"2. NNI (Incremental)",4,false,Infinity,3.6774,0,0,0,0,5884136,38874640
20,true,MP,"2. NNI (Incremental)",5,false,Infinity,6.1961,0,0,0,0,10080576,38874640
20,true,MP,"2. NNI (Incremental)",6,false,Infinity,3.0265,0,0,0,0,5070568,38874640
20,true,MP,"2. NNI (Incremental)",7,false,Infinity,6.4470,0,0,0,0,10877328,38874640
20,true,MP,"2. NNI (Incremental)",8,false,Infinity,6.7026,0,0,0,0,12470032,72429072
20,true,MP,"2. NNI (Incremental)",9,false,Infinity,3.5739,0,0,0,0,6735400,72429072
20,true,MP,"2. NNI (Incremental)",10,false,Infinity,4.2195,0,0,0,0,7629024,72429072
20,true,MP,"2. NNI (Incremental)",11,false,Infinity,4.8449,0,0,0,0,10837744,105983504
20,true,MP,"2. NNI (Incremental)",12,false,Infinity,4.3953,0,0,0,0,10117072,105983504
20,true,MP,"2. NNI (Incremental)",13,false,Infinity,3.4212,0,0,0,0,7547488,105983504
20,true,MP,"2. NNI (Incremental)",14,false,Infinity,6.9362,0,0,0,0,15885848,139537936
20,true,MP,"2. NNI (Incremental)",15,false,Infinity,4.8137,0,0,0,0,10815472,139537936
20,true,MP,"2. NNI (Incremental)",16,false,Infinity,3.6388,0,0,0,0,8515408,139537936
20,true,MP,"2. NNI (Incremental)",17,false,Infinity,3.6171,0,0,0,0,9226992,139537936
20,true,MP,"2. NNI (Incremental)",18,false,Infinity,2.7046,0,0,0,0,8493520,173092368
20,true,MP,"2. NNI (Incremental)",19,false,Infinity,2.8848,0,0,0,0,10108056,173092368
20,true,MP,"2. NNI (Incremental)",20,false,Infinity,2.6234,0,0,0,0,9287440,173092368
20,true,MP,"2. NNI (Incremental)",21,false,Infinity,2.7023,0,0,0,0,10029656,206646800
20,true,MP,"2. NNI (Incremental)",22,false,Infinity,1.8126,0,0,0,0,6671928,206646800
20,true,MP,"2. NNI (Incremental)",23,false,Infinity,2.2663,0,0,0,0,8532984,206646800
20,true,MP,"2. NNI (Incremental)",24,false,Infinity,4.0184,0,0,0,0,15143520,240201232
20,true,MP,"2. NNI (Incremental)",25,false,Infinity,2.6716,0,0,0,0,10073864,240201232
20,true,MP,"2. NNI (Incremental)",26,false,Infinity,3.0719,0,0,0,0,11724448,240201232
20,true,MP,"2. NNI (Incremental)",27,false,Infinity,4.3149,0,0,0,0,16007304,273755664
20,true,MP,"2. NNI (Incremental)",28,false,Infinity,4.0707,0,0,0,0,15604560,273755664
20,true,MP,"2. NNI (Incremental)",29,false,Infinity,1.4505,0,0,0,0,5130928,273755664
20,true,MP,"2. NNI (Incremental)",30,false,Infinity,2.3112,0,0,0,0,8381808,307310096
20,true,MP,"2. NNI (Incremental)",31,false,Infinity,3.2607,0,0,0,0,12645472,307310096
20,true,MP,"2. NNI (Incremental)",32,false,Infinity,2.7109,0,0,0,0,10073744,307310096
20,true,MP,"2. NNI (Incremental)",33,false,Infinity,1.8209,0,0,0,0,6779864,307310096
20,true,MP,"2. NNI (Incremental)",34,false,Infinity,3.0168,0,0,0,0,11565592,340864528
20,true,MP,"2. NNI (Incremental)",35,false,Infinity,1.3604,0,0,0,0,5088016,340864528
20,true,MP,"2. NNI (Incremental)",36,false,Infinity,0.7506,0,0,0,0,2583112,340864528
20,true,MP,"2. NNI (Incremental)",37,false,Infinity,1.6057,0,0,0,0,5912104,340864528
20,true,MP,"2. NNI (Incremental)",38,false,Infinity,3.0145,0,0,0,0,11523552,340864528
20,true,MP,"2. NNI (Incremental)",39,false,Infinity,2.0412,0,0,0,0,7541896,374418960
20,true,MP,"2. NNI (Incremental)",40,false,Infinity,1.5846,0,0,0,0,5974464,374418960
20,true,MP,"2. NNI (Incremental)",41,false,Infinity,1.1718,0,0,0,0,4255672,374418960
20,true,MP,"2. NNI (Incremental)",42,false,Infinity,0.9446,0,0,0,0,3406368,374418960
20,true,MP,"2. NNI (Incremental)",43,false,Infinity,1.8175,0,0,0,0,6775616,374418960
20,true,MP,"2. NNI (Incremental)",44,false,Infinity,1.5740,0,0,0,0,5925360,407973392
20,true,MP,"2. NNI (Incremental)",45,false,Infinity,2.2443,0,0,0,0,8392472,407973392
20,true,MP,"2. NNI (Incremental)",46,false,Infinity,1.6476,0,0,0,0,6019856,407973392
20,true,MP,"2. NNI (Incremental)",47,false,Infinity,2.5733,0,0,0,0,10020040,407973392
20,true,MP,"2. NNI (Incremental)",48,false,Infinity,2.0455,0,0,0,0,7733448,407973392
20,true,MP,"2. NNI (Incremental)",49,false,Infinity,1.5979,0,0,0,0,5975120,441527824
20,true,MP,"2. NNI (Incremental)",50,false,Infinity,3.8069,0,0,0,0,14400480,441527824
20,true,MP,"2. NNI (Incremental)",51,false,Infinity,2.0154,0,0,0,0,7518912,441527824
20,true,MP,"2. NNI (Incremental)",52,false,Infinity,2.2156,0,0,0,0,8379600,475082256
20,true,MP,"2. NNI (Incremental)",53,false,Infinity,4.9579,0,0,0,0,19307584,475082256
20,true,MP,"2. NNI (Incremental)",54,false,Infinity,2.6807,0,0,0,0,10126320,475082256
20,true,MP,"2. NNI (Incremental)",55,false,Infinity,1.8820,0,0,0,0,6790016,508636688
20,true,MP,"2. NNI (Incremental)",56,false,Infinity,2.6756,0,0,0,0,10199336,508636688
20,true,MP,"2. NNI (Incremental)",57,false,Infinity,2.8255,0,0,0,0,10935792,508636688
20,true,MP,"2. NNI (Incremental)",58,false,Infinity,5.3982,0,0,0,0,20083496,542191120
20,true,MP,"2. NNI (Incremental)",59,false,Infinity,2.0501,0,0,0,0,7529472,542191120
20,true,MP,"2. NNI (Incremental)",60,false,Infinity,0.9733,0,0,0,0,3430424,542191120
20,true,MP,"2. NNI (Incremental)",61,false,Infinity,1.6355,0,0,0,0,5873088,542191120
20,true,MP,"2. NNI (Incremental)",62,false,Infinity,3.6337,0,0,0,0,13388960,575745552
20,true,MP,"2. NNI (Incremental)",63,false,Infinity,3.2194,0,0,0,0,11816432,575745552
20,true,MP,"2. NNI (Incremental)",64,false,Infinity,1.2268,0,0,0,0,4260496,575745552
20,true,MP,"2. NNI (Incremental)",65,false,Infinity,2.8895,0,0,0,0,10107528,609299984
20,true,MP,"2. NNI (Incremental)",66,false,Infinity,1.8790,0,0,0,0,6769952,609299984
20,true,MP,"2. NNI (Incremental)",67,false,Infinity,1.8480,0,0,0,0,6839728,609299984
20,true,MP,"2. NNI (Incremental)",68,false,Infinity,1.8662,0,0,0,0,6808000,609299984
20,true,MP,"2. NNI (Incremental)",69,false,Infinity,2.0747,0,0,0,0,7641584,609299984
20,true,MP,"2. NNI (Incremental)",70,false,Infinity,2.3391,0,0,0,0,8552344,642854416
20,true,MP,"2. NNI (Incremental)",71,false,Infinity,1.5953,0,0,0,0,5909632,642854416
20,true,MP,"2. NNI (Incremental)",72,false,Infinity,2.7256,0,0,0,0,10073208,642854416
20,true,MP,"2. NNI (Incremental)",73,false,Infinity,1.3728,0,0,0,0,5063752,642854416
20,true,MP,"2. NNI (Incremental)",74,false,Infinity,1.1385,0,0,0,0,4276504,642854416
20,true,MP,"2. NNI (Incremental)",75,false,Infinity,1.1520,0,0,0,0,4294312,676408848
20,true,MP,"2. NNI (Incremental)",76,false,Infinity,1.6274,0,0,0,0,5985008,676408848
20,true,MP,"2. NNI (Incremental)",77,false,Infinity,3.0575,0,0,0,0,11824288,676408848
20,true,MP,"2. NNI (Incremental)",78,false,Infinity,2.0181,0,0,0,0,7555152,676408848
20,true,MP,"2. NNI (Incremental)",79,false,Infinity,7.9580,0,0,0,0,30023872,709963280
20,true,MP,"2. NNI (Incremental)",80,false,Infinity,1.3652,0,0,0,0,5088208,709963280
20,true,MP,"2. NNI (Incremental)",81,false,Infinity,1.8413,0,0,0,0,6785320,743517712
20,true,MP,"2. NNI (Incremental)",82,false,Infinity,2.5387,0,0,0,0,9289952,743517712
20,true,MP,"2. NNI (Incremental)",83,false,Infinity,0.4764,0,0,0,0,1730120,743517712
20,true,MP,"2. NNI (Incremental)",84,false,Infinity,4.0022,0,0,0,0,15177712,743517712
20,true,MP,"2. NNI (Incremental)",85,false,Infinity,1.7447,0,0,0,0,6761128,777072144
20,true,MP,"2. NNI (Incremental)",86,false,Infinity,2.4548,0,0,0,0,9409240,777072144
20,true,MP,"2. NNI (Incremental)",87,false,Infinity,3.0808,0,0,0,0,11861624,777072144
20,true,MP,"2. NNI (Incremental)",88,false,Infinity,0.8985,0,0,0,0,3447016,777072144
20,true,MP,"2. NNI (Incremental)",89,false,Infinity,2.4286,0,0,0,0,9212592,810626576
20,true,MP,"2. NNI (Incremental)",90,false,Infinity,2.6282,0,0,0,0,10113096,810626576
20,true,MP,"2. NNI (Incremental)",91,false,Infinity,3.4539,0,0,0,0,13320288,810626576
20,true,MP,"2. NNI (Incremental)",92,false,Infinity,2.6193,0,0,0,0,9979224,844181008
20,true,MP,"2. NNI (Incremental)",93,false,Infinity,2.0498,0,0,0,0,7501296,844181008
20,true,MP,"2. NNI (Incremental)",94,false,Infinity,2.9962,0,0,0,0,10923416,844181008
20,true,MP,"2. NNI (Incremental)",95,false,Infinity,4.5432,0,0,0,0,16630520,877735440
20,true,MP,"2. NNI (Incremental)",96,false,Infinity,3.4091,0,0,0,0,12625064,877735440
20,true,MP,"2. NNI (Incremental)",97,false,Infinity,3.7437,0,0,0,0,14257848,877735440
20,true,MP,"2. NNI (Incremental)",98,false,Infinity,2.5424,0,0,0,0,9314840,911289872
20,true,MP,"2. NNI (Incremental)",99,false,Infinity,3.0688,0,0,0,0,11715072,911289872
20,true,MP,"2. NNI (Incremental)",100,false,Infinity,1.8342,0,0,0,0,6739792,911289872
20,true,MP,"3. VND NNI->ECR->SPR (Classic)",1,true,47.0000,1753.7912,6722494,55344663,1617048756,74375083,3744046280,3729908760
20,true,MP,"3. VND NNI->ECR->SPR (Classic)",2,true,64.0000,1466.4050,2834211,96422397,1220460390,146560561,2942085072,6682698776
20,true,MP,"3. VND NNI->ECR->SPR (Classic)",3,true,32.0000,2635.1911,3333820,73965624,2532755693,24996594,5539688240,10404144440
20,true,MP,"3. VND NNI->ECR->SPR (Classic)",4,true,49.0000,772.4821,3434431,40694374,601352528,126898121,1734118832,3760366904
20,true,MP,"3. VND NNI->ECR->SPR (Classic)",5,true,50.0000,816.4062,4424234,60417249,675104976,76338386,1908094576,5639415096
20,true,MP,"3. VND NNI->ECR->SPR (Classic)",6,true,60.0000,1105.6095,2999904,27355739,869427402,205723977,2440564944,8088888632
20,true,MP,"3. VND NNI->ECR->SPR (Classic)",7,true,54.0000,1385.6634,5472516,72264228,1232102086,75677670,3097871536,10303481144
20,true,MP,"3. VND NNI->ECR->SPR (Classic)",8,true,49.0000,1269.7448,5156665,12411582,1176504752,75561769,2927669376,3902771480
20,true,MP,"3. VND NNI->ECR->SPR (Classic)",9,true,56.0000,416.1872,2760809,77687552,157468413,178175800,996133584,4875850008
20,true,MP,"3. VND NNI->ECR->SPR (Classic)",10,true,64.0000,473.5155,2830493,52235061,163897529,254447981,1104049184,5983146264
20,true,MP,"3. VND NNI->ECR->SPR (Classic)",11,true,49.0000,1922.5616,5694608,60540194,1780872154,75293860,4078558568,10076786968
20,true,MP,"3. VND NNI->ECR->SPR (Classic)",12,true,56.0000,2647.5755,4969830,50915701,2516776266,74744144,5436869352,10278113560
20,true,MP,"3. VND NNI->ECR->SPR (Classic)",13,true,47.0000,2360.2262,4435273,105983630,2200539016,49109838,4698450208,9950677552
20,true,MP,"3. VND NNI->ECR->SPR (Classic)",14,true,59.0000,1376.0577,6309248,15060459,1232707539,121879087,2637463224,10286221872
20,true,MP,"3. VND NNI->ECR->SPR (Classic)",15,true,72.0000,422.8351,4391251,56172888,161878320,200306265,990561600,3305717496
20,true,MP,"3. VND NNI->ECR->SPR (Classic)",16,true,44.0000,1098.0884,3986140,45131283,947832877,101029509,2461828152,5755191032
20,true,MP,"3. VND NNI->ECR->SPR (Classic)",17,true,66.0000,1299.4135,3776142,81861688,1112649696,100988450,2845767440,8607317752
20,true,MP,"3. VND NNI->ECR->SPR (Classic)",18,true,45.0000,3018.9309,3652766,75000210,2890524078,49605881,6471424576,10315463608
20,true,MP,"3. VND NNI->ECR->SPR (Classic)",19,true,51.0000,1169.9535,5615739,41558237,1025304709,97342437,2328809416,7194901432
20,true,MP,"3. VND NNI->ECR->SPR (Classic)",20,true,58.0000,1117.5236,5549174,61318704,975464774,75064202,2474590520,9644374968
20,true,MP,"3. VND NNI->ECR->SPR (Classic)",21,true,65.0000,798.4098,3975581,56336240,585627104,152331335,1862939296,10281909176
20,true,MP,"3. VND NNI->ECR->SPR (Classic)",22,true,58.0000,1587.9600,3491540,94122123,1364951054,125259665,3346468456,4623063376
20,true,MP,"3. VND NNI->ECR->SPR (Classic)",23,true,44.0000,2248.2412,3395166,117333854,2076966650,50400853,4951612552,9555564880
20,true,MP,"3. VND NNI->ECR->SPR (Classic)",24,true,41.0000,855.2588,5777766,80168509,695380040,73789198,1786072096,10293762384
20,true,MP,"3. VND NNI->ECR->SPR (Classic)",25,true,37.0000,1040.1779,3595286,73465113,888424245,74574792,2288174128,3380016200
20,true,MP,"3. VND NNI->ECR->SPR (Classic)",26,true,42.0000,800.9090,4881492,52713801,668192452,75019077,1850332504,5225509960
20,true,MP,"3. VND NNI->ECR->SPR (Classic)",27,true,54.0000,365.4564,5695671,37283108,173414236,148985493,835507256,6064370760
20,true,MP,"3. VND NNI->ECR->SPR (Classic)",28,true,45.0000,2273.7392,5933844,15367604,2204799397,47518662,4154162544,10191565896
20,true,MP,"3. VND NNI->ECR->SPR (Classic)",29,true,66.0000,1016.8026,3424813,101238465,787078827,124922484,2087857976,10292229192
20,true,MP,"3. VND NNI->ECR->SPR (Classic)",30,true,60.0000,2324.0448,4082983,34116506,2186477807,99212063,4771730752,6790180840
20,true,MP,"3. VND NNI->ECR->SPR (Classic)",31,true,54.0000,814.2879,3514273,74429096,634187026,102040842,1878149696,8669229032
20,true,MP,"3. VND NNI->ECR->SPR (Classic)",32,true,50.0000,1732.5877,4437460,30161726,1600185828,97701369,3304399272,10322156072
20,true,MP,"3. VND NNI->ECR->SPR (Classic)",33,true,50.0000,1563.1582,4024193,92872056,1390309185,75808468,3396328216,5154773544
20,true,MP,"3. VND NNI->ECR->SPR (Classic)",34,true,64.0000,1261.7293,3336915,71841425,1039152051,147280741,2442431440,7570692648
20,true,MP,"3. VND NNI->ECR->SPR (Classic)",35,true,69.0000,765.7433,3047226,43258580,489702322,229634405,1751381328,9349077544
20,true,MP,"3. VND NNI->ECR->SPR (Classic)",36,true,54.0000,404.4617,1692869,70515773,174366988,157800405,950653904,10288601640
20,true,MP,"3. VND NNI->ECR->SPR (Classic)",37,true,52.0000,1146.2424,3282993,38909360,950664162,153279107,2634151472,2656166936
20,true,MP,"3. VND NNI->ECR->SPR (Classic)",38,true,60.0000,861.5737,4990200,61886274,642792621,151786549,1999910608,4669432856
20,true,MP,"3. VND NNI->ECR->SPR (Classic)",39,true,57.0000,358.5269,3574658,75958334,126149176,152750442,858033456,5541848088
20,true,MP,"3. VND NNI->ECR->SPR (Classic)",40,true,66.0000,1986.3045,3227317,61234514,1795667328,126031543,4354144328,9870369816
20,true,MP,"3. VND NNI->ECR->SPR (Classic)",41,true,49.0000,1079.7144,2556510,82116994,917870252,77047324,2552850176,10306577432
20,true,MP,"3. VND NNI->ECR->SPR (Classic)",42,true,50.0000,1473.7699,2572192,35428662,1333378776,102277211,3402873416,5553630088
20,true,MP,"3. VND NNI->ECR->SPR (Classic)",43,true,57.0000,1073.8161,3434291,106446680,861932930,101881479,2336306104,7868885896
20,true,MP,"3. VND NNI->ECR->SPR (Classic)",44,true,59.0000,2044.6675,3150982,49990843,1863747429,127642636,4254389472,10348460768
20,true,MP,"3. VND NNI->ECR->SPR (Classic)",45,true,58.0000,1716.6300,4199917,57042973,1526829192,128413422,3774991256,5717949152
20,true,MP,"3. VND NNI->ECR->SPR (Classic)",46,true,54.0000,398.6790,2817165,76824661,191646727,127300616,883715304,6590364384
20,true,MP,"3. VND NNI->ECR->SPR (Classic)",47,true,41.0000,1145.3979,4379609,44193520,1019106684,77592301,2603020224,9207610080
20,true,MP,"3. VND NNI->ECR->SPR (Classic)",48,true,56.0000,1220.6257,4031536,87468871,1052179896,76793641,2798866232,10281351904
20,true,MP,"3. VND NNI->ECR->SPR (Classic)",49,true,46.0000,1482.5951,3808893,64019429,1363604283,51014039,3418336480,5176796440
20,true,MP,"3. VND NNI->ECR->SPR (Classic)",50,true,62.0000,349.7563,7403719,65085357,178825316,98325527,722507016,5914993944
20,true,MP,"3. VND NNI->ECR->SPR (Classic)",51,true,68.0000,904.7171,4648408,68692626,681190629,150059134,1880697456,7794042136
20,true,MP,"3. VND NNI->ECR->SPR (Classic)",52,true,55.0000,1239.5910,4005327,26388400,1079397774,129681564,2773384352,10277070104
20,true,MP,"3. VND NNI->ECR->SPR (Classic)",53,true,51.0000,2150.8400,8093150,28213913,2090178935,24193086,4077415336,4375009416
20,true,MP,"3. VND NNI->ECR->SPR (Classic)",54,true,83.0000,406.5221,4570572,57310773,145655350,198899219,906623816,5280979080
20,true,MP,"3. VND NNI->ECR->SPR (Classic)",55,true,43.0000,379.9240,3075419,139883594,186690051,50147030,817505920,6086285448
20,true,MP,"3. VND NNI->ECR->SPR (Classic)",56,true,65.0000,908.1020,4490541,14015041,736390668,153090128,1989108888,8065996936
20,true,MP,"3. VND NNI->ECR->SPR (Classic)",57,true,51.0000,1950.1343,4918332,96532568,1772381869,76153164,4143357448,10331512872
20,true,MP,"3. VND NNI->ECR->SPR (Classic)",58,true,56.0000,1656.5840,7646712,71778935,1527052527,49968060,3503225240,5499674664
20,true,MP,"3. VND NNI->ECR->SPR (Classic)",59,true,59.0000,399.0731,3353446,121671572,197434123,76482019,940750240,6439198760
20,true,MP,"3. VND NNI->ECR->SPR (Classic)",60,true,41.0000,1306.0916,2388142,98617353,1128319824,76627356,2884832760,9324879912
20,true,MP,"3. VND NNI->ECR->SPR (Classic)",61,true,52.0000,332.4913,3363797,82000553,145531114,101487650,779408144,10130186280
20,true,MP,"3. VND NNI->ECR->SPR (Classic)",62,true,57.0000,572.9860,5422942,32570076,382158957,152740372,1324627080,10297977384
20,true,MP,"3. VND NNI->ECR->SPR (Classic)",63,true,56.0000,478.0218,4805037,113488080,261150276,98475041,971561608,2128695128
20,true,MP,"3. VND NNI->ECR->SPR (Classic)",64,true,50.0000,2097.0852,3017378,38011482,1953196718,102732466,4582001512,6725652312
20,true,MP,"3. VND NNI->ECR->SPR (Classic)",65,true,39.0000,1674.5525,4193976,78244371,1542575305,49402845,3281524592,9980432216
20,true,MP,"3. VND NNI->ECR->SPR (Classic)",66,true,31.0000,2210.6736,3365780,37603386,2094884282,74689370,4427706672,10282422104
20,true,MP,"3. VND NNI->ECR->SPR (Classic)",67,true,45.0000,2324.8680,3310917,44636030,2200872951,75916554,5142713008,9309155136
20,true,MP,"3. VND NNI->ECR->SPR (Classic)",68,true,50.0000,884.2450,3369518,52915164,700821248,127026696,2029233480,10303171272
20,true,MP,"3. VND NNI->ECR->SPR (Classic)",69,true,49.0000,2409.0252,3730053,65454851,2289344640,50350537,5045326960,6108867272
20,true,MP,"3. VND NNI->ECR->SPR (Classic)",70,true,46.0000,1467.3358,3997282,28775290,1332952866,101501997,3157071464,9296538312
20,true,MP,"3. VND NNI->ECR->SPR (Classic)",71,true,37.0000,2466.5431,3112288,26572840,2359892815,76840250,5569262432,10306278616
20,true,MP,"3. VND NNI->ECR->SPR (Classic)",72,true,43.0000,921.5708,3552106,85493245,782392424,49997496,1943442032,6514627800
20,true,MP,"3. VND NNI->ECR->SPR (Classic)",73,true,45.0000,1781.5148,2923660,97628752,1582457056,98369601,3555733920,10071397592
20,true,MP,"3. VND NNI->ECR->SPR (Classic)",74,true,76.0000,391.7817,2308911,53321678,133364607,202701699,917426552,10306278616
20,true,MP,"3. VND NNI->ECR->SPR (Classic)",75,true,41.0000,1933.0223,2565348,59309332,1820360424,50626241,4363844792,5078647480
20,true,MP,"3. VND NNI->ECR->SPR (Classic)",76,true,28.0000,1912.7357,2994754,91163458,1792818271,25633946,4219771720,9306505912
20,true,MP,"3. VND NNI->ECR->SPR (Classic)",77,true,51.0000,1077.4721,4642209,72949252,897579426,102166921,2461536376,10302999848
20,true,MP,"3. VND NNI->ECR->SPR (Classic)",78,true,56.0000,1526.6646,4497874,52959878,1393497427,75571217,3290398888,4800073000
20,true,MP,"3. VND NNI->ECR->SPR (Classic)",79,true,65.0000,360.2807,12532903,48458609,251602410,47577504,706980776,5504716072
20,true,MP,"3. VND NNI->ECR->SPR (Classic)",80,true,51.0000,1708.9948,2857696,111725056,1543530212,50730330,3581358392,9095040296
20,true,MP,"3. VND NNI->ECR->SPR (Classic)",81,true,59.0000,682.4306,3813011,78268276,470981933,129227760,1507211416,10302999848
20,true,MP,"3. VND NNI->ECR->SPR (Classic)",82,true,66.0000,1710.0228,3745101,80038853,1525119102,100956029,3582435432,3898943752
20,true,MP,"3. VND NNI->ECR->SPR (Classic)",83,true,49.0000,395.5658,1411505,92907625,175192077,125961419,882912952,4771358984
20,true,MP,"3. VND NNI->ECR->SPR (Classic)",84,true,43.0000,1727.1104,4317321,80673379,1567958064,74027301,3380250648,8160356616
20,true,MP,"3. VND NNI->ECR->SPR (Classic)",85,true,61.0000,903.5457,3527710,68576596,677119025,154204587,2039224296,10173622536
20,true,MP,"3. VND NNI->ECR->SPR (Classic)",86,true,50.0000,2550.9660,3452455,118454283,2353924316,74973230,5274484496,10279008192
20,true,MP,"3. VND NNI->ECR->SPR (Classic)",87,true,56.0000,1547.9402,5094087,72766373,1346863029,123092794,3019934112,8232187840
20,true,MP,"3. VND NNI->ECR->SPR (Classic)",88,true,63.0000,372.3630,2014792,92200348,149918206,128114444,853777496,9071048640
20,true,MP,"3. VND NNI->ECR->SPR (Classic)",89,true,43.0000,770.2976,4188196,58609461,607481614,99903698,1634983184,10279942480
20,true,MP,"3. VND NNI->ECR->SPR (Classic)",90,true,56.0000,1274.2101,4377946,49056517,1096465499,124200722,2565842232,2998630736
20,true,MP,"3. VND NNI->ECR->SPR (Classic)",91,true,52.0000,1085.2855,6089129,96653296,910683284,71714763,2046561400,5045451088
20,true,MP,"3. VND NNI->ECR->SPR (Classic)",92,true,56.0000,1905.3384,4641387,34979617,1765794010,99788369,3929024328,8971319632
20,true,MP,"3. VND NNI->ECR->SPR (Classic)",93,true,36.0000,1792.1074,3342849,37352759,1701471144,49811382,3952463576,10319836936
20,true,MP,"3. VND NNI->ECR->SPR (Classic)",94,true,52.0000,2206.7468,5140906,52944409,2073785321,74735849,4610591928,7333492488
20,true,MP,"3. VND NNI->ECR->SPR (Classic)",95,true,53.0000,1936.7187,4598194,97386932,1760537594,74070043,3919330080,10319953704
20,true,MP,"3. VND NNI->ECR->SPR (Classic)",96,true,40.0000,309.0573,5246086,93560576,185153710,24990993,713131696,1763573544
20,true,MP,"3. VND NNI->ECR->SPR (Classic)",97,true,40.0000,1052.4527,5417401,112883099,909419710,24606011,2215116496,3978166056
20,true,MP,"3. VND NNI->ECR->SPR (Classic)",98,true,71.0000,407.2879,5322451,58063143,174146278,169668383,864655192,4817026856
20,true,MP,"3. VND NNI->ECR->SPR (Classic)",99,true,61.0000,2146.8456,5120918,84176472,1981255223,76126282,4583310272,9413984040
20,true,MP,"3. VND NNI->ECR->SPR (Classic)",100,true,47.0000,1910.4565,3394455,48745615,1731983878,126208219,4028554952,10286399272
20,true,MP,"4. VND NNI->SPR (Classic)",1,true,64.0000,276.0324,5169139,0,0,270788304,686024184,676591520
20,true,MP,"4. VND NNI->SPR (Classic)",2,true,62.0000,299.5399,2139339,0,0,297371244,749156088,1414789024
20,true,MP,"4. VND NNI->SPR (Classic)",3,true,55.0000,252.7977,2701237,0,0,250061169,627231152,2052323232
20,true,MP,"4. VND NNI->SPR (Classic)",4,true,56.0000,203.6027,2677521,0,0,200888471,503929088,2555639712
20,true,MP,"4. VND NNI->SPR (Classic)",5,true,58.0000,206.5246,3777203,0,0,202707310,511253768,3058956192
20,true,MP,"4. VND NNI->SPR (Classic)",6,true,75.0000,308.1489,2232996,0,0,305885855,758535936,3830708128
20,true,MP,"4. VND NNI->SPR (Classic)",7,true,62.0000,284.0620,4667426,0,0,279350375,702797360,4535351200
20,true,MP,"4. VND NNI->SPR (Classic)",8,true,58.0000,157.2910,4705919,0,0,152534741,389800400,4904449952
20,true,MP,"4. VND NNI->SPR (Classic)",9,true,73.0000,308.6589,2441883,0,0,306180596,761378904,5676201888
20,true,MP,"4. VND NNI->SPR (Classic)",10,true,66.0000,332.8886,2468204,0,0,330388199,818661384,6481508256
20,true,MP,"4. VND NNI->SPR (Classic)",11,true,72.0000,252.5684,4978077,0,0,247540185,625234568,7119042464
20,true,MP,"4. VND NNI->SPR (Classic)",12,true,88.0000,301.7084,4263597,0,0,297392896,745329904,7857239968
20,true,MP,"4. VND NNI->SPR (Classic)",13,true,57.0000,347.8122,3069808,0,0,344701618,862906824,8729655200
20,true,MP,"4. VND NNI->SPR (Classic)",14,true,61.0000,177.3340,6061806,0,0,171218671,443966472,9165862816
20,true,MP,"4. VND NNI->SPR (Classic)",15,true,76.0000,257.1177,4049912,0,0,253023862,634081504,9803397024
20,true,MP,"4. VND NNI->SPR (Classic)",16,true,49.0000,211.5025,3262994,0,0,208187351,510656344,10348110368
20,true,MP,"4. VND NNI->SPR (Classic)",17,true,81.0000,333.4517,3111176,0,0,330295653,819858376,885760544
20,true,MP,"4. VND NNI->SPR (Classic)",18,true,55.0000,232.3751,3029311,0,0,229307152,570964936,1456185888
20,true,MP,"4. VND NNI->SPR (Classic)",19,true,57.0000,203.7013,5028392,0,0,198623444,505226384,1959502368
20,true,MP,"4. VND NNI->SPR (Classic)",20,true,62.0000,207.2173,4888616,0,0,202277864,509977200,2462818848
20,true,MP,"4. VND NNI->SPR (Classic)",21,true,72.0000,260.4602,3340923,0,0,257072010,635172144,3100353056
20,true,MP,"4. VND NNI->SPR (Classic)",22,true,75.0000,357.7393,2820573,0,0,354878481,877720280,3972768288
20,true,MP,"4. VND NNI->SPR (Classic)",23,true,63.0000,306.0504,2799695,0,0,303216970,752541320,4744520224
20,true,MP,"4. VND NNI->SPR (Classic)",24,true,46.0000,206.8680,5128173,0,0,201693182,512547456,5247836704
20,true,MP,"4. VND NNI->SPR (Classic)",25,true,49.0000,228.4583,2974165,0,0,225450599,564169872,5818262048
20,true,MP,"4. VND NNI->SPR (Classic)",26,true,52.0000,180.8492,4327068,0,0,176478704,446408840,6254469664
20,true,MP,"4. VND NNI->SPR (Classic)",27,true,61.0000,231.4352,5563339,0,0,225814501,571051184,6824895008
20,true,MP,"4. VND NNI->SPR (Classic)",28,true,58.0000,222.6281,5751217,0,0,216815128,555702712,7395320352
20,true,MP,"4. VND NNI->SPR (Classic)",29,true,72.0000,283.4819,2762935,0,0,280686436,693959872,8066408992
20,true,MP,"4. VND NNI->SPR (Classic)",30,true,89.0000,331.8486,3434081,0,0,328377876,814477152,8905269792
20,true,MP,"4. VND NNI->SPR (Classic)",31,true,57.0000,262.0912,2865298,0,0,259192052,640829648,9542804000
20,true,MP,"4. VND NNI->SPR (Classic)",32,true,59.0000,199.6404,3882954,0,0,195713271,496423376,10012566048
20,true,MP,"4. VND NNI->SPR (Classic)",33,true,58.0000,288.9862,3341294,0,0,285603186,701330992,10281001504
20,true,MP,"4. VND NNI->SPR (Classic)",34,true,74.0000,277.9954,2713119,0,0,275246592,688203576,1168580400
20,true,MP,"4. VND NNI->SPR (Classic)",35,true,71.0000,315.7530,2292189,0,0,313424401,760781248,1940332336
20,true,MP,"4. VND NNI->SPR (Classic)",36,true,74.0000,307.0371,1344496,0,0,305666028,757529064,2678529840
20,true,MP,"4. VND NNI->SPR (Classic)",37,true,56.0000,232.1850,2541994,0,0,229609547,570163664,3248955184
20,true,MP,"4. VND NNI->SPR (Classic)",38,true,77.0000,229.4572,4345924,0,0,225068372,569945176,3819380528
20,true,MP,"4. VND NNI->SPR (Classic)",39,true,66.0000,310.4392,3270308,0,0,307132577,763001048,4591132464
20,true,MP,"4. VND NNI->SPR (Classic)",40,true,83.0000,334.3716,2521264,0,0,331819110,819383736,5396438832
20,true,MP,"4. VND NNI->SPR (Classic)",41,true,66.0000,259.1816,1902397,0,0,257244428,634760208,6033973040
20,true,MP,"4. VND NNI->SPR (Classic)",42,true,67.0000,310.8187,1887380,0,0,308887814,759481736,6805724976
20,true,MP,"4. VND NNI->SPR (Classic)",43,true,68.0000,330.3199,2803030,0,0,327481151,812118416,7611031344
20,true,MP,"4. VND NNI->SPR (Classic)",44,true,71.0000,283.2786,2438117,0,0,280809060,691113040,8315674416
20,true,MP,"4. VND NNI->SPR (Classic)",45,true,74.0000,284.7512,3458066,0,0,281255538,697703192,8986763056
20,true,MP,"4. VND NNI->SPR (Classic)",46,true,51.0000,231.2377,2488782,0,0,228715658,567587192,9557188400
20,true,MP,"4. VND NNI->SPR (Classic)",47,true,50.0000,183.6515,3704004,0,0,179910430,450654680,10026950448
20,true,MP,"4. VND NNI->SPR (Classic)",48,true,68.0000,263.5790,3341264,0,0,260197444,637629040,10295385904
20,true,MP,"4. VND NNI->SPR (Classic)",49,true,56.0000,182.9332,3121946,0,0,179773650,450894664,832858528
20,true,MP,"4. VND NNI->SPR (Classic)",50,true,60.0000,178.9424,6865565,0,0,172019033,446587024,1302620576
20,true,MP,"4. VND NNI->SPR (Classic)",51,true,67.0000,228.2462,3921437,0,0,224280614,563640520,1839491488
20,true,MP,"4. VND NNI->SPR (Classic)",52,true,55.0000,233.5130,3275669,0,0,230193889,573733600,2409916832
20,true,MP,"4. VND NNI->SPR (Classic)",53,true,65.0000,132.1330,7458964,0,0,124612555,328769248,2745461152
20,true,MP,"4. VND NNI->SPR (Classic)",54,true,81.0000,276.4120,4265481,0,0,272104196,683364664,3450104224
20,true,MP,"4. VND NNI->SPR (Classic)",55,true,48.0000,280.9262,2772673,0,0,278120427,691785520,4121192864
20,true,MP,"4. VND NNI->SPR (Classic)",56,true,68.0000,207.8796,4079166,0,0,203760282,511879880,4624509344
20,true,MP,"4. VND NNI->SPR (Classic)",57,true,60.0000,234.6331,4167124,0,0,230422935,574870608,5228489120
20,true,MP,"4. VND NNI->SPR (Classic)",58,true,64.0000,182.0045,6904821,0,0,175042813,449717600,5664696736
20,true,MP,"4. VND NNI->SPR (Classic)",59,true,71.0000,282.8845,2990727,0,0,279857129,692449008,6369339808
20,true,MP,"4. VND NNI->SPR (Classic)",60,true,53.0000,259.7496,1662733,0,0,258029752,631550216,6973319584
20,true,MP,"4. VND NNI->SPR (Classic)",61,true,61.0000,261.1455,3001969,0,0,258098322,635631736,7610853792
20,true,MP,"4. VND NNI->SPR (Classic)",62,true,60.0000,209.7417,4831628,0,0,204864502,513865784,8147724704
20,true,MP,"4. VND NNI->SPR (Classic)",63,true,64.0000,250.8995,4452537,0,0,246402561,619137040,8751704480
20,true,MP,"4. VND NNI->SPR (Classic)",64,true,62.0000,257.0341,2219810,0,0,254783609,627610720,9389238688
20,true,MP,"4. VND NNI->SPR (Classic)",65,true,61.0000,202.4786,3476019,0,0,198962168,499876944,9892555168
20,true,MP,"4. VND NNI->SPR (Classic)",66,true,67.0000,287.2480,2676359,0,0,284531579,690908688,10306112464
20,true,MP,"4. VND NNI->SPR (Classic)",67,true,58.0000,233.5205,2704313,0,0,230774463,571491208,877317072
20,true,MP,"4. VND NNI->SPR (Classic)",68,true,56.0000,235.2173,2731243,0,0,232447725,572842240,1481296848
20,true,MP,"4. VND NNI->SPR (Classic)",69,true,64.0000,332.1824,3097970,0,0,329045857,813631496,2286603216
20,true,MP,"4. VND NNI->SPR (Classic)",70,true,51.0000,208.1857,3317659,0,0,204828013,508564360,2789919696
20,true,MP,"4. VND NNI->SPR (Classic)",71,true,48.0000,233.7964,2442445,0,0,231321514,572039168,3360345040
20,true,MP,"4. VND NNI->SPR (Classic)",72,true,58.0000,231.7273,2976239,0,0,228714646,567846200,3930770384
20,true,MP,"4. VND NNI->SPR (Classic)",73,true,59.0000,301.5058,2235772,0,0,299237423,743238256,4668967888
20,true,MP,"4. VND NNI->SPR (Classic)",74,true,79.0000,338.2759,1943586,0,0,336300603,824232048,5507828688
20,true,MP,"4. VND NNI->SPR (Classic)",75,true,55.0000,261.1070,1908941,0,0,259167265,636152072,6145362896
20,true,MP,"4. VND NNI->SPR (Classic)",76,true,38.0000,206.8832,2415392,0,0,204437581,507983960,6648679376
20,true,MP,"4. VND NNI->SPR (Classic)",77,true,59.0000,259.8566,3981432,0,0,255836410,634825784,7286213584
20,true,MP,"4. VND NNI->SPR (Classic)",78,true,58.0000,228.5869,3908252,0,0,224636050,562557016,7823084496
20,true,MP,"4. VND NNI->SPR (Classic)",79,true,64.0000,108.9430,12450335,0,0,96400506,274812992,8125074384
20,true,MP,"4. VND NNI->SPR (Classic)",80,true,73.0000,357.4994,2275367,0,0,355195994,873545496,8997489616
20,true,MP,"4. VND NNI->SPR (Classic)",81,true,63.0000,312.0747,3114442,0,0,308924293,759582192,9735687120
20,true,MP,"4. VND NNI->SPR (Classic)",82,true,73.0000,313.9044,3113400,0,0,310746678,753933672,10318569936
20,true,MP,"4. VND NNI->SPR (Classic)",83,true,60.0000,306.3483,1081537,0,0,305238003,749823184,990437840
20,true,MP,"4. VND NNI->SPR (Classic)",84,true,61.0000,278.1396,3715846,0,0,274381547,683108544,1661526480
20,true,MP,"4. VND NNI->SPR (Classic)",85,true,67.0000,310.9292,2820703,0,0,308074317,760744120,2433278416
20,true,MP,"4. VND NNI->SPR (Classic)",86,true,61.0000,254.4191,2813349,0,0,251569307,623210856,3070812624
20,true,MP,"4. VND NNI->SPR (Classic)",87,true,67.0000,251.1027,4443570,0,0,246612190,620706600,3674792400
20,true,MP,"4. VND NNI->SPR (Classic)",88,true,60.0000,334.3261,1618959,0,0,332679336,820091096,4513653200
20,true,MP,"4. VND NNI->SPR (Classic)",89,true,51.0000,177.8847,3454770,0,0,174393698,439056208,4949860816
20,true,MP,"4. VND NNI->SPR (Classic)",90,true,75.0000,226.8617,3856183,0,0,222965854,561555632,5486731728
20,true,MP,"4. VND NNI->SPR (Classic)",91,true,58.0000,202.4518,5234924,0,0,197171303,499398376,5990048208
20,true,MP,"4. VND NNI->SPR (Classic)",92,true,60.0000,183.4825,4071342,0,0,179365934,447906320,6459810256
20,true,MP,"4. VND NNI->SPR (Classic)",93,true,75.0000,252.8974,2664447,0,0,250200944,622006952,7063790032
20,true,MP,"4. VND NNI->SPR (Classic)",94,true,62.0000,258.2186,4566504,0,0,253609045,630791192,7701324240
20,true,MP,"4. VND NNI->SPR (Classic)",95,true,62.0000,330.0657,3983195,0,0,326040662,808184264,8506630608
20,true,MP,"4. VND NNI->SPR (Classic)",96,true,40.0000,183.8209,5017471,0,0,178753469,449559360,8976392656
20,true,MP,"4. VND NNI->SPR (Classic)",97,true,51.0000,255.8786,4902593,0,0,250931063,629330976,9580372432
20,true,MP,"4. VND NNI->SPR (Classic)",98,true,74.0000,282.3301,5094609,0,0,277173836,679860816,10296306088
20,true,MP,"4. VND NNI->SPR (Classic)",99,true,79.0000,332.5900,4641216,0,0,327896161,816138568,867510696
20,true,MP,"4. VND NNI->SPR (Classic)",100,true,56.0000,259.2512,2703992,0,0,256511826,633751616,1505044904
20,true,MP,"5. VND NNI->ECR->SPR (Inc)",1,true,47.0000,472.5431,4809276,45353065,414173596,8035501,1267935032,1280811576
20,true,MP,"5. VND NNI->ECR->SPR (Inc)",2,true,43.0000,649.2977,2443377,41027568,604300203,1424879,2064046264,3361186360
20,true,MP,"5. VND NNI->ECR->SPR (Inc)",3,true,36.0000,479.8336,2932797,46832237,428945267,1057561,1568056664,4938244664
20,true,MP,"5. VND NNI->ECR->SPR (Inc)",4,true,48.0000,162.5748,2624542,21143677,133951945,4783316,530310280,5441561144
20,true,MP,"5. VND NNI->ECR->SPR (Inc)",5,true,50.0000,214.9991,3681300,35424173,173065101,2769317,711871512,6179758648
20,true,MP,"5. VND NNI->ECR->SPR (Inc)",6,true,62.0000,217.5137,2325742,22503594,185586602,7038825,694571736,6850847288
20,true,MP,"5. VND NNI->ECR->SPR (Inc)",7,true,57.0000,258.3100,4064589,46551652,204925087,2711907,835297408,7689708088
20,true,MP,"5. VND NNI->ECR->SPR (Inc)",8,true,46.0000,372.8233,4339252,7355307,359214686,1842083,1214375352,8897667640
20,true,MP,"5. VND NNI->ECR->SPR (Inc)",9,true,69.0000,142.5078,2809372,29014915,102875689,7744607,457222472,9367429688
20,true,MP,"5. VND NNI->ECR->SPR (Inc)",10,true,51.0000,497.7514,3092170,22821176,469165640,2596578,1605920040,10316612864
20,true,MP,"5. VND NNI->ECR->SPR (Inc)",11,true,41.0000,599.6297,4038000,23885601,570716751,913847,1883857056,2565539072
20,true,MP,"5. VND NNI->ECR->SPR (Inc)",12,true,54.0000,706.2137,3923983,23021408,677411381,1775537,2221734840,4780131584
20,true,MP,"5. VND NNI->ECR->SPR (Inc)",13,true,46.0000,539.2443,3024092,68940258,466311303,899100,1715273592,6491407616
20,true,MP,"5. VND NNI->ECR->SPR (Inc)",14,true,65.0000,206.2580,5666455,34510126,161655235,4364951,640117768,7128941824
20,true,MP,"5. VND NNI->ECR->SPR (Inc)",15,true,72.0000,202.7338,4110275,21001335,170524582,7028966,658440472,7800030464
20,true,MP,"5. VND NNI->ECR->SPR (Inc)",16,true,42.0000,251.2721,3356483,43007825,203098644,1737294,815061608,8605336832
20,true,MP,"5. VND NNI->ECR->SPR (Inc)",17,true,45.0000,453.2777,3629832,48672356,399968504,918907,1473090128,10081731840
20,true,MP,"5. VND NNI->ECR->SPR (Inc)",18,true,44.0000,657.8544,3333227,37910121,615572299,938936,2042585456,10283058432
20,true,MP,"5. VND NNI->ECR->SPR (Inc)",19,true,59.0000,214.0257,3916438,61967137,145416736,2652615,652387128,2522962808
20,true,MP,"5. VND NNI->ECR->SPR (Inc)",20,true,54.0000,199.2293,3590999,41627308,151264346,2678343,631144648,3126942584
20,true,MP,"5. VND NNI->ECR->SPR (Inc)",21,true,69.0000,79.6593,3625414,35779810,34953668,5244182,265477520,3395378040
20,true,MP,"5. VND NNI->ECR->SPR (Inc)",22,true,55.0000,419.5495,2907949,60781732,353148250,2631214,1337012048,4737555320
20,true,MP,"5. VND NNI->ECR->SPR (Inc)",23,true,41.0000,623.1865,3364768,32548635,586320112,881275,2090811200,6817930104
20,true,MP,"5. VND NNI->ECR->SPR (Inc)",24,true,35.0000,156.2212,5143901,50126220,100899281,0,507674480,7354801016
20,true,MP,"5. VND NNI->ECR->SPR (Inc)",25,true,37.0000,219.5862,3875169,31332892,181713959,2604873,702317976,8025889656
20,true,MP,"5. VND NNI->ECR->SPR (Inc)",26,true,43.0000,353.2091,4411400,29678877,317266016,1789232,1149180024,9200294776
20,true,MP,"5. VND NNI->ECR->SPR (Inc)",27,true,56.0000,329.8279,5719857,15816506,304750255,3480900,1062774296,10240482168
20,true,MP,"5. VND NNI->ECR->SPR (Inc)",28,true,45.0000,420.7065,6497907,8140890,404267991,1744827,1282694216,10274036600
20,true,MP,"5. VND NNI->ECR->SPR (Inc)",29,true,61.0000,389.1022,2387490,31782337,351403292,3473365,1165622976,2422294856
20,true,MP,"5. VND NNI->ECR->SPR (Inc)",30,true,66.0000,358.8454,3365430,69538054,283252265,2632787,1172616680,3596699976
20,true,MP,"5. VND NNI->ECR->SPR (Inc)",31,true,53.0000,147.7471,4522670,26861892,112831953,3476220,487140272,4100016456
20,true,MP,"5. VND NNI->ECR->SPR (Inc)",32,true,52.0000,324.8061,3797641,15651182,301915085,3387281,1004477176,5106649416
20,true,MP,"5. VND NNI->ECR->SPR (Inc)",33,true,47.0000,313.5139,2791228,49266676,258777324,2623198,1031364144,6146836808
20,true,MP,"5. VND NNI->ECR->SPR (Inc)",34,true,77.0000,155.9297,4343400,18528002,125842494,7162029,464624432,6583044424
20,true,MP,"5. VND NNI->ECR->SPR (Inc)",35,true,69.0000,182.5572,2352654,35823352,137397265,6929176,597069816,7187024200
20,true,MP,"5. VND NNI->ECR->SPR (Inc)",36,true,45.0000,435.0951,1545448,32221020,397826310,3446904,1455170512,8663419208
20,true,MP,"5. VND NNI->ECR->SPR (Inc)",37,true,53.0000,189.3249,2579827,33197729,148249542,5241707,622491672,9267398984
20,true,MP,"5. VND NNI->ECR->SPR (Inc)",38,true,64.0000,200.2928,4347137,36452058,154220066,5207202,657382608,9938487624
20,true,MP,"5. VND NNI->ECR->SPR (Inc)",39,true,56.0000,85.7322,2775598,45487821,32214529,5200659,285856496,10206923080
20,true,MP,"5. VND NNI->ECR->SPR (Inc)",40,true,65.0000,417.1066,2520632,42006752,368116723,4401210,1342193872,10274031944
20,true,MP,"5. VND NNI->ECR->SPR (Inc)",41,true,50.0000,262.7270,2088581,48123564,209787093,2646443,877859976,2153464424
20,true,MP,"5. VND NNI->ECR->SPR (Inc)",42,true,59.0000,224.1648,1822095,51360027,166589588,4328562,742839088,2925216360
20,true,MP,"5. VND NNI->ECR->SPR (Inc)",43,true,56.0000,126.5088,2564157,85268688,36839174,1785705,414043728,3327869544
20,true,MP,"5. VND NNI->ECR->SPR (Inc)",44,true,57.0000,496.3817,2581409,27347225,462933128,3454579,1539654816,4871373416
20,true,MP,"5. VND NNI->ECR->SPR (Inc)",45,true,68.0000,91.1063,3075789,45388051,37382527,5204897,299004648,5173363304
20,true,MP,"5. VND NNI->ECR->SPR (Inc)",46,true,52.0000,79.0763,2283041,32285424,40156482,4300818,259321840,5408244328
20,true,MP,"5. VND NNI->ECR->SPR (Inc)",47,true,43.0000,199.9095,3758258,35719384,157761391,2613309,665405728,6079332968
20,true,MP,"5. VND NNI->ECR->SPR (Inc)",48,true,68.0000,227.8762,3122087,74529646,147549301,2616877,745275320,6817530472
20,true,MP,"5. VND NNI->ECR->SPR (Inc)",49,true,46.0000,373.9858,2582812,33362613,336176988,1809902,1212577440,8059044456
20,true,MP,"5. VND NNI->ECR->SPR (Inc)",50,true,53.0000,225.5161,5239724,32700354,184931348,2591378,662806128,8696578664
20,true,MP,"5. VND NNI->ECR->SPR (Inc)",51,true,54.0000,432.7278,3106085,30545656,394747164,4275751,1348411056,10072310376
20,true,MP,"5. VND NNI->ECR->SPR (Inc)",52,true,56.0000,284.5543,3244972,14892409,262065947,4295248,913541280,10273636968
20,true,MP,"5. VND NNI->ECR->SPR (Inc)",53,true,52.0000,499.4219,6467730,19502666,472473360,923286,1502102464,2220525624
20,true,MP,"5. VND NNI->ECR->SPR (Inc)",54,true,83.0000,70.2131,3637117,26314670,33179434,7033034,227039576,2421852216
20,true,MP,"5. VND NNI->ECR->SPR (Inc)",55,true,48.0000,235.0854,2889215,67526801,162818036,1788752,748048928,3193604152
20,true,MP,"5. VND NNI->ECR->SPR (Inc)",56,true,56.0000,225.2430,3874217,30109737,187737243,3461462,746080584,3931801656
20,true,MP,"5. VND NNI->ECR->SPR (Inc)",57,true,54.0000,413.0269,3922339,49157668,357312729,2577221,1346317456,5273978936
20,true,MP,"5. VND NNI->ECR->SPR (Inc)",58,true,57.0000,238.2572,6804790,20334007,207633047,3427819,744934744,6012176440
20,true,MP,"5. VND NNI->ECR->SPR (Inc)",59,true,58.0000,115.5318,2832055,66505738,43509037,2633859,388929056,6414829624
20,true,MP,"5. VND NNI->ECR->SPR (Inc)",60,true,55.0000,229.6687,1830752,42108744,180561228,5113675,757662568,7153027128
20,true,MP,"5. VND NNI->ECR->SPR (Inc)",61,true,53.0000,94.1393,2315082,53073615,35199135,3500035,310755792,7488571448
20,true,MP,"5. VND NNI->ECR->SPR (Inc)",62,true,58.0000,94.5002,4662868,48690249,37614739,3482974,313215784,7790561336
20,true,MP,"5. VND NNI->ECR->SPR (Inc)",63,true,54.0000,421.9134,4416057,49360494,365462818,2619832,1301102568,9099184184
20,true,MP,"5. VND NNI->ECR->SPR (Inc)",64,true,47.0000,427.8964,2094021,19267840,403032681,3435774,1369092800,10273650448
20,true,MP,"5. VND NNI->ECR->SPR (Inc)",65,true,47.0000,267.0983,3861825,40579486,219994704,2603100,827728848,1012627216
20,true,MP,"5. VND NNI->ECR->SPR (Inc)",66,true,49.0000,392.8184,2919652,19803248,366581295,3452686,1196973480,2220586768
20,true,MP,"5. VND NNI->ECR->SPR (Inc)",67,true,47.0000,446.4332,2823519,25802667,415228963,2523088,1397064616,3596318480
20,true,MP,"5. VND NNI->ECR->SPR (Inc)",68,true,50.0000,190.9881,2778623,30592574,153295960,4264780,633134528,4233852688
20,true,MP,"5. VND NNI->ECR->SPR (Inc)",69,true,51.0000,534.7177,3003642,34216176,495699868,1738205,1710749272,5945128720
20,true,MP,"5. VND NNI->ECR->SPR (Inc)",70,true,46.0000,309.6722,3397181,15587601,287140590,3490838,997662504,6951761680
20,true,MP,"5. VND NNI->ECR->SPR (Inc)",71,true,38.0000,628.1865,2560871,14596467,610077258,894401,2069284896,9032136464
20,true,MP,"5. VND NNI->ECR->SPR (Inc)",72,true,60.0000,115.7515,3524953,73880182,35663198,2632987,362802984,9401235216
20,true,MP,"5. VND NNI->ECR->SPR (Inc)",73,true,49.0000,421.0077,2344891,37646238,377577695,3383404,1321106736,10273650448
20,true,MP,"5. VND NNI->ECR->SPR (Inc)",74,true,77.0000,70.6191,1780607,29291331,32636833,6861799,239315264,677041400
20,true,MP,"5. VND NNI->ECR->SPR (Inc)",75,true,52.0000,374.0123,1997266,34757505,334546116,2654818,1212345136,1885000952
20,true,MP,"5. VND NNI->ECR->SPR (Inc)",76,true,28.0000,377.1690,2340220,46600827,328180952,0,1270761168,3160069368
20,true,MP,"5. VND NNI->ECR->SPR (Inc)",77,true,42.0000,413.9196,4402331,15212408,392506635,1739558,1351414120,4502246648
20,true,MP,"5. VND NNI->ECR->SPR (Inc)",78,true,54.0000,286.5132,3064359,27506417,251606758,4282874,912286136,5441770744
20,true,MP,"5. VND NNI->ECR->SPR (Inc)",79,true,58.0000,75.6358,9598402,26280545,37949485,1743566,234829440,5676651768
20,true,MP,"5. VND NNI->ECR->SPR (Inc)",80,true,51.0000,622.3599,2323820,53277994,564931759,1759415,1703124152,7354373368
20,true,MP,"5. VND NNI->ECR->SPR (Inc)",81,true,61.0000,87.2551,2538566,49476465,30816521,4371273,283843408,7656363256
20,true,MP,"5. VND NNI->ECR->SPR (Inc)",82,true,62.0000,347.9870,3633971,31238804,306927697,6130839,1080736448,8730105080
20,true,MP,"5. VND NNI->ECR->SPR (Inc)",83,true,48.0000,290.7623,1289342,43149775,242828464,3439411,923156760,9636074744
20,true,MP,"5. VND NNI->ECR->SPR (Inc)",84,true,51.0000,264.8736,5237460,8106045,247167957,4309244,823804752,10273608952
20,true,MP,"5. VND NNI->ECR->SPR (Inc)",85,true,60.0000,199.5445,2751623,34059798,157469755,5209246,649626288,844809120
20,true,MP,"5. VND NNI->ECR->SPR (Inc)",86,true,47.0000,403.2908,3700949,50669314,346313382,2550640,1306384216,2153431968
20,true,MP,"5. VND NNI->ECR->SPR (Inc)",87,true,57.0000,293.9488,4373997,35544763,249699662,4275921,914310336,3092956064
20,true,MP,"5. VND NNI->ECR->SPR (Inc)",88,true,63.0000,97.6443,1599261,54630355,37003025,4363798,316418648,3394945952
20,true,MP,"5. VND NNI->ECR->SPR (Inc)",89,true,46.0000,180.5051,3627227,32619620,140789216,3413531,564383240,3965371296
20,true,MP,"5. VND NNI->ECR->SPR (Inc)",90,true,59.0000,234.4766,3745782,38077088,189086479,3511047,731495008,4703568800
20,true,MP,"5. VND NNI->ECR->SPR (Inc)",91,true,53.0000,382.6850,4791570,23765614,351469237,2603621,1179066152,5877973920
20,true,MP,"5. VND NNI->ECR->SPR (Inc)",92,true,63.0000,354.0605,3598584,7861309,338206116,4341445,1103010832,6985270176
20,true,MP,"5. VND NNI->ECR->SPR (Inc)",93,true,38.0000,470.8689,2806355,7199661,459025567,1784072,1526367680,8495219616
20,true,MP,"5. VND NNI->ECR->SPR (Inc)",94,true,54.0000,95.1868,3873185,50157500,38485685,2616024,315818960,8830763936
20,true,MP,"5. VND NNI->ECR->SPR (Inc)",95,true,57.0000,81.0048,5652750,25212615,45827075,4264149,255931832,9065644960
20,true,MP,"5. VND NNI->ECR->SPR (Inc)",96,true,39.0000,88.6675,4427509,43437151,39838517,915391,292177400,9367634848
20,true,MP,"5. VND NNI->ECR->SPR (Inc)",97,true,40.0000,485.4817,5204396,16177724,463122518,913066,1545085824,10273604512
20,true,MP,"5. VND NNI->ECR->SPR (Inc)",98,true,59.0000,484.0608,3584617,45795093,432021325,2574145,1458716056,2086320384
20,true,MP,"5. VND NNI->ECR->SPR (Inc)",99,true,63.0000,309.7089,4385781,43051147,258780719,3433790,980701032,3092953344
20,true,MP,"5. VND NNI->ECR->SPR (Inc)",100,true,56.0000,154.5948,2857092,30836249,115730544,5118654,505237184,3596269824
20,true,MP,"6. VND NNI->SPR (Inc)",1,true,65.0000,11.6059,2064677,0,0,9466962,47654040,39407224
20,true,MP,"6. VND NNI->SPR (Inc)",2,true,62.0000,12.0229,1751040,0,0,10231416,50554632,72961656
20,true,MP,"6. VND NNI->SPR (Inc)",3,true,55.0000,10.7955,2347083,0,0,8408861,45156224,140070520
20,true,MP,"6. VND NNI->SPR (Inc)",4,true,51.0000,8.8479,2038346,0,0,6768712,37122424,173624952
20,true,MP,"6. VND NNI->SPR (Inc)",5,true,58.0000,10.1160,3207519,0,0,6869123,41769104,207179384
20,true,MP,"6. VND NNI->SPR (Inc)",6,true,75.0000,11.9989,1726102,0,0,10231747,51183544,274288248
20,true,MP,"6. VND NNI->SPR (Inc)",7,true,66.0000,12.8328,3406207,0,0,9388673,53589176,307842680
20,true,MP,"6. VND NNI->SPR (Inc)",8,true,57.0000,9.0615,3889836,0,0,5132360,37024112,341397112
20,true,MP,"6. VND NNI->SPR (Inc)",9,true,64.0000,11.5626,2212978,0,0,9311366,49429440,408505976
20,true,MP,"6. VND NNI->SPR (Inc)",10,true,55.0000,11.8499,2446503,0,0,9366401,50349784,442060408
20,true,MP,"6. VND NNI->SPR (Inc)",11,true,70.0000,12.1423,3446363,0,0,8657464,48920776,509169272
20,true,MP,"6. VND NNI->SPR (Inc)",12,true,90.0000,13.0043,3207540,0,0,9755832,52080848,542723704
20,true,MP,"6. VND NNI->SPR (Inc)",13,true,56.0000,12.8521,2559938,0,0,10253769,53047680,609832568
20,true,MP,"6. VND NNI->SPR (Inc)",14,true,74.0000,12.8315,5101190,0,0,7692027,50839384,643387000
20,true,MP,"6. VND NNI->SPR (Inc)",15,true,76.0000,12.2168,3474447,0,0,8702569,49692680,710495864
20,true,MP,"6. VND NNI->SPR (Inc)",16,true,49.0000,9.5285,2720574,0,0,6768251,40160120,744050296
20,true,MP,"6. VND NNI->SPR (Inc)",17,true,67.0000,12.4310,2970709,0,0,9413010,52043616,811159160
20,true,MP,"6. VND NNI->SPR (Inc)",18,true,53.0000,9.5857,2750369,0,0,6796484,40019072,844713592
20,true,MP,"6. VND NNI->SPR (Inc)",19,true,61.0000,12.1051,3356353,0,0,8709052,48456480,878268024
20,true,MP,"6. VND NNI->SPR (Inc)",20,true,61.0000,10.9008,3037917,0,0,7824349,44128648,945376888
20,true,MP,"6. VND NNI->SPR (Inc)",21,true,71.0000,11.1571,3299945,0,0,7819310,45485328,978931320
20,true,MP,"6. VND NNI->SPR (Inc)",22,true,75.0000,13.5378,2292369,0,0,11206330,56163616,1046040184
20,true,MP,"6. VND NNI->SPR (Inc)",23,true,57.0000,11.4387,2876470,0,0,8519681,47297184,1079594616
20,true,MP,"6. VND NNI->SPR (Inc)",24,true,47.0000,11.5980,4831148,0,0,6728635,47279296,1113149048
20,true,MP,"6. VND NNI->SPR (Inc)",25,true,45.0000,9.2847,3303993,0,0,5942090,37851368,1180257912
20,true,MP,"6. VND NNI->SPR (Inc)",26,true,52.0000,9.9559,3845773,0,0,6071585,39632136,1213812344
20,true,MP,"6. VND NNI->SPR (Inc)",27,true,57.0000,12.9572,5158089,0,0,7760617,51474352,1247366776
20,true,MP,"6. VND NNI->SPR (Inc)",28,true,58.0000,12.8718,5146977,0,0,7684182,50170744,1314475640
20,true,MP,"6. VND NNI->SPR (Inc)",29,true,70.0000,11.5443,1848696,0,0,9655671,47231784,1348030072
20,true,MP,"6. VND NNI->SPR (Inc)",30,true,89.0000,14.2110,2810184,0,0,11361044,57903176,1415138936
20,true,MP,"6. VND NNI->SPR (Inc)",31,true,59.0000,10.1233,4052045,0,0,6032121,40964456,1448693368
20,true,MP,"6. VND NNI->SPR (Inc)",32,true,59.0000,10.2513,3374387,0,0,6836971,40803704,1482247800
20,true,MP,"6. VND NNI->SPR (Inc)",33,true,56.0000,11.7452,2367882,0,0,9336164,49465056,1549356664
20,true,MP,"6. VND NNI->SPR (Inc)",34,true,79.0000,12.5709,3836105,0,0,8695927,50094400,1582911096
20,true,MP,"6. VND NNI->SPR (Inc)",35,true,71.0000,12.2426,1778562,0,0,10424373,51296496,1650019960
20,true,MP,"6. VND NNI->SPR (Inc)",36,true,76.0000,11.5040,990995,0,0,10473317,48334208,1683574392
20,true,MP,"6. VND NNI->SPR (Inc)",37,true,56.0000,9.8885,2039990,0,0,7810322,40940048,1750683256
20,true,MP,"6. VND NNI->SPR (Inc)",38,true,77.0000,11.8170,3769898,0,0,8006215,46760312,1784237688
20,true,MP,"6. VND NNI->SPR (Inc)",39,true,68.0000,13.0174,2587611,0,0,10389047,53960480,1851346552
20,true,MP,"6. VND NNI->SPR (Inc)",40,true,83.0000,13.5626,2026833,0,0,11495359,55706560,1884900984
20,true,MP,"6. VND NNI->SPR (Inc)",41,true,66.0000,10.1836,1526583,0,0,8618239,42945432,1952009848
20,true,MP,"6. VND NNI->SPR (Inc)",42,true,62.0000,11.5703,1269444,0,0,10260211,49672568,1985564280
20,true,MP,"6. VND NNI->SPR (Inc)",43,true,63.0000,12.7089,2303520,0,0,10366783,52419496,2052673144
20,true,MP,"6. VND NNI->SPR (Inc)",44,true,71.0000,11.7990,2031593,0,0,9726516,47993840,2086227576
20,true,MP,"6. VND NNI->SPR (Inc)",45,true,69.0000,11.7337,2900635,0,0,8786128,47316208,2119782008
20,true,MP,"6. VND NNI->SPR (Inc)",46,true,51.0000,9.8462,2097068,0,0,7708609,40879456,2186890872
20,true,MP,"6. VND NNI->SPR (Inc)",47,true,50.0000,9.4015,3298503,0,0,6062268,38205856,2220445304
20,true,MP,"6. VND NNI->SPR (Inc)",48,true,72.0000,11.1876,2576009,0,0,8569696,46911048,2253999736
20,true,MP,"6. VND NNI->SPR (Inc)",49,true,52.0000,8.1251,2020913,0,0,6064472,33798480,2287554168
20,true,MP,"6. VND NNI->SPR (Inc)",50,true,56.0000,10.6541,4661604,0,0,5948832,41914896,2321108600
20,true,MP,"6. VND NNI->SPR (Inc)",51,true,67.0000,11.4840,2556381,0,0,8890026,45726344,2388217464
20,true,MP,"6. VND NNI->SPR (Inc)",52,true,55.0000,10.5903,2813891,0,0,7737434,43738912,2421771896
20,true,MP,"6. VND NNI->SPR (Inc)",53,true,65.0000,11.4330,6134716,0,0,5258981,43959728,2455326328
20,true,MP,"6. VND NNI->SPR (Inc)",54,true,80.0000,12.8713,3350761,0,0,9481791,51779744,2522435192
20,true,MP,"6. VND NNI->SPR (Inc)",55,true,48.0000,11.7157,2359286,0,0,9316967,49002808,2555989624
20,true,MP,"6. VND NNI->SPR (Inc)",56,true,71.0000,11.2836,3368776,0,0,7874104,45488120,2623098488
20,true,MP,"6. VND NNI->SPR (Inc)",57,true,60.0000,11.2081,3489206,0,0,7676608,46492448,2656652920
20,true,MP,"6. VND NNI->SPR (Inc)",58,true,62.0000,11.5618,6462178,0,0,5059582,44978456,2690207352
20,true,MP,"6. VND NNI->SPR (Inc)",59,true,71.0000,12.2934,2570848,0,0,9682342,49752288,2757316216
20,true,MP,"6. VND NNI->SPR (Inc)",60,true,53.0000,9.9664,1304299,0,0,8623779,41959560,2790870648
20,true,MP,"6. VND NNI->SPR (Inc)",61,true,67.0000,11.6093,2007959,0,0,9560139,48265264,2857979512
20,true,MP,"6. VND NNI->SPR (Inc)",62,true,61.0000,11.4544,4380629,0,0,7034347,45570232,2891533944
20,true,MP,"6. VND NNI->SPR (Inc)",63,true,66.0000,13.3789,3867866,0,0,9471521,53439992,2958642808
20,true,MP,"6. VND NNI->SPR (Inc)",64,true,64.0000,10.3615,1547924,0,0,8766000,42472344,2992197240
20,true,MP,"6. VND NNI->SPR (Inc)",65,true,62.0000,10.4690,3432607,0,0,6993850,41079608,3025751672
20,true,MP,"6. VND NNI->SPR (Inc)",66,true,67.0000,12.0561,2387880,0,0,9625374,48938632,3092860536
20,true,MP,"6. VND NNI->SPR (Inc)",67,true,58.0000,10.1212,2306727,0,0,7772289,41966144,3126414968
20,true,MP,"6. VND NNI->SPR (Inc)",68,true,56.0000,10.2790,2350480,0,0,7885826,42000032,3159969400
20,true,MP,"6. VND NNI->SPR (Inc)",69,true,65.0000,13.7110,2520612,0,0,11147458,57050888,3227078264
20,true,MP,"6. VND NNI->SPR (Inc)",70,true,51.0000,9.7824,2859057,0,0,6881195,39949064,3260632696
20,true,MP,"6. VND NNI->SPR (Inc)",71,true,48.0000,9.6775,2043776,0,0,7593349,41045840,3294187128
20,true,MP,"6. VND NNI->SPR (Inc)",72,true,71.0000,11.2691,3266602,0,0,7963674,44983632,3361295992
20,true,MP,"6. VND NNI->SPR (Inc)",73,true,59.0000,12.1542,1789233,0,0,10323631,50156312,3394850424
20,true,MP,"6. VND NNI->SPR (Inc)",74,true,79.0000,12.6515,1523568,0,0,11084308,54219456,3461959288
20,true,MP,"6. VND NNI->SPR (Inc)",75,true,55.0000,10.1797,1510012,0,0,8631173,43091872,3495513720
20,true,MP,"6. VND NNI->SPR (Inc)",76,true,38.0000,8.7883,2063985,0,0,6681666,37331832,3529068152
20,true,MP,"6. VND NNI->SPR (Inc)",77,true,55.0000,11.4046,3748428,0,0,7614731,47300760,3562622584
20,true,MP,"6. VND NNI->SPR (Inc)",78,true,63.0000,11.9334,2516055,0,0,9377121,49579392,3629731448
20,true,MP,"6. VND NNI->SPR (Inc)",79,true,58.0000,12.8126,9350119,0,0,3420615,48123184,3663285880
20,true,MP,"6. VND NNI->SPR (Inc)",80,true,73.0000,13.7933,1738165,0,0,12013144,57892888,3730394744
20,true,MP,"6. VND NNI->SPR (Inc)",81,true,65.0000,12.5845,2178482,0,0,10366212,52908344,3797503608
20,true,MP,"6. VND NNI->SPR (Inc)",82,true,76.0000,13.3787,2971872,0,0,10367184,55137240,3831058040
20,true,MP,"6. VND NNI->SPR (Inc)",83,true,60.0000,10.9457,729617,0,0,10175930,47089512,3898166904
20,true,MP,"6. VND NNI->SPR (Inc)",84,true,58.0000,11.6967,4798225,0,0,6857861,46336392,3931721336
20,true,MP,"6. VND NNI->SPR (Inc)",85,true,67.0000,12.3933,2197078,0,0,10148318,53066192,3998830200
20,true,MP,"6. VND NNI->SPR (Inc)",86,true,57.0000,9.8915,3032106,0,0,6818106,40520896,4032384632
20,true,MP,"6. VND NNI->SPR (Inc)",87,true,68.0000,12.1774,3704906,0,0,8433187,49944280,4065939064
20,true,MP,"6. VND NNI->SPR (Inc)",88,true,60.0000,12.3214,1256058,0,0,11025707,53192048,4133047928
20,true,MP,"6. VND NNI->SPR (Inc)",89,true,51.0000,9.0553,3008842,0,0,6003396,36563224,4166602360
20,true,MP,"6. VND NNI->SPR (Inc)",90,true,75.0000,11.1496,3227578,0,0,7880887,44692080,4200156792
20,true,MP,"6. VND NNI->SPR (Inc)",91,true,62.0000,11.9238,4265732,0,0,7616393,47703112,4267265656
20,true,MP,"6. VND NNI->SPR (Inc)",92,true,65.0000,10.1604,3200156,0,0,6918467,41604304,4300820088
20,true,MP,"6. VND NNI->SPR (Inc)",93,true,78.0000,11.0864,2460129,0,0,8584685,45524632,4334374520
20,true,MP,"6. VND NNI->SPR (Inc)",94,true,60.0000,12.2002,3524933,0,0,8629620,49532376,4401483384
20,true,MP,"6. VND NNI->SPR (Inc)",95,true,57.0000,11.2187,5217170,0,0,5960594,44730448,4435037816
20,true,MP,"6. VND NNI->SPR (Inc)",96,true,43.0000,10.1141,4009063,0,0,6064112,40794584,4468592248
20,true,MP,"6. VND NNI->SPR (Inc)",97,true,50.0000,12.1757,4584106,0,0,7551009,49519976,4535701112
20,true,MP,"6. VND NNI->SPR (Inc)",98,true,74.0000,13.3145,2975719,0,0,10299386,54380520,4602809976
20,true,MP,"6. VND NNI->SPR (Inc)",99,true,69.0000,13.0594,3688053,0,0,9331184,54256344,4636364408
20,true,MP,"6. VND NNI->SPR (Inc)",100,true,57.0000,9.9202,2223067,0,0,7657061,41566256,4669918840
