Size,IsRooted,Metric,Variant,PairIndex,Success,Distance,TotalTimeMs,NniTimeNs,Ecr2TimeNs,Ecr3TimeNs,SprTimeNs,AllocBytes,PeakRamBytes
10,false,RF,"1. NNI (Classic)",1,false,Infinity,0.8786,0,0,0,0,162680,2976488
10,false,RF,"1. NNI (Classic)",2,false,Infinity,0.3096,0,0,0,0,156128,2976488
10,false,RF,"1. NNI (Classic)",3,false,Infinity,0.6136,0,0,0,0,349512,2976488
10,false,RF,"1. NNI (Classic)",4,false,Infinity,0.2221,0,0,0,0,257752,2976488
10,false,RF,"1. NNI (Classic)",5,true,5.0000,0.3582,0,0,0,0,562576,2976488
10,false,RF,"1. NNI (Classic)",6,false,Infinity,0.1489,0,0,0,0,257816,2976488
10,false,RF,"1. NNI (Classic)",7,false,Infinity,0.0893,0,0,0,0,148512,2976488
10,false,RF,"1. NNI (Classic)",8,false,Infinity,0.2113,0,0,0,0,349480,2976488
10,false,RF,"1. NNI (Classic)",9,false,Infinity,0.2196,0,0,0,0,361096,2976488
10,false,RF,"1. NNI (Classic)",10,false,Infinity,0.0965,0,0,0,0,156128,2976488
10,false,RF,"1. NNI (Classic)",11,false,Infinity,0.0865,0,0,0,0,156128,2976488
10,false,RF,"1. NNI (Classic)",12,false,Infinity,0.0942,0,0,0,0,156128,2976488
10,false,RF,"1. NNI (Classic)",13,false,Infinity,0.0787,0,0,0,0,148512,2976488
10,false,RF,"1. NNI (Classic)",14,false,Infinity,0.1552,0,0,0,0,250000,2976488
10,false,RF,"1. NNI (Classic)",15,false,Infinity,0.1322,0,0,0,0,257752,2976488
10,false,RF,"1. NNI (Classic)",16,false,Infinity,0.0861,0,0,0,0,156128,2976488
10,false,RF,"1. NNI (Classic)",17,false,Infinity,0.0928,0,0,0,0,156128,2976488
10,false,RF,"1. NNI (Classic)",18,false,Infinity,0.0832,0,0,0,0,156128,2976488
10,false,RF,"1. NNI (Classic)",19,false,Infinity,0.0853,0,0,0,0,156128,2976488
10,false,RF,"1. NNI (Classic)",20,false,Infinity,0.1458,0,0,0,0,257752,2976488
10,false,RF,"1. NNI (Classic)",21,false,Infinity,0.1319,0,0,0,0,257816,2976488
10,false,RF,"1. NNI (Classic)",22,false,Infinity,0.2236,0,0,0,0,464640,2976488
10,false,RF,"1. NNI (Classic)",23,false,Infinity,0.0832,0,0,0,0,156128,2976488
10,false,RF,"1. NNI (Classic)",24,false,Infinity,0.1054,0,0,0,0,156128,2976488
10,false,RF,"1. NNI (Classic)",25,false,Infinity,0.0886,0,0,0,0,156128,2976488
10,false,RF,"1. NNI (Classic)",26,false,Infinity,0.0892,0,0,0,0,156128,2976488
10,false,RF,"1. NNI (Classic)",27,false,Infinity,0.0833,0,0,0,0,156128,2976488
10,false,RF,"1. NNI (Classic)",28,false,Infinity,0.0811,0,0,0,0,148512,2976488
10,false,RF,"1. NNI (Classic)",29,false,Infinity,0.2024,0,0,0,0,360968,2976488
10,false,RF,"1. NNI (Classic)",30,false,Infinity,0.1374,0,0,0,0,250064,2976488
10,false,RF,"1. NNI (Classic)",31,false,Infinity,0.1391,0,0,0,0,257824,2976488
10,false,RF,"1. NNI (Classic)",32,false,Infinity,0.1614,0,0,0,0,257816,2976488
10,false,RF,"1. NNI (Classic)",33,false,Infinity,0.1373,0,0,0,0,257688,2976488
10,false,RF,"1. NNI (Classic)",34,false,Infinity,0.0865,0,0,0,0,156128,2976488
10,false,RF,"1. NNI (Classic)",35,false,Infinity,0.0851,0,0,0,0,156128,2976488
10,false,RF,"1. NNI (Classic)",36,false,Infinity,0.1462,0,0,0,0,250064,2976488
10,false,RF,"1. NNI (Classic)",37,false,Infinity,0.0899,0,0,0,0,156128,2976488
10,false,RF,"1. NNI (Classic)",38,false,Infinity,0.1027,0,0,0,0,156128,2976488
10,false,RF,"1. NNI (Classic)",39,false,Infinity,0.0856,0,0,0,0,156128,2976488
10,false,RF,"1. NNI (Classic)",40,false,Infinity,0.0984,0,0,0,0,156128,2976488
10,false,RF,"1. NNI (Classic)",41,false,Infinity,0.1913,0,0,0,0,357360,2976488
10,false,RF,"1. NNI (Classic)",42,false,Infinity,0.1060,0,0,0,0,156128,2976488
10,false,RF,"1. NNI (Classic)",43,false,Infinity,0.0851,0,0,0,0,156128,2976488
10,false,RF,"1. NNI (Classic)",44,false,Infinity,0.0916,0,0,0,0,156128,2976488
10,false,RF,"1. NNI (Classic)",45,false,Infinity,0.1337,0,0,0,0,257752,2976488
10,false,RF,"1. NNI (Classic)",46,false,Infinity,0.0832,0,0,0,0,140760,2976488
10,false,RF,"1. NNI (Classic)",47,false,Infinity,0.0822,0,0,0,0,156128,2976488
10,false,RF,"1. NNI (Classic)",48,false,Infinity,0.0870,0,0,0,0,156128,2976488
10,false,RF,"1. NNI (Classic)",49,false,Infinity,0.1486,0,0,0,0,250000,2976488
10,false,RF,"1. NNI (Classic)",50,false,Infinity,0.0821,0,0,0,0,156128,2976488
10,false,RF,"1. NNI (Classic)",51,false,Infinity,0.1589,0,0,0,0,257752,2976488
10,false,RF,"1. NNI (Classic)",52,false,Infinity,0.0872,0,0,0,0,148512,2976488
10,false,RF,"1. NNI (Classic)",53,false,Infinity,0.0962,0,0,0,0,156128,2976488
10,false,RF,"1. NNI (Classic)",54,false,Infinity,0.0782,0,0,0,0,148512,2976488
10,false,RF,"1. NNI (Classic)",55,false,Infinity,0.0767,0,0,0,0,148512,2976488
10,false,RF,"1. NNI (Classic)",56,false,Infinity,0.0886,0,0,0,0,156128,2976488
10,false,RF,"1. NNI (Classic)",57,false,Infinity,0.0978,0,0,0,0,156128,2976488
10,false,RF,"1. NNI (Classic)",58,false,Infinity,0.1402,0,0,0,0,257752,2976488
10,false,RF,"1. NNI (Classic)",59,false,Infinity,0.1338,0,0,0,0,257888,2976488
10,false,RF,"1. NNI (Classic)",60,false,Infinity,0.0955,0,0,0,0,156128,2976488
10,false,RF,"1. NNI (Classic)",61,false,Infinity,0.0740,0,0,0,0,156128,2976488
10,false,RF,"1. NNI (Classic)",62,true,6.0000,0.3252,0,0,0,0,666128,2976488
10,false,RF,"1. NNI (Classic)",63,false,Infinity,0.0709,0,0,0,0,148512,2976488
10,false,RF,"1. NNI (Classic)",64,false,Infinity,0.1971,0,0,0,0,460960,2976488
10,false,RF,"1. NNI (Classic)",65,false,Infinity,0.0844,0,0,0,0,156128,2976488
10,false,RF,"1. NNI (Classic)",66,false,Infinity,0.1292,0,0,0,0,257816,2976488
10,false,RF,"1. NNI (Classic)",67,false,Infinity,0.0898,0,0,0,0,148512,2976488
10,false,RF,"1. NNI (Classic)",68,false,Infinity,0.1233,0,0,0,0,257888,2976488
10,false,RF,"1. NNI (Classic)",69,false,Infinity,0.0961,0,0,0,0,156128,2976488
10,false,RF,"1. NNI (Classic)",70,false,Infinity,0.0698,0,0,0,0,156128,2976488
10,false,RF,"1. NNI (Classic)",71,false,Infinity,0.1300,0,0,0,0,250064,2976488
10,false,RF,"1. NNI (Classic)",72,false,Infinity,0.0810,0,0,0,0,156128,2976488
10,false,RF,"1. NNI (Classic)",73,false,Infinity,0.0772,0,0,0,0,156128,2976488
10,false,RF,"1. NNI (Classic)",74,false,Infinity,0.2053,0,0,0,0,464640,2976488
10,false,RF,"1. NNI (Classic)",75,false,Infinity,0.1098,0,0,0,0,250136,2976488
10,false,RF,"1. NNI (Classic)",76,false,Infinity,0.0695,0,0,0,0,148512,2976488
10,false,RF,"1. NNI (Classic)",77,false,Infinity,0.1375,0,0,0,0,257752,2976488
10,false,RF,"1. NNI (Classic)",78,false,Infinity,0.0771,0,0,0,0,156128,2976488
10,false,RF,"1. NNI (Classic)",79,false,Infinity,0.0810,0,0,0,0,156128,2976488
10,false,RF,"1. NNI (Classic)",80,false,Infinity,0.1491,0,0,0,0,341928,2976488
10,false,RF,"1. NNI (Classic)",81,false,Infinity,0.0759,0,0,0,0,156128,2976488
10,false,RF,"1. NNI (Classic)",82,false,Infinity,0.1537,0,0,0,0,250064,2976488
10,false,RF,"1. NNI (Classic)",83,false,Infinity,0.0922,0,0,0,0,156128,2976488
10,false,RF,"1. NNI (Classic)",84,false,Infinity,0.1142,0,0,0,0,250064,2976488
10,false,RF,"1. NNI (Classic)",85,false,Infinity,0.1082,0,0,0,0,257888,2976488
10,false,RF,"1. NNI (Classic)",86,false,Infinity,0.0776,0,0,0,0,156128,2976488
10,false,RF,"1. NNI (Classic)",87,false,Infinity,0.1935,0,0,0,0,464776,2976488
10,false,RF,"1. NNI (Classic)",88,false,Infinity,0.1096,0,0,0,0,250064,2976488
10,false,RF,"1. NNI (Classic)",89,false,Infinity,0.1054,0,0,0,0,257752,2976488
10,false,RF,"1. NNI (Classic)",90,false,Infinity,0.0897,0,0,0,0,156128,2976488
10,false,RF,"1. NNI (Classic)",91,false,Infinity,0.1117,0,0,0,0,250064,2976488
10,false,RF,"1. NNI (Classic)",92,false,Infinity,0.0736,0,0,0,0,156128,2976488
10,false,RF,"1. NNI (Classic)",93,false,Infinity,0.0874,0,0,0,0,156128,2976488
10,false,RF,"1. NNI (Classic)",94,false,Infinity,0.1228,0,0,0,0,249936,2976488
10,false,RF,"1. NNI (Classic)",95,false,Infinity,0.0721,0,0,0,0,156128,2976488
10,false,RF,"1. NNI (Classic)",96,false,Infinity,0.0674,0,0,0,0,156128,2976488
10,false,RF,"1. NNI (Classic)",97,false,Infinity,0.2425,0,0,0,0,564248,2976488
10,false,RF,"1. NNI (Classic)",98,false,Infinity,0.0991,0,0,0,0,257888,2976488
10,false,RF,"1. NNI (Classic)",99,false,Infinity,0.0658,0,0,0,0,156128,2976488
10,false,RF,"1. NNI (Classic)",100,false,Infinity,0.1163,0,0,0,0,257752,2976488
10,false,RF,"2. NNI (Incremental)",1,false,Infinity,0.1219,0,0,0,0,7968,2982024
10,false,RF,"2. NNI (Incremental)",2,false,Infinity,0.0495,0,0,0,0,8064,2982024
10,false,RF,"2. NNI (Incremental)",3,false,Infinity,0.1012,0,0,0,0,13088,2982024
10,false,RF,"2. NNI (Incremental)",4,false,Infinity,0.0722,0,0,0,0,10032,2982024
10,false,RF,"2. NNI (Incremental)",5,true,5.0000,0.1376,0,0,0,0,17904,2982024
10,false,RF,"2. NNI (Incremental)",6,false,Infinity,0.0492,0,0,0,0,10032,2982024
10,false,RF,"2. NNI (Incremental)",7,false,Infinity,0.0357,0,0,0,0,7952,2982024
10,false,RF,"2. NNI (Incremental)",8,false,Infinity,0.0591,0,0,0,0,13680,2982024
10,false,RF,"2. NNI (Incremental)",9,false,Infinity,0.0567,0,0,0,0,13400,2982024
10,false,RF,"2. NNI (Incremental)",10,false,Infinity,0.0324,0,0,0,0,7952,2982024
10,false,RF,"2. NNI (Incremental)",11,false,Infinity,0.0368,0,0,0,0,7392,2982024
10,false,RF,"2. NNI (Incremental)",12,false,Infinity,0.0245,0,0,0,0,8120,2982024
10,false,RF,"2. NNI (Incremental)",13,false,Infinity,0.0322,0,0,0,0,8456,2982024
10,false,RF,"2. NNI (Incremental)",14,false,Infinity,0.0479,0,0,0,0,10424,2982024
10,false,RF,"2. NNI (Incremental)",15,false,Infinity,0.0494,0,0,0,0,9192,2982024
10,false,RF,"2. NNI (Incremental)",16,false,Infinity,0.0288,0,0,0,0,8008,2982024
10,false,RF,"2. NNI (Incremental)",17,false,Infinity,0.0349,0,0,0,0,8568,2982024
10,false,RF,"2. NNI (Incremental)",18,false,Infinity,0.0381,0,0,0,0,7952,2982024
10,false,RF,"2. NNI (Incremental)",19,false,Infinity,0.0371,0,0,0,0,8512,2982024
10,false,RF,"2. NNI (Incremental)",20,false,Infinity,0.0499,0,0,0,0,9080,2982024
10,false,RF,"2. NNI (Incremental)",21,false,Infinity,0.0472,0,0,0,0,10816,2982024
10,false,RF,"2. NNI (Incremental)",22,false,Infinity,0.0722,0,0,0,0,16656,2982024
10,false,RF,"2. NNI (Incremental)",23,false,Infinity,0.0352,0,0,0,0,8120,2982024
10,false,RF,"2. NNI (Incremental)",24,false,Infinity,0.0264,0,0,0,0,8120,2982024
10,false,RF,"2. NNI (Incremental)",25,false,Infinity,0.0362,0,0,0,0,7224,2982024
10,false,RF,"2. NNI (Incremental)",26,false,Infinity,0.0427,0,0,0,0,8064,2982024
10,false,RF,"2. NNI (Incremental)",27,false,Infinity,0.0414,0,0,0,0,8568,2982024
10,false,RF,"2. NNI (Incremental)",28,false,Infinity,0.0376,0,0,0,0,7952,2982024
10,false,RF,"2. NNI (Incremental)",29,false,Infinity,0.0511,0,0,0,0,13960,2982024
10,false,RF,"2. NNI (Incremental)",30,false,Infinity,0.0429,0,0,0,0,11320,2982024
10,false,RF,"2. NNI (Incremental)",31,false,Infinity,0.0461,0,0,0,0,10928,2982024
10,false,RF,"2. NNI (Incremental)",32,false,Infinity,0.0446,0,0,0,0,10200,2982024
10,false,RF,"2. NNI (Incremental)",33,false,Infinity,0.0347,0,0,0,0,10704,2982024
10,false,RF,"2. NNI (Incremental)",34,false,Infinity,0.0347,0,0,0,0,8848,2982024
10,false,RF,"2. NNI (Incremental)",35,false,Infinity,0.0257,0,0,0,0,8288,2982024
10,false,RF,"2. NNI (Incremental)",36,false,Infinity,0.0454,0,0,0,0,9080,2982024
10,false,RF,"2. NNI (Incremental)",37,false,Infinity,0.0319,0,0,0,0,7672,2982024
10,false,RF,"2. NNI (Incremental)",38,false,Infinity,0.0330,0,0,0,0,8680,2982024
10,false,RF,"2. NNI (Incremental)",39,false,Infinity,0.0296,0,0,0,0,7280,2982024
10,false,RF,"2. NNI (Incremental)",40,false,Infinity,0.0341,0,0,0,0,7672,2982024
10,false,RF,"2. NNI (Incremental)",41,false,Infinity,0.0567,0,0,0,0,11048,2982024
10,false,RF,"2. NNI (Incremental)",42,false,Infinity,0.0269,0,0,0,0,8176,2982024
10,false,RF,"2. NNI (Incremental)",43,false,Infinity,0.0331,0,0,0,0,7448,2982024
10,false,RF,"2. NNI (Incremental)",44,false,Infinity,0.0381,0,0,0,0,7448,2982024
10,false,RF,"2. NNI (Incremental)",45,false,Infinity,0.0416,0,0,0,0,11544,2982024
10,false,RF,"2. NNI (Incremental)",46,false,Infinity,0.0254,0,0,0,0,7336,2982024
10,false,RF,"2. NNI (Incremental)",47,false,Infinity,0.0319,0,0,0,0,8344,2982024
10,false,RF,"2. NNI (Incremental)",48,false,Infinity,0.0368,0,0,0,0,8008,2982024
10,false,RF,"2. NNI (Incremental)",49,false,Infinity,0.0409,0,0,0,0,10032,2982024
10,false,RF,"2. NNI (Incremental)",50,false,Infinity,0.0314,0,0,0,0,8064,2982024
10,false,RF,"2. NNI (Incremental)",51,false,Infinity,0.0390,0,0,0,0,11096,2982024
10,false,RF,"2. NNI (Incremental)",52,false,Infinity,0.0319,0,0,0,0,7616,2982024
10,false,RF,"2. NNI (Incremental)",53,false,Infinity,0.0394,0,0,0,0,7896,2982024
10,false,RF,"2. NNI (Incremental)",54,false,Infinity,0.0304,0,0,0,0,7224,2982024
10,false,RF,"2. NNI (Incremental)",55,false,Infinity,0.0386,0,0,0,0,8120,2982024
10,false,RF,"2. NNI (Incremental)",56,false,Infinity,0.0279,0,0,0,0,7336,2982024
10,false,RF,"2. NNI (Incremental)",57,false,Infinity,0.0281,0,0,0,0,8288,2982024
10,false,RF,"2. NNI (Incremental)",58,false,Infinity,0.0438,0,0,0,0,9080,2982024
10,false,RF,"2. NNI (Incremental)",59,false,Infinity,0.0469,0,0,0,0,10088,2982024
10,false,RF,"2. NNI (Incremental)",60,false,Infinity,0.0348,0,0,0,0,7840,2982024
10,false,RF,"2. NNI (Incremental)",61,false,Infinity,0.0331,0,0,0,0,8456,2982024
10,false,RF,"2. NNI (Incremental)",62,true,6.0000,0.0844,0,0,0,0,20936,2982024
10,false,RF,"2. NNI (Incremental)",63,false,Infinity,0.0336,0,0,0,0,7392,2982024
10,false,RF,"2. NNI (Incremental)",64,false,Infinity,0.0630,0,0,0,0,14696,2982024
10,false,RF,"2. NNI (Incremental)",65,false,Infinity,0.0300,0,0,0,0,7224,2982024
10,false,RF,"2. NNI (Incremental)",66,false,Infinity,0.0407,0,0,0,0,10200,2982024
10,false,RF,"2. NNI (Incremental)",67,false,Infinity,0.0317,0,0,0,0,8008,2982024
10,false,RF,"2. NNI (Incremental)",68,false,Infinity,0.0424,0,0,0,0,10200,2982024
10,false,RF,"2. NNI (Incremental)",69,false,Infinity,0.0279,0,0,0,0,8120,2982024
10,false,RF,"2. NNI (Incremental)",70,false,Infinity,0.0284,0,0,0,0,7336,2982024
10,false,RF,"2. NNI (Incremental)",71,false,Infinity,0.0371,0,0,0,0,11096,2982024
10,false,RF,"2. NNI (Incremental)",72,false,Infinity,0.0309,0,0,0,0,8120,2982024
10,false,RF,"2. NNI (Incremental)",73,false,Infinity,0.0392,0,0,0,0,8232,2982024
10,false,RF,"2. NNI (Incremental)",74,false,Infinity,0.0704,0,0,0,0,15200,2982024
10,false,RF,"2. NNI (Incremental)",75,false,Infinity,0.0436,0,0,0,0,10816,2982024
10,false,RF,"2. NNI (Incremental)",76,false,Infinity,0.0350,0,0,0,0,7336,2982024
10,false,RF,"2. NNI (Incremental)",77,false,Infinity,0.0408,0,0,0,0,10648,2982024
10,false,RF,"2. NNI (Incremental)",78,false,Infinity,0.0329,0,0,0,0,7448,2982024
10,false,RF,"2. NNI (Incremental)",79,false,Infinity,0.0379,0,0,0,0,8288,2982024
10,false,RF,"2. NNI (Incremental)",80,false,Infinity,0.0571,0,0,0,0,12280,2982024
10,false,RF,"2. NNI (Incremental)",81,false,Infinity,0.0295,0,0,0,0,8176,2982024
10,false,RF,"2. NNI (Incremental)",82,false,Infinity,0.0317,0,0,0,0,9080,2982024
10,false,RF,"2. NNI (Incremental)",83,false,Infinity,0.0294,0,0,0,0,8512,2982024
10,false,RF,"2. NNI (Incremental)",84,false,Infinity,0.0393,0,0,0,0,9136,2982024
10,false,RF,"2. NNI (Incremental)",85,false,Infinity,0.0371,0,0,0,0,10704,2982024
10,false,RF,"2. NNI (Incremental)",86,false,Infinity,0.0330,0,0,0,0,8176,2982024
10,false,RF,"2. NNI (Incremental)",87,false,Infinity,0.0779,0,0,0,0,16712,2982024
10,false,RF,"2. NNI (Incremental)",88,false,Infinity,0.0361,0,0,0,0,9080,2982024
10,false,RF,"2. NNI (Incremental)",89,false,Infinity,0.0313,0,0,0,0,11600,2982024
10,false,RF,"2. NNI (Incremental)",90,false,Infinity,0.0281,0,0,0,0,8232,2982024
10,false,RF,"2. NNI (Incremental)",91,false,Infinity,0.0395,0,0,0,0,10200,2982024
10,false,RF,"2. NNI (Incremental)",92,false,Infinity,0.0307,0,0,0,0,8680,2982024
10,false,RF,"2. NNI (Incremental)",93,false,Infinity,0.0309,0,0,0,0,8288,2982024
10,false,RF,"2. NNI (Incremental)",94,false,Infinity,0.0405,0,0,0,0,10872,2982024
10,false,RF,"2. NNI (Incremental)",95,false,Infinity,0.0254,0,0,0,0,8344,2982024
10,false,RF,"2. NNI (Incremental)",96,false,Infinity,0.0273,0,0,0,0,8176,2982024
10,false,RF,"2. NNI (Incremental)",97,false,Infinity,0.0646,0,0,0,0,17672,2982024
10,false,RF,"2. NNI (Incremental)",98,false,Infinity,0.0358,0,0,0,0,10984,2982024
10,false,RF,"2. NNI (Incremental)",99,false,Infinity,0.0233,0,0,0,0,8456,2982024
10,false,RF,"2. NNI (Incremental)",100,false,Infinity,0.0407,0,0,0,0,11040,2982024
10,false,RF,"3. VND NNI->ECR->SPR (Classic)",1,true,5.0000,14.9451,141128,6893419,7821924,0,20891904,2989368
10,false,RF,"3. VND NNI->ECR->SPR (Classic)",2,true,13.0000,20.4475,90051,1922656,1766770,14546712,38818416,36543800
10,false,RF,"3. VND NNI->ECR->SPR (Classic)",3,true,6.0000,1.7520,174051,1555498,0,0,3542792,36543800
10,false,RF,"3. VND NNI->ECR->SPR (Classic)",4,true,15.0000,16.0082,126700,587117,1725532,13405632,36267104,70098232
10,false,RF,"3. VND NNI->ECR->SPR (Classic)",5,true,5.0000,0.2124,191765,0,0,0,561432,70098232
10,false,RF,"3. VND NNI->ECR->SPR (Classic)",6,true,8.0000,3.4112,167267,2033787,1182498,0,7746160,103652664
10,false,RF,"3. VND NNI->ECR->SPR (Classic)",7,true,11.0000,11.8087,46178,649825,17103,10925586,32132024,137207096
10,false,RF,"3. VND NNI->ECR->SPR (Classic)",8,true,6.0000,1.8452,153081,1670437,0,0,3792680,137207096
10,false,RF,"3. VND NNI->ECR->SPR (Classic)",9,true,6.0000,2.1387,160545,1963403,0,0,4484576,137207096
10,false,RF,"3. VND NNI->ECR->SPR (Classic)",10,true,7.0000,3.0407,47901,2978364,0,0,6434424,137207096
10,false,RF,"3. VND NNI->ECR->SPR (Classic)",11,true,11.0000,12.2752,116040,1332744,747351,9886219,29246232,170761528
10,false,RF,"3. VND NNI->ECR->SPR (Classic)",12,true,6.0000,12.9704,149004,518917,12255705,0,36325456,204315960
10,false,RF,"3. VND NNI->ECR->SPR (Classic)",13,true,5.0000,1.8991,43883,1832786,0,0,5547624,204315960
10,false,RF,"3. VND NNI->ECR->SPR (Classic)",14,true,4.0000,6.4479,154846,1182579,5081132,0,18855384,237870392
10,false,RF,"3. VND NNI->ECR->SPR (Classic)",15,true,7.0000,1.4049,121370,1260547,0,0,4226648,237870392
10,false,RF,"3. VND NNI->ECR->SPR (Classic)",16,true,10.0000,9.0955,85804,1784543,1132263,6005861,26975936,271424824
10,false,RF,"3. VND NNI->ECR->SPR (Classic)",17,true,9.0000,12.8460,117734,1427074,6975324,4199426,38135168,304979256
10,false,RF,"3. VND NNI->ECR->SPR (Classic)",18,true,6.0000,1.6368,46579,1571849,0,0,5191712,304979256
10,false,RF,"3. VND NNI->ECR->SPR (Classic)",19,true,13.0000,10.5907,81465,1533577,1260557,7682509,32750160,338533688
10,false,RF,"3. VND NNI->ECR->SPR (Classic)",20,true,7.0000,1.4123,120208,1272881,0,0,4459136,338533688
10,false,RF,"3. VND NNI->ECR->SPR (Classic)",21,true,9.0000,7.8107,149775,1248423,380533,5927522,24332744,372088120
10,false,RF,"3. VND NNI->ECR->SPR (Classic)",22,true,7.0000,1.0495,169061,866467,0,0,3406216,372088120
10,false,RF,"3. VND NNI->ECR->SPR (Classic)",23,true,7.0000,6.2086,85353,1607136,4495127,0,19118248,405642552
10,false,RF,"3. VND NNI->ECR->SPR (Classic)",24,true,7.0000,1.5692,44094,1510472,0,0,5201560,405642552
10,false,RF,"3. VND NNI->ECR->SPR (Classic)",25,true,10.0000,8.6662,120830,1398138,1193530,5871836,26887536,439196984
10,false,RF,"3. VND NNI->ECR->SPR (Classic)",26,true,7.0000,13.8340,151860,786986,12858281,0,41821760,472751416
10,false,RF,"3. VND NNI->ECR->SPR (Classic)",27,true,13.0000,8.4589,80323,1261609,1089672,5920568,26054936,506305848
10,false,RF,"3. VND NNI->ECR->SPR (Classic)",28,true,9.0000,8.0898,81394,1468904,779823,5721489,25153048,539860280
10,false,RF,"3. VND NNI->ECR->SPR (Classic)",29,true,7.0000,3.8615,183769,1434739,2218940,0,12042200,539860280
10,false,RF,"3. VND NNI->ECR->SPR (Classic)",30,true,5.0000,1.1290,110300,1005682,0,0,3582352,539860280
10,false,RF,"3. VND NNI->ECR->SPR (Classic)",31,true,8.0000,1.5488,117864,1413447,0,0,4968648,539860280
10,false,RF,"3. VND NNI->ECR->SPR (Classic)",32,true,2.0000,8.9084,159162,439165,8285936,0,27032208,573414712
10,false,RF,"3. VND NNI->ECR->SPR (Classic)",33,true,6.0000,6.8394,148512,1417155,5246376,0,21087752,606969144
10,false,RF,"3. VND NNI->ECR->SPR (Classic)",34,true,16.0000,12.2381,43402,346469,2040340,9727547,37592896,640523576
10,false,RF,"3. VND NNI->ECR->SPR (Classic)",35,true,9.0000,8.8584,84180,1935812,1097307,5707493,28081720,674078008
10,false,RF,"3. VND NNI->ECR->SPR (Classic)",36,true,5.0000,8.6435,204319,445627,7958884,0,25758712,707632440
10,false,RF,"3. VND NNI->ECR->SPR (Classic)",37,true,14.0000,12.7884,82767,1121032,12604,11487254,40438360,741186872
10,false,RF,"3. VND NNI->ECR->SPR (Classic)",38,true,11.0000,17.9614,82698,761458,7485915,9286609,54917888,774741304
10,false,RF,"3. VND NNI->ECR->SPR (Classic)",39,true,15.0000,13.0498,46067,400913,1081597,11436447,40787128,841850168
10,false,RF,"3. VND NNI->ECR->SPR (Classic)",40,true,11.0000,10.0101,43623,386034,11552,9499815,32058104,875404600
10,false,RF,"3. VND NNI->ECR->SPR (Classic)",41,true,6.0000,1.1340,160014,960025,0,0,3681816,875404600
10,false,RF,"3. VND NNI->ECR->SPR (Classic)",42,true,6.0000,1.9185,43563,1862291,0,0,6310912,875404600
10,false,RF,"3. VND NNI->ECR->SPR (Classic)",43,true,6.0000,2.1363,44424,2079805,0,0,6829720,875404600
10,false,RF,"3. VND NNI->ECR->SPR (Classic)",44,true,15.0000,13.2325,43243,374994,1386015,11363469,41910136,908959032
10,false,RF,"3. VND NNI->ECR->SPR (Classic)",45,true,6.0000,1.3034,116901,1169133,0,0,4352104,908959032
10,false,RF,"3. VND NNI->ECR->SPR (Classic)",46,true,2.0000,4.0364,45496,343543,3633128,0,12770400,942513464
10,false,RF,"3. VND NNI->ECR->SPR (Classic)",47,true,17.0000,12.3453,43863,394590,2337685,9534330,38849688,976067896
10,false,RF,"3. VND NNI->ECR->SPR (Classic)",48,true,5.0000,11.7832,128614,1821273,9809543,0,37372952,1009622328
10,false,RF,"3. VND NNI->ECR->SPR (Classic)",49,true,9.0000,7.4396,143754,1205021,361667,5704728,24075152,1043176760
10,false,RF,"3. VND NNI->ECR->SPR (Classic)",50,true,15.0000,11.0138,85181,1086306,366698,9421565,35439864,1076731192
10,false,RF,"3. VND NNI->ECR->SPR (Classic)",51,true,13.0000,9.8463,153172,991596,1172860,7488169,31749896,1110285624
10,false,RF,"3. VND NNI->ECR->SPR (Classic)",52,true,7.0000,4.2520,77698,1280746,2876971,0,13851416,1110285624
10,false,RF,"3. VND NNI->ECR->SPR (Classic)",53,true,13.0000,8.9180,78570,1198809,9789,7609049,29007624,1143840056
10,false,RF,"3. VND NNI->ECR->SPR (Classic)",54,true,11.0000,16.8183,80362,837943,8416464,7426913,53311448,1210948920
10,false,RF,"3. VND NNI->ECR->SPR (Classic)",55,true,6.0000,1.2631,42972,1208869,0,0,4337936,1210948920
10,false,RF,"3. VND NNI->ECR->SPR (Classic)",56,true,14.0000,10.4677,81585,948544,1800634,7594231,33478656,1244503352
10,false,RF,"3. VND NNI->ECR->SPR (Classic)",57,true,10.0000,8.3109,88279,1523397,1181847,5478267,27260360,1278057784
10,false,RF,"3. VND NNI->ECR->SPR (Classic)",58,true,8.0000,1.7640,114719,1634198,0,0,5851552,1278057784
10,false,RF,"3. VND NNI->ECR->SPR (Classic)",59,true,4.0000,6.8492,190512,396915,6241479,0,22791304,1278057784
10,false,RF,"3. VND NNI->ECR->SPR (Classic)",60,true,14.0000,12.1889,42982,366287,446650,11289558,39681400,1345166648
10,false,RF,"3. VND NNI->ECR->SPR (Classic)",61,true,5.0000,9.1474,79721,1065977,7980576,0,29081464,1378721080
10,false,RF,"3. VND NNI->ECR->SPR (Classic)",62,true,6.0000,0.2163,207534,0,0,0,663992,1378721080
10,false,RF,"3. VND NNI->ECR->SPR (Classic)",63,true,12.0000,12.3576,41559,315160,797426,11159751,40142880,1412275512
10,false,RF,"3. VND NNI->ECR->SPR (Classic)",64,true,6.0000,0.8037,165345,626521,0,0,2794352,1412275512
10,false,RF,"3. VND NNI->ECR->SPR (Classic)",65,true,5.0000,5.4474,81345,1420311,3932047,0,17716256,1412275512
10,false,RF,"3. VND NNI->ECR->SPR (Classic)",66,true,7.0000,1.6677,112023,1544497,0,0,5839632,1445829944
10,false,RF,"3. VND NNI->ECR->SPR (Classic)",67,true,11.0000,10.4528,40076,334395,838775,9221365,34152192,1479384376
10,false,RF,"3. VND NNI->ECR->SPR (Classic)",68,true,5.0000,2.5314,146088,1664896,705792,0,8784584,1479384376
10,false,RF,"3. VND NNI->ECR->SPR (Classic)",69,true,16.0000,11.6948,43162,360034,10210,11211189,37822624,1512938808
10,false,RF,"3. VND NNI->ECR->SPR (Classic)",70,true,13.0000,12.2198,84522,1150618,3637256,7303458,38200664,1546493240
10,false,RF,"3. VND NNI->ECR->SPR (Classic)",71,true,9.0000,7.0728,141519,899932,378049,5617021,23250488,1580047672
10,false,RF,"3. VND NNI->ECR->SPR (Classic)",72,true,14.0000,9.8810,43543,404599,11191,9375619,32157728,1613602104
10,false,RF,"3. VND NNI->ECR->SPR (Classic)",73,true,12.0000,15.9477,84652,787857,5724365,9302810,51318168,1647156536
10,false,RF,"3. VND NNI->ECR->SPR (Classic)",74,true,9.0000,6.1455,167799,309799,10760,5624475,20013752,1680710968
10,false,RF,"3. VND NNI->ECR->SPR (Classic)",75,true,9.0000,7.9811,109589,381135,11862,7440258,25744528,1714265400
10,false,RF,"3. VND NNI->ECR->SPR (Classic)",76,true,11.0000,8.9754,80182,992407,384010,7480865,29340336,1747819832
10,false,RF,"3. VND NNI->ECR->SPR (Classic)",77,true,6.0000,1.6285,114978,1502137,0,0,5561688,1747819832
10,false,RF,"3. VND NNI->ECR->SPR (Classic)",78,true,15.0000,15.0747,80032,974893,3018651,10970491,48022168,1781374264
10,false,RF,"3. VND NNI->ECR->SPR (Classic)",79,true,16.0000,17.0706,82808,768762,5023113,11149251,55506976,1848483128
10,false,RF,"3. VND NNI->ECR->SPR (Classic)",80,true,4.0000,0.7268,131370,586185,0,0,2444248,1848483128
10,false,RF,"3. VND NNI->ECR->SPR (Classic)",81,true,16.0000,16.2925,44064,414638,2899143,12886184,51930872,1882037560
10,false,RF,"3. VND NNI->ECR->SPR (Classic)",82,true,4.0000,1.1301,116241,1004039,0,0,3690088,1882037560
10,false,RF,"3. VND NNI->ECR->SPR (Classic)",83,true,5.0000,5.8207,121490,1453253,4228751,0,19299024,1915591992
10,false,RF,"3. VND NNI->ECR->SPR (Classic)",84,true,6.0000,1.3210,112515,1198710,0,0,4336440,1915591992
10,false,RF,"3. VND NNI->ECR->SPR (Classic)",85,true,9.0000,1.6708,111512,1547683,0,0,5600776,1915591992
10,false,RF,"3. VND NNI->ECR->SPR (Classic)",86,true,13.0000,14.5117,83709,984953,2331354,11065922,46733600,1982700856
10,false,RF,"3. VND NNI->ECR->SPR (Classic)",87,true,6.0000,2.9973,173099,332692,2477441,0,9926656,1982700856
10,false,RF,"3. VND NNI->ECR->SPR (Classic)",88,true,4.0000,7.4340,145607,412675,6857951,0,23380608,2016255288
10,false,RF,"3. VND NNI->ECR->SPR (Classic)",89,true,7.0000,1.2682,111010,1145819,0,0,4337992,2016255288
10,false,RF,"3. VND NNI->ECR->SPR (Classic)",90,true,17.0000,13.4278,42370,356107,1865077,11110618,43363768,2049809720
10,false,RF,"3. VND NNI->ECR->SPR (Classic)",91,true,10.0000,8.7035,147361,1049938,13055,7468291,28817824,2083364152
10,false,RF,"3. VND NNI->ECR->SPR (Classic)",92,true,16.0000,12.6054,44084,376205,2903992,9239419,40405096,2116918584
10,false,RF,"3. VND NNI->ECR->SPR (Classic)",93,true,13.0000,11.1764,44034,400582,1399601,9299043,36123096,2150473016
10,false,RF,"3. VND NNI->ECR->SPR (Classic)",94,true,4.0000,1.3652,112053,1239467,0,0,4693352,2150473016
10,false,RF,"3. VND NNI->ECR->SPR (Classic)",95,true,6.0000,5.3608,148863,1220962,3973847,0,17971768,2184027448
10,false,RF,"3. VND NNI->ECR->SPR (Classic)",96,true,5.0000,3.1372,118865,2243045,756088,0,11068848,2184027448
10,false,RF,"3. VND NNI->ECR->SPR (Classic)",97,true,5.0000,0.7752,203467,562219,0,0,2644552,2184027448
10,false,RF,"3. VND NNI->ECR->SPR (Classic)",98,true,10.0000,13.6833,145026,675064,7385745,5451616,44299976,2251136312
10,false,RF,"3. VND NNI->ECR->SPR (Classic)",99,true,12.0000,14.0479,84381,720290,6024135,7179292,45244944,2284690744
10,false,RF,"3. VND NNI->ECR->SPR (Classic)",100,true,9.0000,12.0319,223395,2028588,4290438,5457918,39837248,2318245176
10,false,RF,"4. VND NNI->SPR (Classic)",1,true,11.0000,12.3531,102906,0,0,12125496,30194544,3015264
10,false,RF,"4. VND NNI->SPR (Classic)",2,true,11.0000,7.5463,46849,0,0,7470996,23910952,36569696
10,false,RF,"4. VND NNI->SPR (Classic)",3,true,7.0000,7.7620,140407,0,0,7601284,24645072,70124128
10,false,RF,"4. VND NNI->SPR (Classic)",4,true,15.0000,9.2587,112514,0,0,9099643,30415128,103678560
10,false,RF,"4. VND NNI->SPR (Classic)",5,true,5.0000,0.1776,169693,0,0,0,561768,103678560
10,false,RF,"4. VND NNI->SPR (Classic)",6,true,10.0000,5.6301,108997,0,0,5498285,18408544,103678560
10,false,RF,"4. VND NNI->SPR (Classic)",7,true,11.0000,9.3946,43282,0,0,9307909,30579976,137232992
10,false,RF,"4. VND NNI->SPR (Classic)",8,true,9.0000,7.6210,147169,0,0,7449285,24715016,170787424
10,false,RF,"4. VND NNI->SPR (Classic)",9,true,9.0000,5.6602,140247,0,0,5495891,18421016,204341856
10,false,RF,"4. VND NNI->SPR (Classic)",10,true,12.0000,11.2178,42721,0,0,11136937,36458752,237896288
10,false,RF,"4. VND NNI->SPR (Classic)",11,true,10.0000,9.3393,43322,0,0,9250681,30163096,271450720
10,false,RF,"4. VND NNI->SPR (Classic)",12,true,13.0000,9.0674,45577,0,0,8987992,29445152,271450720
10,false,RF,"4. VND NNI->SPR (Classic)",13,true,12.0000,9.1787,43833,0,0,9114742,29786976,305005152
10,false,RF,"4. VND NNI->SPR (Classic)",14,true,7.0000,7.3111,123013,0,0,7168832,23612008,338559584
10,false,RF,"4. VND NNI->SPR (Classic)",15,true,12.0000,7.7623,125989,0,0,7582598,24652184,372114016
10,false,RF,"4. VND NNI->SPR (Classic)",16,true,14.0000,12.8114,47230,0,0,12734816,41514576,405668448
10,false,RF,"4. VND NNI->SPR (Classic)",17,true,14.0000,9.3843,43222,0,0,9309773,30401040,439222880
10,false,RF,"4. VND NNI->SPR (Classic)",18,true,11.0000,9.3893,73940,0,0,9297650,30331696,472777312
10,false,RF,"4. VND NNI->SPR (Classic)",19,true,12.0000,11.0288,45076,0,0,10948870,35938136,506331744
10,false,RF,"4. VND NNI->SPR (Classic)",20,true,9.0000,7.4256,111032,0,0,7291555,24082528,539886176
10,false,RF,"4. VND NNI->SPR (Classic)",21,true,11.0000,7.4052,108786,0,0,7270024,24106016,539886176
10,false,RF,"4. VND NNI->SPR (Classic)",22,true,8.0000,5.7164,169502,0,0,5535987,18546808,573440608
10,false,RF,"4. VND NNI->SPR (Classic)",23,true,12.0000,11.1452,42130,0,0,11085820,35952904,606995040
10,false,RF,"4. VND NNI->SPR (Classic)",24,true,8.0000,5.6559,42581,0,0,5586643,18369816,606995040
10,false,RF,"4. VND NNI->SPR (Classic)",25,true,13.0000,11.1796,42350,0,0,11101580,36131440,674103904
10,false,RF,"4. VND NNI->SPR (Classic)",26,true,14.0000,10.9294,43372,0,0,10855773,35500168,707658336
10,false,RF,"4. VND NNI->SPR (Classic)",27,true,11.0000,11.0111,41258,0,0,10942909,35728784,741212768
10,false,RF,"4. VND NNI->SPR (Classic)",28,true,10.0000,9.0829,41218,0,0,9016225,29573528,774767200
10,false,RF,"4. VND NNI->SPR (Classic)",29,true,10.0000,7.5131,141249,0,0,7350607,24472976,774767200
10,false,RF,"4. VND NNI->SPR (Classic)",30,true,9.0000,7.4562,109137,0,0,7321773,24247024,808321632
10,false,RF,"4. VND NNI->SPR (Classic)",31,true,9.0000,5.7761,112865,0,0,5638702,18605224,841876064
10,false,RF,"4. VND NNI->SPR (Classic)",32,true,11.0000,9.3111,113767,0,0,9168645,30228936,841876064
10,false,RF,"4. VND NNI->SPR (Classic)",33,true,9.0000,5.5953,112454,0,0,5457237,18175944,875430496
10,false,RF,"4. VND NNI->SPR (Classic)",34,true,16.0000,9.3286,41880,0,0,9258024,30459176,908984928
10,false,RF,"4. VND NNI->SPR (Classic)",35,true,13.0000,12.8637,43222,0,0,12789189,41868032,942539360
10,false,RF,"4. VND NNI->SPR (Classic)",36,true,10.0000,7.4305,110550,0,0,7289652,24016232,976093792
10,false,RF,"4. VND NNI->SPR (Classic)",37,true,14.0000,13.0368,42702,0,0,12964162,42407880,1009648224
10,false,RF,"4. VND NNI->SPR (Classic)",38,true,14.0000,10.9779,42361,0,0,10908172,35554136,1043202656
10,false,RF,"4. VND NNI->SPR (Classic)",39,true,15.0000,11.2998,43813,0,0,11213473,36388208,1076757088
10,false,RF,"4. VND NNI->SPR (Classic)",40,true,11.0000,9.4558,42942,0,0,9366782,30698320,1110311520
10,false,RF,"4. VND NNI->SPR (Classic)",41,true,9.0000,7.4963,144284,0,0,7333705,24233624,1143865952
10,false,RF,"4. VND NNI->SPR (Classic)",42,true,11.0000,11.1415,42811,0,0,11076663,36059704,1177420384
10,false,RF,"4. VND NNI->SPR (Classic)",43,true,14.0000,10.9669,44765,0,0,10877064,35535480,1210974816
10,false,RF,"4. VND NNI->SPR (Classic)",44,true,15.0000,11.2435,43874,0,0,11149833,36142752,1244529248
10,false,RF,"4. VND NNI->SPR (Classic)",45,true,8.0000,5.7094,112384,0,0,5583136,18560040,1278083680
10,false,RF,"4. VND NNI->SPR (Classic)",46,true,8.0000,5.5257,39335,0,0,5469330,17919224,1278083680
10,false,RF,"4. VND NNI->SPR (Classic)",47,true,17.0000,9.3266,42020,0,0,9262694,30252552,1311638112
10,false,RF,"4. VND NNI->SPR (Classic)",48,true,14.0000,11.0122,44084,0,0,10938811,35553008,1345192544
10,false,RF,"4. VND NNI->SPR (Classic)",49,true,11.0000,9.4872,107564,0,0,9349298,30769984,1378746976
10,false,RF,"4. VND NNI->SPR (Classic)",50,true,15.0000,11.2017,43452,0,0,11128081,36298240,1412301408
10,false,RF,"4. VND NNI->SPR (Classic)",51,true,14.0000,11.2866,128264,0,0,11137689,36618792,1445855840
10,false,RF,"4. VND NNI->SPR (Classic)",52,true,12.0000,9.3936,41750,0,0,9314272,30272312,1479410272
10,false,RF,"4. VND NNI->SPR (Classic)",53,true,14.0000,11.2804,42701,0,0,11211470,36490576,1512964704
10,false,RF,"4. VND NNI->SPR (Classic)",54,true,11.0000,7.2328,41669,0,0,7167310,23393664,1546519136
10,false,RF,"4. VND NNI->SPR (Classic)",55,true,12.0000,9.2917,41880,0,0,9233648,29995648,1580073568
10,false,RF,"4. VND NNI->SPR (Classic)",56,true,16.0000,11.3125,44204,0,0,11232380,36212496,1613628000
10,false,RF,"4. VND NNI->SPR (Classic)",57,true,11.0000,10.8832,44254,0,0,10821889,35314000,1647182432
10,false,RF,"4. VND NNI->SPR (Classic)",58,true,10.0000,7.6162,115360,0,0,7480355,24537824,1680736864
10,false,RF,"4. VND NNI->SPR (Classic)",59,true,12.0000,9.2310,111392,0,0,9098532,29970104,1714291296
10,false,RF,"4. VND NNI->SPR (Classic)",60,true,14.0000,11.3705,42541,0,0,11294407,36752056,1747845728
10,false,RF,"4. VND NNI->SPR (Classic)",61,true,13.0000,9.1645,46678,0,0,9090807,29589552,1781400160
10,false,RF,"4. VND NNI->SPR (Classic)",62,true,6.0000,0.2113,204479,0,0,0,663992,1781400160
10,false,RF,"4. VND NNI->SPR (Classic)",63,true,12.0000,11.2340,40727,0,0,11159250,36305656,1814954592
10,false,RF,"4. VND NNI->SPR (Classic)",64,true,7.0000,3.9339,165584,0,0,3751503,12767000,1814954592
10,false,RF,"4. VND NNI->SPR (Classic)",65,true,13.0000,11.2072,43482,0,0,11124684,36168192,1848509024
10,false,RF,"4. VND NNI->SPR (Classic)",66,true,10.0000,7.6073,111803,0,0,7471157,24590888,1882063456
10,false,RF,"4. VND NNI->SPR (Classic)",67,true,11.0000,9.2926,41209,0,0,9238227,30142552,1915617888
10,false,RF,"4. VND NNI->SPR (Classic)",68,true,9.0000,7.4640,110351,0,0,7329989,24378016,1949172320
10,false,RF,"4. VND NNI->SPR (Classic)",69,true,16.0000,11.2158,41960,0,0,11135585,36462912,1982726752
10,false,RF,"4. VND NNI->SPR (Classic)",70,true,12.0000,7.3607,44484,0,0,7296134,23813672,1982726752
10,false,RF,"4. VND NNI->SPR (Classic)",71,true,8.0000,5.6263,106973,0,0,5506010,18223704,2016281184
10,false,RF,"4. VND NNI->SPR (Classic)",72,true,14.0000,9.5047,42571,0,0,9422468,30630064,2049835616
10,false,RF,"4. VND NNI->SPR (Classic)",73,true,13.0000,11.1999,44305,0,0,11116258,36143872,2083390048
10,false,RF,"4. VND NNI->SPR (Classic)",74,true,9.0000,5.8473,166647,0,0,5654382,18871888,2083390048
10,false,RF,"4. VND NNI->SPR (Classic)",75,true,9.0000,7.5877,115038,0,0,7436751,24380784,2116944480
10,false,RF,"4. VND NNI->SPR (Classic)",76,true,11.0000,9.4613,43172,0,0,9385928,30401880,2150498912
10,false,RF,"4. VND NNI->SPR (Classic)",77,true,10.0000,7.4920,112614,0,0,7353894,24288184,2184053344
10,false,RF,"4. VND NNI->SPR (Classic)",78,true,15.0000,13.2352,43382,0,0,13150025,42780992,2217607776
10,false,RF,"4. VND NNI->SPR (Classic)",79,true,17.0000,12.9634,47791,0,0,12881656,41871320,2251162208
10,false,RF,"4. VND NNI->SPR (Classic)",80,true,6.0000,5.6888,131831,0,0,5541828,18411304,2284716640
10,false,RF,"4. VND NNI->SPR (Classic)",81,true,16.0000,12.9800,44385,0,0,12891804,41712672,2318271072
10,false,RF,"4. VND NNI->SPR (Classic)",82,true,8.0000,5.6656,112073,0,0,5513625,18161776,2351825504
10,false,RF,"4. VND NNI->SPR (Classic)",83,true,13.0000,11.2186,44344,0,0,11128942,36279456,2385379936
10,false,RF,"4. VND NNI->SPR (Classic)",84,true,9.0000,7.4858,109007,0,0,7350858,24195688,2385379936
10,false,RF,"4. VND NNI->SPR (Classic)",85,true,7.0000,9.1877,112064,0,0,9059517,29481848,2418934368
10,false,RF,"4. VND NNI->SPR (Classic)",86,true,14.0000,12.9730,44225,0,0,12892175,41882336,2486043232
10,false,RF,"4. VND NNI->SPR (Classic)",87,true,12.0000,7.5832,168811,0,0,7392387,24531992,2486043232
10,false,RF,"4. VND NNI->SPR (Classic)",88,true,9.0000,5.5872,106463,0,0,5455243,18012664,2519597664
10,false,RF,"4. VND NNI->SPR (Classic)",89,true,9.0000,9.4499,110441,0,0,9317738,30551488,2553152096
10,false,RF,"4. VND NNI->SPR (Classic)",90,true,17.0000,11.2195,42211,0,0,11130685,36122936,2586706528
10,false,RF,"4. VND NNI->SPR (Classic)",91,true,10.0000,9.4286,108686,0,0,9305736,30508896,2620260960
10,false,RF,"4. VND NNI->SPR (Classic)",92,true,16.0000,9.3814,42931,0,0,9306887,30368592,2653815392
10,false,RF,"4. VND NNI->SPR (Classic)",93,true,13.0000,9.3957,43263,0,0,9326505,30287344,2687369824
10,false,RF,"4. VND NNI->SPR (Classic)",94,true,8.0000,3.8745,111312,0,0,3749580,12555216,2687369824
10,false,RF,"4. VND NNI->SPR (Classic)",95,true,13.0000,11.0183,41509,0,0,10944682,35650976,2720924256
10,false,RF,"4. VND NNI->SPR (Classic)",96,true,15.0000,9.4042,42761,0,0,9334100,30442496,2754478688
10,false,RF,"4. VND NNI->SPR (Classic)",97,true,7.0000,3.9185,200432,0,0,3703893,12603440,2754478688
10,false,RF,"4. VND NNI->SPR (Classic)",98,true,14.0000,9.3034,110069,0,0,9175498,30211536,2788033120
10,false,RF,"4. VND NNI->SPR (Classic)",99,true,14.0000,9.2526,41930,0,0,9190386,29929176,2821587552
10,false,RF,"4. VND NNI->SPR (Classic)",100,true,12.0000,9.3562,114417,0,0,9217648,30294528,2855141984
10,false,RF,"5. VND NNI->ECR->SPR (Inc)",1,true,9.0000,9.5259,62779,756849,8564265,0,4096392,3045672
10,false,RF,"5. VND NNI->ECR->SPR (Inc)",2,true,11.0000,0.8844,4398,873521,0,0,527144,3045672
10,false,RF,"5. VND NNI->ECR->SPR (Inc)",3,true,8.0000,0.4577,17594,434005,0,0,337688,3045672
10,false,RF,"5. VND NNI->ECR->SPR (Inc)",4,true,12.0000,4.6392,12894,164373,830990,3476150,6346728,3045672
10,false,RF,"5. VND NNI->ECR->SPR (Inc)",5,true,5.0000,0.0327,26771,0,0,0,70952,3045672
10,false,RF,"5. VND NNI->ECR->SPR (Inc)",6,true,8.0000,1.2803,22353,652060,595032,0,900288,3045672
10,false,RF,"5. VND NNI->ECR->SPR (Inc)",7,true,10.0000,3.0248,4829,161968,12343,2836123,5644952,3045672
10,false,RF,"5. VND NNI->ECR->SPR (Inc)",8,false,Infinity,0.5190,19316,492206,0,0,314904,3045672
10,false,RF,"5. VND NNI->ECR->SPR (Inc)",9,true,7.0000,0.6305,17323,606272,0,0,440096,3045672
10,false,RF,"5. VND NNI->ECR->SPR (Inc)",10,true,14.0000,3.4692,10400,897367,293358,2255438,5295944,3045672
10,false,RF,"5. VND NNI->ECR->SPR (Inc)",11,true,14.0000,3.5674,9648,362900,281055,2902199,6101776,3045672
10,false,RF,"5. VND NNI->ECR->SPR (Inc)",12,true,9.0000,6.8634,11672,727774,6113646,0,3614552,36600104
10,false,RF,"5. VND NNI->ECR->SPR (Inc)",13,true,7.0000,0.6575,4900,644586,0,0,429808,36600104
10,false,RF,"5. VND NNI->ECR->SPR (Inc)",14,true,8.0000,0.6479,15270,624508,0,0,443304,36600104
10,false,RF,"5. VND NNI->ECR->SPR (Inc)",15,true,9.0000,0.5838,12944,562520,0,0,323000,36600104
10,false,RF,"5. VND NNI->ECR->SPR (Inc)",16,false,Infinity,0.9367,4599,925660,0,0,558624,36600104
10,false,RF,"5. VND NNI->ECR->SPR (Inc)",17,true,13.0000,8.1730,16983,448743,6177567,1514189,6956272,36600104
10,false,RF,"5. VND NNI->ECR->SPR (Inc)",18,true,6.0000,0.5841,5050,570414,0,0,347520,36600104
10,false,RF,"5. VND NNI->ECR->SPR (Inc)",19,true,12.0000,5.5304,8916,496774,1403258,3610505,8252600,36600104
10,false,RF,"5. VND NNI->ECR->SPR (Inc)",20,true,9.0000,0.6184,14208,596966,0,0,345464,36600104
10,false,RF,"5. VND NNI->ECR->SPR (Inc)",21,true,13.0000,2.9568,18305,475785,291735,2159105,4744416,36600104
10,false,RF,"5. VND NNI->ECR->SPR (Inc)",22,false,Infinity,0.4620,25309,429817,0,0,344096,36600104
10,false,RF,"5. VND NNI->ECR->SPR (Inc)",23,true,12.0000,5.0563,8726,425409,839897,3768496,8406608,36600104
10,false,RF,"5. VND NNI->ECR->SPR (Inc)",24,false,Infinity,0.7444,4529,733134,0,0,456240,36600104
10,false,RF,"5. VND NNI->ECR->SPR (Inc)",25,true,7.0000,1.4891,13345,889702,574673,0,886696,36600104
10,false,RF,"5. VND NNI->ECR->SPR (Inc)",26,true,9.0000,10.5248,40337,664002,9806728,0,5884728,70154536
10,false,RF,"5. VND NNI->ECR->SPR (Inc)",27,true,12.0000,3.7460,9358,578700,839476,2307869,5521696,70154536
10,false,RF,"5. VND NNI->ECR->SPR (Inc)",28,false,Infinity,0.3884,4789,377157,0,0,502536,70154536
10,false,RF,"5. VND NNI->ECR->SPR (Inc)",29,true,8.0000,1.3241,22884,284792,1007907,0,1604912,70154536
10,false,RF,"5. VND NNI->ECR->SPR (Inc)",30,true,8.0000,0.2976,14798,275083,0,0,467224,70154536
10,false,RF,"5. VND NNI->ECR->SPR (Inc)",31,true,6.0000,0.3115,14027,289881,0,0,308048,70154536
10,false,RF,"5. VND NNI->ECR->SPR (Inc)",32,true,6.0000,3.3584,34815,64923,3247195,0,4394048,70154536
10,false,RF,"5. VND NNI->ECR->SPR (Inc)",33,true,8.0000,0.1512,17032,126891,0,0,529000,70154536
10,false,RF,"5. VND NNI->ECR->SPR (Inc)",34,true,16.0000,4.6250,4368,17734,324237,4269800,10001488,70154536
10,false,RF,"5. VND NNI->ECR->SPR (Inc)",35,true,13.0000,4.1548,15268,118204,1301896,2704082,8653768,103708968
10,false,RF,"5. VND NNI->ECR->SPR (Inc)",36,true,8.0000,1.5370,18996,78970,1427244,0,2794696,103708968
10,false,RF,"5. VND NNI->ECR->SPR (Inc)",37,true,14.0000,3.1595,9678,85042,11492,3041383,7105904,103708968
10,false,RF,"5. VND NNI->ECR->SPR (Inc)",38,true,12.0000,4.8379,10700,42060,1510041,3262013,10397568,103708968
10,false,RF,"5. VND NNI->ECR->SPR (Inc)",39,true,15.0000,3.7614,4449,15780,57108,3674096,8402544,103708968
10,false,RF,"5. VND NNI->ECR->SPR (Inc)",40,true,11.0000,3.2116,4698,18977,10840,3165520,7084344,137263400
10,false,RF,"5. VND NNI->ECR->SPR (Inc)",41,true,8.0000,0.1168,18677,89430,0,0,365600,137263400
10,false,RF,"5. VND NNI->ECR->SPR (Inc)",42,false,Infinity,0.1402,4679,127863,0,0,551784,137263400
10,false,RF,"5. VND NNI->ECR->SPR (Inc)",43,true,12.0000,0.1298,4078,119918,0,0,494864,137263400
10,false,RF,"5. VND NNI->ECR->SPR (Inc)",44,true,15.0000,3.8168,4618,17684,71756,3712389,8593256,137263400
10,false,RF,"5. VND NNI->ECR->SPR (Inc)",45,true,7.0000,0.1055,14968,82787,0,0,330736,137263400
10,false,RF,"5. VND NNI->ECR->SPR (Inc)",46,true,2.0000,0.4158,4428,16201,386425,0,2138168,137263400
10,false,RF,"5. VND NNI->ECR->SPR (Inc)",47,true,20.0000,5.4448,5180,21110,138323,5268969,12642456,137263400
10,false,RF,"5. VND NNI->ECR->SPR (Inc)",48,true,11.0000,0.9137,15651,144634,740167,0,4491112,170817832
10,false,RF,"5. VND NNI->ECR->SPR (Inc)",49,true,7.0000,0.1083,13134,88549,0,0,384488,170817832
10,false,RF,"5. VND NNI->ECR->SPR (Inc)",50,true,15.0000,3.2976,8516,66206,39635,3171641,7631608,170817832
10,false,RF,"5. VND NNI->ECR->SPR (Inc)",51,true,13.0000,2.8150,19516,66747,92105,2625022,6752920,170817832
10,false,RF,"5. VND NNI->ECR->SPR (Inc)",52,true,8.0000,0.0931,5581,79632,0,0,320456,170817832
10,false,RF,"5. VND NNI->ECR->SPR (Inc)",53,true,14.0000,2.9397,8606,98507,33544,2789294,6902480,170817832
10,false,RF,"5. VND NNI->ECR->SPR (Inc)",54,true,4.0000,0.8945,17613,36800,829367,0,4848704,170817832
10,false,RF,"5. VND NNI->ECR->SPR (Inc)",55,true,12.0000,2.9775,8245,65835,90391,2802750,7126248,204372264
10,false,RF,"5. VND NNI->ECR->SPR (Inc)",56,true,16.0000,3.9943,8325,44485,49585,3882332,9301944,204372264
10,false,RF,"5. VND NNI->ECR->SPR (Inc)",57,true,10.0000,0.1497,4238,140046,0,0,599496,204372264
10,false,RF,"5. VND NNI->ECR->SPR (Inc)",58,true,9.0000,0.1040,11842,86855,0,0,393736,204372264
10,false,RF,"5. VND NNI->ECR->SPR (Inc)",59,true,9.0000,0.5815,24286,152961,392777,0,2805800,204372264
10,false,RF,"5. VND NNI->ECR->SPR (Inc)",60,true,16.0000,3.9390,4007,17543,31590,3877203,9082672,204372264
10,false,RF,"5. VND NNI->ECR->SPR (Inc)",61,true,8.0000,2.0251,13807,87386,598096,1314069,6607224,204372264
10,false,RF,"5. VND NNI->ECR->SPR (Inc)",62,true,6.0000,0.0346,29597,0,0,0,82800,204372264
10,false,RF,"5. VND NNI->ECR->SPR (Inc)",63,true,11.0000,3.2629,3727,14577,48762,3188864,7555272,237926696
10,false,RF,"5. VND NNI->ECR->SPR (Inc)",64,false,Infinity,0.0839,22011,54684,0,0,261528,237926696
10,false,RF,"5. VND NNI->ECR->SPR (Inc)",65,true,3.0000,0.4921,8436,56637,419217,0,2422552,237926696
10,false,RF,"5. VND NNI->ECR->SPR (Inc)",66,true,7.0000,0.1142,13526,92787,0,0,438512,237926696
10,false,RF,"5. VND NNI->ECR->SPR (Inc)",67,true,11.0000,2.7868,3917,20829,74733,2679155,6458912,237926696
10,false,RF,"5. VND NNI->ECR->SPR (Inc)",68,false,Infinity,0.1519,14278,129276,0,0,567744,237926696
10,false,RF,"5. VND NNI->ECR->SPR (Inc)",69,true,15.0000,3.5951,3967,21030,15099,3546464,8334384,237926696
10,false,RF,"5. VND NNI->ECR->SPR (Inc)",70,true,11.0000,2.9001,7755,56478,178329,2647294,7288544,237926696
10,false,RF,"5. VND NNI->ECR->SPR (Inc)",71,true,7.0000,0.1152,13896,95081,0,0,430368,237926696
10,false,RF,"5. VND NNI->ECR->SPR (Inc)",72,true,14.0000,2.9874,3958,20098,11421,2944059,6929984,271481128
10,false,RF,"5. VND NNI->ECR->SPR (Inc)",73,true,14.0000,3.6455,9768,43502,423646,3157575,9875056,271481128
10,false,RF,"5. VND NNI->ECR->SPR (Inc)",74,true,5.0000,0.0727,21720,44965,0,0,231824,271481128
10,false,RF,"5. VND NNI->ECR->SPR (Inc)",75,true,10.0000,1.8506,16292,78490,14428,1732414,4411064,271481128
10,false,RF,"5. VND NNI->ECR->SPR (Inc)",76,true,11.0000,2.4975,7905,53562,32973,2394283,5945928,271481128
10,false,RF,"5. VND NNI->ECR->SPR (Inc)",77,true,10.0000,0.1304,13445,111141,0,0,502528,271481128
10,false,RF,"5. VND NNI->ECR->SPR (Inc)",78,true,6.0000,0.6151,7734,47320,552972,0,3257736,271481128
10,false,RF,"5. VND NNI->ECR->SPR (Inc)",79,true,12.0000,3.2502,9218,43644,489831,2696919,9172256,305035560
10,false,RF,"5. VND NNI->ECR->SPR (Inc)",80,true,5.0000,0.0715,17423,48191,0,0,233384,305035560
10,false,RF,"5. VND NNI->ECR->SPR (Inc)",81,true,16.0000,4.7402,4158,21390,157229,4545994,11454832,305035560
10,false,RF,"5. VND NNI->ECR->SPR (Inc)",82,true,4.0000,0.0799,12964,61206,0,0,277336,305035560
10,false,RF,"5. VND NNI->ECR->SPR (Inc)",83,true,10.0000,0.3363,8967,138874,180744,0,1573440,305035560
10,false,RF,"5. VND NNI->ECR->SPR (Inc)",84,true,7.0000,0.0942,12564,75774,0,0,344872,305035560
10,false,RF,"5. VND NNI->ECR->SPR (Inc)",85,true,11.0000,0.1169,12103,99529,0,0,459968,305035560
10,false,RF,"5. VND NNI->ECR->SPR (Inc)",86,true,11.0000,0.6412,14538,152540,465364,0,3302664,305035560
10,false,RF,"5. VND NNI->ECR->SPR (Inc)",87,true,7.0000,0.0821,20960,54934,0,0,283688,305035560
10,false,RF,"5. VND NNI->ECR->SPR (Inc)",88,true,4.0000,0.3803,16270,59904,296133,0,1906512,305035560
10,false,RF,"5. VND NNI->ECR->SPR (Inc)",89,false,Infinity,0.1084,12453,90031,0,0,418136,305035560
10,false,RF,"5. VND NNI->ECR->SPR (Inc)",90,true,18.0000,4.2014,3908,19918,113826,4055783,10039816,338589992
10,false,RF,"5. VND NNI->ECR->SPR (Inc)",91,false,Infinity,0.1142,13556,92897,0,0,424872,338589992
10,false,RF,"5. VND NNI->ECR->SPR (Inc)",92,true,16.0000,3.4358,4068,20259,179071,3222298,8499744,338589992
10,false,RF,"5. VND NNI->ECR->SPR (Inc)",93,true,14.0000,3.1932,4749,20509,92837,3065089,7673040,338589992
10,false,RF,"5. VND NNI->ECR->SPR (Inc)",94,true,8.0000,0.1169,13936,96253,0,0,428648,338589992
10,false,RF,"5. VND NNI->ECR->SPR (Inc)",95,true,9.0000,0.3950,9548,128814,248573,0,1887696,338589992
10,false,RF,"5. VND NNI->ECR->SPR (Inc)",96,true,15.0000,2.7444,8045,59984,60776,2606407,6650472,338589992
10,false,RF,"5. VND NNI->ECR->SPR (Inc)",97,false,Infinity,0.0749,26260,42240,0,0,234216,338589992
10,false,RF,"5. VND NNI->ECR->SPR (Inc)",98,true,17.0000,3.0957,16352,84430,92126,2892020,7612416,372144424
10,false,RF,"5. VND NNI->ECR->SPR (Inc)",99,true,14.0000,3.2272,9819,43884,488760,2670999,9095040,372144424
10,false,RF,"5. VND NNI->ECR->SPR (Inc)",100,true,10.0000,0.1821,18145,155906,0,0,725320,372144424
10,false,RF,"6. VND NNI->SPR (Inc)",1,true,11.0000,5.6256,13435,0,0,5545976,6815792,3092128
10,false,RF,"6. VND NNI->SPR (Inc)",2,true,11.0000,2.5310,4689,0,0,2517276,5908696,3092128
10,false,RF,"6. VND NNI->SPR (Inc)",3,true,7.0000,2.8654,21181,0,0,2834700,6432024,3092128
10,false,RF,"6. VND NNI->SPR (Inc)",4,true,12.0000,2.5495,14236,0,0,2523569,5722736,3092128
10,false,RF,"6. VND NNI->SPR (Inc)",5,true,5.0000,0.0343,28514,0,0,0,70560,3092128
10,false,RF,"6. VND NNI->SPR (Inc)",6,true,10.0000,1.8891,11723,0,0,1869275,4273160,3092128
10,false,RF,"6. VND NNI->SPR (Inc)",7,true,10.0000,2.3813,4780,0,0,2367622,5458552,36646560
10,false,RF,"6. VND NNI->SPR (Inc)",8,true,9.0000,2.2895,17464,0,0,2264546,5285432,36646560
10,false,RF,"6. VND NNI->SPR (Inc)",9,true,9.0000,1.9598,15820,0,0,1937063,4540584,36646560
10,false,RF,"6. VND NNI->SPR (Inc)",10,true,14.0000,4.4276,4067,0,0,4417060,10111000,36646560
10,false,RF,"6. VND NNI->SPR (Inc)",11,true,10.0000,3.7808,4017,0,0,3770279,8865112,36646560
10,false,RF,"6. VND NNI->SPR (Inc)",12,true,20.0000,4.6530,4028,0,0,4642257,10750456,70200992
10,false,RF,"6. VND NNI->SPR (Inc)",13,true,12.0000,3.1596,8386,0,0,3144429,7292400,70200992
10,false,RF,"6. VND NNI->SPR (Inc)",14,true,7.0000,3.0324,13455,0,0,3012048,7031920,70200992
10,false,RF,"6. VND NNI->SPR (Inc)",15,true,12.0000,2.6752,12113,0,0,2656211,6163880,70200992
10,false,RF,"6. VND NNI->SPR (Inc)",16,true,12.0000,4.2974,4038,0,0,4287022,9873448,103755424
10,false,RF,"6. VND NNI->SPR (Inc)",17,true,14.0000,3.5052,4549,0,0,3493282,8091496,103755424
10,false,RF,"6. VND NNI->SPR (Inc)",18,true,11.0000,3.2509,4759,0,0,3238899,7429904,103755424
10,false,RF,"6. VND NNI->SPR (Inc)",19,true,12.0000,3.7608,4218,0,0,3750201,8660960,103755424
10,false,RF,"6. VND NNI->SPR (Inc)",20,true,9.0000,2.4985,12414,0,0,2479434,5653720,137309856
10,false,RF,"6. VND NNI->SPR (Inc)",21,true,13.0000,2.7202,12665,0,0,2700054,6266088,137309856
10,false,RF,"6. VND NNI->SPR (Inc)",22,true,8.0000,2.1175,20218,0,0,2086668,4922976,137309856
10,false,RF,"6. VND NNI->SPR (Inc)",23,true,12.0000,4.0122,4148,0,0,4001419,9206984,137309856
10,false,RF,"6. VND NNI->SPR (Inc)",24,true,8.0000,1.9046,4288,0,0,1893431,4386656,137309856
10,false,RF,"6. VND NNI->SPR (Inc)",25,true,13.0000,3.5712,4057,0,0,3560992,8183272,170864288
10,false,RF,"6. VND NNI->SPR (Inc)",26,true,16.0000,4.4285,4028,0,0,4417109,10132872,170864288
10,false,RF,"6. VND NNI->SPR (Inc)",27,true,11.0000,3.8514,4719,0,0,3839481,8901024,170864288
10,false,RF,"6. VND NNI->SPR (Inc)",28,true,10.0000,3.0195,4087,0,0,3008741,6893496,170864288
10,false,RF,"6. VND NNI->SPR (Inc)",29,true,11.0000,2.9687,18336,0,0,2942485,6784208,170864288
10,false,RF,"6. VND NNI->SPR (Inc)",30,true,10.0000,2.6715,13226,0,0,2651291,6090584,204418720
10,false,RF,"6. VND NNI->SPR (Inc)",31,true,9.0000,1.7902,13396,0,0,1769965,4082592,204418720
10,false,RF,"6. VND NNI->SPR (Inc)",32,true,11.0000,3.3919,13065,0,0,3372113,7809352,204418720
10,false,RF,"6. VND NNI->SPR (Inc)",33,true,9.0000,1.8406,13616,0,0,1819911,4219784,204418720
10,false,RF,"6. VND NNI->SPR (Inc)",34,true,16.0000,3.9671,3968,0,0,3956673,9223512,204418720
10,false,RF,"6. VND NNI->SPR (Inc)",35,true,13.0000,3.9002,4499,0,0,3888795,8963160,237973152
10,false,RF,"6. VND NNI->SPR (Inc)",36,true,10.0000,2.5495,12053,0,0,2530612,5819304,237973152
10,false,RF,"6. VND NNI->SPR (Inc)",37,true,14.0000,4.0763,4047,0,0,4065952,9405224,237973152
10,false,RF,"6. VND NNI->SPR (Inc)",38,true,14.0000,4.3187,4118,0,0,4308213,10000816,237973152
10,false,RF,"6. VND NNI->SPR (Inc)",39,true,15.0000,3.4856,3807,0,0,3475219,8017960,271527584
10,false,RF,"6. VND NNI->SPR (Inc)",40,true,11.0000,3.0238,4228,0,0,3013009,6913448,271527584
10,false,RF,"6. VND NNI->SPR (Inc)",41,true,9.0000,2.6023,17644,0,0,2577752,5957432,271527584
10,false,RF,"6. VND NNI->SPR (Inc)",42,true,12.0000,4.0733,4338,0,0,4062646,9368960,271527584
10,false,RF,"6. VND NNI->SPR (Inc)",43,true,13.0000,3.0527,4198,0,0,3041864,7009680,305082016
10,false,RF,"6. VND NNI->SPR (Inc)",44,true,15.0000,3.5576,4057,0,0,3546944,8098096,305082016
10,false,RF,"6. VND NNI->SPR (Inc)",45,true,8.0000,2.1431,13124,0,0,2122366,4957320,305082016
10,false,RF,"6. VND NNI->SPR (Inc)",46,true,8.0000,2.0591,4078,0,0,2049227,4730744,305082016
10,false,RF,"6. VND NNI->SPR (Inc)",47,true,20.0000,5.0553,4168,0,0,5044693,11747248,305082016
10,false,RF,"6. VND NNI->SPR (Inc)",48,true,14.0000,3.7444,4138,0,0,3733850,8590744,338636448
10,false,RF,"6. VND NNI->SPR (Inc)",49,true,11.0000,2.9955,12614,0,0,2976240,6897152,338636448
10,false,RF,"6. VND NNI->SPR (Inc)",50,true,15.0000,3.6841,3897,0,0,3673295,8462944,338636448
10,false,RF,"6. VND NNI->SPR (Inc)",51,true,14.0000,3.1788,14117,0,0,3157344,7328528,338636448
10,false,RF,"6. VND NNI->SPR (Inc)",52,true,12.0000,3.0247,4038,0,0,3014352,6806368,372190880
10,false,RF,"6. VND NNI->SPR (Inc)",53,true,14.0000,4.7029,4198,0,0,4692022,10770416,372190880
10,false,RF,"6. VND NNI->SPR (Inc)",54,true,11.0000,2.4212,4087,0,0,2410273,5595040,372190880
10,false,RF,"6. VND NNI->SPR (Inc)",55,true,12.0000,3.4102,4358,0,0,3398963,7886752,372190880
10,false,RF,"6. VND NNI->SPR (Inc)",56,true,16.0000,4.6293,3717,0,0,4618833,10507768,405745312
10,false,RF,"6. VND NNI->SPR (Inc)",57,true,11.0000,3.8226,4549,0,0,3811007,8848272,405745312
10,false,RF,"6. VND NNI->SPR (Inc)",58,true,11.0000,2.9299,13095,0,0,2909333,6682384,405745312
10,false,RF,"6. VND NNI->SPR (Inc)",59,true,12.0000,3.3325,12454,0,0,3312859,7683296,405745312
10,false,RF,"6. VND NNI->SPR (Inc)",60,true,16.0000,3.8450,4028,0,0,3834341,8811440,439299744
10,false,RF,"6. VND NNI->SPR (Inc)",61,true,13.0000,3.2632,4589,0,0,3251834,7499288,439299744
10,false,RF,"6. VND NNI->SPR (Inc)",62,true,6.0000,0.0344,29786,0,0,0,82800,439299744
10,false,RF,"6. VND NNI->SPR (Inc)",63,true,11.0000,3.1557,3717,0,0,3146012,7194168,439299744
10,false,RF,"6. VND NNI->SPR (Inc)",64,true,7.0000,1.2578,21972,0,0,1228767,2917448,439299744
10,false,RF,"6. VND NNI->SPR (Inc)",65,true,13.0000,2.8928,4078,0,0,2882130,6580696,439299744
10,false,RF,"6. VND NNI->SPR (Inc)",66,true,10.0000,2.4304,13125,0,0,2410614,5551352,439299744
10,false,RF,"6. VND NNI->SPR (Inc)",67,true,11.0000,2.6289,3897,0,0,2618098,6008624,472854176
10,false,RF,"6. VND NNI->SPR (Inc)",68,true,9.0000,2.3710,13416,0,0,2350379,5408008,472854176
10,false,RF,"6. VND NNI->SPR (Inc)",69,true,15.0000,3.5380,3988,0,0,3527007,8165304,472854176
10,false,RF,"6. VND NNI->SPR (Inc)",70,true,12.0000,3.3957,3908,0,0,3385137,7752704,472854176
10,false,RF,"6. VND NNI->SPR (Inc)",71,true,8.0000,1.9236,13305,0,0,1903139,4402248,472854176
10,false,RF,"6. VND NNI->SPR (Inc)",72,true,14.0000,2.9509,3958,0,0,2939970,6748328,506408608
10,false,RF,"6. VND NNI->SPR (Inc)",73,true,13.0000,3.6268,4018,0,0,3616287,8277448,506408608
10,false,RF,"6. VND NNI->SPR (Inc)",74,true,9.0000,1.7986,20750,0,0,1764846,4073856,506408608
10,false,RF,"6. VND NNI->SPR (Inc)",75,true,9.0000,2.3485,13255,0,0,2328237,5353928,506408608
10,false,RF,"6. VND NNI->SPR (Inc)",76,true,11.0000,2.9942,3987,0,0,2983965,6796088,506408608
10,false,RF,"6. VND NNI->SPR (Inc)",77,true,11.0000,3.3783,13686,0,0,3346353,7707488,539963040
10,false,RF,"6. VND NNI->SPR (Inc)",78,true,14.0000,3.7234,3857,0,0,3709745,8436944,539963040
10,false,RF,"6. VND NNI->SPR (Inc)",79,true,14.0000,3.2734,4178,0,0,3262694,7510280,539963040
10,false,RF,"6. VND NNI->SPR (Inc)",80,true,6.0000,2.0447,17073,0,0,2021344,4656848,539963040
10,false,RF,"6. VND NNI->SPR (Inc)",81,true,16.0000,4.6141,4238,0,0,4604015,10482952,573517472
10,false,RF,"6. VND NNI->SPR (Inc)",82,true,8.0000,1.9095,12774,0,0,1889844,4334568,573517472
10,false,RF,"6. VND NNI->SPR (Inc)",83,true,13.0000,3.6324,4148,0,0,3621797,8279024,573517472
10,false,RF,"6. VND NNI->SPR (Inc)",84,true,9.0000,2.3664,12624,0,0,2346693,5334776,573517472
10,false,RF,"6. VND NNI->SPR (Inc)",85,true,7.0000,3.7524,13165,0,0,3732258,8622792,573517472
10,false,RF,"6. VND NNI->SPR (Inc)",86,true,13.0000,4.2004,4058,0,0,4190148,9629792,607071904
10,false,RF,"6. VND NNI->SPR (Inc)",87,true,12.0000,2.5842,22233,0,0,2554688,5934200,607071904
10,false,RF,"6. VND NNI->SPR (Inc)",88,true,9.0000,1.9296,11622,0,0,1911495,4404080,607071904
10,false,RF,"6. VND NNI->SPR (Inc)",89,true,9.0000,3.3489,13646,0,0,3327738,7663008,607071904
10,false,RF,"6. VND NNI->SPR (Inc)",90,true,18.0000,4.0567,4248,0,0,4043188,9319832,607071904
10,false,RF,"6. VND NNI->SPR (Inc)",91,true,9.0000,2.4954,13035,0,0,2475247,5602064,640626336
10,false,RF,"6. VND NNI->SPR (Inc)",92,true,16.0000,3.2197,4539,0,0,3207971,7465640,640626336
10,false,RF,"6. VND NNI->SPR (Inc)",93,true,14.0000,3.1010,4228,0,0,3090627,7070032,640626336
10,false,RF,"6. VND NNI->SPR (Inc)",94,true,8.0000,1.3304,14157,0,0,1308568,2993808,640626336
10,false,RF,"6. VND NNI->SPR (Inc)",95,true,14.0000,3.9845,4438,0,0,3973135,9162384,640626336
10,false,RF,"6. VND NNI->SPR (Inc)",96,true,15.0000,3.2452,4008,0,0,3234341,7436472,674180768
10,false,RF,"6. VND NNI->SPR (Inc)",97,true,7.0000,1.2958,25508,0,0,1262852,2876632,674180768
10,false,RF,"6. VND NNI->SPR (Inc)",98,true,14.0000,3.5493,13295,0,0,3528841,8215680,674180768
10,false,RF,"6. VND NNI->SPR (Inc)",99,true,14.0000,3.4827,4289,0,0,3471842,7987000,674180768
10,false,RF,"6. VND NNI->SPR (Inc)",100,true,11.0000,2.6170,12905,0,0,2596577,6034928,674180768
10,false,MS,"1. NNI (Classic)",1,false,Infinity,2.5406,0,0,0,0,1407888,3109512
10,false,MS,"1. NNI (Classic)",2,false,Infinity,1.2363,0,0,0,0,924480,3109512
10,false,MS,"1. NNI (Classic)",3,false,Infinity,1.2935,0,0,0,0,1136008,3109512
10,false,MS,"1. NNI (Classic)",4,false,Infinity,0.7335,0,0,0,0,1656688,3109512
10,false,MS,"1. NNI (Classic)",5,true,5.0000,0.5472,0,0,0,0,1371664,3109512
10,false,MS,"1. NNI (Classic)",6,false,Infinity,1.0663,0,0,0,0,2734464,3109512
10,false,MS,"1. NNI (Classic)",7,false,Infinity,0.7127,0,0,0,0,1757592,3109512
10,false,MS,"1. NNI (Classic)",8,false,Infinity,0.5235,0,0,0,0,1403408,3109512
10,false,MS,"1. NNI (Classic)",9,false,Infinity,0.2677,0,0,0,0,641920,3109512
10,false,MS,"1. NNI (Classic)",10,false,Infinity,0.1841,0,0,0,0,401168,3109512
10,false,MS,"1. NNI (Classic)",11,false,Infinity,0.8579,0,0,0,0,2200504,3109512
10,false,MS,"1. NNI (Classic)",12,false,Infinity,0.6975,0,0,0,0,1732560,3109512
10,false,MS,"1. NNI (Classic)",13,false,Infinity,0.4492,0,0,0,0,1138112,3109512
10,false,MS,"1. NNI (Classic)",14,false,Infinity,0.4728,0,0,0,0,1138288,3109512
10,false,MS,"1. NNI (Classic)",15,false,Infinity,0.5578,0,0,0,0,1406096,3109512
10,false,MS,"1. NNI (Classic)",16,false,Infinity,0.1679,0,0,0,0,401168,3109512
10,false,MS,"1. NNI (Classic)",17,false,Infinity,0.6649,0,0,0,0,1716440,3109512
10,false,MS,"1. NNI (Classic)",18,false,Infinity,0.5469,0,0,0,0,1433816,3109512
10,false,MS,"1. NNI (Classic)",19,false,Infinity,0.5156,0,0,0,0,1254504,3109512
10,false,MS,"1. NNI (Classic)",20,false,Infinity,0.4467,0,0,0,0,1151512,3109512
10,false,MS,"1. NNI (Classic)",21,false,Infinity,0.8805,0,0,0,0,2314856,3109512
10,false,MS,"1. NNI (Classic)",22,false,Infinity,0.2461,0,0,0,0,627256,3109512
10,false,MS,"1. NNI (Classic)",23,false,Infinity,0.3712,0,0,0,0,909936,3109512
10,false,MS,"1. NNI (Classic)",24,false,Infinity,0.2278,0,0,0,0,598512,3109512
10,false,MS,"1. NNI (Classic)",25,false,Infinity,0.8248,0,0,0,0,2110168,36663944
10,false,MS,"1. NNI (Classic)",26,false,Infinity,0.2667,0,0,0,0,656624,36663944
10,false,MS,"1. NNI (Classic)",27,false,Infinity,0.7569,0,0,0,0,1975320,36663944
10,false,MS,"1. NNI (Classic)",28,false,Infinity,0.3561,0,0,0,0,879176,36663944
10,false,MS,"1. NNI (Classic)",29,false,Infinity,0.5445,0,0,0,0,1389320,36663944
10,false,MS,"1. NNI (Classic)",30,false,Infinity,0.4754,0,0,0,0,1179536,36663944
10,false,MS,"1. NNI (Classic)",31,false,Infinity,0.5359,0,0,0,0,1374768,36663944
10,false,MS,"1. NNI (Classic)",32,false,Infinity,0.5614,0,0,0,0,1374832,36663944
10,false,MS,"1. NNI (Classic)",33,false,Infinity,0.9414,0,0,0,0,2481080,36663944
10,false,MS,"1. NNI (Classic)",34,false,Infinity,0.4559,0,0,0,0,1167504,36663944
10,false,MS,"1. NNI (Classic)",35,false,Infinity,0.8724,0,0,0,0,2345976,36663944
10,false,MS,"1. NNI (Classic)",36,false,Infinity,0.3354,0,0,0,0,879176,36663944
10,false,MS,"1. NNI (Classic)",37,false,Infinity,0.2768,0,0,0,0,714720,36663944
10,false,MS,"1. NNI (Classic)",38,false,Infinity,0.5375,0,0,0,0,1449728,36663944
10,false,MS,"1. NNI (Classic)",39,false,Infinity,0.5744,0,0,0,0,1479056,36663944
10,false,MS,"1. NNI (Classic)",40,false,Infinity,0.3498,0,0,0,0,910064,36663944
10,false,MS,"1. NNI (Classic)",41,false,Infinity,0.9280,0,0,0,0,2495720,36663944
10,false,MS,"1. NNI (Classic)",42,false,Infinity,0.5329,0,0,0,0,1420616,36663944
10,false,MS,"1. NNI (Classic)",43,false,Infinity,0.8224,0,0,0,0,2233120,36663944
10,false,MS,"1. NNI (Classic)",44,false,Infinity,0.3170,0,0,0,0,851888,36663944
10,false,MS,"1. NNI (Classic)",45,false,Infinity,0.5378,0,0,0,0,1389384,36663944
10,false,MS,"1. NNI (Classic)",46,false,Infinity,0.6108,0,0,0,0,1671000,36663944
10,false,MS,"1. NNI (Classic)",47,false,Infinity,0.2498,0,0,0,0,656624,36663944
10,false,MS,"1. NNI (Classic)",48,false,Infinity,1.1262,0,0,0,0,3029728,70218376
10,false,MS,"1. NNI (Classic)",49,false,Infinity,0.4195,0,0,0,0,1150464,70218376
10,false,MS,"1. NNI (Classic)",50,false,Infinity,0.3488,0,0,0,0,866184,70218376
10,false,MS,"1. NNI (Classic)",51,false,Infinity,0.5237,0,0,0,0,1418456,70218376
10,false,MS,"1. NNI (Classic)",52,false,Infinity,0.3581,0,0,0,0,908056,70218376
10,false,MS,"1. NNI (Classic)",53,false,Infinity,0.4757,0,0,0,0,1239960,70218376
10,false,MS,"1. NNI (Classic)",54,false,Infinity,0.2398,0,0,0,0,626296,70218376
10,false,MS,"1. NNI (Classic)",55,false,Infinity,0.4446,0,0,0,0,1179584,70218376
10,false,MS,"1. NNI (Classic)",56,false,Infinity,0.7418,0,0,0,0,1979200,70218376
10,false,MS,"1. NNI (Classic)",57,false,Infinity,0.4466,0,0,0,0,1137552,70218376
10,false,MS,"1. NNI (Classic)",58,false,Infinity,0.6130,0,0,0,0,1672592,70218376
10,false,MS,"1. NNI (Classic)",59,false,Infinity,0.4555,0,0,0,0,1210176,70218376
10,false,MS,"1. NNI (Classic)",60,false,Infinity,0.2239,0,0,0,0,598512,70218376
10,false,MS,"1. NNI (Classic)",61,false,Infinity,0.2748,0,0,0,0,656624,70218376
10,false,MS,"1. NNI (Classic)",62,false,Infinity,0.5283,0,0,0,0,1386816,70218376
10,false,MS,"1. NNI (Classic)",63,false,Infinity,0.9219,0,0,0,0,2481280,70218376
10,false,MS,"1. NNI (Classic)",64,false,Infinity,0.1493,0,0,0,0,400248,70218376
10,false,MS,"1. NNI (Classic)",65,false,Infinity,0.2531,0,0,0,0,613056,70218376
10,false,MS,"1. NNI (Classic)",66,false,Infinity,0.6236,0,0,0,0,1656808,70218376
10,false,MS,"1. NNI (Classic)",67,false,Infinity,0.3355,0,0,0,0,879176,70218376
10,false,MS,"1. NNI (Classic)",68,false,Infinity,0.8389,0,0,0,0,2242832,70218376
10,false,MS,"1. NNI (Classic)",69,false,Infinity,0.7341,0,0,0,0,1979200,70218376
10,false,MS,"1. NNI (Classic)",70,false,Infinity,0.5168,0,0,0,0,1390096,70218376
10,false,MS,"1. NNI (Classic)",71,false,Infinity,0.3276,0,0,0,0,893416,70218376
10,false,MS,"1. NNI (Classic)",72,false,Infinity,0.5613,0,0,0,0,1435424,70218376
10,false,MS,"1. NNI (Classic)",73,false,Infinity,0.5892,0,0,0,0,1522512,70218376
10,false,MS,"1. NNI (Classic)",74,false,Infinity,0.5172,0,0,0,0,1386848,103772808
10,false,MS,"1. NNI (Classic)",75,false,Infinity,0.6312,0,0,0,0,1656032,103772808
10,false,MS,"1. NNI (Classic)",76,false,Infinity,0.4542,0,0,0,0,1194152,103772808
10,false,MS,"1. NNI (Classic)",77,false,Infinity,0.8271,0,0,0,0,2212312,103772808
10,false,MS,"1. NNI (Classic)",78,false,Infinity,0.6404,0,0,0,0,1746976,103772808
10,false,MS,"1. NNI (Classic)",79,false,Infinity,0.2697,0,0,0,0,656624,103772808
10,false,MS,"1. NNI (Classic)",80,false,Infinity,0.6006,0,0,0,0,1610984,103772808
10,false,MS,"1. NNI (Classic)",81,false,Infinity,0.3457,0,0,0,0,895456,103772808
10,false,MS,"1. NNI (Classic)",82,false,Infinity,0.3301,0,0,0,0,864576,103772808
10,false,MS,"1. NNI (Classic)",83,false,Infinity,0.3639,0,0,0,0,924544,103772808
10,false,MS,"1. NNI (Classic)",84,false,Infinity,0.7292,0,0,0,0,1973768,103772808
10,false,MS,"1. NNI (Classic)",85,false,Infinity,0.1345,0,0,0,0,342992,103772808
10,false,MS,"1. NNI (Classic)",86,false,Infinity,0.3480,0,0,0,0,880976,103772808
10,false,MS,"1. NNI (Classic)",87,false,Infinity,0.4361,0,0,0,0,1151120,103772808
10,false,MS,"1. NNI (Classic)",88,false,Infinity,0.3072,0,0,0,0,835520,103772808
10,false,MS,"1. NNI (Classic)",89,false,Infinity,0.6513,0,0,0,0,1729712,103772808
10,false,MS,"1. NNI (Classic)",90,false,Infinity,0.6475,0,0,0,0,1732368,103772808
10,false,MS,"1. NNI (Classic)",91,false,Infinity,0.7115,0,0,0,0,1929800,103772808
10,false,MS,"1. NNI (Classic)",92,false,Infinity,0.2400,0,0,0,0,627600,103772808
10,false,MS,"1. NNI (Classic)",93,false,Infinity,0.5519,0,0,0,0,1464264,103772808
10,false,MS,"1. NNI (Classic)",94,false,Infinity,0.4254,0,0,0,0,1164824,103772808
10,false,MS,"1. NNI (Classic)",95,false,Infinity,1.1197,0,0,0,0,3002824,103772808
10,false,MS,"1. NNI (Classic)",96,false,Infinity,0.3340,0,0,0,0,894616,103772808
10,false,MS,"1. NNI (Classic)",97,true,8.0000,0.8295,0,0,0,0,2253672,137327240
10,false,MS,"1. NNI (Classic)",98,false,Infinity,0.4551,0,0,0,0,1151056,137327240
10,false,MS,"1. NNI (Classic)",99,false,Infinity,0.3219,0,0,0,0,880848,137327240
10,false,MS,"1. NNI (Classic)",100,false,Infinity,1.0663,0,0,0,0,2863968,137327240
10,false,MS,"2. NNI (Incremental)",1,false,Infinity,1.0321,0,0,0,0,190232,3157840
10,false,MS,"2. NNI (Incremental)",2,false,Infinity,0.2697,0,0,0,0,220144,3157840
10,false,MS,"2. NNI (Incremental)",3,false,Infinity,0.2658,0,0,0,0,220592,3157840
10,false,MS,"2. NNI (Incremental)",4,false,Infinity,0.2433,0,0,0,0,219360,3157840
10,false,MS,"2. NNI (Incremental)",5,false,Infinity,0.1353,0,0,0,0,115248,3157840
10,false,MS,"2. NNI (Incremental)",6,false,Infinity,0.3375,0,0,0,0,323304,3157840
10,false,MS,"2. NNI (Incremental)",7,false,Infinity,0.1721,0,0,0,0,254848,3157840
10,false,MS,"2. NNI (Incremental)",8,false,Infinity,0.1486,0,0,0,0,253784,3157840
10,false,MS,"2. NNI (Incremental)",9,false,Infinity,0.0637,0,0,0,0,80824,3157840
10,false,MS,"2. NNI (Incremental)",10,false,Infinity,0.0374,0,0,0,0,45784,3157840
10,false,MS,"2. NNI (Incremental)",11,false,Infinity,0.1345,0,0,0,0,324424,3157840
10,false,MS,"2. NNI (Incremental)",12,false,Infinity,0.1024,0,0,0,0,219584,3157840
10,false,MS,"2. NNI (Incremental)",13,false,Infinity,0.0670,0,0,0,0,183368,3157840
10,false,MS,"2. NNI (Incremental)",14,false,Infinity,0.0592,0,0,0,0,149616,3157840
10,false,MS,"2. NNI (Incremental)",15,false,Infinity,0.0764,0,0,0,0,184488,3157840
10,false,MS,"2. NNI (Incremental)",16,false,Infinity,0.0245,0,0,0,0,45840,3157840
10,false,MS,"2. NNI (Incremental)",17,false,Infinity,0.0890,0,0,0,0,254400,3157840
10,false,MS,"2. NNI (Incremental)",18,false,Infinity,0.0677,0,0,0,0,185664,3157840
10,false,MS,"2. NNI (Incremental)",19,false,Infinity,0.0583,0,0,0,0,149840,3157840
10,false,MS,"2. NNI (Incremental)",20,false,Infinity,0.0573,0,0,0,0,149728,3157840
10,false,MS,"2. NNI (Incremental)",21,false,Infinity,0.1129,0,0,0,0,323528,3157840
10,false,MS,"2. NNI (Incremental)",22,false,Infinity,0.0361,0,0,0,0,81104,3157840
10,false,MS,"2. NNI (Incremental)",23,false,Infinity,0.0454,0,0,0,0,115192,3157840
10,false,MS,"2. NNI (Incremental)",24,false,Infinity,0.0334,0,0,0,0,80712,3157840
10,false,MS,"2. NNI (Incremental)",25,false,Infinity,0.0990,0,0,0,0,287368,3157840
10,false,MS,"2. NNI (Incremental)",26,false,Infinity,0.0393,0,0,0,0,80376,3157840
10,false,MS,"2. NNI (Incremental)",27,false,Infinity,0.0768,0,0,0,0,219976,3157840
10,false,MS,"2. NNI (Incremental)",28,false,Infinity,0.0531,0,0,0,0,115024,3157840
10,false,MS,"2. NNI (Incremental)",29,false,Infinity,0.0720,0,0,0,0,184544,3157840
10,false,MS,"2. NNI (Incremental)",30,false,Infinity,0.0561,0,0,0,0,149560,3157840
10,false,MS,"2. NNI (Incremental)",31,false,Infinity,0.0713,0,0,0,0,184152,3157840
10,false,MS,"2. NNI (Incremental)",32,false,Infinity,0.0685,0,0,0,0,184264,3157840
10,false,MS,"2. NNI (Incremental)",33,false,Infinity,0.1121,0,0,0,0,323416,3157840
10,false,MS,"2. NNI (Incremental)",34,false,Infinity,0.0498,0,0,0,0,116144,3157840
10,false,MS,"2. NNI (Incremental)",35,false,Infinity,0.0989,0,0,0,0,254400,3157840
10,false,MS,"2. NNI (Incremental)",36,false,Infinity,0.0469,0,0,0,0,114912,3157840
10,false,MS,"2. NNI (Incremental)",37,false,Infinity,0.0411,0,0,0,0,80600,3157840
10,false,MS,"2. NNI (Incremental)",38,false,Infinity,0.0688,0,0,0,0,185328,3157840
10,false,MS,"2. NNI (Incremental)",39,false,Infinity,0.0684,0,0,0,0,183648,3157840
10,false,MS,"2. NNI (Incremental)",40,false,Infinity,0.0462,0,0,0,0,115136,3157840
10,false,MS,"2. NNI (Incremental)",41,false,Infinity,0.1090,0,0,0,0,322688,3157840
10,false,MS,"2. NNI (Incremental)",42,false,Infinity,0.0833,0,0,0,0,219304,3157840
10,false,MS,"2. NNI (Incremental)",43,false,Infinity,0.1000,0,0,0,0,288096,3157840
10,false,MS,"2. NNI (Incremental)",44,false,Infinity,0.0494,0,0,0,0,114912,3157840
10,false,MS,"2. NNI (Incremental)",45,false,Infinity,0.0689,0,0,0,0,185328,3157840
10,false,MS,"2. NNI (Incremental)",46,false,Infinity,0.0813,0,0,0,0,218184,3157840
10,false,MS,"2. NNI (Incremental)",47,false,Infinity,0.0345,0,0,0,0,80992,3157840
10,false,MS,"2. NNI (Incremental)",48,true,13.0000,0.1549,0,0,0,0,463896,3157840
10,false,MS,"2. NNI (Incremental)",49,false,Infinity,0.0567,0,0,0,0,150624,3157840
10,false,MS,"2. NNI (Incremental)",50,false,Infinity,0.0441,0,0,0,0,115080,3157840
10,false,MS,"2. NNI (Incremental)",51,false,Infinity,0.0695,0,0,0,0,184376,3157840
10,false,MS,"2. NNI (Incremental)",52,false,Infinity,0.0484,0,0,0,0,115192,3157840
10,false,MS,"2. NNI (Incremental)",53,false,Infinity,0.0841,0,0,0,0,185384,3157840
10,false,MS,"2. NNI (Incremental)",54,false,Infinity,0.0419,0,0,0,0,80432,3157840
10,false,MS,"2. NNI (Incremental)",55,false,Infinity,0.1104,0,0,0,0,323192,3157840
10,false,MS,"2. NNI (Incremental)",56,false,Infinity,0.0873,0,0,0,0,253224,3157840
10,false,MS,"2. NNI (Incremental)",57,false,Infinity,0.0705,0,0,0,0,147880,3157840
10,false,MS,"2. NNI (Incremental)",58,false,Infinity,0.0774,0,0,0,0,217568,3157840
10,false,MS,"2. NNI (Incremental)",59,false,Infinity,0.0569,0,0,0,0,148272,3157840
10,false,MS,"2. NNI (Incremental)",60,false,Infinity,0.0364,0,0,0,0,79312,3157840
10,false,MS,"2. NNI (Incremental)",61,false,Infinity,0.0346,0,0,0,0,79032,3157840
10,false,MS,"2. NNI (Incremental)",62,false,Infinity,0.0765,0,0,0,0,183368,3157840
10,false,MS,"2. NNI (Incremental)",63,false,Infinity,0.0839,0,0,0,0,217624,3157840
10,false,MS,"2. NNI (Incremental)",64,false,Infinity,0.0231,0,0,0,0,44496,3157840
10,false,MS,"2. NNI (Incremental)",65,false,Infinity,0.0329,0,0,0,0,78416,3157840
10,false,MS,"2. NNI (Incremental)",66,false,Infinity,0.0874,0,0,0,0,217512,3157840
10,false,MS,"2. NNI (Incremental)",67,false,Infinity,0.0497,0,0,0,0,113904,3157840
10,false,MS,"2. NNI (Incremental)",68,false,Infinity,0.1007,0,0,0,0,287088,3157840
10,false,MS,"2. NNI (Incremental)",69,false,Infinity,0.0874,0,0,0,0,253616,3157840
10,false,MS,"2. NNI (Incremental)",70,false,Infinity,0.0649,0,0,0,0,183032,3157840
10,false,MS,"2. NNI (Incremental)",71,false,Infinity,0.0587,0,0,0,0,114184,3157840
10,false,MS,"2. NNI (Incremental)",72,false,Infinity,0.0788,0,0,0,0,217624,3157840
10,false,MS,"2. NNI (Incremental)",73,false,Infinity,0.0955,0,0,0,0,252216,3157840
10,false,MS,"2. NNI (Incremental)",74,false,Infinity,0.0663,0,0,0,0,183816,3157840
10,false,MS,"2. NNI (Incremental)",75,false,Infinity,0.0762,0,0,0,0,218688,3157840
10,false,MS,"2. NNI (Incremental)",76,false,Infinity,0.0644,0,0,0,0,147208,3157840
10,false,MS,"2. NNI (Incremental)",77,false,Infinity,0.0994,0,0,0,0,285800,3157840
10,false,MS,"2. NNI (Incremental)",78,false,Infinity,0.1104,0,0,0,0,321120,3157840
10,false,MS,"2. NNI (Incremental)",79,false,Infinity,0.0454,0,0,0,0,113568,3157840
10,false,MS,"2. NNI (Incremental)",80,false,Infinity,0.0899,0,0,0,0,219024,3157840
10,false,MS,"2. NNI (Incremental)",81,false,Infinity,0.0769,0,0,0,0,216952,3157840
10,false,MS,"2. NNI (Incremental)",82,false,Infinity,0.0583,0,0,0,0,147656,3157840
10,false,MS,"2. NNI (Incremental)",83,false,Infinity,0.0444,0,0,0,0,113344,3157840
10,false,MS,"2. NNI (Incremental)",84,false,Infinity,0.0878,0,0,0,0,252104,3157840
10,false,MS,"2. NNI (Incremental)",85,false,Infinity,0.0229,0,0,0,0,44216,3157840
10,false,MS,"2. NNI (Incremental)",86,false,Infinity,0.0455,0,0,0,0,114016,3157840
10,false,MS,"2. NNI (Incremental)",87,false,Infinity,0.0562,0,0,0,0,149224,3157840
10,false,MS,"2. NNI (Incremental)",88,false,Infinity,0.0453,0,0,0,0,113400,3157840
10,false,MS,"2. NNI (Incremental)",89,false,Infinity,0.1010,0,0,0,0,288992,3157840
10,false,MS,"2. NNI (Incremental)",90,false,Infinity,0.0672,0,0,0,0,183872,3157840
10,false,MS,"2. NNI (Incremental)",91,false,Infinity,0.0924,0,0,0,0,251544,3157840
10,false,MS,"2. NNI (Incremental)",92,false,Infinity,0.0357,0,0,0,0,79032,3157840
10,false,MS,"2. NNI (Incremental)",93,false,Infinity,0.0642,0,0,0,0,183984,3157840
10,false,MS,"2. NNI (Incremental)",94,false,Infinity,0.0654,0,0,0,0,183424,3157840
10,false,MS,"2. NNI (Incremental)",95,false,Infinity,0.1341,0,0,0,0,391368,3157840
10,false,MS,"2. NNI (Incremental)",96,false,Infinity,0.0466,0,0,0,0,114240,3157840
10,false,MS,"2. NNI (Incremental)",97,false,Infinity,0.0982,0,0,0,0,287256,3157840
10,false,MS,"2. NNI (Incremental)",98,false,Infinity,0.0544,0,0,0,0,148888,3157840
10,false,MS,"2. NNI (Incremental)",99,false,Infinity,0.0435,0,0,0,0,113960,3157840
10,false,MS,"2. NNI (Incremental)",100,false,Infinity,0.0742,0,0,0,0,183144,3157840
10,false,MS,"3. VND NNI->ECR->SPR (Classic)",1,true,10.0000,13.1067,2121595,3745112,4373838,2668174,28466928,3169944
10,false,MS,"3. VND NNI->ECR->SPR (Classic)",2,true,13.0000,8.9705,554143,4180470,1524539,2672712,26364720,36724376
10,false,MS,"3. VND NNI->ECR->SPR (Classic)",3,true,11.0000,3.8919,509850,3357354,0,0,11427936,36724376
10,false,MS,"3. VND NNI->ECR->SPR (Classic)",4,true,14.0000,8.1634,798338,3245752,1483401,2599183,24952880,70278808
10,false,MS,"3. VND NNI->ECR->SPR (Classic)",5,true,5.0000,0.4774,463311,0,0,0,1390104,70278808
10,false,MS,"3. VND NNI->ECR->SPR (Classic)",6,true,16.0000,3.4578,1021703,2408430,0,0,10395840,103833240
10,false,MS,"3. VND NNI->ECR->SPR (Classic)",7,true,10.0000,2.7938,725720,2047984,0,0,8524104,103833240
10,false,MS,"3. VND NNI->ECR->SPR (Classic)",8,true,12.0000,8.3815,691836,2494283,2135050,3035012,24381328,137387672
10,false,MS,"3. VND NNI->ECR->SPR (Classic)",9,true,11.0000,5.1274,341971,4760933,0,0,15000672,137387672
10,false,MS,"3. VND NNI->ECR->SPR (Classic)",10,true,10.0000,4.3006,147701,4130143,0,0,12746048,137387672
10,false,MS,"3. VND NNI->ECR->SPR (Classic)",11,true,8.0000,2.1369,875366,1241922,0,0,6090792,170942104
10,false,MS,"3. VND NNI->ECR->SPR (Classic)",12,true,17.0000,5.3819,716473,4637478,0,0,15655024,170942104
10,false,MS,"3. VND NNI->ECR->SPR (Classic)",13,true,10.0000,3.2449,521802,2700946,0,0,9531488,170942104
10,false,MS,"3. VND NNI->ECR->SPR (Classic)",14,true,12.0000,5.3115,512905,4774819,0,0,15283344,204496536
10,false,MS,"3. VND NNI->ECR->SPR (Classic)",15,true,10.0000,12.5377,757751,3524122,8227235,0,35374464,238050968
10,false,MS,"3. VND NNI->ECR->SPR (Classic)",16,true,11.0000,5.0687,148722,4894757,0,0,15132776,238050968
10,false,MS,"3. VND NNI->ECR->SPR (Classic)",17,true,15.0000,4.4314,690242,3715576,0,0,13454328,271605400
10,false,MS,"3. VND NNI->ECR->SPR (Classic)",18,true,11.0000,3.1099,600100,2488261,0,0,9405376,271605400
10,false,MS,"3. VND NNI->ECR->SPR (Classic)",19,true,11.0000,24.8993,669824,2644428,21555269,0,73718328,338714264
10,false,MS,"3. VND NNI->ECR->SPR (Classic)",20,true,17.0000,9.2275,611211,2437094,841791,5280100,27798104,372268696
10,false,MS,"3. VND NNI->ECR->SPR (Classic)",21,true,10.0000,2.1126,878902,1212125,0,0,6443696,372268696
10,false,MS,"3. VND NNI->ECR->SPR (Classic)",22,true,7.0000,4.1028,329065,3755652,0,0,12564608,405823128
10,false,MS,"3. VND NNI->ECR->SPR (Classic)",23,true,16.0000,6.0448,428625,5588156,0,0,18144600,405823128
10,false,MS,"3. VND NNI->ECR->SPR (Classic)",24,true,9.0000,3.7398,317814,3402881,0,0,11357824,405823128
10,false,MS,"3. VND NNI->ECR->SPR (Classic)",25,true,17.0000,5.5535,850387,4673036,0,0,16309672,439377560
10,false,MS,"3. VND NNI->ECR->SPR (Classic)",26,true,20.0000,7.9524,402084,7518577,0,0,23820672,472931992
10,false,MS,"3. VND NNI->ECR->SPR (Classic)",27,true,13.0000,3.2195,787297,2408119,0,0,9695008,472931992
10,false,MS,"3. VND NNI->ECR->SPR (Classic)",28,true,9.0000,3.0747,404359,2649879,0,0,9318544,472931992
10,false,MS,"3. VND NNI->ECR->SPR (Classic)",29,true,12.0000,10.8358,658623,3496329,4161674,2490587,33064024,506486424
10,false,MS,"3. VND NNI->ECR->SPR (Classic)",30,true,8.0000,9.0824,596063,2961742,5502554,0,27349720,540040856
10,false,MS,"3. VND NNI->ECR->SPR (Classic)",31,true,9.0000,3.9272,555597,703138,13867,2621124,12078448,540040856
10,false,MS,"3. VND NNI->ECR->SPR (Classic)",32,true,8.0000,2.6227,582277,2018859,0,0,7848592,573595288
10,false,MS,"3. VND NNI->ECR->SPR (Classic)",33,true,9.0000,1.5555,925620,611814,0,0,4701552,573595288
10,false,MS,"3. VND NNI->ECR->SPR (Classic)",34,true,13.0000,4.4134,497206,3893995,0,0,13388872,573595288
10,false,MS,"3. VND NNI->ECR->SPR (Classic)",35,true,15.0000,3.6517,897686,2728689,0,0,11007584,573595288
10,false,MS,"3. VND NNI->ECR->SPR (Classic)",36,true,10.0000,3.8517,415371,3413842,0,0,11431656,607149720
10,false,MS,"3. VND NNI->ECR->SPR (Classic)",37,true,14.0000,5.7695,375955,5365182,0,0,17546488,607149720
10,false,MS,"3. VND NNI->ECR->SPR (Classic)",38,true,10.0000,15.1993,783580,3518541,10869209,0,46002016,674258584
10,false,MS,"3. VND NNI->ECR->SPR (Classic)",39,true,9.0000,4.7359,612375,4100657,0,0,14188536,674258584
10,false,MS,"3. VND NNI->ECR->SPR (Classic)",40,true,14.0000,5.0322,426260,4580720,0,0,15297480,707813016
10,false,MS,"3. VND NNI->ECR->SPR (Classic)",41,true,9.0000,1.6119,940699,650727,0,0,4736600,707813016
10,false,MS,"3. VND NNI->ECR->SPR (Classic)",42,true,17.0000,4.6880,599069,4059910,0,0,14324096,707813016
10,false,MS,"3. VND NNI->ECR->SPR (Classic)",43,true,14.0000,3.6575,863873,2769146,0,0,10916936,707813016
10,false,MS,"3. VND NNI->ECR->SPR (Classic)",44,true,21.0000,7.3096,395793,6878430,0,0,21733568,741367448
10,false,MS,"3. VND NNI->ECR->SPR (Classic)",45,true,7.0000,3.0456,580243,2446572,0,0,9338672,741367448
10,false,MS,"3. VND NNI->ECR->SPR (Classic)",46,true,8.0000,12.7104,765857,2268334,9652194,0,38277640,808476312
10,false,MS,"3. VND NNI->ECR->SPR (Classic)",47,true,21.0000,8.5737,349624,8191778,0,0,26070424,808476312
10,false,MS,"3. VND NNI->ECR->SPR (Classic)",48,true,14.0000,2.4452,1154856,1265246,0,0,7121904,842030744
10,false,MS,"3. VND NNI->ECR->SPR (Classic)",49,true,13.0000,9.7135,575443,2409351,1482169,5206301,29934776,842030744
10,false,MS,"3. VND NNI->ECR->SPR (Classic)",50,true,14.0000,9.6808,507065,4457025,2125682,2564396,29993720,875585176
10,false,MS,"3. VND NNI->ECR->SPR (Classic)",51,true,11.0000,7.4828,685864,2739540,1463263,2567693,23178008,909139608
10,false,MS,"3. VND NNI->ECR->SPR (Classic)",52,true,9.0000,3.1227,433104,2668715,0,0,9367744,909139608
10,false,MS,"3. VND NNI->ECR->SPR (Classic)",53,true,14.0000,5.1872,542340,4618542,0,0,16135432,942694040
10,false,MS,"3. VND NNI->ECR->SPR (Classic)",54,true,15.0000,6.6516,327001,6296153,0,0,20011760,942694040
10,false,MS,"3. VND NNI->ECR->SPR (Classic)",55,true,9.0000,3.2095,501834,2688923,0,0,9828536,976248472
10,false,MS,"3. VND NNI->ECR->SPR (Classic)",56,true,16.0000,4.1333,792096,3314242,0,0,12324744,976248472
10,false,MS,"3. VND NNI->ECR->SPR (Classic)",57,true,12.0000,4.4671,493799,3947477,0,0,13549248,976248472
10,false,MS,"3. VND NNI->ECR->SPR (Classic)",58,true,12.0000,3.8215,686856,3110014,0,0,11499488,1009802904
10,false,MS,"3. VND NNI->ECR->SPR (Classic)",59,true,11.0000,3.8966,514729,3360540,0,0,11984896,1009802904
10,false,MS,"3. VND NNI->ECR->SPR (Classic)",60,true,9.0000,5.0254,310680,4692523,0,0,15299224,1043357336
10,false,MS,"3. VND NNI->ECR->SPR (Classic)",61,true,18.0000,6.6514,355516,6264553,0,0,19945128,1043357336
10,false,MS,"3. VND NNI->ECR->SPR (Classic)",62,true,7.0000,1.8036,567860,1218236,0,0,5496328,1043357336
10,false,MS,"3. VND NNI->ECR->SPR (Classic)",63,true,8.0000,5.1814,917324,721332,3520204,0,15591880,1076911768
10,false,MS,"3. VND NNI->ECR->SPR (Classic)",64,true,8.0000,3.5684,133714,3416076,0,0,11053560,1076911768
10,false,MS,"3. VND NNI->ECR->SPR (Classic)",65,true,17.0000,7.2855,318535,6935388,0,0,21509664,1110466200
10,false,MS,"3. VND NNI->ECR->SPR (Classic)",66,true,8.0000,2.7440,679082,2044458,0,0,8353128,1110466200
10,false,MS,"3. VND NNI->ECR->SPR (Classic)",67,true,10.0000,7.5258,499228,4371022,15980,2603291,23273984,1144020632
10,false,MS,"3. VND NNI->ECR->SPR (Classic)",68,true,11.0000,2.2796,872329,1385625,0,0,6843064,1144020632
10,false,MS,"3. VND NNI->ECR->SPR (Classic)",69,true,16.0000,4.6650,779322,3858617,0,0,14195920,1144020632
10,false,MS,"3. VND NNI->ECR->SPR (Classic)",70,true,16.0000,4.6840,580344,4075750,0,0,14030416,1177575064
10,false,MS,"3. VND NNI->ECR->SPR (Classic)",71,true,8.0000,2.4077,415400,1973823,0,0,7407368,1177575064
10,false,MS,"3. VND NNI->ECR->SPR (Classic)",72,true,11.0000,4.2944,595152,3678065,0,0,13134776,1177575064
10,false,MS,"3. VND NNI->ECR->SPR (Classic)",73,true,10.0000,12.4853,750899,2776329,8931784,0,37607616,1244683928
10,false,MS,"3. VND NNI->ECR->SPR (Classic)",74,true,8.0000,2.3763,565806,1792618,0,0,7370496,1244683928
10,false,MS,"3. VND NNI->ECR->SPR (Classic)",75,true,10.0000,2.4335,653273,1759436,0,0,7437424,1244683928
10,false,MS,"3. VND NNI->ECR->SPR (Classic)",76,true,12.0000,4.0275,549846,3453967,0,0,12009448,1244683928
10,false,MS,"3. VND NNI->ECR->SPR (Classic)",77,true,9.0000,1.4906,856920,612775,0,0,4435432,1244683928
10,false,MS,"3. VND NNI->ECR->SPR (Classic)",78,true,12.0000,4.0903,715531,3347165,0,0,12147032,1278238360
10,false,MS,"3. VND NNI->ECR->SPR (Classic)",79,true,14.0000,5.7408,351869,5364871,0,0,17462648,1278238360
10,false,MS,"3. VND NNI->ECR->SPR (Classic)",80,true,6.0000,1.2672,628124,622895,0,0,3806320,1278238360
10,false,MS,"3. VND NNI->ECR->SPR (Classic)",81,true,11.0000,8.6480,506032,4637569,3476982,0,26261464,1311792792
10,false,MS,"3. VND NNI->ECR->SPR (Classic)",82,true,9.0000,17.3816,593850,2935242,13826452,0,52194400,1378901656
10,false,MS,"3. VND NNI->ECR->SPR (Classic)",83,true,10.0000,6.7938,530891,3628559,16060,2581008,20973392,1378901656
10,false,MS,"3. VND NNI->ECR->SPR (Classic)",84,true,9.0000,4.8339,773551,655196,798298,2575858,14711024,1412456088
10,false,MS,"3. VND NNI->ECR->SPR (Classic)",85,true,12.0000,4.0844,125048,3937497,0,0,12231824,1412456088
10,false,MS,"3. VND NNI->ECR->SPR (Classic)",86,true,13.0000,5.1335,411433,4689948,0,0,15605344,1446010520
10,false,MS,"3. VND NNI->ECR->SPR (Classic)",87,true,10.0000,3.8165,493068,3297361,0,0,11455456,1446010520
10,false,MS,"3. VND NNI->ECR->SPR (Classic)",88,true,8.0000,2.9924,378030,2593352,0,0,8986344,1446010520
10,false,MS,"3. VND NNI->ECR->SPR (Classic)",89,true,11.0000,3.2972,704460,2569085,0,0,9936568,1479564952
10,false,MS,"3. VND NNI->ECR->SPR (Classic)",90,true,16.0000,11.6128,791976,4045663,4209766,2530232,35215272,1513119384
10,false,MS,"3. VND NNI->ECR->SPR (Classic)",91,true,10.0000,2.7387,759945,1954617,0,0,8375440,1513119384
10,false,MS,"3. VND NNI->ECR->SPR (Classic)",92,true,15.0000,6.4207,331931,6060946,0,0,19338872,1513119384
10,false,MS,"3. VND NNI->ECR->SPR (Classic)",93,true,12.0000,5.1902,637763,4525366,0,0,15651520,1546673816
10,false,MS,"3. VND NNI->ECR->SPR (Classic)",94,true,9.0000,3.0192,504509,2494684,0,0,9314744,1546673816
10,false,MS,"3. VND NNI->ECR->SPR (Classic)",95,true,14.0000,2.3978,1109490,1263293,0,0,7104640,1546673816
10,false,MS,"3. VND NNI->ECR->SPR (Classic)",96,true,11.0000,3.6470,412855,3211226,0,0,11233728,1580228248
10,false,MS,"3. VND NNI->ECR->SPR (Classic)",97,true,8.0000,0.8080,762330,0,0,0,2271920,1580228248
10,false,MS,"3. VND NNI->ECR->SPR (Classic)",98,true,13.0000,4.3852,494000,3869608,0,0,13591456,1580228248
10,false,MS,"3. VND NNI->ECR->SPR (Classic)",99,true,15.0000,5.0070,398719,4584378,0,0,15028624,1613782680
10,false,MS,"3. VND NNI->ECR->SPR (Classic)",100,true,13.0000,2.4221,1068913,1328797,0,0,7279608,1613782680
10,false,MS,"4. VND NNI->SPR (Classic)",1,true,10.0000,5.7031,598447,0,0,5028512,17408352,3214784
10,false,MS,"4. VND NNI->SPR (Classic)",2,true,12.0000,8.1470,441349,0,0,7685495,24844776,36769216
10,false,MS,"4. VND NNI->SPR (Classic)",3,true,11.0000,5.7151,492247,0,0,5196742,17503888,36769216
10,false,MS,"4. VND NNI->SPR (Classic)",4,true,14.0000,5.8712,655556,0,0,5174460,17998352,70323648
10,false,MS,"4. VND NNI->SPR (Classic)",5,true,5.0000,0.4630,447621,0,0,0,1389680,70323648
10,false,MS,"4. VND NNI->SPR (Classic)",6,true,14.0000,3.5574,974303,0,0,2553476,11088248,70323648
10,false,MS,"4. VND NNI->SPR (Classic)",7,true,10.0000,8.2944,693658,0,0,7575115,26137784,103878080
10,false,MS,"4. VND NNI->SPR (Classic)",8,true,12.0000,5.6204,575424,0,0,5020777,17573200,103878080
10,false,MS,"4. VND NNI->SPR (Classic)",9,true,10.0000,7.8960,323865,0,0,7540169,24739840,137432512
10,false,MS,"4. VND NNI->SPR (Classic)",10,true,14.0000,13.0174,136109,0,0,12842601,40557384,170986944
10,false,MS,"4. VND NNI->SPR (Classic)",11,true,10.0000,3.3834,823747,0,0,2540251,10436368,204541376
10,false,MS,"4. VND NNI->SPR (Classic)",12,true,15.0000,5.9115,674523,0,0,5201110,18358192,204541376
10,false,MS,"4. VND NNI->SPR (Classic)",13,true,9.0000,5.6110,480093,0,0,5105379,17459040,238095808
10,false,MS,"4. VND NNI->SPR (Classic)",14,true,12.0000,5.5733,480154,0,0,5071394,17313672,238095808
10,false,MS,"4. VND NNI->SPR (Classic)",15,true,13.0000,5.6697,568091,0,0,5071704,17588208,271650240
10,false,MS,"4. VND NNI->SPR (Classic)",16,false,Infinity,12.7752,230469,0,0,12513435,40288912,305204672
10,false,MS,"4. VND NNI->SPR (Classic)",17,true,17.0000,8.3517,670686,0,0,7654445,26025320,338759104
10,false,MS,"4. VND NNI->SPR (Classic)",18,true,10.0000,5.7589,578190,0,0,5152538,17891664,338759104
10,false,MS,"4. VND NNI->SPR (Classic)",19,true,17.0000,10.7754,538173,0,0,10187984,33693240,372313536
10,false,MS,"4. VND NNI->SPR (Classic)",20,true,18.0000,8.2733,494951,0,0,7732554,25502200,405867968
10,false,MS,"4. VND NNI->SPR (Classic)",21,true,12.0000,8.5943,860196,0,0,7700122,26876040,439422400
10,false,MS,"4. VND NNI->SPR (Classic)",22,true,12.0000,8.1164,329857,0,0,7742533,25131752,472976832
10,false,MS,"4. VND NNI->SPR (Classic)",23,true,15.0000,10.7359,419327,0,0,10265380,33164744,506531264
10,false,MS,"4. VND NNI->SPR (Classic)",24,true,9.0000,8.0725,307254,0,0,7721002,25116608,540085696
10,false,MS,"4. VND NNI->SPR (Classic)",25,true,15.0000,8.4311,835169,0,0,7562059,26063824,573640128
10,false,MS,"4. VND NNI->SPR (Classic)",26,true,14.0000,12.8663,340368,0,0,12493437,40076744,607194560
10,false,MS,"4. VND NNI->SPR (Classic)",27,true,13.0000,5.8084,748333,0,0,5033762,17993832,607194560
10,false,MS,"4. VND NNI->SPR (Classic)",28,true,12.0000,8.0407,394271,0,0,7623717,24954584,640748992
10,false,MS,"4. VND NNI->SPR (Classic)",29,true,13.0000,8.1271,549646,0,0,7557170,25362448,674303424
10,false,MS,"4. VND NNI->SPR (Classic)",30,true,13.0000,8.0208,498418,0,0,7491095,24954088,707857856
10,false,MS,"4. VND NNI->SPR (Classic)",31,true,9.0000,3.1791,561297,0,0,2594544,9817416,707857856
10,false,MS,"4. VND NNI->SPR (Classic)",32,true,9.0000,5.7043,563282,0,0,5113754,17656376,741412288
10,false,MS,"4. VND NNI->SPR (Classic)",33,false,Infinity,3.4932,910592,0,0,2562412,10836840,741412288
10,false,MS,"4. VND NNI->SPR (Classic)",34,true,17.0000,8.1961,491655,0,0,7673261,25312968,774966720
10,false,MS,"4. VND NNI->SPR (Classic)",35,true,12.0000,6.0669,887447,0,0,5155624,18766280,774966720
10,false,MS,"4. VND NNI->SPR (Classic)",36,true,11.0000,8.0103,406964,0,0,7565315,24764576,808521152
10,false,MS,"4. VND NNI->SPR (Classic)",37,true,15.0000,13.2895,373701,0,0,12866727,41339096,842075584
10,false,MS,"4. VND NNI->SPR (Classic)",38,true,14.0000,8.2234,595252,0,0,7594412,25656552,875630016
10,false,MS,"4. VND NNI->SPR (Classic)",39,true,13.0000,8.0821,591725,0,0,7465547,25142032,909184448
10,false,MS,"4. VND NNI->SPR (Classic)",40,true,11.0000,8.1285,420289,0,0,7674794,25410760,909184448
10,false,MS,"4. VND NNI->SPR (Classic)",41,true,10.0000,3.5738,940349,0,0,2612688,10857336,942738880
10,false,MS,"4. VND NNI->SPR (Classic)",42,true,13.0000,5.8081,579492,0,0,5196651,17823232,942738880
10,false,MS,"4. VND NNI->SPR (Classic)",43,true,13.0000,5.9202,848003,0,0,5048010,18263168,976293312
10,false,MS,"4. VND NNI->SPR (Classic)",44,true,16.0000,10.7263,389791,0,0,10291810,33032576,1009847744
10,false,MS,"4. VND NNI->SPR (Classic)",45,true,10.0000,5.7362,565315,0,0,5151315,17869128,1009847744
10,false,MS,"4. VND NNI->SPR (Classic)",46,true,10.0000,3.2066,656819,0,0,2531674,9844608,1043402176
10,false,MS,"4. VND NNI->SPR (Classic)",47,true,19.0000,10.7662,344956,0,0,10383145,33394448,1076956608
10,false,MS,"4. VND NNI->SPR (Classic)",48,true,13.0000,3.6330,1097828,0,0,2512888,11169072,1076956608
10,false,MS,"4. VND NNI->SPR (Classic)",49,true,14.0000,8.2499,464403,0,0,7750328,25637872,1110511040
10,false,MS,"4. VND NNI->SPR (Classic)",50,true,14.0000,10.5442,400362,0,0,10117669,32735200,1144065472
10,false,MS,"4. VND NNI->SPR (Classic)",51,true,11.0000,10.8364,576117,0,0,10235233,33818760,1177619904
10,false,MS,"4. VND NNI->SPR (Classic)",52,true,10.0000,10.6302,422414,0,0,10183585,32885040,1211174336
10,false,MS,"4. VND NNI->SPR (Classic)",53,true,13.0000,8.2963,547733,0,0,7712455,25616112,1211174336
10,false,MS,"4. VND NNI->SPR (Classic)",54,true,14.0000,8.0351,321842,0,0,7674163,24890360,1244728768
10,false,MS,"4. VND NNI->SPR (Classic)",55,true,10.0000,8.2379,497797,0,0,7718718,25599704,1278283200
10,false,MS,"4. VND NNI->SPR (Classic)",56,true,14.0000,5.8613,774913,0,0,5057206,18012632,1278283200
10,false,MS,"4. VND NNI->SPR (Classic)",57,true,13.0000,8.1998,493909,0,0,7674163,25426152,1311837632
10,false,MS,"4. VND NNI->SPR (Classic)",58,true,12.0000,5.8612,659214,0,0,5176473,18026536,1345392064
10,false,MS,"4. VND NNI->SPR (Classic)",59,true,12.0000,10.5651,504820,0,0,10036685,32916360,1378946496
10,false,MS,"4. VND NNI->SPR (Classic)",60,true,14.0000,10.6087,307515,0,0,10270881,32790408,1412500928
10,false,MS,"4. VND NNI->SPR (Classic)",61,true,15.0000,10.5931,344846,0,0,10217559,32723424,1446055360
10,false,MS,"4. VND NNI->SPR (Classic)",62,true,7.0000,3.1489,555506,0,0,2573514,9719808,1446055360
10,false,MS,"4. VND NNI->SPR (Classic)",63,true,11.0000,3.4483,908868,0,0,2518298,10637232,1446055360
10,false,MS,"4. VND NNI->SPR (Classic)",64,true,8.0000,7.9100,130518,0,0,7751300,24608968,1479609792
10,false,MS,"4. VND NNI->SPR (Classic)",65,true,16.0000,12.8069,310651,0,0,12446528,39802840,1513164224
10,false,MS,"4. VND NNI->SPR (Classic)",66,true,10.0000,5.8462,648863,0,0,5170923,18128960,1546718656
10,false,MS,"4. VND NNI->SPR (Classic)",67,true,16.0000,10.7460,397275,0,0,10295037,33320624,1580273088
10,false,MS,"4. VND NNI->SPR (Classic)",68,true,11.0000,3.4103,840417,0,0,2549288,10568624,1580273088
10,false,MS,"4. VND NNI->SPR (Classic)",69,true,14.0000,5.9702,752481,0,0,5183056,18447072,1613827520
10,false,MS,"4. VND NNI->SPR (Classic)",70,true,12.0000,5.5457,559253,0,0,4956265,17197440,1613827520
10,false,MS,"4. VND NNI->SPR (Classic)",71,true,8.0000,5.5817,406192,0,0,5146647,17340200,1647381952
10,false,MS,"4. VND NNI->SPR (Classic)",72,true,15.0000,8.3472,586374,0,0,7727885,25716976,1647381952
10,false,MS,"4. VND NNI->SPR (Classic)",73,true,12.0000,8.2489,631250,0,0,7593981,25345208,1680936384
10,false,MS,"4. VND NNI->SPR (Classic)",74,true,10.0000,5.7565,542201,0,0,5191642,17945800,1714490816
10,false,MS,"4. VND NNI->SPR (Classic)",75,true,10.0000,3.2681,643855,0,0,2606626,10124352,1714490816
10,false,MS,"4. VND NNI->SPR (Classic)",76,true,10.0000,8.1588,519588,0,0,7611844,25228088,1748045248
10,false,MS,"4. VND NNI->SPR (Classic)",77,true,9.0000,3.4338,827834,0,0,2587931,10570968,1748045248
10,false,MS,"4. VND NNI->SPR (Classic)",78,true,14.0000,11.0050,692647,0,0,10287803,33953728,1781599680
10,false,MS,"4. VND NNI->SPR (Classic)",79,true,14.0000,13.1835,336600,0,0,12813916,40777488,1815154112
10,false,MS,"4. VND NNI->SPR (Classic)",80,true,7.0000,3.2158,613697,0,0,2584835,9912216,1848708544
10,false,MS,"4. VND NNI->SPR (Classic)",81,true,14.0000,12.9101,412354,0,0,12472417,39928952,1882262976
10,false,MS,"4. VND NNI->SPR (Classic)",82,true,11.0000,10.6585,387155,0,0,10242727,33249552,1915817408
10,false,MS,"4. VND NNI->SPR (Classic)",83,true,13.0000,10.7777,432322,0,0,10318472,33274056,1949371840
10,false,MS,"4. VND NNI->SPR (Classic)",84,true,9.0000,3.3429,756028,0,0,2565909,10259584,1949371840
10,false,MS,"4. VND NNI->SPR (Classic)",85,true,11.0000,7.6491,113306,0,0,7516072,23678712,1982926272
10,false,MS,"4. VND NNI->SPR (Classic)",86,true,15.0000,10.7937,402846,0,0,10339782,33225424,2016480704
10,false,MS,"4. VND NNI->SPR (Classic)",87,true,10.0000,5.6372,485654,0,0,5131477,17516720,2016480704
10,false,MS,"4. VND NNI->SPR (Classic)",88,true,8.0000,5.5436,375194,0,0,5137119,17059888,2050035136
10,false,MS,"4. VND NNI->SPR (Classic)",89,true,10.0000,5.8854,688489,0,0,5166785,18211176,2050035136
10,false,MS,"4. VND NNI->SPR (Classic)",90,true,14.0000,8.4551,687247,0,0,7743234,26079456,2083589568
10,false,MS,"4. VND NNI->SPR (Classic)",91,true,12.0000,5.8705,725980,0,0,5115668,18353512,2117144000
10,false,MS,"4. VND NNI->SPR (Classic)",92,true,12.0000,12.8950,331921,0,0,12541057,40169920,2150698432
10,false,MS,"4. VND NNI->SPR (Classic)",93,true,14.0000,8.2894,608217,0,0,7650808,25736696,2184252864
10,false,MS,"4. VND NNI->SPR (Classic)",94,false,Infinity,8.3399,595151,0,0,7718107,26008640,2184252864
10,false,MS,"4. VND NNI->SPR (Classic)",95,true,13.0000,3.6833,1092277,0,0,2565889,11215976,2217807296
10,false,MS,"4. VND NNI->SPR (Classic)",96,true,15.0000,10.8589,412895,0,0,10410857,33633048,2251361728
10,false,MS,"4. VND NNI->SPR (Classic)",97,true,8.0000,0.7664,749355,0,0,0,2271920,2251361728
10,false,MS,"4. VND NNI->SPR (Classic)",98,true,14.0000,10.5274,485393,0,0,10020925,32666624,2284916160
10,false,MS,"4. VND NNI->SPR (Classic)",99,true,13.0000,7.9339,403697,0,0,7502347,24605152,2318470592
10,false,MS,"4. VND NNI->SPR (Classic)",100,true,13.0000,3.6251,1066327,0,0,2533918,11108304,2318470592
10,false,MS,"5. VND NNI->ECR->SPR (Inc)",1,true,10.0000,5.5396,313406,797627,2424591,1922206,4559496,3249120
10,false,MS,"5. VND NNI->ECR->SPR (Inc)",2,true,10.0000,0.3756,122532,236770,0,0,1177992,3249120
10,false,MS,"5. VND NNI->ECR->SPR (Inc)",3,true,6.0000,0.2653,114327,134796,0,0,869384,3249120
10,false,MS,"5. VND NNI->ECR->SPR (Inc)",4,true,14.0000,1.6071,172718,352951,190111,874994,3816976,3249120
10,false,MS,"5. VND NNI->ECR->SPR (Inc)",5,true,5.0000,0.2236,48141,165705,0,0,846392,3249120
10,false,MS,"5. VND NNI->ECR->SPR (Inc)",6,true,16.0000,1.5523,159463,80553,114448,1170215,3716136,3249120
10,false,MS,"5. VND NNI->ECR->SPR (Inc)",7,true,12.0000,0.3095,95382,202285,0,0,1227912,3249120
10,false,MS,"5. VND NNI->ECR->SPR (Inc)",8,true,10.0000,0.2684,95091,162990,0,0,991728,3249120
10,false,MS,"5. VND NNI->ECR->SPR (Inc)",9,true,7.0000,0.3996,36018,353272,0,0,1627064,3249120
10,false,MS,"5. VND NNI->ECR->SPR (Inc)",10,true,10.0000,0.4417,15039,415481,0,0,1814976,3249120
10,false,MS,"5. VND NNI->ECR->SPR (Inc)",11,true,10.0000,0.2480,115089,121390,0,0,972808,3249120
10,false,MS,"5. VND NNI->ECR->SPR (Inc)",12,true,17.0000,0.5313,78229,442682,0,0,2244016,3249120
10,false,MS,"5. VND NNI->ECR->SPR (Inc)",13,true,11.0000,0.3646,70124,284010,0,0,1429216,3249120
10,false,MS,"5. VND NNI->ECR->SPR (Inc)",14,true,12.0000,0.4393,57409,372188,0,0,1886560,3249120
10,false,MS,"5. VND NNI->ECR->SPR (Inc)",15,true,10.0000,1.4726,90873,336871,1030400,0,5720272,3249120
10,false,MS,"5. VND NNI->ECR->SPR (Inc)",16,true,11.0000,0.5405,13436,517033,0,0,2151400,36803552
10,false,MS,"5. VND NNI->ECR->SPR (Inc)",17,true,14.0000,0.4283,92555,324967,0,0,1749008,36803552
10,false,MS,"5. VND NNI->ECR->SPR (Inc)",18,true,11.0000,0.3462,73840,263080,0,0,1365376,36803552
10,false,MS,"5. VND NNI->ECR->SPR (Inc)",19,true,11.0000,1.3592,74121,435788,276405,556108,4571664,36803552
10,false,MS,"5. VND NNI->ECR->SPR (Inc)",20,true,20.0000,0.6255,62168,552811,0,0,2541304,36803552
10,false,MS,"5. VND NNI->ECR->SPR (Inc)",21,true,15.0000,0.4424,113636,315530,0,0,1804288,36803552
10,false,MS,"5. VND NNI->ECR->SPR (Inc)",22,true,8.0000,0.4522,40908,400873,0,0,1788872,36803552
10,false,MS,"5. VND NNI->ECR->SPR (Inc)",23,true,16.0000,0.6318,45607,576606,0,0,2579208,36803552
10,false,MS,"5. VND NNI->ECR->SPR (Inc)",24,true,9.0000,0.4041,34867,360195,0,0,1632448,36803552
10,false,MS,"5. VND NNI->ECR->SPR (Inc)",25,true,20.0000,0.5517,101764,438724,0,0,2331632,36803552
10,false,MS,"5. VND NNI->ECR->SPR (Inc)",26,true,20.0000,0.7934,36169,747030,0,0,3376704,36803552
10,false,MS,"5. VND NNI->ECR->SPR (Inc)",27,true,13.0000,0.3568,90161,257089,0,0,1378688,36803552
10,false,MS,"5. VND NNI->ECR->SPR (Inc)",28,true,9.0000,0.4754,45847,418696,0,0,1898592,36803552
10,false,MS,"5. VND NNI->ECR->SPR (Inc)",29,true,10.0000,1.2335,84861,289851,287627,555767,3933504,36803552
10,false,MS,"5. VND NNI->ECR->SPR (Inc)",30,true,9.0000,1.1518,71717,317794,749114,0,4419552,70357984
10,false,MS,"5. VND NNI->ECR->SPR (Inc)",31,true,9.0000,0.7274,72248,75864,13716,550356,1992080,70357984
10,false,MS,"5. VND NNI->ECR->SPR (Inc)",32,true,8.0000,0.2951,70785,213927,0,0,1166224,70357984
10,false,MS,"5. VND NNI->ECR->SPR (Inc)",33,true,9.0000,0.1950,112775,71396,0,0,735792,70357984
10,false,MS,"5. VND NNI->ECR->SPR (Inc)",34,true,15.0000,0.5118,46208,456368,0,0,2150720,70357984
10,false,MS,"5. VND NNI->ECR->SPR (Inc)",35,true,15.0000,0.4615,91755,359934,0,0,1828784,70357984
10,false,MS,"5. VND NNI->ECR->SPR (Inc)",36,true,11.0000,0.4030,47761,344705,0,0,1636440,70357984
10,false,MS,"5. VND NNI->ECR->SPR (Inc)",37,true,17.0000,1.5597,54254,549045,393318,547992,5268488,70357984
10,false,MS,"5. VND NNI->ECR->SPR (Inc)",38,true,10.0000,1.9091,101543,372899,1420271,0,7551608,70357984
10,false,MS,"5. VND NNI->ECR->SPR (Inc)",39,true,20.0000,0.7008,65875,624447,0,0,2925912,70357984
10,false,MS,"5. VND NNI->ECR->SPR (Inc)",40,true,14.0000,0.5397,50667,477708,0,0,2178808,70357984
10,false,MS,"5. VND NNI->ECR->SPR (Inc)",41,true,9.0000,0.1927,112874,69783,0,0,737232,70357984
10,false,MS,"5. VND NNI->ECR->SPR (Inc)",42,true,16.0000,0.5014,78359,413707,0,0,2104856,103912416
10,false,MS,"5. VND NNI->ECR->SPR (Inc)",43,true,14.0000,0.3986,106783,282999,0,0,1594568,103912416
10,false,MS,"5. VND NNI->ECR->SPR (Inc)",44,true,19.0000,0.7277,43843,675094,0,0,3104952,103912416
10,false,MS,"5. VND NNI->ECR->SPR (Inc)",45,true,7.0000,0.3369,70604,253542,0,0,1359440,103912416
10,false,MS,"5. VND NNI->ECR->SPR (Inc)",46,true,8.0000,1.6092,89019,236800,1269915,0,6325192,103912416
10,false,MS,"5. VND NNI->ECR->SPR (Inc)",47,true,19.0000,1.7101,48401,413707,186484,1043725,5308272,103912416
10,false,MS,"5. VND NNI->ECR->SPR (Inc)",48,true,13.0000,0.1649,154634,0,0,0,605248,103912416
10,false,MS,"5. VND NNI->ECR->SPR (Inc)",49,true,13.0000,1.5321,69622,250857,188999,1009219,4672488,103912416
10,false,MS,"5. VND NNI->ECR->SPR (Inc)",50,true,14.0000,1.3585,68741,459002,292907,521812,4589096,103912416
10,false,MS,"5. VND NNI->ECR->SPR (Inc)",51,true,11.0000,1.1032,82016,301713,193407,506834,3642504,103912416
10,false,MS,"5. VND NNI->ECR->SPR (Inc)",52,true,9.0000,0.3418,48232,284080,0,0,1343472,137466848
10,false,MS,"5. VND NNI->ECR->SPR (Inc)",53,true,15.0000,0.5558,73741,470445,0,0,2323608,137466848
10,false,MS,"5. VND NNI->ECR->SPR (Inc)",54,true,15.0000,0.6912,34396,645668,0,0,2833224,137466848
10,false,MS,"5. VND NNI->ECR->SPR (Inc)",55,true,9.0000,0.1908,112685,68400,0,0,738760,137466848
10,false,MS,"5. VND NNI->ECR->SPR (Inc)",56,true,10.0000,0.2898,88108,191645,0,0,1147504,137466848
10,false,MS,"5. VND NNI->ECR->SPR (Inc)",57,true,13.0000,0.5063,58812,435599,0,0,2031808,137466848
10,false,MS,"5. VND NNI->ECR->SPR (Inc)",58,true,12.0000,0.4104,74992,324948,0,0,1664872,137466848
10,false,MS,"5. VND NNI->ECR->SPR (Inc)",59,true,11.0000,0.4161,57860,350025,0,0,1723800,137466848
10,false,MS,"5. VND NNI->ECR->SPR (Inc)",60,true,20.0000,0.9817,34275,938475,0,0,2951304,137466848
10,false,MS,"5. VND NNI->ECR->SPR (Inc)",61,true,18.0000,0.6330,33944,589682,0,0,2637368,137466848
10,false,MS,"5. VND NNI->ECR->SPR (Inc)",62,true,7.0000,0.2134,69692,133854,0,0,830208,137466848
10,false,MS,"5. VND NNI->ECR->SPR (Inc)",63,true,9.0000,0.8932,92055,298528,489952,0,3400744,137466848
10,false,MS,"5. VND NNI->ECR->SPR (Inc)",64,true,8.0000,0.3914,13545,367549,0,0,1582496,137466848
10,false,MS,"5. VND NNI->ECR->SPR (Inc)",65,true,16.0000,0.6627,35026,615109,0,0,2725896,137466848
10,false,MS,"5. VND NNI->ECR->SPR (Inc)",66,true,8.0000,0.3063,78089,218676,0,0,1236424,137466848
10,false,MS,"5. VND NNI->ECR->SPR (Inc)",67,true,13.0000,0.4967,56528,428134,0,0,1984488,137466848
10,false,MS,"5. VND NNI->ECR->SPR (Inc)",68,true,11.0000,0.2645,102325,152520,0,0,1032672,137466848
10,false,MS,"5. VND NNI->ECR->SPR (Inc)",69,true,16.0000,0.5179,87086,421481,0,0,2061640,137466848
10,false,MS,"5. VND NNI->ECR->SPR (Inc)",70,true,16.0000,0.4748,77107,385904,0,0,2036648,171021280
10,false,MS,"5. VND NNI->ECR->SPR (Inc)",71,true,8.0000,0.2592,52230,198106,0,0,1080712,171021280
10,false,MS,"5. VND NNI->ECR->SPR (Inc)",72,true,14.0000,0.4373,76586,351358,0,0,1937416,171021280
10,false,MS,"5. VND NNI->ECR->SPR (Inc)",73,true,9.0000,1.6595,103046,264783,1280224,0,6573520,171021280
10,false,MS,"5. VND NNI->ECR->SPR (Inc)",74,true,8.0000,0.2609,65283,185081,0,0,1095808,171021280
10,false,MS,"5. VND NNI->ECR->SPR (Inc)",75,true,10.0000,0.2570,78530,169682,0,0,1074936,171021280
10,false,MS,"5. VND NNI->ECR->SPR (Inc)",76,true,11.0000,0.4196,56197,354194,0,0,1785200,171021280
10,false,MS,"5. VND NNI->ECR->SPR (Inc)",77,true,12.0000,0.3070,99509,198698,0,0,1298976,171021280
10,false,MS,"5. VND NNI->ECR->SPR (Inc)",78,true,16.0000,0.4498,116121,324347,0,0,1879840,171021280
10,false,MS,"5. VND NNI->ECR->SPR (Inc)",79,true,13.0000,0.5151,45617,459133,0,0,2238320,171021280
10,false,MS,"5. VND NNI->ECR->SPR (Inc)",80,true,6.0000,0.1489,76075,63972,0,0,606296,171021280
10,false,MS,"5. VND NNI->ECR->SPR (Inc)",81,true,13.0000,1.2820,90663,344405,281486,548483,4355816,171021280
10,false,MS,"5. VND NNI->ECR->SPR (Inc)",82,true,6.0000,0.2154,61137,144505,0,0,853504,171021280
10,false,MS,"5. VND NNI->ECR->SPR (Inc)",83,true,10.0000,1.0159,58471,379924,14498,547973,3235320,171021280
10,false,MS,"5. VND NNI->ECR->SPR (Inc)",84,true,9.0000,0.7727,98507,63992,102445,496183,2387048,171021280
10,false,MS,"5. VND NNI->ECR->SPR (Inc)",85,true,12.0000,0.4167,12734,393087,0,0,1751992,204575712
10,false,MS,"5. VND NNI->ECR->SPR (Inc)",86,true,12.0000,2.5004,62760,403107,2020542,0,9863480,204575712
10,false,MS,"5. VND NNI->ECR->SPR (Inc)",87,true,10.0000,0.4038,72026,317654,0,0,1647080,204575712
10,false,MS,"5. VND NNI->ECR->SPR (Inc)",88,true,8.0000,0.3015,45146,246138,0,0,1307808,204575712
10,false,MS,"5. VND NNI->ECR->SPR (Inc)",89,true,11.0000,0.3146,98798,205841,0,0,1264392,204575712
10,false,MS,"5. VND NNI->ECR->SPR (Inc)",90,true,16.0000,0.5789,66957,502916,0,0,2606064,204575712
10,false,MS,"5. VND NNI->ECR->SPR (Inc)",91,true,10.0000,0.3088,89039,211031,0,0,1248528,204575712
10,false,MS,"5. VND NNI->ECR->SPR (Inc)",92,true,15.0000,0.6061,33344,563141,0,0,2725952,204575712
10,false,MS,"5. VND NNI->ECR->SPR (Inc)",93,true,16.0000,0.5312,67077,455075,0,0,2259256,204575712
10,false,MS,"5. VND NNI->ECR->SPR (Inc)",94,true,9.0000,0.2726,66416,196955,0,0,1130176,204575712
10,false,MS,"5. VND NNI->ECR->SPR (Inc)",95,true,14.0000,0.2642,129265,125428,0,0,1097824,204575712
10,false,MS,"5. VND NNI->ECR->SPR (Inc)",96,true,11.0000,0.3773,52380,315830,0,0,1616864,204575712
10,false,MS,"5. VND NNI->ECR->SPR (Inc)",97,true,10.0000,0.2224,97565,116221,0,0,927064,204575712
10,false,MS,"5. VND NNI->ECR->SPR (Inc)",98,true,13.0000,0.4624,56316,393859,0,0,1957584,204575712
10,false,MS,"5. VND NNI->ECR->SPR (Inc)",99,true,15.0000,0.4824,44365,428345,0,0,2141576,204575712
10,false,MS,"5. VND NNI->ECR->SPR (Inc)",100,true,13.0000,0.4552,65374,379883,0,0,1806360,238130144
10,false,MS,"6. VND NNI->SPR (Inc)",1,true,10.0000,2.2645,162290,0,0,2027375,2723968,3319056
10,false,MS,"6. VND NNI->SPR (Inc)",2,true,10.0000,2.1413,166888,0,0,1943165,2821856,3319056
10,false,MS,"6. VND NNI->SPR (Inc)",3,true,8.0000,0.5536,70985,0,0,472889,1557424,3319056
10,false,MS,"6. VND NNI->SPR (Inc)",4,true,14.0000,1.5344,88769,0,0,1434488,2814656,3319056
10,false,MS,"6. VND NNI->SPR (Inc)",5,true,6.0000,1.5970,74712,0,0,1504030,2689520,3319056
10,false,MS,"6. VND NNI->SPR (Inc)",6,true,16.0000,1.7941,164202,0,0,1611304,2928224,3319056
10,false,MS,"6. VND NNI->SPR (Inc)",7,true,12.0000,1.7315,136881,0,0,1572570,2835632,3319056
10,false,MS,"6. VND NNI->SPR (Inc)",8,true,9.0000,0.9373,138133,0,0,785224,1610096,3319056
10,false,MS,"6. VND NNI->SPR (Inc)",9,true,10.0000,2.2836,66857,0,0,2192800,3831032,3319056
10,false,MS,"6. VND NNI->SPR (Inc)",10,true,14.0000,2.7228,17774,0,0,2692340,6307760,3319056
10,false,MS,"6. VND NNI->SPR (Inc)",11,true,11.0000,0.5659,101032,0,0,454664,1657784,3319056
10,false,MS,"6. VND NNI->SPR (Inc)",12,true,15.0000,1.0313,85282,0,0,934267,2812896,36873488
10,false,MS,"6. VND NNI->SPR (Inc)",13,true,10.0000,1.0264,75484,0,0,939877,2779544,36873488
10,false,MS,"6. VND NNI->SPR (Inc)",14,true,12.0000,1.0116,55836,0,0,938154,2672728,36873488
10,false,MS,"6. VND NNI->SPR (Inc)",15,true,13.0000,1.6603,109549,0,0,1523998,2725224,36873488
10,false,MS,"6. VND NNI->SPR (Inc)",16,false,Infinity,3.7496,38594,0,0,3683394,6273304,36873488
10,false,MS,"6. VND NNI->SPR (Inc)",17,true,14.0000,1.1245,158653,0,0,946199,2826200,36873488
10,false,MS,"6. VND NNI->SPR (Inc)",18,true,10.0000,1.0221,66667,0,0,940489,2747256,36873488
10,false,MS,"6. VND NNI->SPR (Inc)",19,true,14.0000,1.8541,53382,0,0,1791176,5192672,36873488
10,false,MS,"6. VND NNI->SPR (Inc)",20,true,14.0000,1.4049,53181,0,0,1341621,3952768,36873488
10,false,MS,"6. VND NNI->SPR (Inc)",21,true,15.0000,1.0277,102215,0,0,914229,2917024,70427920
10,false,MS,"6. VND NNI->SPR (Inc)",22,true,12.0000,1.4122,36189,0,0,1366709,3903304,70427920
10,false,MS,"6. VND NNI->SPR (Inc)",23,true,15.0000,1.8523,43323,0,0,1797839,5185288,70427920
10,false,MS,"6. VND NNI->SPR (Inc)",24,true,9.0000,1.4183,32773,0,0,1376127,3906360,70427920
10,false,MS,"6. VND NNI->SPR (Inc)",25,true,16.0000,1.4549,92346,0,0,1352212,4083632,70427920
10,false,MS,"6. VND NNI->SPR (Inc)",26,true,14.0000,2.2725,39456,0,0,2223468,6315504,70427920
10,false,MS,"6. VND NNI->SPR (Inc)",27,true,12.0000,0.9660,70745,0,0,886466,2763912,70427920
10,false,MS,"6. VND NNI->SPR (Inc)",28,true,11.0000,1.3893,43774,0,0,1333305,3965824,70427920
10,false,MS,"6. VND NNI->SPR (Inc)",29,true,11.0000,1.4184,67199,0,0,1340619,4024920,103982352
10,false,MS,"6. VND NNI->SPR (Inc)",30,true,10.0000,1.3641,53251,0,0,1301746,3924896,103982352
10,false,MS,"6. VND NNI->SPR (Inc)",31,true,9.0000,0.5704,93387,0,0,467298,1533496,103982352
10,false,MS,"6. VND NNI->SPR (Inc)",32,true,9.0000,0.9485,62800,0,0,874783,2715568,103982352
10,false,MS,"6. VND NNI->SPR (Inc)",33,false,Infinity,0.5610,102215,0,0,449054,1669400,103982352
10,false,MS,"6. VND NNI->SPR (Inc)",34,true,16.0000,1.7946,41690,0,0,1742694,5085576,103982352
10,false,MS,"6. VND NNI->SPR (Inc)",35,true,13.0000,0.9811,82597,0,0,889502,2843104,103982352
10,false,MS,"6. VND NNI->SPR (Inc)",36,true,11.0000,1.3370,43092,0,0,1282438,3859880,103982352
10,false,MS,"6. VND NNI->SPR (Inc)",37,true,15.0000,2.3063,32262,0,0,2263033,6417672,103982352
10,false,MS,"6. VND NNI->SPR (Inc)",38,true,15.0000,1.3938,62969,0,0,1317896,3952552,103982352
10,false,MS,"6. VND NNI->SPR (Inc)",39,true,16.0000,1.7989,60986,0,0,1726884,5199944,137536784
10,false,MS,"6. VND NNI->SPR (Inc)",40,true,11.0000,1.3814,43473,0,0,1326973,3964376,137536784
10,false,MS,"6. VND NNI->SPR (Inc)",41,true,10.0000,0.5552,100391,0,0,446139,1671288,137536784
10,false,MS,"6. VND NNI->SPR (Inc)",42,true,14.0000,0.9401,71466,0,0,856779,2755168,137536784
10,false,MS,"6. VND NNI->SPR (Inc)",43,true,13.0000,0.9501,89649,0,0,850928,2842432,137536784
10,false,MS,"6. VND NNI->SPR (Inc)",44,true,16.0000,1.8092,40457,0,0,1758424,5175704,137536784
10,false,MS,"6. VND NNI->SPR (Inc)",45,true,10.0000,0.9494,65836,0,0,874783,2731640,137536784
10,false,MS,"6. VND NNI->SPR (Inc)",46,true,10.0000,0.5089,70924,0,0,427874,1543680,137536784
10,false,MS,"6. VND NNI->SPR (Inc)",47,true,19.0000,1.7839,31410,0,0,1743095,5078304,137536784
10,false,MS,"6. VND NNI->SPR (Inc)",48,true,13.0000,0.1404,133283,0,0,0,578368,137536784
10,false,MS,"6. VND NNI->SPR (Inc)",49,true,14.0000,1.3984,51828,0,0,1337413,3960240,171091216
10,false,MS,"6. VND NNI->SPR (Inc)",50,true,14.0000,1.7688,41908,0,0,1717796,5083216,171091216
10,false,MS,"6. VND NNI->SPR (Inc)",51,true,11.0000,1.8298,61167,0,0,1757612,5255288,171091216
10,false,MS,"6. VND NNI->SPR (Inc)",52,true,10.0000,1.7843,49965,0,0,1722095,5100936,171091216
10,false,MS,"6. VND NNI->SPR (Inc)",53,true,15.0000,1.3725,66637,0,0,1295313,4006592,171091216
10,false,MS,"6. VND NNI->SPR (Inc)",54,true,14.0000,1.3483,32151,0,0,1307256,3873272,171091216
10,false,MS,"6. VND NNI->SPR (Inc)",55,true,10.0000,0.5640,103407,0,0,448944,1691832,171091216
10,false,MS,"6. VND NNI->SPR (Inc)",56,true,15.0000,0.9606,82137,0,0,867309,2808552,171091216
10,false,MS,"6. VND NNI->SPR (Inc)",57,true,13.0000,1.3851,52450,0,0,1323467,3979696,204645648
10,false,MS,"6. VND NNI->SPR (Inc)",58,true,12.0000,0.9566,70424,0,0,873861,2798992,204645648
10,false,MS,"6. VND NNI->SPR (Inc)",59,true,12.0000,1.7669,50556,0,0,1707216,5124576,204645648
10,false,MS,"6. VND NNI->SPR (Inc)",60,true,14.0000,1.7414,32561,0,0,1699622,5051352,204645648
10,false,MS,"6. VND NNI->SPR (Inc)",61,true,15.0000,1.7551,31470,0,0,1713188,5051744,204645648
10,false,MS,"6. VND NNI->SPR (Inc)",62,true,7.0000,0.5236,63641,0,0,450637,1522072,204645648
10,false,MS,"6. VND NNI->SPR (Inc)",63,true,12.0000,1.3847,77587,0,0,1293910,3985344,204645648
10,false,MS,"6. VND NNI->SPR (Inc)",64,true,8.0000,1.3573,14207,0,0,1332274,3823824,204645648
10,false,MS,"6. VND NNI->SPR (Inc)",65,true,16.0000,2.1766,32162,0,0,2135441,6282592,238200080
10,false,MS,"6. VND NNI->SPR (Inc)",66,true,10.0000,0.9552,73319,0,0,871097,2819944,238200080
10,false,MS,"6. VND NNI->SPR (Inc)",67,true,16.0000,1.7852,41207,0,0,1734218,5218688,238200080
10,false,MS,"6. VND NNI->SPR (Inc)",68,true,11.0000,0.5491,93387,0,0,445687,1656000,238200080
10,false,MS,"6. VND NNI->SPR (Inc)",69,true,14.0000,0.9624,80573,0,0,872098,2824392,238200080
10,false,MS,"6. VND NNI->SPR (Inc)",70,true,12.0000,1.7523,60455,0,0,1682029,5111984,238200080
10,false,MS,"6. VND NNI->SPR (Inc)",71,true,8.0000,0.9320,43051,0,0,879552,2703048,238200080
10,false,MS,"6. VND NNI->SPR (Inc)",72,true,16.0000,1.3859,70464,0,0,1305212,4057888,238200080
10,false,MS,"6. VND NNI->SPR (Inc)",73,true,13.0000,0.9360,86144,0,0,839737,2787456,238200080
10,false,MS,"6. VND NNI->SPR (Inc)",74,true,10.0000,0.9952,62419,0,0,922975,2773264,238200080
10,false,MS,"6. VND NNI->SPR (Inc)",75,true,10.0000,0.5219,72818,0,0,439395,1561248,238200080
10,false,MS,"6. VND NNI->SPR (Inc)",76,true,11.0000,1.4430,50096,0,0,1384293,3952832,271754512
10,false,MS,"6. VND NNI->SPR (Inc)",77,true,12.0000,0.9716,91354,0,0,870064,2901768,271754512
10,false,MS,"6. VND NNI->SPR (Inc)",78,true,16.0000,1.0219,102405,0,0,908368,2881496,271754512
10,false,MS,"6. VND NNI->SPR (Inc)",79,true,14.0000,1.7854,42350,0,0,1733887,5149504,271754512
10,false,MS,"6. VND NNI->SPR (Inc)",80,true,7.0000,0.5186,69913,0,0,437953,1549384,271754512
10,false,MS,"6. VND NNI->SPR (Inc)",81,true,14.0000,1.8389,73910,0,0,1753044,5336680,271754512
10,false,MS,"6. VND NNI->SPR (Inc)",82,true,8.0000,1.3215,54232,0,0,1256839,3875392,271754512
10,false,MS,"6. VND NNI->SPR (Inc)",83,true,13.0000,1.7775,42600,0,0,1725010,5138600,271754512
10,false,MS,"6. VND NNI->SPR (Inc)",84,true,9.0000,0.5431,87516,0,0,445407,1610720,271754512
10,false,MS,"6. VND NNI->SPR (Inc)",85,true,11.0000,1.2910,12143,0,0,1268823,3718544,305308944
10,false,MS,"6. VND NNI->SPR (Inc)",86,true,15.0000,1.7879,44453,0,0,1733406,5160440,305308944
10,false,MS,"6. VND NNI->SPR (Inc)",87,true,10.0000,0.9254,50406,0,0,866287,2715208,305308944
10,false,MS,"6. VND NNI->SPR (Inc)",88,true,8.0000,0.9099,41770,0,0,858903,2650576,305308944
10,false,MS,"6. VND NNI->SPR (Inc)",89,true,11.0000,0.5394,86905,0,0,442922,1660304,305308944
10,false,MS,"6. VND NNI->SPR (Inc)",90,true,14.0000,1.8056,60004,0,0,1736602,5268824,305308944
10,false,MS,"6. VND NNI->SPR (Inc)",91,true,12.0000,0.9597,80763,0,0,870576,2877496,305308944
10,false,MS,"6. VND NNI->SPR (Inc)",92,true,12.0000,2.1348,31820,0,0,2093941,6261240,305308944
10,false,MS,"6. VND NNI->SPR (Inc)",93,true,14.0000,1.3706,67528,0,0,1293179,3993088,305308944
10,false,MS,"6. VND NNI->SPR (Inc)",94,true,8.0000,0.5241,62729,0,0,449726,1524344,338863376
10,false,MS,"6. VND NNI->SPR (Inc)",95,true,13.0000,0.5629,123384,0,0,429878,1738832,338863376
10,false,MS,"6. VND NNI->SPR (Inc)",96,true,15.0000,1.7735,41228,0,0,1722044,5153840,338863376
10,false,MS,"6. VND NNI->SPR (Inc)",97,true,10.0000,0.5504,97896,0,0,442943,1625744,338863376
10,false,MS,"6. VND NNI->SPR (Inc)",98,true,14.0000,1.7537,51288,0,0,1693400,5104704,338863376
10,false,MS,"6. VND NNI->SPR (Inc)",99,true,13.0000,1.3268,42572,0,0,1272890,3857904,338863376
10,false,MS,"6. VND NNI->SPR (Inc)",100,true,14.0000,1.3867,61357,0,0,1314690,4017632,338863376
10,false,M3,"1. NNI (Classic)",1,true,11.0000,5.4520,0,0,0,0,4940096,3354424
10,false,M3,"1. NNI (Classic)",2,true,11.0000,1.9362,0,0,0,0,4862000,3354424
10,false,M3,"1. NNI (Classic)",3,true,9.0000,1.5835,0,0,0,0,4034152,3354424
10,false,M3,"1. NNI (Classic)",4,true,16.0000,2.6144,0,0,0,0,7097920,3354424
10,false,M3,"1. NNI (Classic)",5,true,5.0000,0.8057,0,0,0,0,2200008,3354424
10,false,M3,"1. NNI (Classic)",6,true,19.0000,2.8941,0,0,0,0,8461784,3354424
10,false,M3,"1. NNI (Classic)",7,true,15.0000,2.3115,0,0,0,0,6624712,36908856
10,false,M3,"1. NNI (Classic)",8,true,11.0000,1.7393,0,0,0,0,4889184,36908856
10,false,M3,"1. NNI (Classic)",9,true,9.0000,1.4251,0,0,0,0,3977024,36908856
10,false,M3,"1. NNI (Classic)",10,true,14.0000,2.1423,0,0,0,0,6157608,36908856
10,false,M3,"1. NNI (Classic)",11,true,11.0000,1.7487,0,0,0,0,4886408,36908856
10,false,M3,"1. NNI (Classic)",12,true,16.0000,2.4430,0,0,0,0,7117136,36908856
10,false,M3,"1. NNI (Classic)",13,true,10.0000,1.4135,0,0,0,0,4433472,70463288
10,false,M3,"1. NNI (Classic)",14,true,12.0000,1.6863,0,0,0,0,5479216,70463288
10,false,M3,"1. NNI (Classic)",15,true,10.0000,1.3628,0,0,0,0,4411944,70463288
10,false,M3,"1. NNI (Classic)",16,true,11.0000,1.5447,0,0,0,0,4933512,70463288
10,false,M3,"1. NNI (Classic)",17,true,15.0000,2.0277,0,0,0,0,6687976,70463288
10,false,M3,"1. NNI (Classic)",18,true,9.0000,1.2338,0,0,0,0,3980520,70463288
10,false,M3,"1. NNI (Classic)",19,true,17.0000,2.4329,0,0,0,0,7664888,104017720
10,false,M3,"1. NNI (Classic)",20,true,17.0000,2.3396,0,0,0,0,7534864,104017720
10,false,M3,"1. NNI (Classic)",21,true,15.0000,2.1128,0,0,0,0,6802288,104017720
10,false,M3,"1. NNI (Classic)",22,true,10.0000,1.3879,0,0,0,0,4423520,104017720
10,false,M3,"1. NNI (Classic)",23,true,13.0000,1.7711,0,0,0,0,5785512,104017720
10,false,M3,"1. NNI (Classic)",24,true,9.0000,1.1941,0,0,0,0,3948048,104017720
10,false,M3,"1. NNI (Classic)",25,true,21.0000,2.9755,0,0,0,0,9542632,137572152
10,false,M3,"1. NNI (Classic)",26,true,15.0000,2.1373,0,0,0,0,6877224,137572152
10,false,M3,"1. NNI (Classic)",27,true,13.0000,1.8420,0,0,0,0,5768104,137572152
10,false,M3,"1. NNI (Classic)",28,true,12.0000,1.7342,0,0,0,0,5282048,137572152
10,false,M3,"1. NNI (Classic)",29,true,12.0000,1.6642,0,0,0,0,5239144,137572152
10,false,M3,"1. NNI (Classic)",30,true,9.0000,1.3272,0,0,0,0,4000256,171126584
10,false,M3,"1. NNI (Classic)",31,true,9.0000,1.2651,0,0,0,0,3972560,171126584
10,false,M3,"1. NNI (Classic)",32,true,13.0000,1.8407,0,0,0,0,5849368,171126584
10,false,M3,"1. NNI (Classic)",33,true,9.0000,1.2965,0,0,0,0,4035384,171126584
10,false,M3,"1. NNI (Classic)",34,true,19.0000,2.6663,0,0,0,0,8588056,171126584
10,false,M3,"1. NNI (Classic)",35,true,13.0000,1.8641,0,0,0,0,5828808,171126584
10,false,M3,"1. NNI (Classic)",36,true,11.0000,1.5323,0,0,0,0,4828296,204681016
10,false,M3,"1. NNI (Classic)",37,true,15.0000,2.0750,0,0,0,0,6633240,204681016
10,false,M3,"1. NNI (Classic)",38,true,14.0000,2.0607,0,0,0,0,6279416,204681016
10,false,M3,"1. NNI (Classic)",39,true,15.0000,2.2011,0,0,0,0,6641424,204681016
10,false,M3,"1. NNI (Classic)",40,true,12.0000,1.7005,0,0,0,0,5288720,204681016
10,false,M3,"1. NNI (Classic)",41,true,11.0000,1.6332,0,0,0,0,4995544,204681016
10,false,M3,"1. NNI (Classic)",42,true,14.0000,1.9955,0,0,0,0,6270056,238235448
10,false,M3,"1. NNI (Classic)",43,true,12.0000,1.7174,0,0,0,0,5338832,238235448
10,false,M3,"1. NNI (Classic)",44,true,16.0000,2.4103,0,0,0,0,7327704,238235448
10,false,M3,"1. NNI (Classic)",45,true,8.0000,1.1969,0,0,0,0,3534072,238235448
10,false,M3,"1. NNI (Classic)",46,true,10.0000,1.4441,0,0,0,0,4446208,238235448
10,false,M3,"1. NNI (Classic)",47,true,17.0000,2.4040,0,0,0,0,7602288,238235448
10,false,M3,"1. NNI (Classic)",48,true,15.0000,2.1389,0,0,0,0,6687864,271789880
10,false,M3,"1. NNI (Classic)",49,true,11.0000,1.5435,0,0,0,0,4960864,271789880
10,false,M3,"1. NNI (Classic)",50,true,16.0000,2.2525,0,0,0,0,7067088,271789880
10,false,M3,"1. NNI (Classic)",51,true,13.0000,1.8303,0,0,0,0,5692296,271789880
10,false,M3,"1. NNI (Classic)",52,true,10.0000,1.4013,0,0,0,0,4456264,271789880
10,false,M3,"1. NNI (Classic)",53,true,17.0000,2.4411,0,0,0,0,7678872,305344312
10,false,M3,"1. NNI (Classic)",54,true,14.0000,1.7002,0,0,0,0,6001912,305344312
10,false,M3,"1. NNI (Classic)",55,true,10.0000,1.1634,0,0,0,0,4317288,305344312
10,false,M3,"1. NNI (Classic)",56,true,15.0000,1.7522,0,0,0,0,6569968,305344312
10,false,M3,"1. NNI (Classic)",57,true,14.0000,1.6880,0,0,0,0,6101608,305344312
10,false,M3,"1. NNI (Classic)",58,true,11.0000,1.2716,0,0,0,0,4686688,305344312
10,false,M3,"1. NNI (Classic)",59,true,12.0000,1.4155,0,0,0,0,5211240,338898744
10,false,M3,"1. NNI (Classic)",60,false,Infinity,0.6694,0,0,0,0,2264160,338898744
10,false,M3,"1. NNI (Classic)",61,true,16.0000,1.8655,0,0,0,0,6877416,338898744
10,false,M3,"1. NNI (Classic)",62,true,7.0000,0.8072,0,0,0,0,2992800,338898744
10,false,M3,"1. NNI (Classic)",63,true,10.0000,1.1914,0,0,0,0,4301224,338898744
10,false,M3,"1. NNI (Classic)",64,true,8.0000,0.9385,0,0,0,0,3418792,338898744
10,false,M3,"1. NNI (Classic)",65,true,15.0000,1.8657,0,0,0,0,6583272,338898744
10,false,M3,"1. NNI (Classic)",66,true,10.0000,1.1906,0,0,0,0,4391632,338898744
10,false,M3,"1. NNI (Classic)",67,true,14.0000,1.7012,0,0,0,0,6065416,372453176
10,false,M3,"1. NNI (Classic)",68,true,11.0000,1.2836,0,0,0,0,4677664,372453176
10,false,M3,"1. NNI (Classic)",69,true,14.0000,1.6696,0,0,0,0,6087376,372453176
10,false,M3,"1. NNI (Classic)",70,true,16.0000,1.9061,0,0,0,0,6929008,372453176
10,false,M3,"1. NNI (Classic)",71,true,8.0000,0.9425,0,0,0,0,3410376,372453176
10,false,M3,"1. NNI (Classic)",72,false,Infinity,1.0039,0,0,0,0,3615944,372453176
10,false,M3,"1. NNI (Classic)",73,true,14.0000,1.6740,0,0,0,0,6045288,406007608
10,false,M3,"1. NNI (Classic)",74,true,9.0000,1.0384,0,0,0,0,3868488,406007608
10,false,M3,"1. NNI (Classic)",75,true,10.0000,1.1898,0,0,0,0,4322336,406007608
10,false,M3,"1. NNI (Classic)",76,true,11.0000,1.3334,0,0,0,0,4705736,406007608
10,false,M3,"1. NNI (Classic)",77,true,12.0000,1.4157,0,0,0,0,5260128,406007608
10,false,M3,"1. NNI (Classic)",78,true,15.0000,1.8121,0,0,0,0,6520504,406007608
10,false,M3,"1. NNI (Classic)",79,true,15.0000,1.8050,0,0,0,0,6447520,406007608
10,false,M3,"1. NNI (Classic)",80,true,7.0000,0.8965,0,0,0,0,3062288,439562040
10,false,M3,"1. NNI (Classic)",81,true,16.0000,2.0543,0,0,0,0,7034488,439562040
10,false,M3,"1. NNI (Classic)",82,true,10.0000,1.2174,0,0,0,0,4334768,439562040
10,false,M3,"1. NNI (Classic)",83,true,13.0000,1.5830,0,0,0,0,5659184,439562040
10,false,M3,"1. NNI (Classic)",84,true,9.0000,1.0450,0,0,0,0,3843376,439562040
10,false,M3,"1. NNI (Classic)",85,true,12.0000,1.3980,0,0,0,0,5187104,439562040
10,false,M3,"1. NNI (Classic)",86,true,13.0000,1.6129,0,0,0,0,5726024,473116472
10,false,M3,"1. NNI (Classic)",87,true,11.0000,1.2925,0,0,0,0,4730760,473116472
10,false,M3,"1. NNI (Classic)",88,true,8.0000,0.9634,0,0,0,0,3461936,473116472
10,false,M3,"1. NNI (Classic)",89,true,11.0000,1.2959,0,0,0,0,4753600,473116472
10,false,M3,"1. NNI (Classic)",90,true,18.0000,2.1108,0,0,0,0,7926928,473116472
10,false,M3,"1. NNI (Classic)",91,true,10.0000,1.1889,0,0,0,0,4291704,473116472
10,false,M3,"1. NNI (Classic)",92,true,15.0000,1.7702,0,0,0,0,6556248,473116472
10,false,M3,"1. NNI (Classic)",93,true,13.0000,1.5539,0,0,0,0,5658136,506670904
10,false,M3,"1. NNI (Classic)",94,true,8.0000,0.9301,0,0,0,0,3418832,506670904
10,false,M3,"1. NNI (Classic)",95,true,13.0000,1.5137,0,0,0,0,5577552,506670904
10,false,M3,"1. NNI (Classic)",96,true,14.0000,1.6482,0,0,0,0,6043752,506670904
10,false,M3,"1. NNI (Classic)",97,true,9.0000,1.0809,0,0,0,0,3939072,506670904
10,false,M3,"1. NNI (Classic)",98,true,15.0000,1.7358,0,0,0,0,6424232,506670904
10,false,M3,"1. NNI (Classic)",99,true,13.0000,1.5620,0,0,0,0,5644248,540225336
10,false,M3,"1. NNI (Classic)",100,true,13.0000,1.5809,0,0,0,0,5663376,540225336
10,false,M3,"2. NNI (Incremental)",1,true,11.0000,3.7744,0,0,0,0,2200064,3395848
10,false,M3,"2. NNI (Incremental)",2,true,11.0000,1.2854,0,0,0,0,2177176,3395848
10,false,M3,"2. NNI (Incremental)",3,true,9.0000,0.9254,0,0,0,0,1778016,3395848
10,false,M3,"2. NNI (Incremental)",4,true,15.0000,1.3085,0,0,0,0,2870808,3395848
10,false,M3,"2. NNI (Incremental)",5,true,5.0000,0.5275,0,0,0,0,1044952,3395848
10,false,M3,"2. NNI (Incremental)",6,true,19.0000,1.5950,0,0,0,0,3582072,3395848
10,false,M3,"2. NNI (Incremental)",7,true,15.0000,1.2456,0,0,0,0,2837512,3395848
10,false,M3,"2. NNI (Incremental)",8,true,11.0000,1.0086,0,0,0,0,2172384,3395848
10,false,M3,"2. NNI (Incremental)",9,true,9.0000,0.8933,0,0,0,0,1838800,3395848
10,false,M3,"2. NNI (Incremental)",10,true,14.0000,1.2633,0,0,0,0,2756016,3395848
10,false,M3,"2. NNI (Incremental)",11,true,10.0000,0.9483,0,0,0,0,1986208,3395848
10,false,M3,"2. NNI (Incremental)",12,true,20.0000,1.6431,0,0,0,0,3854328,3395848
10,false,M3,"2. NNI (Incremental)",13,true,10.0000,0.8808,0,0,0,0,1997416,3395848
10,false,M3,"2. NNI (Incremental)",14,true,12.0000,0.9947,0,0,0,0,2361072,36950280
10,false,M3,"2. NNI (Incremental)",15,true,10.0000,0.8040,0,0,0,0,2029088,36950280
10,false,M3,"2. NNI (Incremental)",16,true,11.0000,0.8064,0,0,0,0,2147096,36950280
10,false,M3,"2. NNI (Incremental)",17,true,14.0000,1.0173,0,0,0,0,2713800,36950280
10,false,M3,"2. NNI (Incremental)",18,true,9.0000,0.6581,0,0,0,0,1759776,36950280
10,false,M3,"2. NNI (Incremental)",19,true,16.0000,1.1858,0,0,0,0,3143352,36950280
10,false,M3,"2. NNI (Incremental)",20,true,17.0000,1.2383,0,0,0,0,3358288,36950280
10,false,M3,"2. NNI (Incremental)",21,true,17.0000,1.1290,0,0,0,0,3205664,36950280
10,false,M3,"2. NNI (Incremental)",22,true,10.0000,0.6730,0,0,0,0,1952944,36950280
10,false,M3,"2. NNI (Incremental)",23,true,13.0000,0.8575,0,0,0,0,2538864,36950280
10,false,M3,"2. NNI (Incremental)",24,true,9.0000,0.5994,0,0,0,0,1766464,36950280
10,false,M3,"2. NNI (Incremental)",25,true,18.0000,1.1606,0,0,0,0,3501736,36950280
10,false,M3,"2. NNI (Incremental)",26,true,16.0000,1.0060,0,0,0,0,3068176,36950280
10,false,M3,"2. NNI (Incremental)",27,true,13.0000,0.7880,0,0,0,0,2467832,70504712
10,false,M3,"2. NNI (Incremental)",28,true,12.0000,0.7338,0,0,0,0,2337344,70504712
10,false,M3,"2. NNI (Incremental)",29,true,12.0000,0.7740,0,0,0,0,2350488,70504712
10,false,M3,"2. NNI (Incremental)",30,true,10.0000,0.6394,0,0,0,0,1957424,70504712
10,false,M3,"2. NNI (Incremental)",31,true,9.0000,0.5620,0,0,0,0,1773512,70504712
10,false,M3,"2. NNI (Incremental)",32,true,9.0000,0.5865,0,0,0,0,1781544,70504712
10,false,M3,"2. NNI (Incremental)",33,true,10.0000,0.6344,0,0,0,0,1978880,70504712
10,false,M3,"2. NNI (Incremental)",34,true,19.0000,1.0924,0,0,0,0,3534448,70504712
10,false,M3,"2. NNI (Incremental)",35,true,14.0000,0.8294,0,0,0,0,2659096,70504712
10,false,M3,"2. NNI (Incremental)",36,true,11.0000,0.7128,0,0,0,0,2207856,70504712
10,false,M3,"2. NNI (Incremental)",37,true,15.0000,0.8781,0,0,0,0,2856072,70504712
10,false,M3,"2. NNI (Incremental)",38,true,13.0000,0.7971,0,0,0,0,2538256,70504712
10,false,M3,"2. NNI (Incremental)",39,true,14.0000,0.9182,0,0,0,0,2824168,70504712
10,false,M3,"2. NNI (Incremental)",40,true,12.0000,0.7419,0,0,0,0,2340552,70504712
10,false,M3,"2. NNI (Incremental)",41,true,10.0000,0.6731,0,0,0,0,1992624,104059144
10,false,M3,"2. NNI (Incremental)",42,true,14.0000,0.8194,0,0,0,0,2640208,104059144
10,false,M3,"2. NNI (Incremental)",43,true,12.0000,0.7569,0,0,0,0,2328088,104059144
10,false,M3,"2. NNI (Incremental)",44,true,16.0000,1.0007,0,0,0,0,3158104,104059144
10,false,M3,"2. NNI (Incremental)",45,true,8.0000,0.4964,0,0,0,0,1568200,104059144
10,false,M3,"2. NNI (Incremental)",46,true,10.0000,0.6257,0,0,0,0,1965728,104059144
10,false,M3,"2. NNI (Incremental)",47,true,20.0000,1.1372,0,0,0,0,3702944,104059144
10,false,M3,"2. NNI (Incremental)",48,true,15.0000,0.8946,0,0,0,0,2866680,104059144
10,false,M3,"2. NNI (Incremental)",49,true,11.0000,0.6793,0,0,0,0,2126576,104059144
10,false,M3,"2. NNI (Incremental)",50,true,16.0000,0.9499,0,0,0,0,3011720,104059144
10,false,M3,"2. NNI (Incremental)",51,true,13.0000,0.7693,0,0,0,0,2435680,104059144
10,false,M3,"2. NNI (Incremental)",52,true,9.0000,0.5273,0,0,0,0,1710128,104059144
10,false,M3,"2. NNI (Incremental)",53,true,14.0000,0.7833,0,0,0,0,2592256,104059144
10,false,M3,"2. NNI (Incremental)",54,true,14.0000,0.8474,0,0,0,0,2760896,137613576
10,false,M3,"2. NNI (Incremental)",55,true,10.0000,0.5805,0,0,0,0,1884648,137613576
10,false,M3,"2. NNI (Incremental)",56,true,16.0000,0.9113,0,0,0,0,3048216,137613576
10,false,M3,"2. NNI (Incremental)",57,true,12.0000,0.7131,0,0,0,0,2302240,137613576
10,false,M3,"2. NNI (Incremental)",58,true,11.0000,0.6579,0,0,0,0,2135048,137613576
10,false,M3,"2. NNI (Incremental)",59,true,12.0000,0.6905,0,0,0,0,2290000,137613576
10,false,M3,"2. NNI (Incremental)",60,false,Infinity,0.3111,0,0,0,0,950232,137613576
10,false,M3,"2. NNI (Incremental)",61,true,16.0000,0.8866,0,0,0,0,2992992,137613576
10,false,M3,"2. NNI (Incremental)",62,true,7.0000,0.4241,0,0,0,0,1343400,137613576
10,false,M3,"2. NNI (Incremental)",63,true,10.0000,0.6168,0,0,0,0,1975520,137613576
10,false,M3,"2. NNI (Incremental)",64,true,8.0000,0.4825,0,0,0,0,1554920,137613576
10,false,M3,"2. NNI (Incremental)",65,true,15.0000,0.8839,0,0,0,0,2910120,137613576
10,false,M3,"2. NNI (Incremental)",66,true,10.0000,0.6028,0,0,0,0,1949664,137613576
10,false,M3,"2. NNI (Incremental)",67,true,12.0000,0.6861,0,0,0,0,2289192,137613576
10,false,M3,"2. NNI (Incremental)",68,true,11.0000,0.6776,0,0,0,0,2124440,137613576
10,false,M3,"2. NNI (Incremental)",69,true,14.0000,0.8057,0,0,0,0,2646128,137613576
10,false,M3,"2. NNI (Incremental)",70,true,14.0000,0.8310,0,0,0,0,2699992,171168008
10,false,M3,"2. NNI (Incremental)",71,true,8.0000,0.4742,0,0,0,0,1560896,171168008
10,false,M3,"2. NNI (Incremental)",72,true,23.0000,1.1954,0,0,0,0,4192296,171168008
10,false,M3,"2. NNI (Incremental)",73,true,14.0000,0.7739,0,0,0,0,2660264,171168008
10,false,M3,"2. NNI (Incremental)",74,true,9.0000,0.4949,0,0,0,0,1697632,171168008
10,false,M3,"2. NNI (Incremental)",75,true,10.0000,0.5490,0,0,0,0,1890640,171168008
10,false,M3,"2. NNI (Incremental)",76,true,11.0000,0.6626,0,0,0,0,2204936,171168008
10,false,M3,"2. NNI (Incremental)",77,true,12.0000,0.6308,0,0,0,0,2259008,171168008
10,false,M3,"2. NNI (Incremental)",78,true,14.0000,0.8080,0,0,0,0,2724192,171168008
10,false,M3,"2. NNI (Incremental)",79,true,16.0000,0.8722,0,0,0,0,3069672,171168008
10,false,M3,"2. NNI (Incremental)",80,true,7.0000,0.4086,0,0,0,0,1361376,171168008
10,false,M3,"2. NNI (Incremental)",81,true,15.0000,0.8134,0,0,0,0,2847848,171168008
10,false,M3,"2. NNI (Incremental)",82,true,10.0000,0.5817,0,0,0,0,1961632,171168008
10,false,M3,"2. NNI (Incremental)",83,true,12.0000,0.6741,0,0,0,0,2305792,171168008
10,false,M3,"2. NNI (Incremental)",84,true,9.0000,0.5363,0,0,0,0,1782472,204722440
10,false,M3,"2. NNI (Incremental)",85,true,12.0000,0.6618,0,0,0,0,2287584,204722440
10,false,M3,"2. NNI (Incremental)",86,true,13.0000,0.7163,0,0,0,0,2446064,204722440
10,false,M3,"2. NNI (Incremental)",87,true,11.0000,0.6205,0,0,0,0,2103808,204722440
10,false,M3,"2. NNI (Incremental)",88,true,8.0000,0.4611,0,0,0,0,1571264,204722440
10,false,M3,"2. NNI (Incremental)",89,true,11.0000,0.6368,0,0,0,0,2096496,204722440
10,false,M3,"2. NNI (Incremental)",90,true,15.0000,0.8336,0,0,0,0,2833448,204722440
10,false,M3,"2. NNI (Incremental)",91,true,10.0000,0.5676,0,0,0,0,1955632,204722440
10,false,M3,"2. NNI (Incremental)",92,true,15.0000,0.7900,0,0,0,0,2811968,204722440
10,false,M3,"2. NNI (Incremental)",93,true,15.0000,0.8122,0,0,0,0,2869856,204722440
10,false,M3,"2. NNI (Incremental)",94,true,8.0000,0.4585,0,0,0,0,1547304,204722440
10,false,M3,"2. NNI (Incremental)",95,true,12.0000,0.6632,0,0,0,0,2291648,204722440
10,false,M3,"2. NNI (Incremental)",96,true,15.0000,0.7904,0,0,0,0,2827696,204722440
10,false,M3,"2. NNI (Incremental)",97,true,9.0000,0.5014,0,0,0,0,1716936,204722440
10,false,M3,"2. NNI (Incremental)",98,true,15.0000,0.8281,0,0,0,0,2818184,238276872
10,false,M3,"2. NNI (Incremental)",99,true,13.0000,0.7135,0,0,0,0,2474880,238276872
10,false,M3,"2. NNI (Incremental)",100,true,15.0000,0.8128,0,0,0,0,2858992,238276872
10,false,M3,"3. VND NNI->ECR->SPR (Classic)",1,true,11.0000,2.7788,2635021,0,0,0,4839000,3418432
10,false,M3,"3. VND NNI->ECR->SPR (Classic)",2,true,11.0000,2.0897,2051502,0,0,0,4762136,3418432
10,false,M3,"3. VND NNI->ECR->SPR (Classic)",3,true,9.0000,1.0006,982157,0,0,0,3956688,3418432
10,false,M3,"3. VND NNI->ECR->SPR (Classic)",4,true,16.0000,1.7238,1696516,0,0,0,6938296,3418432
10,false,M3,"3. VND NNI->ECR->SPR (Classic)",5,true,5.0000,0.5723,555366,0,0,0,2169192,3418432
10,false,M3,"3. VND NNI->ECR->SPR (Classic)",6,true,19.0000,2.1140,2082189,0,0,0,8265040,3418432
10,false,M3,"3. VND NNI->ECR->SPR (Classic)",7,true,15.0000,1.6896,1663624,0,0,0,6477352,36972864
10,false,M3,"3. VND NNI->ECR->SPR (Classic)",8,true,11.0000,1.2135,1190394,0,0,0,4789488,36972864
10,false,M3,"3. VND NNI->ECR->SPR (Classic)",9,true,9.0000,1.0003,980495,0,0,0,3900128,36972864
10,false,M3,"3. VND NNI->ECR->SPR (Classic)",10,true,14.0000,1.5271,1503279,0,0,0,6021704,36972864
10,false,M3,"3. VND NNI->ECR->SPR (Classic)",11,true,11.0000,1.2220,1198409,0,0,0,4784664,36972864
10,false,M3,"3. VND NNI->ECR->SPR (Classic)",12,true,16.0000,1.7441,1717166,0,0,0,6958736,36972864
10,false,M3,"3. VND NNI->ECR->SPR (Classic)",13,true,10.0000,1.1794,1158012,0,0,0,4344216,70527296
10,false,M3,"3. VND NNI->ECR->SPR (Classic)",14,true,12.0000,1.4019,1379714,0,0,0,5364720,70527296
10,false,M3,"3. VND NNI->ECR->SPR (Classic)",15,true,10.0000,1.1015,1078540,0,0,0,4323304,70527296
10,false,M3,"3. VND NNI->ECR->SPR (Classic)",16,true,11.0000,1.2286,1205793,0,0,0,4832864,70527296
10,false,M3,"3. VND NNI->ECR->SPR (Classic)",17,true,15.0000,1.6427,1618607,0,0,0,6539976,70527296
10,false,M3,"3. VND NNI->ECR->SPR (Classic)",18,true,9.0000,0.9840,962160,0,0,0,3903720,70527296
10,false,M3,"3. VND NNI->ECR->SPR (Classic)",19,true,17.0000,1.9273,1899262,0,0,0,7489856,104081728
10,false,M3,"3. VND NNI->ECR->SPR (Classic)",20,true,17.0000,1.8535,1824329,0,0,0,7363712,104081728
10,false,M3,"3. VND NNI->ECR->SPR (Classic)",21,true,15.0000,1.6666,1637013,0,0,0,6652976,104081728
10,false,M3,"3. VND NNI->ECR->SPR (Classic)",22,true,10.0000,1.0889,1066999,0,0,0,4334272,104081728
10,false,M3,"3. VND NNI->ECR->SPR (Classic)",23,true,13.0000,1.4512,1426713,0,0,0,5659920,104081728
10,false,M3,"3. VND NNI->ECR->SPR (Classic)",24,true,9.0000,0.9829,962871,0,0,0,3870976,104081728
10,false,M3,"3. VND NNI->ECR->SPR (Classic)",25,true,21.0000,2.3710,2340721,0,0,0,9318944,137636160
10,false,M3,"3. VND NNI->ECR->SPR (Classic)",26,true,15.0000,1.7183,1694171,0,0,0,6724000,137636160
10,false,M3,"3. VND NNI->ECR->SPR (Classic)",27,true,13.0000,1.4162,1395263,0,0,0,5644168,137636160
10,false,M3,"3. VND NNI->ECR->SPR (Classic)",28,true,12.0000,1.3111,1286096,0,0,0,5169416,137636160
10,false,M3,"3. VND NNI->ECR->SPR (Classic)",29,true,12.0000,1.3281,1303188,0,0,0,5127440,137636160
10,false,M3,"3. VND NNI->ECR->SPR (Classic)",30,true,9.0000,1.0249,1002046,0,0,0,3922584,137636160
10,false,M3,"3. VND NNI->ECR->SPR (Classic)",31,true,9.0000,1.0105,988780,0,0,0,3894752,171190592
10,false,M3,"3. VND NNI->ECR->SPR (Classic)",32,true,13.0000,1.4636,1436431,0,0,0,5724824,171190592
10,false,M3,"3. VND NNI->ECR->SPR (Classic)",33,true,9.0000,1.0257,1006203,0,0,0,3957888,171190592
10,false,M3,"3. VND NNI->ECR->SPR (Classic)",34,true,19.0000,2.0702,2043516,0,0,0,8391928,171190592
10,false,M3,"3. VND NNI->ECR->SPR (Classic)",35,true,13.0000,1.4664,1443946,0,0,0,5703352,171190592
10,false,M3,"3. VND NNI->ECR->SPR (Classic)",36,true,11.0000,1.2101,1189000,0,0,0,4727288,171190592
10,false,M3,"3. VND NNI->ECR->SPR (Classic)",37,true,15.0000,1.6869,1659475,0,0,0,6485016,204745024
10,false,M3,"3. VND NNI->ECR->SPR (Classic)",38,true,14.0000,1.5970,1569965,0,0,0,6143344,204745024
10,false,M3,"3. VND NNI->ECR->SPR (Classic)",39,true,15.0000,1.7126,1684033,0,0,0,6493232,204745024
10,false,M3,"3. VND NNI->ECR->SPR (Classic)",40,true,12.0000,1.3292,1305813,0,0,0,5176056,204745024
10,false,M3,"3. VND NNI->ECR->SPR (Classic)",41,true,11.0000,1.2718,1249146,0,0,0,4892408,204745024
10,false,M3,"3. VND NNI->ECR->SPR (Classic)",42,true,14.0000,1.5578,1532885,0,0,0,6132192,204745024
10,false,M3,"3. VND NNI->ECR->SPR (Classic)",43,true,12.0000,1.3728,1349767,0,0,0,5227208,238299456
10,false,M3,"3. VND NNI->ECR->SPR (Classic)",44,true,16.0000,1.8374,1809541,0,0,0,7164600,238299456
10,false,M3,"3. VND NNI->ECR->SPR (Classic)",45,true,8.0000,0.8727,854225,0,0,0,3468888,238299456
10,false,M3,"3. VND NNI->ECR->SPR (Classic)",46,true,10.0000,1.1154,1096144,0,0,0,4356040,238299456
10,false,M3,"3. VND NNI->ECR->SPR (Classic)",47,true,17.0000,1.9258,1900063,0,0,0,7429656,238299456
10,false,M3,"3. VND NNI->ECR->SPR (Classic)",48,true,15.0000,1.6604,1636181,0,0,0,6540128,238299456
10,false,M3,"3. VND NNI->ECR->SPR (Classic)",49,true,11.0000,1.2310,1209229,0,0,0,4856680,271853888
10,false,M3,"3. VND NNI->ECR->SPR (Classic)",50,true,16.0000,1.7547,1731142,0,0,0,6907240,271853888
10,false,M3,"3. VND NNI->ECR->SPR (Classic)",51,true,13.0000,1.4059,1384743,0,0,0,5568880,271853888
10,false,M3,"3. VND NNI->ECR->SPR (Classic)",52,true,10.0000,1.0939,1075996,0,0,0,4366008,271853888
10,false,M3,"3. VND NNI->ECR->SPR (Classic)",53,true,17.0000,1.8709,1843055,0,0,0,7502968,271853888
10,false,M3,"3. VND NNI->ECR->SPR (Classic)",54,true,14.0000,1.5694,1545008,0,0,0,6032472,305408320
10,false,M3,"3. VND NNI->ECR->SPR (Classic)",55,true,10.0000,1.1031,1084192,0,0,0,4346984,305408320
10,false,M3,"3. VND NNI->ECR->SPR (Classic)",56,true,15.0000,1.6558,1632314,0,0,0,6600896,305408320
10,false,M3,"3. VND NNI->ECR->SPR (Classic)",57,true,14.0000,1.5631,1540089,0,0,0,6132128,305408320
10,false,M3,"3. VND NNI->ECR->SPR (Classic)",58,true,11.0000,1.2248,1187558,0,0,0,4716440,305408320
10,false,M3,"3. VND NNI->ECR->SPR (Classic)",59,true,12.0000,1.3320,1311333,0,0,0,5241352,305408320
10,false,M3,"3. VND NNI->ECR->SPR (Classic)",60,true,20.0000,21.6286,851639,20738455,0,0,26621096,338962752
10,false,M3,"3. VND NNI->ECR->SPR (Classic)",61,true,16.0000,5.9336,5881624,0,0,0,7034632,338962752
10,false,M3,"3. VND NNI->ECR->SPR (Classic)",62,true,7.0000,1.6784,1650669,0,0,0,3021896,338962752
10,false,M3,"3. VND NNI->ECR->SPR (Classic)",63,true,10.0000,2.4144,2382530,0,0,0,4331144,372517184
10,false,M3,"3. VND NNI->ECR->SPR (Classic)",64,true,8.0000,1.8844,1858214,0,0,0,3448120,372517184
10,false,M3,"3. VND NNI->ECR->SPR (Classic)",65,true,15.0000,3.6798,3646014,0,0,0,6614056,372517184
10,false,M3,"3. VND NNI->ECR->SPR (Classic)",66,true,10.0000,2.4378,2409372,0,0,0,4421376,372517184
10,false,M3,"3. VND NNI->ECR->SPR (Classic)",67,true,14.0000,3.3469,3315855,0,0,0,6095984,372517184
10,false,M3,"3. VND NNI->ECR->SPR (Classic)",68,true,11.0000,2.6077,2578694,0,0,0,4707496,372517184
10,false,M3,"3. VND NNI->ECR->SPR (Classic)",69,true,14.0000,3.3231,3289065,0,0,0,6118112,372517184
10,false,M3,"3. VND NNI->ECR->SPR (Classic)",70,true,16.0000,3.9496,3913842,0,0,0,6960160,406071616
10,false,M3,"3. VND NNI->ECR->SPR (Classic)",71,true,8.0000,1.9184,1890655,0,0,0,3439696,406071616
10,false,M3,"3. VND NNI->ECR->SPR (Classic)",72,true,18.0000,10.1075,2230401,7834438,0,0,19484472,406071616
10,false,M3,"3. VND NNI->ECR->SPR (Classic)",73,true,14.0000,3.3408,3307430,0,0,0,6075896,439626048
10,false,M3,"3. VND NNI->ECR->SPR (Classic)",74,true,9.0000,2.1372,2107157,0,0,0,3898176,439626048
10,false,M3,"3. VND NNI->ECR->SPR (Classic)",75,true,10.0000,2.3877,2359787,0,0,0,4352120,439626048
10,false,M3,"3. VND NNI->ECR->SPR (Classic)",76,true,11.0000,2.6494,2618860,0,0,0,4735392,439626048
10,false,M3,"3. VND NNI->ECR->SPR (Classic)",77,true,12.0000,2.9082,2878062,0,0,0,5290496,439626048
10,false,M3,"3. VND NNI->ECR->SPR (Classic)",78,true,15.0000,3.6512,3618210,0,0,0,6551424,439626048
10,false,M3,"3. VND NNI->ECR->SPR (Classic)",79,true,15.0000,3.6141,3580769,0,0,0,6478136,473180480
10,false,M3,"3. VND NNI->ECR->SPR (Classic)",80,true,7.0000,1.7212,1696516,0,0,0,3091608,473180480
10,false,M3,"3. VND NNI->ECR->SPR (Classic)",81,true,16.0000,3.9259,3891269,0,0,0,7065552,473180480
10,false,M3,"3. VND NNI->ECR->SPR (Classic)",82,true,10.0000,2.4232,2393191,0,0,0,4364552,473180480
10,false,M3,"3. VND NNI->ECR->SPR (Classic)",83,true,13.0000,3.1497,3118500,0,0,0,5689696,473180480
10,false,M3,"3. VND NNI->ECR->SPR (Classic)",84,true,9.0000,2.1548,2126815,0,0,0,3872880,473180480
10,false,M3,"3. VND NNI->ECR->SPR (Classic)",85,true,12.0000,2.8731,2842275,0,0,0,5217568,473180480
10,false,M3,"3. VND NNI->ECR->SPR (Classic)",86,true,13.0000,3.1911,3158987,0,0,0,5756840,506734912
10,false,M3,"3. VND NNI->ECR->SPR (Classic)",87,true,11.0000,2.6074,2576740,0,0,0,4760992,506734912
10,false,M3,"3. VND NNI->ECR->SPR (Classic)",88,true,8.0000,1.9360,1910272,0,0,0,3491528,506734912
10,false,M3,"3. VND NNI->ECR->SPR (Classic)",89,true,11.0000,2.6286,2599883,0,0,0,4784144,506734912
10,false,M3,"3. VND NNI->ECR->SPR (Classic)",90,true,18.0000,4.3075,4275069,0,0,0,7958536,506734912
10,false,M3,"3. VND NNI->ECR->SPR (Classic)",91,true,10.0000,2.4272,2397610,0,0,0,4321312,506734912
10,false,M3,"3. VND NNI->ECR->SPR (Classic)",92,true,15.0000,3.6103,3577613,0,0,0,6587392,540289344
10,false,M3,"3. VND NNI->ECR->SPR (Classic)",93,true,13.0000,3.1689,3135011,0,0,0,5688384,540289344
10,false,M3,"3. VND NNI->ECR->SPR (Classic)",94,true,8.0000,1.9130,1887189,0,0,0,3448160,540289344
10,false,M3,"3. VND NNI->ECR->SPR (Classic)",95,true,13.0000,3.1212,3087531,0,0,0,5608024,540289344
10,false,M3,"3. VND NNI->ECR->SPR (Classic)",96,true,14.0000,3.3423,3310415,0,0,0,6074224,540289344
10,false,M3,"3. VND NNI->ECR->SPR (Classic)",97,true,9.0000,2.1968,2168704,0,0,0,3968672,540289344
10,false,M3,"3. VND NNI->ECR->SPR (Classic)",98,true,15.0000,3.5446,3514072,0,0,0,6454936,540289344
10,false,M3,"3. VND NNI->ECR->SPR (Classic)",99,true,13.0000,3.1164,3085076,0,0,0,5674848,573843776
10,false,M3,"3. VND NNI->ECR->SPR (Classic)",100,true,13.0000,2.1935,2162402,0,0,0,5693800,573843776
10,false,M3,"4. VND NNI->SPR (Classic)",1,true,11.0000,2.6946,2630261,0,0,0,4839000,3489912
10,false,M3,"4. VND NNI->SPR (Classic)",2,true,11.0000,2.2840,2246191,0,0,0,4762136,3489912
10,false,M3,"4. VND NNI->SPR (Classic)",3,true,9.0000,1.0015,982749,0,0,0,3956688,3489912
10,false,M3,"4. VND NNI->SPR (Classic)",4,true,16.0000,1.7202,1692187,0,0,0,6938296,3489912
10,false,M3,"4. VND NNI->SPR (Classic)",5,true,5.0000,0.5593,542732,0,0,0,2169192,3489912
10,false,M3,"4. VND NNI->SPR (Classic)",6,true,19.0000,2.0713,2043124,0,0,0,8265040,3489912
10,false,M3,"4. VND NNI->SPR (Classic)",7,true,15.0000,1.6463,1621994,0,0,0,6477352,37044344
10,false,M3,"4. VND NNI->SPR (Classic)",8,true,11.0000,1.2285,1203669,0,0,0,4789488,37044344
10,false,M3,"4. VND NNI->SPR (Classic)",9,true,9.0000,1.0123,991626,0,0,0,3900128,37044344
10,false,M3,"4. VND NNI->SPR (Classic)",10,true,14.0000,1.5183,1492217,0,0,0,6021704,37044344
10,false,M3,"4. VND NNI->SPR (Classic)",11,true,11.0000,1.2319,1209289,0,0,0,4784664,37044344
10,false,M3,"4. VND NNI->SPR (Classic)",12,true,16.0000,1.7436,1716324,0,0,0,6958736,37044344
10,false,M3,"4. VND NNI->SPR (Classic)",13,true,10.0000,1.1411,1120050,0,0,0,4344216,70598776
10,false,M3,"4. VND NNI->SPR (Classic)",14,true,12.0000,1.3440,1320671,0,0,0,5364720,70598776
10,false,M3,"4. VND NNI->SPR (Classic)",15,true,10.0000,1.1150,1091546,0,0,0,4323304,70598776
10,false,M3,"4. VND NNI->SPR (Classic)",16,true,11.0000,1.2372,1215071,0,0,0,4832864,70598776
10,false,M3,"4. VND NNI->SPR (Classic)",17,true,15.0000,1.6379,1613178,0,0,0,6539976,70598776
10,false,M3,"4. VND NNI->SPR (Classic)",18,true,9.0000,0.9858,966849,0,0,0,3903720,70598776
10,false,M3,"4. VND NNI->SPR (Classic)",19,true,17.0000,1.9274,1902398,0,0,0,7489856,104153208
10,false,M3,"4. VND NNI->SPR (Classic)",20,true,17.0000,1.8559,1827295,0,0,0,7363712,104153208
10,false,M3,"4. VND NNI->SPR (Classic)",21,true,15.0000,1.6760,1651190,0,0,0,6652976,104153208
10,false,M3,"4. VND NNI->SPR (Classic)",22,true,10.0000,1.0874,1066318,0,0,0,4334272,104153208
10,false,M3,"4. VND NNI->SPR (Classic)",23,true,13.0000,1.4520,1426272,0,0,0,5659920,104153208
10,false,M3,"4. VND NNI->SPR (Classic)",24,true,9.0000,0.9701,949296,0,0,0,3870976,104153208
10,false,M3,"4. VND NNI->SPR (Classic)",25,true,21.0000,2.3817,2348516,0,0,0,9318944,137707640
10,false,M3,"4. VND NNI->SPR (Classic)",26,true,15.0000,1.7341,1708870,0,0,0,6724000,137707640
10,false,M3,"4. VND NNI->SPR (Classic)",27,true,13.0000,1.4201,1396105,0,0,0,5644168,137707640
10,false,M3,"4. VND NNI->SPR (Classic)",28,true,12.0000,1.3254,1303239,0,0,0,5169416,137707640
10,false,M3,"4. VND NNI->SPR (Classic)",29,true,12.0000,1.3270,1302908,0,0,0,5127440,137707640
10,false,M3,"4. VND NNI->SPR (Classic)",30,true,9.0000,1.0299,1009179,0,0,0,3922584,137707640
10,false,M3,"4. VND NNI->SPR (Classic)",31,true,9.0000,1.0130,991626,0,0,0,3894752,171262072
10,false,M3,"4. VND NNI->SPR (Classic)",32,true,13.0000,1.4614,1436942,0,0,0,5724824,171262072
10,false,M3,"4. VND NNI->SPR (Classic)",33,true,9.0000,1.0154,994541,0,0,0,3957888,171262072
10,false,M3,"4. VND NNI->SPR (Classic)",34,true,19.0000,2.0771,2050729,0,0,0,8391928,171262072
10,false,M3,"4. VND NNI->SPR (Classic)",35,true,13.0000,1.4731,1449977,0,0,0,5703352,171262072
10,false,M3,"4. VND NNI->SPR (Classic)",36,true,11.0000,1.2150,1191296,0,0,0,4727288,171262072
10,false,M3,"4. VND NNI->SPR (Classic)",37,true,15.0000,1.6918,1665708,0,0,0,6485016,204816504
10,false,M3,"4. VND NNI->SPR (Classic)",38,true,14.0000,1.5918,1567521,0,0,0,6143344,204816504
10,false,M3,"4. VND NNI->SPR (Classic)",39,true,15.0000,1.7033,1675046,0,0,0,6493232,204816504
10,false,M3,"4. VND NNI->SPR (Classic)",40,true,12.0000,1.3498,1323907,0,0,0,5176056,204816504
10,false,M3,"4. VND NNI->SPR (Classic)",41,true,11.0000,1.2726,1250498,0,0,0,4892408,204816504
10,false,M3,"4. VND NNI->SPR (Classic)",42,true,14.0000,1.5525,1526423,0,0,0,6132192,204816504
10,false,M3,"4. VND NNI->SPR (Classic)",43,true,12.0000,1.3664,1343315,0,0,0,5227208,238370936
10,false,M3,"4. VND NNI->SPR (Classic)",44,true,16.0000,1.8386,1811054,0,0,0,7164600,238370936
10,false,M3,"4. VND NNI->SPR (Classic)",45,true,8.0000,0.8737,855627,0,0,0,3468888,238370936
10,false,M3,"4. VND NNI->SPR (Classic)",46,true,10.0000,1.1304,1107856,0,0,0,4356040,238370936
10,false,M3,"4. VND NNI->SPR (Classic)",47,true,17.0000,1.9006,1872842,0,0,0,7429656,238370936
10,false,M3,"4. VND NNI->SPR (Classic)",48,true,15.0000,1.6680,1640570,0,0,0,6540128,238370936
10,false,M3,"4. VND NNI->SPR (Classic)",49,true,11.0000,1.2441,1220972,0,0,0,4856680,271925368
10,false,M3,"4. VND NNI->SPR (Classic)",50,true,16.0000,1.7710,1744507,0,0,0,6907240,271925368
10,false,M3,"4. VND NNI->SPR (Classic)",51,true,13.0000,1.4216,1396396,0,0,0,5568880,271925368
10,false,M3,"4. VND NNI->SPR (Classic)",52,true,10.0000,1.0968,1075866,0,0,0,4366008,271925368
10,false,M3,"4. VND NNI->SPR (Classic)",53,true,17.0000,1.8689,1841923,0,0,0,7502968,271925368
10,false,M3,"4. VND NNI->SPR (Classic)",54,true,14.0000,1.5729,1547613,0,0,0,6032472,305479800
10,false,M3,"4. VND NNI->SPR (Classic)",55,true,10.0000,1.1109,1089992,0,0,0,4346984,305479800
10,false,M3,"4. VND NNI->SPR (Classic)",56,true,15.0000,1.6614,1638396,0,0,0,6600896,305479800
10,false,M3,"4. VND NNI->SPR (Classic)",57,true,14.0000,1.5871,1561089,0,0,0,6132128,305479800
10,false,M3,"4. VND NNI->SPR (Classic)",58,true,11.0000,1.2136,1192157,0,0,0,4716440,305479800
10,false,M3,"4. VND NNI->SPR (Classic)",59,true,12.0000,1.3193,1297638,0,0,0,5241352,305479800
10,false,M3,"4. VND NNI->SPR (Classic)",60,true,20.0000,9.3562,697005,0,0,8624230,32931024,339034232
10,false,M3,"4. VND NNI->SPR (Classic)",61,true,16.0000,1.7778,1748605,0,0,0,6908520,372588664
10,false,M3,"4. VND NNI->SPR (Classic)",62,true,7.0000,0.7737,756428,0,0,0,3021896,372588664
10,false,M3,"4. VND NNI->SPR (Classic)",63,true,10.0000,1.1302,1108728,0,0,0,4331144,372588664
10,false,M3,"4. VND NNI->SPR (Classic)",64,true,8.0000,0.8815,860266,0,0,0,3448120,372588664
10,false,M3,"4. VND NNI->SPR (Classic)",65,true,15.0000,1.7416,1714941,0,0,0,6614056,372588664
10,false,M3,"4. VND NNI->SPR (Classic)",66,true,10.0000,1.1245,1104380,0,0,0,4421376,372588664
10,false,M3,"4. VND NNI->SPR (Classic)",67,true,14.0000,1.5818,1553755,0,0,0,6095984,372588664
10,false,M3,"4. VND NNI->SPR (Classic)",68,true,11.0000,1.2165,1192267,0,0,0,4707496,372588664
10,false,M3,"4. VND NNI->SPR (Classic)",69,true,14.0000,1.5586,1533085,0,0,0,6118112,406143096
10,false,M3,"4. VND NNI->SPR (Classic)",70,true,16.0000,1.8131,1786257,0,0,0,6960160,406143096
10,false,M3,"4. VND NNI->SPR (Classic)",71,true,8.0000,0.8924,873622,0,0,0,3439696,406143096
10,false,M3,"4. VND NNI->SPR (Classic)",72,true,19.0000,9.6502,1016634,0,0,8578402,34142048,439697528
10,false,M3,"4. VND NNI->SPR (Classic)",73,true,14.0000,1.5798,1551490,0,0,0,6075896,439697528
10,false,M3,"4. VND NNI->SPR (Classic)",74,true,9.0000,1.0033,978771,0,0,0,3898176,439697528
10,false,M3,"4. VND NNI->SPR (Classic)",75,true,10.0000,1.1102,1089292,0,0,0,4352120,439697528
10,false,M3,"4. VND NNI->SPR (Classic)",76,true,11.0000,1.2623,1239837,0,0,0,4735392,473251960
10,false,M3,"4. VND NNI->SPR (Classic)",77,true,12.0000,1.3356,1315912,0,0,0,5290496,473251960
10,false,M3,"4. VND NNI->SPR (Classic)",78,true,15.0000,1.7091,1686056,0,0,0,6551424,473251960
10,false,M3,"4. VND NNI->SPR (Classic)",79,true,15.0000,1.6599,1636842,0,0,0,6478136,473251960
10,false,M3,"4. VND NNI->SPR (Classic)",80,true,7.0000,0.7891,768060,0,0,0,3091608,473251960
10,false,M3,"4. VND NNI->SPR (Classic)",81,true,16.0000,1.8337,1805924,0,0,0,7065552,473251960
10,false,M3,"4. VND NNI->SPR (Classic)",82,true,10.0000,1.1443,1119058,0,0,0,4364552,506806392
10,false,M3,"4. VND NNI->SPR (Classic)",83,true,13.0000,1.5516,1526533,0,0,0,5689696,506806392
10,false,M3,"4. VND NNI->SPR (Classic)",84,true,9.0000,0.9985,977749,0,0,0,3872880,506806392
10,false,M3,"4. VND NNI->SPR (Classic)",85,true,12.0000,1.3355,1314319,0,0,0,5217568,506806392
10,false,M3,"4. VND NNI->SPR (Classic)",86,true,13.0000,1.5014,1478091,0,0,0,5756840,506806392
10,false,M3,"4. VND NNI->SPR (Classic)",87,true,11.0000,1.2057,1185013,0,0,0,4760992,506806392
10,false,M3,"4. VND NNI->SPR (Classic)",88,true,8.0000,0.9088,889722,0,0,0,3491528,506806392
10,false,M3,"4. VND NNI->SPR (Classic)",89,true,11.0000,1.2226,1202176,0,0,0,4784144,540360824
10,false,M3,"4. VND NNI->SPR (Classic)",90,true,18.0000,1.9556,1931603,0,0,0,7958536,540360824
10,false,M3,"4. VND NNI->SPR (Classic)",91,true,10.0000,1.1319,1110311,0,0,0,4321312,540360824
10,false,M3,"4. VND NNI->SPR (Classic)",92,true,15.0000,1.6949,1668533,0,0,0,6587392,540360824
10,false,M3,"4. VND NNI->SPR (Classic)",93,true,13.0000,1.4662,1439648,0,0,0,5688384,540360824
10,false,M3,"4. VND NNI->SPR (Classic)",94,true,8.0000,0.8881,868803,0,0,0,3448160,540360824
10,false,M3,"4. VND NNI->SPR (Classic)",95,true,13.0000,1.4486,1424479,0,0,0,5608024,573915256
10,false,M3,"4. VND NNI->SPR (Classic)",96,true,14.0000,1.5598,1535810,0,0,0,6074224,573915256
10,false,M3,"4. VND NNI->SPR (Classic)",97,true,9.0000,1.0101,991005,0,0,0,3968672,573915256
10,false,M3,"4. VND NNI->SPR (Classic)",98,true,15.0000,1.6515,1625621,0,0,0,6454936,573915256
10,false,M3,"4. VND NNI->SPR (Classic)",99,true,13.0000,1.4475,1424228,0,0,0,5674848,573915256
10,false,M3,"4. VND NNI->SPR (Classic)",100,true,13.0000,1.4642,1442283,0,0,0,5693800,573915256
10,false,M3,"5. VND NNI->ECR->SPR (Inc)",1,true,11.0000,1.1018,896205,0,0,0,2550768,3560224
10,false,M3,"5. VND NNI->ECR->SPR (Inc)",2,true,11.0000,0.8970,874042,0,0,0,2526672,3560224
10,false,M3,"5. VND NNI->ECR->SPR (Inc)",3,true,9.0000,0.6595,637262,0,0,0,2081784,3560224
10,false,M3,"5. VND NNI->ECR->SPR (Inc)",4,true,15.0000,0.9850,965365,0,0,0,3361536,3560224
10,false,M3,"5. VND NNI->ECR->SPR (Inc)",5,true,5.0000,0.3694,351017,0,0,0,1229304,3560224
10,false,M3,"5. VND NNI->ECR->SPR (Inc)",6,true,19.0000,1.2543,1235579,0,0,0,4203512,3560224
10,false,M3,"5. VND NNI->ECR->SPR (Inc)",7,true,15.0000,1.0028,982067,0,0,0,3335824,3560224
10,false,M3,"5. VND NNI->ECR->SPR (Inc)",8,true,11.0000,0.7650,742452,0,0,0,2528480,3560224
10,false,M3,"5. VND NNI->ECR->SPR (Inc)",9,true,9.0000,0.6630,641831,0,0,0,2130344,3560224
10,false,M3,"5. VND NNI->ECR->SPR (Inc)",10,true,14.0000,0.9635,941249,0,0,0,3211784,3560224
10,false,M3,"5. VND NNI->ECR->SPR (Inc)",11,true,10.0000,0.7100,690362,0,0,0,2314184,3560224
10,false,M3,"5. VND NNI->ECR->SPR (Inc)",12,true,20.0000,1.3166,1295793,0,0,0,4470080,37114656
10,false,M3,"5. VND NNI->ECR->SPR (Inc)",13,true,10.0000,0.6882,664894,0,0,0,2334144,37114656
10,false,M3,"5. VND NNI->ECR->SPR (Inc)",14,true,12.0000,0.8320,810441,0,0,0,2757648,37114656
10,false,M3,"5. VND NNI->ECR->SPR (Inc)",15,true,10.0000,0.7162,692347,0,0,0,2329768,37114656
10,false,M3,"5. VND NNI->ECR->SPR (Inc)",16,true,11.0000,0.7623,741941,0,0,0,2512432,37114656
10,false,M3,"5. VND NNI->ECR->SPR (Inc)",17,true,14.0000,0.9464,926041,0,0,0,3180584,37114656
10,false,M3,"5. VND NNI->ECR->SPR (Inc)",18,true,9.0000,0.6158,594120,0,0,0,2065592,37114656
10,false,M3,"5. VND NNI->ECR->SPR (Inc)",19,true,16.0000,1.1123,1087488,0,0,0,3634896,37114656
10,false,M3,"5. VND NNI->ECR->SPR (Inc)",20,true,17.0000,1.1609,1137073,0,0,0,3883736,37114656
10,false,M3,"5. VND NNI->ECR->SPR (Inc)",21,true,17.0000,1.0901,1068181,0,0,0,3766896,37114656
10,false,M3,"5. VND NNI->ECR->SPR (Inc)",22,true,10.0000,0.6807,660145,0,0,0,2292128,37114656
10,false,M3,"5. VND NNI->ECR->SPR (Inc)",23,true,13.0000,0.8890,869684,0,0,0,2948512,37114656
10,false,M3,"5. VND NNI->ECR->SPR (Inc)",24,true,9.0000,0.6161,597145,0,0,0,2071248,70669088
10,false,M3,"5. VND NNI->ECR->SPR (Inc)",25,true,18.0000,1.2381,1215200,0,0,0,4100984,70669088
10,false,M3,"5. VND NNI->ECR->SPR (Inc)",26,true,16.0000,1.1162,1093529,0,0,0,3644064,70669088
10,false,M3,"5. VND NNI->ECR->SPR (Inc)",27,true,13.0000,0.8771,856689,0,0,0,2940672,70669088
10,false,M3,"5. VND NNI->ECR->SPR (Inc)",28,true,12.0000,0.8577,836861,0,0,0,2760360,70669088
10,false,M3,"5. VND NNI->ECR->SPR (Inc)",29,true,12.0000,0.8537,828195,0,0,0,2760160,70669088
10,false,M3,"5. VND NNI->ECR->SPR (Inc)",30,true,10.0000,0.7261,704239,0,0,0,2338456,70669088
10,false,M3,"5. VND NNI->ECR->SPR (Inc)",31,true,9.0000,0.6434,621683,0,0,0,2099096,70669088
10,false,M3,"5. VND NNI->ECR->SPR (Inc)",32,true,9.0000,0.6598,632542,0,0,0,2099928,70669088
10,false,M3,"5. VND NNI->ECR->SPR (Inc)",33,true,10.0000,0.7019,680905,0,0,0,2340744,70669088
10,false,M3,"5. VND NNI->ECR->SPR (Inc)",34,true,19.0000,1.2616,1237813,0,0,0,4224368,70669088
10,false,M3,"5. VND NNI->ECR->SPR (Inc)",35,true,14.0000,0.9660,943213,0,0,0,3170528,104223520
10,false,M3,"5. VND NNI->ECR->SPR (Inc)",36,true,11.0000,0.8036,779031,0,0,0,2590840,104223520
10,false,M3,"5. VND NNI->ECR->SPR (Inc)",37,true,15.0000,1.0331,1012435,0,0,0,3405576,104223520
10,false,M3,"5. VND NNI->ECR->SPR (Inc)",38,true,13.0000,0.9138,891435,0,0,0,2992584,104223520
10,false,M3,"5. VND NNI->ECR->SPR (Inc)",39,true,14.0000,1.0182,997938,0,0,0,3267296,104223520
10,false,M3,"5. VND NNI->ECR->SPR (Inc)",40,true,12.0000,0.8629,841239,0,0,0,2759288,104223520
10,false,M3,"5. VND NNI->ECR->SPR (Inc)",41,true,10.0000,0.7397,718626,0,0,0,2350648,104223520
10,false,M3,"5. VND NNI->ECR->SPR (Inc)",42,true,14.0000,0.9483,924188,0,0,0,3139592,104223520
10,false,M3,"5. VND NNI->ECR->SPR (Inc)",43,true,12.0000,0.8465,825019,0,0,0,2743144,104223520
10,false,M3,"5. VND NNI->ECR->SPR (Inc)",44,true,16.0000,1.1333,1109160,0,0,0,3705848,104223520
10,false,M3,"5. VND NNI->ECR->SPR (Inc)",45,true,8.0000,0.5623,541120,0,0,0,1863648,104223520
10,false,M3,"5. VND NNI->ECR->SPR (Inc)",46,true,10.0000,0.7090,688529,0,0,0,2339168,104223520
10,false,M3,"5. VND NNI->ECR->SPR (Inc)",47,true,20.0000,1.3182,1298129,0,0,0,4428192,137777952
10,false,M3,"5. VND NNI->ECR->SPR (Inc)",48,true,15.0000,1.0231,1003639,0,0,0,3393584,137777952
10,false,M3,"5. VND NNI->ECR->SPR (Inc)",49,true,11.0000,0.7582,737432,0,0,0,2526696,137777952
10,false,M3,"5. VND NNI->ECR->SPR (Inc)",50,true,16.0000,1.0887,1066168,0,0,0,3632216,137777952
10,false,M3,"5. VND NNI->ECR->SPR (Inc)",51,true,13.0000,0.8934,869925,0,0,0,2950544,137777952
10,false,M3,"5. VND NNI->ECR->SPR (Inc)",52,true,9.0000,0.6357,614228,0,0,0,2075072,137777952
10,false,M3,"5. VND NNI->ECR->SPR (Inc)",53,true,14.0000,0.9257,905702,0,0,0,3130168,137777952
10,false,M3,"5. VND NNI->ECR->SPR (Inc)",54,true,14.0000,1.0093,987478,0,0,0,3281920,137777952
10,false,M3,"5. VND NNI->ECR->SPR (Inc)",55,true,10.0000,0.6821,659915,0,0,0,2281688,137777952
10,false,M3,"5. VND NNI->ECR->SPR (Inc)",56,true,16.0000,1.0951,1073862,0,0,0,3657344,137777952
10,false,M3,"5. VND NNI->ECR->SPR (Inc)",57,true,12.0000,0.8539,832773,0,0,0,2758072,137777952
10,false,M3,"5. VND NNI->ECR->SPR (Inc)",58,true,11.0000,0.7941,773781,0,0,0,2570480,171332384
10,false,M3,"5. VND NNI->ECR->SPR (Inc)",59,true,12.0000,0.8315,810601,0,0,0,2760912,171332384
10,false,M3,"5. VND NNI->ECR->SPR (Inc)",60,true,20.0000,11.3298,399389,10900017,0,0,18537824,171332384
10,false,M3,"5. VND NNI->ECR->SPR (Inc)",61,true,16.0000,1.1133,1075435,0,0,0,3563952,171332384
10,false,M3,"5. VND NNI->ECR->SPR (Inc)",62,true,7.0000,0.5057,486555,0,0,0,1610592,171332384
10,false,M3,"5. VND NNI->ECR->SPR (Inc)",63,true,10.0000,0.7454,725119,0,0,0,2348920,171332384
10,false,M3,"5. VND NNI->ECR->SPR (Inc)",64,true,8.0000,0.5766,554615,0,0,0,1868112,171332384
10,false,M3,"5. VND NNI->ECR->SPR (Inc)",65,true,15.0000,1.0879,1067069,0,0,0,3423080,204886816
10,false,M3,"5. VND NNI->ECR->SPR (Inc)",66,true,10.0000,0.7105,689952,0,0,0,2330016,204886816
10,false,M3,"5. VND NNI->ECR->SPR (Inc)",67,true,12.0000,0.8254,803888,0,0,0,2727744,204886816
10,false,M3,"5. VND NNI->ECR->SPR (Inc)",68,true,11.0000,0.7807,756008,0,0,0,2547992,204886816
10,false,M3,"5. VND NNI->ECR->SPR (Inc)",69,true,14.0000,0.9541,928856,0,0,0,3135944,204886816
10,false,M3,"5. VND NNI->ECR->SPR (Inc)",70,true,14.0000,0.9932,971918,0,0,0,3177456,204886816
10,false,M3,"5. VND NNI->ECR->SPR (Inc)",71,true,8.0000,0.5710,553202,0,0,0,1860240,204886816
10,false,M3,"5. VND NNI->ECR->SPR (Inc)",72,true,23.0000,1.4663,1444968,0,0,0,5013720,204886816
10,false,M3,"5. VND NNI->ECR->SPR (Inc)",73,true,14.0000,0.9791,958602,0,0,0,3158864,204886816
10,false,M3,"5. VND NNI->ECR->SPR (Inc)",74,true,9.0000,0.6217,601604,0,0,0,2046048,204886816
10,false,M3,"5. VND NNI->ECR->SPR (Inc)",75,true,10.0000,0.7045,685303,0,0,0,2263328,204886816
10,false,M3,"5. VND NNI->ECR->SPR (Inc)",76,true,11.0000,0.8177,796244,0,0,0,2605016,204886816
10,false,M3,"5. VND NNI->ECR->SPR (Inc)",77,true,12.0000,0.8393,817234,0,0,0,2699416,238441248
10,false,M3,"5. VND NNI->ECR->SPR (Inc)",78,true,14.0000,1.0334,1005452,0,0,0,3246640,238441248
10,false,M3,"5. VND NNI->ECR->SPR (Inc)",79,true,16.0000,1.1153,1093499,0,0,0,3636024,238441248
10,false,M3,"5. VND NNI->ECR->SPR (Inc)",80,true,7.0000,0.5080,487557,0,0,0,1635392,238441248
10,false,M3,"5. VND NNI->ECR->SPR (Inc)",81,true,15.0000,1.0375,1016533,0,0,0,3365760,238441248
10,false,M3,"5. VND NNI->ECR->SPR (Inc)",82,true,10.0000,0.7877,766056,0,0,0,2316472,238441248
10,false,M3,"5. VND NNI->ECR->SPR (Inc)",83,true,12.0000,0.8728,851600,0,0,0,2745352,238441248
10,false,M3,"5. VND NNI->ECR->SPR (Inc)",84,true,9.0000,0.6567,635128,0,0,0,2124576,238441248
10,false,M3,"5. VND NNI->ECR->SPR (Inc)",85,true,12.0000,0.8386,817955,0,0,0,2732184,238441248
10,false,M3,"5. VND NNI->ECR->SPR (Inc)",86,true,13.0000,0.9094,889121,0,0,0,2923384,238441248
10,false,M3,"5. VND NNI->ECR->SPR (Inc)",87,true,11.0000,0.7776,753923,0,0,0,2487296,238441248
10,false,M3,"5. VND NNI->ECR->SPR (Inc)",88,true,8.0000,0.6053,581726,0,0,0,1879688,238441248
10,false,M3,"5. VND NNI->ECR->SPR (Inc)",89,true,11.0000,0.7517,731852,0,0,0,2503464,271995680
10,false,M3,"5. VND NNI->ECR->SPR (Inc)",90,true,15.0000,1.2333,1175666,0,0,0,3383032,271995680
10,false,M3,"5. VND NNI->ECR->SPR (Inc)",91,true,10.0000,0.7237,703207,0,0,0,2328208,271995680
10,false,M3,"5. VND NNI->ECR->SPR (Inc)",92,true,15.0000,1.0457,1025921,0,0,0,3364304,271995680
10,false,M3,"5. VND NNI->ECR->SPR (Inc)",93,true,15.0000,1.0705,1051479,0,0,0,3409960,271995680
10,false,M3,"5. VND NNI->ECR->SPR (Inc)",94,true,8.0000,0.5729,554514,0,0,0,1853496,271995680
10,false,M3,"5. VND NNI->ECR->SPR (Inc)",95,true,12.0000,0.8546,835368,0,0,0,2727936,271995680
10,false,M3,"5. VND NNI->ECR->SPR (Inc)",96,true,15.0000,1.0354,1012436,0,0,0,3361648,271995680
10,false,M3,"5. VND NNI->ECR->SPR (Inc)",97,true,9.0000,0.6889,667780,0,0,0,2061248,271995680
10,false,M3,"5. VND NNI->ECR->SPR (Inc)",98,true,15.0000,1.0353,1006494,0,0,0,3365208,271995680
10,false,M3,"5. VND NNI->ECR->SPR (Inc)",99,true,13.0000,0.8706,849345,0,0,0,2951392,271995680
10,false,M3,"5. VND NNI->ECR->SPR (Inc)",100,true,15.0000,0.9862,967329,0,0,0,3384016,271995680
10,false,M3,"6. VND NNI->SPR (Inc)",1,true,11.0000,2.3306,2047915,0,0,0,2528304,3647144
10,false,M3,"6. VND NNI->SPR (Inc)",2,true,11.0000,1.9735,1898561,0,0,0,2504208,3647144
10,false,M3,"6. VND NNI->SPR (Inc)",3,true,9.0000,0.8568,782068,0,0,0,2062776,3647144
10,false,M3,"6. VND NNI->SPR (Inc)",4,true,15.0000,1.2486,1214420,0,0,0,3332160,3647144
10,false,M3,"6. VND NNI->SPR (Inc)",5,true,5.0000,0.4858,451449,0,0,0,1217208,3647144
10,false,M3,"6. VND NNI->SPR (Inc)",6,true,19.0000,1.6186,1582639,0,0,0,4167224,3647144
10,false,M3,"6. VND NNI->SPR (Inc)",7,true,15.0000,1.3296,1272670,0,0,0,3306448,3647144
10,false,M3,"6. VND NNI->SPR (Inc)",8,true,11.0000,1.0154,962069,0,0,0,2506016,3647144
10,false,M3,"6. VND NNI->SPR (Inc)",9,true,9.0000,0.8646,815020,0,0,0,2111336,3647144
10,false,M3,"6. VND NNI->SPR (Inc)",10,true,14.0000,1.2220,1167650,0,0,0,3184136,3647144
10,false,M3,"6. VND NNI->SPR (Inc)",11,true,10.0000,0.9201,868652,0,0,0,2293448,3647144
10,false,M3,"6. VND NNI->SPR (Inc)",12,true,20.0000,1.7173,1664866,0,0,0,4432064,37201576
10,false,M3,"6. VND NNI->SPR (Inc)",13,true,10.0000,0.9178,866738,0,0,0,2313408,37201576
10,false,M3,"6. VND NNI->SPR (Inc)",14,true,12.0000,1.0944,1040058,0,0,0,2733456,37201576
10,false,M3,"6. VND NNI->SPR (Inc)",15,true,10.0000,0.9474,893739,0,0,0,2309032,37201576
10,false,M3,"6. VND NNI->SPR (Inc)",16,true,11.0000,1.0095,956719,0,0,0,2489968,37201576
10,false,M3,"6. VND NNI->SPR (Inc)",17,true,14.0000,1.2288,1171638,0,0,0,3152936,37201576
10,false,M3,"6. VND NNI->SPR (Inc)",18,true,9.0000,0.8351,776877,0,0,0,2046584,37201576
10,false,M3,"6. VND NNI->SPR (Inc)",19,true,16.0000,1.4511,1396896,0,0,0,3603792,37201576
10,false,M3,"6. VND NNI->SPR (Inc)",20,true,17.0000,1.4997,1438836,0,0,0,3850904,37201576
10,false,M3,"6. VND NNI->SPR (Inc)",21,true,17.0000,1.4220,1363262,0,0,0,3734064,37201576
10,false,M3,"6. VND NNI->SPR (Inc)",22,true,10.0000,0.9282,873832,0,0,0,2271392,37201576
10,false,M3,"6. VND NNI->SPR (Inc)",23,true,13.0000,1.1611,1109810,0,0,0,2922592,37201576
10,false,M3,"6. VND NNI->SPR (Inc)",24,true,9.0000,0.8298,782027,0,0,0,2052240,70756008
10,false,M3,"6. VND NNI->SPR (Inc)",25,true,18.0000,1.5774,1526012,0,0,0,4066424,70756008
10,false,M3,"6. VND NNI->SPR (Inc)",26,true,16.0000,1.4663,1423718,0,0,0,3612960,70756008
10,false,M3,"6. VND NNI->SPR (Inc)",27,true,13.0000,1.1490,1095523,0,0,0,2914752,70756008
10,false,M3,"6. VND NNI->SPR (Inc)",28,true,12.0000,1.0723,1022394,0,0,0,2736168,70756008
10,false,M3,"6. VND NNI->SPR (Inc)",29,true,12.0000,1.0961,1044797,0,0,0,2735968,70756008
10,false,M3,"6. VND NNI->SPR (Inc)",30,true,10.0000,0.9473,892277,0,0,0,2317720,70756008
10,false,M3,"6. VND NNI->SPR (Inc)",31,true,9.0000,0.8337,788439,0,0,0,2080088,70756008
10,false,M3,"6. VND NNI->SPR (Inc)",32,true,9.0000,0.8662,814279,0,0,0,2080920,70756008
10,false,M3,"6. VND NNI->SPR (Inc)",33,true,10.0000,0.9348,877729,0,0,0,2320008,70756008
10,false,M3,"6. VND NNI->SPR (Inc)",34,true,19.0000,1.6189,1566559,0,0,0,4188080,70756008
10,false,M3,"6. VND NNI->SPR (Inc)",35,true,14.0000,1.2385,1192037,0,0,0,3142880,70756008
10,false,M3,"6. VND NNI->SPR (Inc)",36,true,11.0000,1.0502,997638,0,0,0,2568376,104310440
10,false,M3,"6. VND NNI->SPR (Inc)",37,true,15.0000,1.3434,1286957,0,0,0,3376200,104310440
10,false,M3,"6. VND NNI->SPR (Inc)",38,true,13.0000,1.1883,1141491,0,0,0,2966664,104310440
10,false,M3,"6. VND NNI->SPR (Inc)",39,true,14.0000,1.3222,1272480,0,0,0,3239648,104310440
10,false,M3,"6. VND NNI->SPR (Inc)",40,true,12.0000,1.0952,1046259,0,0,0,2735096,104310440
10,false,M3,"6. VND NNI->SPR (Inc)",41,true,10.0000,0.9546,910421,0,0,0,2329912,104310440
10,false,M3,"6. VND NNI->SPR (Inc)",42,true,14.0000,1.2385,1188230,0,0,0,3111944,104310440
10,false,M3,"6. VND NNI->SPR (Inc)",43,true,12.0000,1.0947,1043764,0,0,0,2718952,104310440
10,false,M3,"6. VND NNI->SPR (Inc)",44,true,16.0000,1.4563,1406584,0,0,0,3674744,104310440
10,false,M3,"6. VND NNI->SPR (Inc)",45,true,8.0000,0.7557,699420,0,0,0,1846368,104310440
10,false,M3,"6. VND NNI->SPR (Inc)",46,true,10.0000,0.9419,886015,0,0,0,2318432,104310440
10,false,M3,"6. VND NNI->SPR (Inc)",47,true,20.0000,1.6876,1640389,0,0,0,4390176,137864872
10,false,M3,"6. VND NNI->SPR (Inc)",48,true,15.0000,1.3139,1267550,0,0,0,3364208,137864872
10,false,M3,"6. VND NNI->SPR (Inc)",49,true,11.0000,1.0037,948664,0,0,0,2504232,137864872
10,false,M3,"6. VND NNI->SPR (Inc)",50,true,16.0000,1.4105,1355958,0,0,0,3601112,137864872
10,false,M3,"6. VND NNI->SPR (Inc)",51,true,13.0000,1.1656,1114679,0,0,0,2924624,137864872
10,false,M3,"6. VND NNI->SPR (Inc)",52,true,9.0000,0.8367,784422,0,0,0,2056064,137864872
10,false,M3,"6. VND NNI->SPR (Inc)",53,true,14.0000,1.2178,1169344,0,0,0,3102520,137864872
10,false,M3,"6. VND NNI->SPR (Inc)",54,true,14.0000,1.3240,1266699,0,0,0,3254272,137864872
10,false,M3,"6. VND NNI->SPR (Inc)",55,true,10.0000,0.9357,883200,0,0,0,2260952,137864872
10,false,M3,"6. VND NNI->SPR (Inc)",56,true,16.0000,1.4281,1371728,0,0,0,3626240,137864872
10,false,M3,"6. VND NNI->SPR (Inc)",57,true,12.0000,1.1301,1077660,0,0,0,2733880,137864872
10,false,M3,"6. VND NNI->SPR (Inc)",58,true,11.0000,1.0235,973071,0,0,0,2548016,171419304
10,false,M3,"6. VND NNI->SPR (Inc)",59,true,12.0000,1.0935,1047171,0,0,0,2736720,171419304
10,false,M3,"6. VND NNI->SPR (Inc)",60,true,20.0000,4.7615,517254,0,0,4187333,3156960,171419304
10,false,M3,"6. VND NNI->SPR (Inc)",61,true,16.0000,1.5543,1494331,0,0,0,3584240,171419304
10,false,M3,"6. VND NNI->SPR (Inc)",62,true,7.0000,0.7269,676787,0,0,0,1620448,171419304
10,false,M3,"6. VND NNI->SPR (Inc)",63,true,10.0000,1.0469,994882,0,0,0,2359864,171419304
10,false,M3,"6. VND NNI->SPR (Inc)",64,true,8.0000,0.8415,786114,0,0,0,1880720,171419304
10,false,M3,"6. VND NNI->SPR (Inc)",65,true,15.0000,1.4881,1437183,0,0,0,3437864,171419304
10,false,M3,"6. VND NNI->SPR (Inc)",66,true,10.0000,0.9969,942702,0,0,0,2345856,171419304
10,false,M3,"6. VND NNI->SPR (Inc)",67,true,12.0000,1.1626,1116022,0,0,0,2746656,171419304
10,false,M3,"6. VND NNI->SPR (Inc)",68,true,11.0000,1.0850,1034457,0,0,0,2564472,171419304
10,false,M3,"6. VND NNI->SPR (Inc)",69,true,14.0000,1.3337,1276678,0,0,0,3156200,171419304
10,false,M3,"6. VND NNI->SPR (Inc)",70,true,14.0000,1.3589,1302547,0,0,0,3193264,171419304
10,false,M3,"6. VND NNI->SPR (Inc)",71,true,8.0000,0.8495,799741,0,0,0,1873232,204973736
10,false,M3,"6. VND NNI->SPR (Inc)",72,true,23.0000,2.0409,1987610,0,0,0,5046392,204973736
10,false,M3,"6. VND NNI->SPR (Inc)",73,true,14.0000,1.3574,1306745,0,0,0,3176304,204973736
10,false,M3,"6. VND NNI->SPR (Inc)",74,true,9.0000,0.8888,835559,0,0,0,2059264,204973736
10,false,M3,"6. VND NNI->SPR (Inc)",75,true,10.0000,0.9912,938695,0,0,0,2277696,204973736
10,false,M3,"6. VND NNI->SPR (Inc)",76,true,11.0000,1.1332,1081176,0,0,0,2618584,204973736
10,false,M3,"6. VND NNI->SPR (Inc)",77,true,12.0000,1.1799,1126382,0,0,0,2716408,204973736
10,false,M3,"6. VND NNI->SPR (Inc)",78,true,14.0000,1.4026,1349185,0,0,0,3261040,204973736
10,false,M3,"6. VND NNI->SPR (Inc)",79,true,16.0000,1.5437,1487449,0,0,0,3660152,204973736
10,false,M3,"6. VND NNI->SPR (Inc)",80,true,7.0000,0.7243,666096,0,0,0,1645248,204973736
10,false,M3,"6. VND NNI->SPR (Inc)",81,true,15.0000,1.4226,1363082,0,0,0,3386400,204973736
10,false,M3,"6. VND NNI->SPR (Inc)",82,true,10.0000,1.0265,961458,0,0,0,2327992,238528168
10,false,M3,"6. VND NNI->SPR (Inc)",83,true,12.0000,1.1890,1137523,0,0,0,2757320,238528168
10,false,M3,"6. VND NNI->SPR (Inc)",84,true,9.0000,0.9321,876016,0,0,0,2136288,238528168
10,false,M3,"6. VND NNI->SPR (Inc)",85,true,12.0000,1.1767,1120120,0,0,0,2743320,238528168
10,false,M3,"6. VND NNI->SPR (Inc)",86,true,13.0000,1.2635,1210381,0,0,0,2936984,238528168
10,false,M3,"6. VND NNI->SPR (Inc)",87,true,11.0000,1.0792,1021994,0,0,0,2503040,238528168
10,false,M3,"6. VND NNI->SPR (Inc)",88,true,8.0000,0.8547,797747,0,0,0,1888232,238528168
10,false,M3,"6. VND NNI->SPR (Inc)",89,true,11.0000,1.0911,1031792,0,0,0,2519624,238528168
10,false,M3,"6. VND NNI->SPR (Inc)",90,true,15.0000,1.4436,1383230,0,0,0,3406296,238528168
10,false,M3,"6. VND NNI->SPR (Inc)",91,true,10.0000,1.0122,963732,0,0,0,2344272,238528168
10,false,M3,"6. VND NNI->SPR (Inc)",92,true,15.0000,1.4139,1356639,0,0,0,3378224,238528168
10,false,M3,"6. VND NNI->SPR (Inc)",93,true,15.0000,1.4418,1386296,0,0,0,3431400,238528168
10,false,M3,"6. VND NNI->SPR (Inc)",94,true,8.0000,0.7994,742643,0,0,0,1865592,238528168
10,false,M3,"6. VND NNI->SPR (Inc)",95,true,12.0000,1.1838,1127274,0,0,0,2744768,272082600
10,false,M3,"6. VND NNI->SPR (Inc)",96,true,15.0000,1.4053,1348314,0,0,0,3382640,272082600
10,false,M3,"6. VND NNI->SPR (Inc)",97,true,9.0000,0.9082,857420,0,0,0,2073952,272082600
10,false,M3,"6. VND NNI->SPR (Inc)",98,true,15.0000,1.4217,1371057,0,0,0,3385848,272082600
10,false,M3,"6. VND NNI->SPR (Inc)",99,true,13.0000,1.2595,1203478,0,0,0,2969408,272082600
10,false,M3,"6. VND NNI->SPR (Inc)",100,true,15.0000,1.4179,1369514,0,0,0,3404848,272082600
